run_accession	experiment_accession	batch	library_layout	library_selection	read_count	base_count	fastq_ftp	fastq_md5	fastq_bytes
SRR10882545	SRX7551587	sharepoint_2026-07-13_new439	SINGLE	cDNA	20615924	3113004524	ftp.sra.ebi.ac.uk/vol1/fastq/SRR108/045/SRR10882545/SRR10882545.fastq.gz	d17780f6f640de7f861f696eafb537d7	1772340596
SRR10882546	SRX7551588	sharepoint_2026-07-13_new439	SINGLE	cDNA	21758853	3285586803	ftp.sra.ebi.ac.uk/vol1/fastq/SRR108/046/SRR10882546/SRR10882546.fastq.gz	7169bca4ac2adeb48de75ffb904b139f	1864312853
SRR10882547	SRX7551589	sharepoint_2026-07-13_new439	SINGLE	cDNA	19668140	2969889140	ftp.sra.ebi.ac.uk/vol1/fastq/SRR108/047/SRR10882547/SRR10882547.fastq.gz	5b26b2a77bbc84d528927ccdd493b67f	1712661205
SRR10882548	SRX7551590	sharepoint_2026-07-13_new439	SINGLE	cDNA	23513093	3550477043	ftp.sra.ebi.ac.uk/vol1/fastq/SRR108/048/SRR10882548/SRR10882548.fastq.gz	e7e5505a5ccf1915e7b620dc25c8c97b	2006849351
SRR10882549	SRX7551591	sharepoint_2026-07-13_new439	SINGLE	cDNA	25149368	3797554568	ftp.sra.ebi.ac.uk/vol1/fastq/SRR108/049/SRR10882549/SRR10882549.fastq.gz	b738d5133f95f8474d5a924236ac7e57	2162746250
SRR10882550	SRX7551592	sharepoint_2026-07-13_new439	SINGLE	cDNA	21674491	3272848141	ftp.sra.ebi.ac.uk/vol1/fastq/SRR108/050/SRR10882550/SRR10882550.fastq.gz	f00f03eb0d16f6843099cc0537424308	1861457963
SRR10882551	SRX7551593	sharepoint_2026-07-13_new439	SINGLE	cDNA	23874963	3605119413	ftp.sra.ebi.ac.uk/vol1/fastq/SRR108/051/SRR10882551/SRR10882551.fastq.gz	71346be38a9051725058910b7aaaffaa	2047424995
SRR10882552	SRX7551594	sharepoint_2026-07-13_new439	SINGLE	cDNA	20301202	3065481502	ftp.sra.ebi.ac.uk/vol1/fastq/SRR108/052/SRR10882552/SRR10882552.fastq.gz	d848b37372efd64696c8734af879c91d	1756845138
SRR12483327	SRX8976748	sharepoint_2026-07-13_new439	SINGLE	cDNA	90275346	4604042646	ftp.sra.ebi.ac.uk/vol1/fastq/SRR124/027/SRR12483327/SRR12483327.fastq.gz	c447ca38062d63490bb873a09688a512	2395748492
SRR12483328	SRX8976749	sharepoint_2026-07-13_new439	SINGLE	cDNA	73390372	3742908972	ftp.sra.ebi.ac.uk/vol1/fastq/SRR124/028/SRR12483328/SRR12483328.fastq.gz	db2b8cb50e19ca7066893868176dae8d	1938384566
SRR12483329	SRX8976750	sharepoint_2026-07-13_new439	SINGLE	cDNA	71468591	3644898141	ftp.sra.ebi.ac.uk/vol1/fastq/SRR124/029/SRR12483329/SRR12483329.fastq.gz	de00b5202bde7830eb427c228586a998	1896843473
SRR12483330	SRX8976751	sharepoint_2026-07-13_new439	SINGLE	cDNA	33540691	1710575241	ftp.sra.ebi.ac.uk/vol1/fastq/SRR124/030/SRR12483330/SRR12483330.fastq.gz	dd8eb48fcc697ce2b4452b68d4593d4f	937807116
SRR12483331	SRX8976752	sharepoint_2026-07-13_new439	SINGLE	cDNA	34377762	1753265862	ftp.sra.ebi.ac.uk/vol1/fastq/SRR124/031/SRR12483331/SRR12483331.fastq.gz	d3b351956399252ebc706801bc61f520	980000168
SRR12483332	SRX8976753	sharepoint_2026-07-13_new439	SINGLE	cDNA	33527317	1709893167	ftp.sra.ebi.ac.uk/vol1/fastq/SRR124/032/SRR12483332/SRR12483332.fastq.gz	8fed702f7e836c6aaa43e10c122072dd	953237894
SRR12483333	SRX8976754	sharepoint_2026-07-13_new439	SINGLE	cDNA	35962338	1834079238	ftp.sra.ebi.ac.uk/vol1/fastq/SRR124/033/SRR12483333/SRR12483333.fastq.gz	863a72b55dcbc89c9053cc3610f8a95c	988058106
SRR12483334	SRX8976755	sharepoint_2026-07-13_new439	SINGLE	cDNA	47947695	2445332445	ftp.sra.ebi.ac.uk/vol1/fastq/SRR124/034/SRR12483334/SRR12483334.fastq.gz	6bf1a68b9f290f58967e8546400a4bdd	1338065881
SRR12483335	SRX8976756	sharepoint_2026-07-13_new439	SINGLE	cDNA	33974930	1732721430	ftp.sra.ebi.ac.uk/vol1/fastq/SRR124/035/SRR12483335/SRR12483335.fastq.gz	3315c2d677e0c07272ed3a50a185bea9	952682197
SRR12483336	SRX8976757	sharepoint_2026-07-13_new439	SINGLE	cDNA	33781506	1722856806	ftp.sra.ebi.ac.uk/vol1/fastq/SRR124/036/SRR12483336/SRR12483336.fastq.gz	019706508dc4f9316958f895b8bcb655	943847681
SRR12483337	SRX8976758	sharepoint_2026-07-13_new439	SINGLE	cDNA	34571693	1763156343	ftp.sra.ebi.ac.uk/vol1/fastq/SRR124/037/SRR12483337/SRR12483337.fastq.gz	c4a2ba61d3ca8ceaa9d9f83b75bf5055	965302413
SRR12483338	SRX8976759	sharepoint_2026-07-13_new439	SINGLE	cDNA	29619499	1510594449	ftp.sra.ebi.ac.uk/vol1/fastq/SRR124/038/SRR12483338/SRR12483338.fastq.gz	adaebe6a0684b7fb40e2cc0ed5987736	823989022
SRR12483339	SRX8976760	sharepoint_2026-07-13_new439	SINGLE	cDNA	87554806	4465295106	ftp.sra.ebi.ac.uk/vol1/fastq/SRR124/039/SRR12483339/SRR12483339.fastq.gz	61e5232241d4f1fc714e280065460600	2393452002
SRR12483340	SRX8976761	sharepoint_2026-07-13_new439	SINGLE	cDNA	83240161	4245248211	ftp.sra.ebi.ac.uk/vol1/fastq/SRR124/040/SRR12483340/SRR12483340.fastq.gz	f2e7d3d4be0d8da74fe67131fbb47ded	2208127395
SRR12483341	SRX8976762	sharepoint_2026-07-13_new439	SINGLE	cDNA	83897969	4278796419	ftp.sra.ebi.ac.uk/vol1/fastq/SRR124/041/SRR12483341/SRR12483341.fastq.gz	d98ac4d913e0568f462901a6a27267f1	2267815985
SRR12483342	SRX8976763	sharepoint_2026-07-13_new439	SINGLE	cDNA	32149177	1639608027	ftp.sra.ebi.ac.uk/vol1/fastq/SRR124/042/SRR12483342/SRR12483342.fastq.gz	0b08aad0437d9448c81b8b31326ef4d9	888559051
SRR12483343	SRX8976764	sharepoint_2026-07-13_new439	SINGLE	cDNA	31822393	1622942043	ftp.sra.ebi.ac.uk/vol1/fastq/SRR124/043/SRR12483343/SRR12483343.fastq.gz	d1f1186041eae317fb766cdba7cc20a6	886484454
SRR12483344	SRX8976765	sharepoint_2026-07-13_new439	SINGLE	cDNA	37286671	1901620221	ftp.sra.ebi.ac.uk/vol1/fastq/SRR124/044/SRR12483344/SRR12483344.fastq.gz	7de5bbc55f7ebc1ece91c7b534aae922	1047439175
SRR12483345	SRX8976766	sharepoint_2026-07-13_new439	SINGLE	cDNA	37485107	1911740457	ftp.sra.ebi.ac.uk/vol1/fastq/SRR124/045/SRR12483345/SRR12483345.fastq.gz	b3ee4eb9c0cb9998e2d133d23ddd3949	1044678551
SRR12483346	SRX8976767	sharepoint_2026-07-13_new439	SINGLE	cDNA	33820585	1724849835	ftp.sra.ebi.ac.uk/vol1/fastq/SRR124/046/SRR12483346/SRR12483346.fastq.gz	84515348bb563870e1a1f95fa28931b3	931567293
SRR12483347	SRX8976768	sharepoint_2026-07-13_new439	SINGLE	cDNA	35247543	1797624693	ftp.sra.ebi.ac.uk/vol1/fastq/SRR124/047/SRR12483347/SRR12483347.fastq.gz	c14d152965b276a0c6a8717a0f593d6a	976282610
SRR13757744	SRX10144495	sharepoint_2026-07-13_new439	SINGLE	cDNA	22429685	1143913935	ftp.sra.ebi.ac.uk/vol1/fastq/SRR137/044/SRR13757744/SRR13757744.fastq.gz	a8c2ccc61b8abc6428f38922f387c10f	672741632
SRR13757745	SRX10144496	sharepoint_2026-07-13_new439	SINGLE	cDNA	21631738	1103218638	ftp.sra.ebi.ac.uk/vol1/fastq/SRR137/045/SRR13757745/SRR13757745.fastq.gz	a72c82c450674b46092d28c9f4516568	653577678
SRR13757746	SRX10144497	sharepoint_2026-07-13_new439	SINGLE	cDNA	22699294	1157663994	ftp.sra.ebi.ac.uk/vol1/fastq/SRR137/046/SRR13757746/SRR13757746.fastq.gz	30a39a1f4215fb6a527cb08b0a1a43e9	681532987
SRR13757747	SRX10144498	sharepoint_2026-07-13_new439	SINGLE	cDNA	19663065	1002816315	ftp.sra.ebi.ac.uk/vol1/fastq/SRR137/047/SRR13757747/SRR13757747.fastq.gz	0284714944e322187901021398da0720	592460663
SRR13757748	SRX10144499	sharepoint_2026-07-13_new439	SINGLE	cDNA	21155315	1078921065	ftp.sra.ebi.ac.uk/vol1/fastq/SRR137/048/SRR13757748/SRR13757748.fastq.gz	6ff9733a1827fc87939d3e20205c0052	637157848
SRR13757749	SRX10144500	sharepoint_2026-07-13_new439	SINGLE	cDNA	21125250	1077387750	ftp.sra.ebi.ac.uk/vol1/fastq/SRR137/049/SRR13757749/SRR13757749.fastq.gz	ecc58c19e244eb0185d64be322f418e9	628552774
SRR13757750	SRX10144501	sharepoint_2026-07-13_new439	SINGLE	cDNA	20274042	1033976142	ftp.sra.ebi.ac.uk/vol1/fastq/SRR137/050/SRR13757750/SRR13757750.fastq.gz	ae7df07c6a883f6af0a30e28449ab1ed	616043353
SRR13757751	SRX10144502	sharepoint_2026-07-13_new439	SINGLE	cDNA	24429657	1245912507	ftp.sra.ebi.ac.uk/vol1/fastq/SRR137/051/SRR13757751/SRR13757751.fastq.gz	781196a66e83f205709d3e7dd05b17ce	737817723
SRR13757752	SRX10144503	sharepoint_2026-07-13_new439	SINGLE	cDNA	21351831	1088943381	ftp.sra.ebi.ac.uk/vol1/fastq/SRR137/052/SRR13757752/SRR13757752.fastq.gz	5654d814a7f9baff900e903c06335115	656110045
SRR13757753	SRX10144504	sharepoint_2026-07-13_new439	SINGLE	cDNA	20166787	1028506137	ftp.sra.ebi.ac.uk/vol1/fastq/SRR137/053/SRR13757753/SRR13757753.fastq.gz	f45e71b54a5e959abfd4599bd114a895	609224143
SRR13757754	SRX10144505	sharepoint_2026-07-13_new439	SINGLE	cDNA	21488772	1095927372	ftp.sra.ebi.ac.uk/vol1/fastq/SRR137/054/SRR13757754/SRR13757754.fastq.gz	ee81709f584cf7af220b63f28be7d57a	589991710
SRR13757755	SRX10144505	sharepoint_2026-07-13_new439	SINGLE	cDNA	21472467	1095095817	ftp.sra.ebi.ac.uk/vol1/fastq/SRR137/055/SRR13757755/SRR13757755.fastq.gz	8fe3d89dd9355cf57bd88ae2dae67248	590966405
SRR13757756	SRX10144506	sharepoint_2026-07-13_new439	SINGLE	cDNA	21525129	1097781579	ftp.sra.ebi.ac.uk/vol1/fastq/SRR137/056/SRR13757756/SRR13757756.fastq.gz	158dc529635195ee6f1bdaeaa2d614ae	567389311
SRR13757757	SRX10144506	sharepoint_2026-07-13_new439	SINGLE	cDNA	21479525	1095455775	ftp.sra.ebi.ac.uk/vol1/fastq/SRR137/057/SRR13757757/SRR13757757.fastq.gz	65f4403734a314b688b330e2393a9df4	568724770
SRR13757758	SRX10144507	sharepoint_2026-07-13_new439	SINGLE	cDNA	20546073	1047849723	ftp.sra.ebi.ac.uk/vol1/fastq/SRR137/058/SRR13757758/SRR13757758.fastq.gz	5800b51c0c9bd94bae32c7ea055538b1	599607897
SRR13757759	SRX10144507	sharepoint_2026-07-13_new439	SINGLE	cDNA	20606666	1050939966	ftp.sra.ebi.ac.uk/vol1/fastq/SRR137/059/SRR13757759/SRR13757759.fastq.gz	6f962d905c49db21756858d8d3c78b96	600575197
SRR13757760	SRX10144508	sharepoint_2026-07-13_new439	SINGLE	cDNA	20538032	1047439632	ftp.sra.ebi.ac.uk/vol1/fastq/SRR137/060/SRR13757760/SRR13757760.fastq.gz	9e1166a01763246b7ad90663e0937002	562949070
SRR13757761	SRX10144508	sharepoint_2026-07-13_new439	SINGLE	cDNA	20527615	1046908365	ftp.sra.ebi.ac.uk/vol1/fastq/SRR137/061/SRR13757761/SRR13757761.fastq.gz	88e3b7ed926e95518fbb2ce72df7db85	564097400
SRR13757762	SRX10144509	sharepoint_2026-07-13_new439	SINGLE	cDNA	21440525	1093466775	ftp.sra.ebi.ac.uk/vol1/fastq/SRR137/062/SRR13757762/SRR13757762.fastq.gz	65a23f3cab1156979b91abcab73b3dee	587821329
SRR13757763	SRX10144509	sharepoint_2026-07-13_new439	SINGLE	cDNA	21398922	1091345022	ftp.sra.ebi.ac.uk/vol1/fastq/SRR137/063/SRR13757763/SRR13757763.fastq.gz	9cffe0842f6b1fecfacf400eba72e1b7	588183151
SRR13757764	SRX10144510	sharepoint_2026-07-13_new439	SINGLE	cDNA	22044522	1124270622	ftp.sra.ebi.ac.uk/vol1/fastq/SRR137/064/SRR13757764/SRR13757764.fastq.gz	2a1b5fa57b9160d93c0c2ca7fa194e1b	624751066
SRR13757765	SRX10144510	sharepoint_2026-07-13_new439	SINGLE	cDNA	22055662	1124838762	ftp.sra.ebi.ac.uk/vol1/fastq/SRR137/065/SRR13757765/SRR13757765.fastq.gz	74d737ead8e852e7685a17727ce86281	625544412
SRR13757766	SRX10144511	sharepoint_2026-07-13_new439	SINGLE	cDNA	24621073	1255674723	ftp.sra.ebi.ac.uk/vol1/fastq/SRR137/066/SRR13757766/SRR13757766.fastq.gz	df7c37d2a1ee244aa44a15eee21b2ffe	664865744
SRR13757767	SRX10144511	sharepoint_2026-07-13_new439	SINGLE	cDNA	24577919	1253473869	ftp.sra.ebi.ac.uk/vol1/fastq/SRR137/067/SRR13757767/SRR13757767.fastq.gz	173a6ca88c27d3bea7c0472c1bbed4fe	666507148
SRR13757768	SRX10144512	sharepoint_2026-07-13_new439	SINGLE	cDNA	24572109	1253177559	ftp.sra.ebi.ac.uk/vol1/fastq/SRR137/068/SRR13757768/SRR13757768.fastq.gz	290be592330acae7e670c03467e97564	643701458
SRR13757769	SRX10144512	sharepoint_2026-07-13_new439	SINGLE	cDNA	24524537	1250751387	ftp.sra.ebi.ac.uk/vol1/fastq/SRR137/069/SRR13757769/SRR13757769.fastq.gz	66c7cddba40cc1af677fc6725e02468a	645453962
SRR13757770	SRX10144513	sharepoint_2026-07-13_new439	SINGLE	cDNA	44223510	2255399010	ftp.sra.ebi.ac.uk/vol1/fastq/SRR137/070/SRR13757770/SRR13757770.fastq.gz	e4a52f710500e485eb584454eb04f309	1261799295
SRR13757771	SRX10144514	sharepoint_2026-07-13_new439	SINGLE	cDNA	49590246	2529102546	ftp.sra.ebi.ac.uk/vol1/fastq/SRR137/071/SRR13757771/SRR13757771.fastq.gz	8d235856ea4ae846d531fa8bba20b938	1324804739
SRR13757772	SRX10144515	sharepoint_2026-07-13_new439	SINGLE	cDNA	49717417	2535588267	ftp.sra.ebi.ac.uk/vol1/fastq/SRR137/072/SRR13757772/SRR13757772.fastq.gz	729dd4aa54b5314b8338efb1c179193e	1332803880
SRR13757773	SRX10144516	sharepoint_2026-07-13_new439	SINGLE	cDNA	25351210	1292911710	ftp.sra.ebi.ac.uk/vol1/fastq/SRR137/073/SRR13757773/SRR13757773.fastq.gz	5eb39619578649dd4156e309e22aeee0	946501926
SRR13964554	SRX10342559	sharepoint_2026-07-13_new439	SINGLE	cDNA	90275346	4604042646	ftp.sra.ebi.ac.uk/vol1/fastq/SRR139/054/SRR13964554/SRR13964554.fastq.gz	7e8254135ffbbe03cadd842f3cba1f47	2737337580
SRR13964555	SRX10342560	sharepoint_2026-07-13_new439	SINGLE	cDNA	73390372	3742908972	ftp.sra.ebi.ac.uk/vol1/fastq/SRR139/055/SRR13964555/SRR13964555.fastq.gz	3f1a76a81bbb14840954e81715d201e3	2223130098
SRR13964556	SRX10342546	sharepoint_2026-07-13_new439	SINGLE	cDNA	71468591	3644898141	ftp.sra.ebi.ac.uk/vol1/fastq/SRR139/056/SRR13964556/SRR13964556.fastq.gz	8f478540d908d5ff29d50e502cca037d	2174655019
SRR13964557	SRX10342547	sharepoint_2026-07-13_new439	SINGLE	cDNA	23567981	1201967031	ftp.sra.ebi.ac.uk/vol1/fastq/SRR139/057/SRR13964557/SRR13964557.fastq.gz	1152bf4bdd60e644e35e41c9f71de0f4	734251839
SRR13964558	SRX10342547	sharepoint_2026-07-13_new439	SINGLE	cDNA	23559228	1201520628	ftp.sra.ebi.ac.uk/vol1/fastq/SRR139/058/SRR13964558/SRR13964558.fastq.gz	f36f15aa20fd8082c902f324ac14668e	733748099
SRR13964559	SRX10342548	sharepoint_2026-07-13_new439	SINGLE	cDNA	23379906	1192375206	ftp.sra.ebi.ac.uk/vol1/fastq/SRR139/059/SRR13964559/SRR13964559.fastq.gz	437d0f141e3e5da45ec7f7b6fe3c27dc	726663050
SRR13964560	SRX10342548	sharepoint_2026-07-13_new439	SINGLE	cDNA	23347667	1190731017	ftp.sra.ebi.ac.uk/vol1/fastq/SRR139/060/SRR13964560/SRR13964560.fastq.gz	6be27494b60234786ea298a00f7aeea1	725397175
SRR13964561	SRX10342549	sharepoint_2026-07-13_new439	SINGLE	cDNA	21115063	1076868213	ftp.sra.ebi.ac.uk/vol1/fastq/SRR139/061/SRR13964561/SRR13964561.fastq.gz	222aaea540e554e5d014f56f3af3686b	664412732
SRR13964562	SRX10342549	sharepoint_2026-07-13_new439	SINGLE	cDNA	21092681	1075726731	ftp.sra.ebi.ac.uk/vol1/fastq/SRR139/062/SRR13964562/SRR13964562.fastq.gz	71bc2dbd59e432661feedfb74d6d1cc2	663473612
SRR13964563	SRX10342550	sharepoint_2026-07-13_new439	SINGLE	cDNA	20327363	1036695513	ftp.sra.ebi.ac.uk/vol1/fastq/SRR139/063/SRR13964563/SRR13964563.fastq.gz	d8e7b253121d4f33333820ce78d8da79	637729312
SRR13964564	SRX10342550	sharepoint_2026-07-13_new439	SINGLE	cDNA	20288137	1034694987	ftp.sra.ebi.ac.uk/vol1/fastq/SRR139/064/SRR13964564/SRR13964564.fastq.gz	527b7f05d1ec630add57e0259d880ae2	636385647
SRR13964565	SRX10342551	sharepoint_2026-07-13_new439	SINGLE	cDNA	20523614	1046704314	ftp.sra.ebi.ac.uk/vol1/fastq/SRR139/065/SRR13964565/SRR13964565.fastq.gz	3d0c20fe0515d1bb72b46d1c1f4d23f1	645831167
SRR13964566	SRX10342551	sharepoint_2026-07-13_new439	SINGLE	cDNA	20502586	1045631886	ftp.sra.ebi.ac.uk/vol1/fastq/SRR139/066/SRR13964566/SRR13964566.fastq.gz	8160be18f854834de58249e531a34503	644846916
SRR13964567	SRX10342552	sharepoint_2026-07-13_new439	SINGLE	cDNA	19983192	1019142792	ftp.sra.ebi.ac.uk/vol1/fastq/SRR139/067/SRR13964567/SRR13964567.fastq.gz	2fe5a848d275762e6f1fa56457ca9c71	593716788
SRR13964568	SRX10342552	sharepoint_2026-07-13_new439	SINGLE	cDNA	19965264	1018228464	ftp.sra.ebi.ac.uk/vol1/fastq/SRR139/068/SRR13964568/SRR13964568.fastq.gz	e0de46064d1e1b87e3e4e0c9cf2e0308	593038831
SRR13964569	SRX10342553	sharepoint_2026-07-13_new439	SINGLE	cDNA	18316350	934133850	ftp.sra.ebi.ac.uk/vol1/fastq/SRR139/069/SRR13964569/SRR13964569.fastq.gz	e48dcfc587a1e59d8f8a8813de4351d1	554110479
SRR13964570	SRX10342553	sharepoint_2026-07-13_new439	SINGLE	cDNA	18310432	933832032	ftp.sra.ebi.ac.uk/vol1/fastq/SRR139/070/SRR13964570/SRR13964570.fastq.gz	9f1352d6e4d89a8d4d3114573877cdc9	553866392
SRR13964571	SRX10342554	sharepoint_2026-07-13_new439	SINGLE	cDNA	20040470	1022063970	ftp.sra.ebi.ac.uk/vol1/fastq/SRR139/071/SRR13964571/SRR13964571.fastq.gz	b111774e4cd07fdf154c6273e6e367e2	613439466
SRR13964572	SRX10342554	sharepoint_2026-07-13_new439	SINGLE	cDNA	20031573	1021610223	ftp.sra.ebi.ac.uk/vol1/fastq/SRR139/072/SRR13964572/SRR13964572.fastq.gz	9e7dce1fbec31a1951ddeecac61c3dc7	613018464
SRR13964573	SRX10342555	sharepoint_2026-07-13_new439	SINGLE	cDNA	20943294	1068107994	ftp.sra.ebi.ac.uk/vol1/fastq/SRR139/073/SRR13964573/SRR13964573.fastq.gz	bb55b270292f059007ebdfd5932a92b6	595465680
SRR13964574	SRX10342555	sharepoint_2026-07-13_new439	SINGLE	cDNA	20914847	1066657197	ftp.sra.ebi.ac.uk/vol1/fastq/SRR139/074/SRR13964574/SRR13964574.fastq.gz	d0eadc0dbdb1a425e67a77ae09aef49a	594535109
SRR13964575	SRX10342556	sharepoint_2026-07-13_new439	SINGLE	cDNA	19055807	971846157	ftp.sra.ebi.ac.uk/vol1/fastq/SRR139/075/SRR13964575/SRR13964575.fastq.gz	1381ee59260f0a8ef30d1980da422841	613784654
SRR13964576	SRX10342556	sharepoint_2026-07-13_new439	SINGLE	cDNA	19011201	969571251	ftp.sra.ebi.ac.uk/vol1/fastq/SRR139/076/SRR13964576/SRR13964576.fastq.gz	79f428f46af1f2a861e366d867a4fb16	612045866
SRR13964577	SRX10342556	sharepoint_2026-07-13_new439	SINGLE	cDNA	19282227	983393577	ftp.sra.ebi.ac.uk/vol1/fastq/SRR139/077/SRR13964577/SRR13964577.fastq.gz	6ee007c3fd81f37457b136c77fc44bd1	590762807
SRR13964578	SRX10342556	sharepoint_2026-07-13_new439	SINGLE	cDNA	19296304	984111504	ftp.sra.ebi.ac.uk/vol1/fastq/SRR139/078/SRR13964578/SRR13964578.fastq.gz	97c7ac9c83557a4762e60ef1fdb2ad20	594169566
SRR13964579	SRX10342557	sharepoint_2026-07-13_new439	SINGLE	cDNA	20371547	1038948897	ftp.sra.ebi.ac.uk/vol1/fastq/SRR139/079/SRR13964579/SRR13964579.fastq.gz	be395cc59a56b0b5461980475f06757d	667076277
SRR13964580	SRX10342557	sharepoint_2026-07-13_new439	SINGLE	cDNA	20340660	1037373660	ftp.sra.ebi.ac.uk/vol1/fastq/SRR139/080/SRR13964580/SRR13964580.fastq.gz	38d63047cad823cfa7b5019d1f2dd9d4	665989090
SRR13964581	SRX10342557	sharepoint_2026-07-13_new439	SINGLE	cDNA	18642596	950772396	ftp.sra.ebi.ac.uk/vol1/fastq/SRR139/081/SRR13964581/SRR13964581.fastq.gz	c9cdab41ef9285a747719bf6f94e3469	624657514
SRR13964582	SRX10342557	sharepoint_2026-07-13_new439	SINGLE	cDNA	18660767	951699117	ftp.sra.ebi.ac.uk/vol1/fastq/SRR139/082/SRR13964582/SRR13964582.fastq.gz	a04b8dd163b714d0f3658e862f2683c0	627536277
SRR13964583	SRX10342558	sharepoint_2026-07-13_new439	SINGLE	cDNA	19452395	992072145	ftp.sra.ebi.ac.uk/vol1/fastq/SRR139/083/SRR13964583/SRR13964583.fastq.gz	eb713513b1d7458d2875249f652ca03d	634880032
SRR13964584	SRX10342558	sharepoint_2026-07-13_new439	SINGLE	cDNA	19392925	989039175	ftp.sra.ebi.ac.uk/vol1/fastq/SRR139/084/SRR13964584/SRR13964584.fastq.gz	f1845184f9625e548e5ba0e908173ebf	633027461
SRR13964585	SRX10342558	sharepoint_2026-07-13_new439	SINGLE	cDNA	19906017	1015206867	ftp.sra.ebi.ac.uk/vol1/fastq/SRR139/085/SRR13964585/SRR13964585.fastq.gz	153c53f354c85cbd4d41429596f67443	664124201
SRR13964586	SRX10342558	sharepoint_2026-07-13_new439	SINGLE	cDNA	19930618	1016461518	ftp.sra.ebi.ac.uk/vol1/fastq/SRR139/086/SRR13964586/SRR13964586.fastq.gz	af4715ab45bef19066275d3bee28ec5f	667252490
SRR14191081	SRX10558032	sharepoint_2026-07-13_new439	SINGLE	cDNA	35214672	2623007931	ftp.sra.ebi.ac.uk/vol1/fastq/SRR141/081/SRR14191081/SRR14191081.fastq.gz	f96f171b4cf73d46044d8c5b0805bbc0	972868373
SRR14191082	SRX10558033	sharepoint_2026-07-13_new439	SINGLE	cDNA	37320646	2776586159	ftp.sra.ebi.ac.uk/vol1/fastq/SRR141/082/SRR14191082/SRR14191082.fastq.gz	42f9a109c9ef194fe102a78b2bce0892	1044216655
SRR14191083	SRX10558034	sharepoint_2026-07-13_new439	SINGLE	cDNA	31778765	2365800381	ftp.sra.ebi.ac.uk/vol1/fastq/SRR141/083/SRR14191083/SRR14191083.fastq.gz	7267a438c8a0640a955b09b5423f0ef5	853005572
SRR14191084	SRX10558035	sharepoint_2026-07-13_new439	SINGLE	cDNA	33241342	2473368358	ftp.sra.ebi.ac.uk/vol1/fastq/SRR141/084/SRR14191084/SRR14191084.fastq.gz	5e61e5ebc4d23868886dbf84a606cc78	934452396
SRR14191085	SRX10558036	sharepoint_2026-07-13_new439	SINGLE	cDNA	29677112	2207788469	ftp.sra.ebi.ac.uk/vol1/fastq/SRR141/085/SRR14191085/SRR14191085.fastq.gz	8e98c933f6fc1eacd846856f9e60cc15	818656654
SRR14191086	SRX10558037	sharepoint_2026-07-13_new439	SINGLE	cDNA	33050052	2462537300	ftp.sra.ebi.ac.uk/vol1/fastq/SRR141/086/SRR14191086/SRR14191086.fastq.gz	6bffda6dabc71897a1f42f918ab260ac	912152157
SRR14191087	SRX10558038	sharepoint_2026-07-13_new439	SINGLE	cDNA	32268851	2402802273	ftp.sra.ebi.ac.uk/vol1/fastq/SRR141/087/SRR14191087/SRR14191087.fastq.gz	12f1cd678ab6a1ecc64fd564bf2ca035	925756839
SRR14191088	SRX10558039	sharepoint_2026-07-13_new439	SINGLE	cDNA	31108099	2313855242	ftp.sra.ebi.ac.uk/vol1/fastq/SRR141/088/SRR14191088/SRR14191088.fastq.gz	3e438d4572f36eead2c0f7c9f79de2e1	889041649
SRR14191089	SRX10558040	sharepoint_2026-07-13_new439	SINGLE	cDNA	44135117	3282804572	ftp.sra.ebi.ac.uk/vol1/fastq/SRR141/089/SRR14191089/SRR14191089.fastq.gz	3ff273357adb0687974b52d5692f5ba1	1269644467
SRR14191090	SRX10558041	sharepoint_2026-07-13_new439	SINGLE	cDNA	37050010	2753706625	ftp.sra.ebi.ac.uk/vol1/fastq/SRR141/090/SRR14191090/SRR14191090.fastq.gz	08521957edc7a0f01427f241c761c645	1053218207
SRR14191091	SRX10558042	sharepoint_2026-07-13_new439	SINGLE	cDNA	28523993	2126270588	ftp.sra.ebi.ac.uk/vol1/fastq/SRR141/091/SRR14191091/SRR14191091.fastq.gz	00341d208aa4f4667cdbb98fd12bd1bf	833198651
SRR14191092	SRX10558043	sharepoint_2026-07-13_new439	SINGLE	cDNA	32465447	2413321118	ftp.sra.ebi.ac.uk/vol1/fastq/SRR141/092/SRR14191092/SRR14191092.fastq.gz	6e3710c85aef5ab8ddd00957e8d5f44c	972173820
SRR14701359	SRX11039405	sharepoint_2026-07-13_new439	PAIRED	cDNA	52860204	15963781608	ftp.sra.ebi.ac.uk/vol1/fastq/SRR147/059/SRR14701359/SRR14701359_1.fastq.gz;ftp.sra.ebi.ac.uk/vol1/fastq/SRR147/059/SRR14701359/SRR14701359_2.fastq.gz	b7f4c6cea3677890b3f2f2dfedae3df8;7e0a50513574c2d944aa407d58a531cf	4471886770;4840496946
SRR14701360	SRX11039406	sharepoint_2026-07-13_new439	PAIRED	cDNA	42333475	12784709450	ftp.sra.ebi.ac.uk/vol1/fastq/SRR147/060/SRR14701360/SRR14701360_1.fastq.gz;ftp.sra.ebi.ac.uk/vol1/fastq/SRR147/060/SRR14701360/SRR14701360_2.fastq.gz	9eed27835eca536c2766a9e519ade636;5e5f47e6bcff6de9937cb8cc2d37da32	3679378263;3994340902
SRR14701361	SRX11039407	sharepoint_2026-07-13_new439	PAIRED	cDNA	57216114	17279266428	ftp.sra.ebi.ac.uk/vol1/fastq/SRR147/061/SRR14701361/SRR14701361_1.fastq.gz;ftp.sra.ebi.ac.uk/vol1/fastq/SRR147/061/SRR14701361/SRR14701361_2.fastq.gz	4f10c8b4d6a1385a5d7a36cdf70fcbe0;9e72b0150247da5b33288fd5058698ee	4866345560;5294167571
SRR14701362	SRX11039408	sharepoint_2026-07-13_new439	PAIRED	cDNA	45908041	13864228382	ftp.sra.ebi.ac.uk/vol1/fastq/SRR147/062/SRR14701362/SRR14701362_1.fastq.gz;ftp.sra.ebi.ac.uk/vol1/fastq/SRR147/062/SRR14701362/SRR14701362_2.fastq.gz	510610a8caa7d289001a817660901eed;606b33afbd5adf5a72ef6db23b19241d	3851453962;4243424630
SRR14701363	SRX11039409	sharepoint_2026-07-13_new439	PAIRED	cDNA	52387545	15821038590	ftp.sra.ebi.ac.uk/vol1/fastq/SRR147/063/SRR14701363/SRR14701363_1.fastq.gz;ftp.sra.ebi.ac.uk/vol1/fastq/SRR147/063/SRR14701363/SRR14701363_2.fastq.gz	b6418bb3601c397b7717feb7f822689e;354f6b6acea2b6b8ba581ebf83edce15	4459993985;4931037068
SRR14701364	SRX11039410	sharepoint_2026-07-13_new439	PAIRED	cDNA	43330395	13085779290	ftp.sra.ebi.ac.uk/vol1/fastq/SRR147/064/SRR14701364/SRR14701364_1.fastq.gz;ftp.sra.ebi.ac.uk/vol1/fastq/SRR147/064/SRR14701364/SRR14701364_2.fastq.gz	158c25217fbe19c552e3b0a81dba11e5;2bdea3d2b21497cf94faaf6476c7f32a	3627216891;3962736816
SRR14701365	SRX11039411	sharepoint_2026-07-13_new439	PAIRED	cDNA	41883198	12648725796	ftp.sra.ebi.ac.uk/vol1/fastq/SRR147/065/SRR14701365/SRR14701365_1.fastq.gz;ftp.sra.ebi.ac.uk/vol1/fastq/SRR147/065/SRR14701365/SRR14701365_2.fastq.gz	d71863d368a841a9a771e0dc4db51795;799f976233d43158772c7f359863fd41	3538871858;3968086424
SRR14701366	SRX11039412	sharepoint_2026-07-13_new439	PAIRED	cDNA	46740784	14115716768	ftp.sra.ebi.ac.uk/vol1/fastq/SRR147/066/SRR14701366/SRR14701366_1.fastq.gz;ftp.sra.ebi.ac.uk/vol1/fastq/SRR147/066/SRR14701366/SRR14701366_2.fastq.gz	30d9ac4542d50e10f21295d50ed947b5;622f3c56811b5dda4f288d3b6b17506c	3881483645;4216979840
SRR14701367	SRX11039413	sharepoint_2026-07-13_new439	PAIRED	cDNA	44574574	13461521348	ftp.sra.ebi.ac.uk/vol1/fastq/SRR147/067/SRR14701367/SRR14701367_1.fastq.gz;ftp.sra.ebi.ac.uk/vol1/fastq/SRR147/067/SRR14701367/SRR14701367_2.fastq.gz	da94a1d5d093385421e4800beac55f48;0e602a8680107ca52c47c81d7041a8a2	3724993347;4114264627
SRR14701368	SRX11039414	sharepoint_2026-07-13_new439	PAIRED	cDNA	74173580	22400421160	ftp.sra.ebi.ac.uk/vol1/fastq/SRR147/068/SRR14701368/SRR14701368_1.fastq.gz;ftp.sra.ebi.ac.uk/vol1/fastq/SRR147/068/SRR14701368/SRR14701368_2.fastq.gz	e7d93fb7499cbe2672c77ba08a72e806;ea8eea9e8b6981b67798fa6a4b030b4c	6019107453;6618445183
SRR14701369	SRX11039415	sharepoint_2026-07-13_new439	PAIRED	cDNA	41668654	12583933508	ftp.sra.ebi.ac.uk/vol1/fastq/SRR147/069/SRR14701369/SRR14701369_1.fastq.gz;ftp.sra.ebi.ac.uk/vol1/fastq/SRR147/069/SRR14701369/SRR14701369_2.fastq.gz	b84baed80506ef26b3c25a09a1daf1c1;c3ab138e1eb470e9b5fd0c8685e9ec54	3516954070;3853935511
SRR14701370	SRX11039416	sharepoint_2026-07-13_new439	PAIRED	cDNA	46688700	14099987400	ftp.sra.ebi.ac.uk/vol1/fastq/SRR147/070/SRR14701370/SRR14701370_1.fastq.gz;ftp.sra.ebi.ac.uk/vol1/fastq/SRR147/070/SRR14701370/SRR14701370_2.fastq.gz	bb851fd07606c13d061a123512949996;866797d93c36287f17724fab0387c847	3761054445;4171779912
SRR14701371	SRX11039417	sharepoint_2026-07-13_new439	PAIRED	cDNA	50615149	15285774998	ftp.sra.ebi.ac.uk/vol1/fastq/SRR147/071/SRR14701371/SRR14701371_1.fastq.gz;ftp.sra.ebi.ac.uk/vol1/fastq/SRR147/071/SRR14701371/SRR14701371_2.fastq.gz	77dafef8072a60c2e3b0c032a6ed888e;1be0e43a59efaf12a63c437659bbb492	4269138013;4689431075
SRR14701372	SRX11039418	sharepoint_2026-07-13_new439	PAIRED	cDNA	37071684	11195648568	ftp.sra.ebi.ac.uk/vol1/fastq/SRR147/072/SRR14701372/SRR14701372_1.fastq.gz;ftp.sra.ebi.ac.uk/vol1/fastq/SRR147/072/SRR14701372/SRR14701372_2.fastq.gz	0ee4ecf1bcd490eea59eda4b28f42239;b625320dcc598092873f52428cba6f00	2972545855;3332942063
SRR14701373	SRX11039419	sharepoint_2026-07-13_new439	PAIRED	cDNA	43708405	13199938310	ftp.sra.ebi.ac.uk/vol1/fastq/SRR147/073/SRR14701373/SRR14701373_1.fastq.gz;ftp.sra.ebi.ac.uk/vol1/fastq/SRR147/073/SRR14701373/SRR14701373_2.fastq.gz	f56d2588f0888c36dbca9c13586613a7;a07580adc6bfd1614d4b40ebabd4cf67	3611497011;3929481123
SRR14701374	SRX11039420	sharepoint_2026-07-13_new439	PAIRED	cDNA	46357575	13999987650	ftp.sra.ebi.ac.uk/vol1/fastq/SRR147/074/SRR14701374/SRR14701374_1.fastq.gz;ftp.sra.ebi.ac.uk/vol1/fastq/SRR147/074/SRR14701374/SRR14701374_2.fastq.gz	fe5c520908d08c2084b59fcaa80b2086;67835d697c7de47c21b5d74d928e75e2	3799816511;4203274366
SRR14701375	SRX11039421	sharepoint_2026-07-13_new439	PAIRED	cDNA	58245343	17590093586	ftp.sra.ebi.ac.uk/vol1/fastq/SRR147/075/SRR14701375/SRR14701375_1.fastq.gz;ftp.sra.ebi.ac.uk/vol1/fastq/SRR147/075/SRR14701375/SRR14701375_2.fastq.gz	f708d59c85f1aa0238bab3a87de668b7;aa8b36319da4a4274feb097c94f5dd95	4605063230;5087488257
SRR14701376	SRX11039422	sharepoint_2026-07-13_new439	PAIRED	cDNA	41503120	12533942240	ftp.sra.ebi.ac.uk/vol1/fastq/SRR147/076/SRR14701376/SRR14701376_1.fastq.gz;ftp.sra.ebi.ac.uk/vol1/fastq/SRR147/076/SRR14701376/SRR14701376_2.fastq.gz	08fc3e090ff269855008318d988e16a9;2de11d961b69443c6967f41260da2aba	3363694478;3726922423
SRR14701377	SRX11039423	sharepoint_2026-07-13_new439	PAIRED	cDNA	59436179	17949726058	ftp.sra.ebi.ac.uk/vol1/fastq/SRR147/077/SRR14701377/SRR14701377_1.fastq.gz;ftp.sra.ebi.ac.uk/vol1/fastq/SRR147/077/SRR14701377/SRR14701377_2.fastq.gz	8a098e9c470d642bc41109038d9036f4;a4cbf80d18fe3614caf9e395aacbfcc9	4826295494;5332072087
SRR14701378	SRX11039424	sharepoint_2026-07-13_new439	PAIRED	cDNA	44841342	13542085284	ftp.sra.ebi.ac.uk/vol1/fastq/SRR147/078/SRR14701378/SRR14701378_1.fastq.gz;ftp.sra.ebi.ac.uk/vol1/fastq/SRR147/078/SRR14701378/SRR14701378_2.fastq.gz	71687b220d8d83ad7aed6819bd89b71b;65a36ef80e9327b14b34393d796b703a	3685736809;4042222647
SRR14701379	SRX11039425	sharepoint_2026-07-13_new439	PAIRED	cDNA	49782389	15034281478	ftp.sra.ebi.ac.uk/vol1/fastq/SRR147/079/SRR14701379/SRR14701379_1.fastq.gz;ftp.sra.ebi.ac.uk/vol1/fastq/SRR147/079/SRR14701379/SRR14701379_2.fastq.gz	b1da33d5e61e407558f7660e5b22cd1c;c477b75d776ade6a9c460b9d2694ce36	4090507862;4465343852
SRR14701380	SRX11039426	sharepoint_2026-07-13_new439	PAIRED	cDNA	44720326	13505538452	ftp.sra.ebi.ac.uk/vol1/fastq/SRR147/080/SRR14701380/SRR14701380_1.fastq.gz;ftp.sra.ebi.ac.uk/vol1/fastq/SRR147/080/SRR14701380/SRR14701380_2.fastq.gz	538b14384cd6ed110f8a49b625bb0804;236798ad6b7dc92188e048932d8a81f1	3297559146;3696674645
SRR14701381	SRX11039427	sharepoint_2026-07-13_new439	PAIRED	cDNA	46813494	14137675188	ftp.sra.ebi.ac.uk/vol1/fastq/SRR147/081/SRR14701381/SRR14701381_1.fastq.gz;ftp.sra.ebi.ac.uk/vol1/fastq/SRR147/081/SRR14701381/SRR14701381_2.fastq.gz	c3a0ece0c8038eb57b2b8564537e5827;634f7291b7d84cd4d8c2e90916a7a6c9	3824908875;4256730636
SRR14701382	SRX11039428	sharepoint_2026-07-13_new439	PAIRED	cDNA	55966233	16901802366	ftp.sra.ebi.ac.uk/vol1/fastq/SRR147/082/SRR14701382/SRR14701382_1.fastq.gz;ftp.sra.ebi.ac.uk/vol1/fastq/SRR147/082/SRR14701382/SRR14701382_2.fastq.gz	2c58c231f48912e5cc186eb200eed510;ffc6c3121db6eccbdf45a81e3f0773e8	4359416624;4866265483
SRR14701383	SRX11039429	sharepoint_2026-07-13_new439	PAIRED	cDNA	49625611	14986934522	ftp.sra.ebi.ac.uk/vol1/fastq/SRR147/083/SRR14701383/SRR14701383_1.fastq.gz;ftp.sra.ebi.ac.uk/vol1/fastq/SRR147/083/SRR14701383/SRR14701383_2.fastq.gz	bf92387d37665265846c93cb05f50dd4;00a399d09e5ae6f4f4540cf048467a97	3834786481;4253445749
SRR14701384	SRX11039430	sharepoint_2026-07-13_new439	PAIRED	cDNA	38860971	11736013242	ftp.sra.ebi.ac.uk/vol1/fastq/SRR147/084/SRR14701384/SRR14701384_1.fastq.gz;ftp.sra.ebi.ac.uk/vol1/fastq/SRR147/084/SRR14701384/SRR14701384_2.fastq.gz	82426fc99d6b8865cacaa0f7ef2a0b79;90736e753600678bb22d363fd60a4474	3190188131;3498735477
SRR14701385	SRX11039431	sharepoint_2026-07-13_new439	PAIRED	cDNA	34818662	10515235924	ftp.sra.ebi.ac.uk/vol1/fastq/SRR147/085/SRR14701385/SRR14701385_1.fastq.gz;ftp.sra.ebi.ac.uk/vol1/fastq/SRR147/085/SRR14701385/SRR14701385_2.fastq.gz	6c40fe64536244ac942cf7129a5617b5;e74f121a7aca0cbe8414b82cf8eaebea	2874338245;3127896694
SRR14701386	SRX11039432	sharepoint_2026-07-13_new439	PAIRED	cDNA	66084021	19957374342	ftp.sra.ebi.ac.uk/vol1/fastq/SRR147/086/SRR14701386/SRR14701386_1.fastq.gz;ftp.sra.ebi.ac.uk/vol1/fastq/SRR147/086/SRR14701386/SRR14701386_2.fastq.gz	5c476271f44988111361d52a93272c3b;1e7e926c9074a6f3f6bd5dedd4ae653f	5454877435;6026501773
SRR14701387	SRX11039433	sharepoint_2026-07-13_new439	PAIRED	cDNA	49250057	14873517214	ftp.sra.ebi.ac.uk/vol1/fastq/SRR147/087/SRR14701387/SRR14701387_1.fastq.gz;ftp.sra.ebi.ac.uk/vol1/fastq/SRR147/087/SRR14701387/SRR14701387_2.fastq.gz	8273c4223b572ac5d307bea75abec6e7;be8db1862386a2989c6db159616a9ba8	4134726540;4490268739
SRR14701388	SRX11039434	sharepoint_2026-07-13_new439	PAIRED	cDNA	50243701	15173597702	ftp.sra.ebi.ac.uk/vol1/fastq/SRR147/088/SRR14701388/SRR14701388_1.fastq.gz;ftp.sra.ebi.ac.uk/vol1/fastq/SRR147/088/SRR14701388/SRR14701388_2.fastq.gz	1ecb236a33c2e9459db962bf32a35c62;d9abdabf37e30c08b1467cc65cda109c	4183756894;4484365350
SRR14701389	SRX11039435	sharepoint_2026-07-13_new439	PAIRED	cDNA	43910167	13260870434	ftp.sra.ebi.ac.uk/vol1/fastq/SRR147/089/SRR14701389/SRR14701389_1.fastq.gz;ftp.sra.ebi.ac.uk/vol1/fastq/SRR147/089/SRR14701389/SRR14701389_2.fastq.gz	8c76a721d1ed0556479c88cc86ef6dd4;0dfda10339e504895eca90233469a6aa	3383115996;3679796077
SRR14701390	SRX11039436	sharepoint_2026-07-13_new439	PAIRED	cDNA	49023471	14805088242	ftp.sra.ebi.ac.uk/vol1/fastq/SRR147/090/SRR14701390/SRR14701390_1.fastq.gz;ftp.sra.ebi.ac.uk/vol1/fastq/SRR147/090/SRR14701390/SRR14701390_2.fastq.gz	da10deeb85e8c03fa938f85266067852;236aa28441277af45c568b6600855b77	3976203980;4351959535
SRR14701391	SRX11039437	sharepoint_2026-07-13_new439	PAIRED	cDNA	55788946	16848261692	ftp.sra.ebi.ac.uk/vol1/fastq/SRR147/091/SRR14701391/SRR14701391_1.fastq.gz;ftp.sra.ebi.ac.uk/vol1/fastq/SRR147/091/SRR14701391/SRR14701391_2.fastq.gz	3409a2d5efec765f6617c30bf7a1112c;b47eaabfd41784cea98887c7c9a14f5f	4403809056;4841827279
SRR1956641	SRX982138	sharepoint_2026-07-13_new439	SINGLE	cDNA	4261556	217339356	ftp.sra.ebi.ac.uk/vol1/fastq/SRR195/001/SRR1956641/SRR1956641.fastq.gz	b87d54b342d1b542357d549244eef699	229465133
SRR1956642	SRX982138	sharepoint_2026-07-13_new439	SINGLE	cDNA	3801150	193858650	ftp.sra.ebi.ac.uk/vol1/fastq/SRR195/002/SRR1956642/SRR1956642.fastq.gz	74e0a15297123eb198e054917a2629f6	181797795
SRR1956643	SRX982138	sharepoint_2026-07-13_new439	SINGLE	cDNA	4791731	244378281	ftp.sra.ebi.ac.uk/vol1/fastq/SRR195/003/SRR1956643/SRR1956643.fastq.gz	e3ce33f94e2ef806fbd68b318dae5575	195289848
SRR1956644	SRX982139	sharepoint_2026-07-13_new439	SINGLE	cDNA	5047433	257419083	ftp.sra.ebi.ac.uk/vol1/fastq/SRR195/004/SRR1956644/SRR1956644.fastq.gz	4854d687c1ccdc9ca03924216507e6cd	270698588
SRR1956645	SRX982139	sharepoint_2026-07-13_new439	SINGLE	cDNA	6928355	353346105	ftp.sra.ebi.ac.uk/vol1/fastq/SRR195/005/SRR1956645/SRR1956645.fastq.gz	d11b3f95615233688f817dd5389cbdb1	268339078
SRR1956646	SRX982140	sharepoint_2026-07-13_new439	SINGLE	cDNA	7543595	384723345	ftp.sra.ebi.ac.uk/vol1/fastq/SRR195/006/SRR1956646/SRR1956646.fastq.gz	98ea4a67dfabd9ab27174b19f7db66ab	403495449
SRR1956647	SRX982140	sharepoint_2026-07-13_new439	SINGLE	cDNA	5874597	299604447	ftp.sra.ebi.ac.uk/vol1/fastq/SRR195/007/SRR1956647/SRR1956647.fastq.gz	ab084b30c9966d22433d533e48f18fab	227145024
SRR1956659	SRX982149	sharepoint_2026-07-13_new439	SINGLE	cDNA	12352504	629977704	ftp.sra.ebi.ac.uk/vol1/fastq/SRR195/009/SRR1956659/SRR1956659.fastq.gz	187ccbffd52d6f3d76af9cdc2e51685b	670468206
SRR1956660	SRX982150	sharepoint_2026-07-13_new439	SINGLE	cDNA	9715065	495468315	ftp.sra.ebi.ac.uk/vol1/fastq/SRR195/000/SRR1956660/SRR1956660.fastq.gz	2b8e3844b3908b3c9f948b185294636d	547288583
SRR1956661	SRX982150	sharepoint_2026-07-13_new439	SINGLE	cDNA	15445589	787725039	ftp.sra.ebi.ac.uk/vol1/fastq/SRR195/001/SRR1956661/SRR1956661.fastq.gz	96137ea1b51671034ada2c9f81fb57da	822546902
SRR1956662	SRX982151	sharepoint_2026-07-13_new439	SINGLE	cDNA	35171880	1793765880	ftp.sra.ebi.ac.uk/vol1/fastq/SRR195/002/SRR1956662/SRR1956662.fastq.gz	42932d3ee6189166088dcb4a02a55d84	1835739701
SRR1956663	SRX982152	sharepoint_2026-07-13_new439	SINGLE	cDNA	21696348	1106513748	ftp.sra.ebi.ac.uk/vol1/fastq/SRR195/003/SRR1956663/SRR1956663.fastq.gz	ac04c8ce4150c45aa9e07256d84a79fd	1009979959
SRR1956664	SRX982153	sharepoint_2026-07-13_new439	SINGLE	cDNA	10015410	510785910	ftp.sra.ebi.ac.uk/vol1/fastq/SRR195/004/SRR1956664/SRR1956664.fastq.gz	6ad1ac9cf372cd246a557a4e32e68af2	565526872
SRR1956665	SRX982153	sharepoint_2026-07-13_new439	SINGLE	cDNA	15971308	814536708	ftp.sra.ebi.ac.uk/vol1/fastq/SRR195/005/SRR1956665/SRR1956665.fastq.gz	ddcc2e606fd9c72b065f4cf6c2f5861b	853820384
SRR1956666	SRX982154	sharepoint_2026-07-13_new439	SINGLE	cDNA	13581129	692637579	ftp.sra.ebi.ac.uk/vol1/fastq/SRR195/006/SRR1956666/SRR1956666.fastq.gz	0e00ab67d9772205152cdf9da521e5dc	765574939
SRR1956667	SRX982154	sharepoint_2026-07-13_new439	SINGLE	cDNA	21284785	1085524035	ftp.sra.ebi.ac.uk/vol1/fastq/SRR195/007/SRR1956667/SRR1956667.fastq.gz	a1626f910d41b176a6e44ccb73de6186	1133519938
SRR1956668	SRX982155	sharepoint_2026-07-13_new439	SINGLE	cDNA	35461105	1808516355	ftp.sra.ebi.ac.uk/vol1/fastq/SRR195/008/SRR1956668/SRR1956668.fastq.gz	c6cedc084ccde90c6377a24acdaf2e65	1842693357
SRR1956669	SRX982156	sharepoint_2026-07-13_new439	SINGLE	cDNA	28676566	1462504866	ftp.sra.ebi.ac.uk/vol1/fastq/SRR195/009/SRR1956669/SRR1956669.fastq.gz	f09328361cff37508cff45638ba85b49	1351850098
SRR1956670	SRX982157	sharepoint_2026-07-13_new439	SINGLE	cDNA	16931231	863492781	ftp.sra.ebi.ac.uk/vol1/fastq/SRR195/000/SRR1956670/SRR1956670.fastq.gz	b91530c31a8cbe2f2d1fe7f112eb3982	914423451
SRR1956671	SRX982158	sharepoint_2026-07-13_new439	SINGLE	cDNA	12724784	648963984	ftp.sra.ebi.ac.uk/vol1/fastq/SRR195/001/SRR1956671/SRR1956671.fastq.gz	5e0a95b77618778cb23fd178cdcb2767	689670257
SRR1956672	SRX982159	sharepoint_2026-07-13_new439	SINGLE	cDNA	32995333	1682761983	ftp.sra.ebi.ac.uk/vol1/fastq/SRR195/002/SRR1956672/SRR1956672.fastq.gz	cbc5d63b4fd5248ea3054ef950224b3b	1713960408
SRR1956673	SRX982160	sharepoint_2026-07-13_new439	SINGLE	cDNA	12259412	625230012	ftp.sra.ebi.ac.uk/vol1/fastq/SRR195/003/SRR1956673/SRR1956673.fastq.gz	3edc575dc560df545deb025b28f65d62	548755400
SRR1956674	SRX982160	sharepoint_2026-07-13_new439	SINGLE	cDNA	8213090	418867590	ftp.sra.ebi.ac.uk/vol1/fastq/SRR195/004/SRR1956674/SRR1956674.fastq.gz	401941ade13eb2cee73ccf6d427daff0	374742392
SRR1956694	SRX982177	sharepoint_2026-07-13_new439	SINGLE	cDNA	28660580	1461689580	ftp.sra.ebi.ac.uk/vol1/fastq/SRR195/004/SRR1956694/SRR1956694.fastq.gz	cc690933303d9d5259b97dcd48318d53	1515758511
SRR1956695	SRX982178	sharepoint_2026-07-13_new439	SINGLE	cDNA	8669859	442162809	ftp.sra.ebi.ac.uk/vol1/fastq/SRR195/005/SRR1956695/SRR1956695.fastq.gz	25a87546e34869f51516c272c7a16f1f	430770251
SRR1956696	SRX982179	sharepoint_2026-07-13_new439	SINGLE	cDNA	8319719	424305669	ftp.sra.ebi.ac.uk/vol1/fastq/SRR195/006/SRR1956696/SRR1956696.fastq.gz	89b4b934b6a835931aaf9414183bcb43	410518062
SRR1956697	SRX982180	sharepoint_2026-07-13_new439	SINGLE	cDNA	7912323	403528473	ftp.sra.ebi.ac.uk/vol1/fastq/SRR195/007/SRR1956697/SRR1956697.fastq.gz	0aae1230bbef6f9dba3ae14a1391f390	395245341
SRR1956698	SRX982181	sharepoint_2026-07-13_new439	SINGLE	cDNA	25612968	1306261368	ftp.sra.ebi.ac.uk/vol1/fastq/SRR195/008/SRR1956698/SRR1956698.fastq.gz	38b343b15251eefa711cb0d6238275cc	1355464950
SRR1956699	SRX982182	sharepoint_2026-07-13_new439	SINGLE	cDNA	8677053	442529703	ftp.sra.ebi.ac.uk/vol1/fastq/SRR195/009/SRR1956699/SRR1956699.fastq.gz	6712c2fd1fb3ef2f3ec206112bf04de7	429680236
SRR1956700	SRX982183	sharepoint_2026-07-13_new439	SINGLE	cDNA	8120681	414154731	ftp.sra.ebi.ac.uk/vol1/fastq/SRR195/000/SRR1956700/SRR1956700.fastq.gz	a17964bda539db64b56962ff40c31cff	401134132
SRR1956701	SRX982184	sharepoint_2026-07-13_new439	SINGLE	cDNA	5909650	301392150	ftp.sra.ebi.ac.uk/vol1/fastq/SRR195/001/SRR1956701/SRR1956701.fastq.gz	ce3bf77d5c5fc0fc02331f937be68383	293828824
SRR23049895	SRX19003428	sharepoint_2026-07-13_new439	PAIRED	RANDOM	20446448	6174827296	ftp.sra.ebi.ac.uk/vol1/fastq/SRR230/095/SRR23049895/SRR23049895_1.fastq.gz;ftp.sra.ebi.ac.uk/vol1/fastq/SRR230/095/SRR23049895/SRR23049895_2.fastq.gz	7a831f554a952ef9b58a1737ccfc9500;f74007acbc850e3b30b9c5a339af129a	934885960;930403260
SRR23049906	SRX19003417	sharepoint_2026-07-13_new439	PAIRED	RANDOM	22099955	6674186410	ftp.sra.ebi.ac.uk/vol1/fastq/SRR230/006/SRR23049906/SRR23049906_1.fastq.gz;ftp.sra.ebi.ac.uk/vol1/fastq/SRR230/006/SRR23049906/SRR23049906_2.fastq.gz	c50fedf40b7b67f4a4c4b97c4c1302c5;633a36057bf39f8b3052877b57603d93	1416148994;1434963433
SRR23049917	SRX19003406	sharepoint_2026-07-13_new439	PAIRED	RANDOM	77528415	23413581330	ftp.sra.ebi.ac.uk/vol1/fastq/SRR230/017/SRR23049917/SRR23049917_1.fastq.gz;ftp.sra.ebi.ac.uk/vol1/fastq/SRR230/017/SRR23049917/SRR23049917_2.fastq.gz	eab86a6f24ec2dfb7222680b55b1664a;c86af3b011f0f075b194d9e8a85b6138	4089057793;4081417527
SRR23049928	SRX19003395	sharepoint_2026-07-13_new439	PAIRED	RANDOM	21231711	6411976722	ftp.sra.ebi.ac.uk/vol1/fastq/SRR230/028/SRR23049928/SRR23049928_1.fastq.gz;ftp.sra.ebi.ac.uk/vol1/fastq/SRR230/028/SRR23049928/SRR23049928_2.fastq.gz	d1806da9c1f3393be70f565ba81588fe;7b8bccb3ffec87a02d7be93f7bc8dedd	1211489222;1238734368
SRR23049936	SRX19003387	sharepoint_2026-07-13_new439	PAIRED	RANDOM	20601649	6221697998	ftp.sra.ebi.ac.uk/vol1/fastq/SRR230/036/SRR23049936/SRR23049936_1.fastq.gz;ftp.sra.ebi.ac.uk/vol1/fastq/SRR230/036/SRR23049936/SRR23049936_2.fastq.gz	0ed7fc1fba90e0e6dcfd99c1799b6e10;bc8be3facdd19b0645062fd743ef347f	982276196;973957351
SRR23049937	SRX19003386	sharepoint_2026-07-13_new439	PAIRED	RANDOM	20715159	6255978018	ftp.sra.ebi.ac.uk/vol1/fastq/SRR230/037/SRR23049937/SRR23049937_1.fastq.gz;ftp.sra.ebi.ac.uk/vol1/fastq/SRR230/037/SRR23049937/SRR23049937_2.fastq.gz	19e546a4fdbe34ef7b5915539225b141;c5f98c9e60514bfaaeabb83f3e03dab5	959088982;956661989
SRR23049953	SRX19003370	sharepoint_2026-07-13_new439	PAIRED	RANDOM	20733012	6261369624	ftp.sra.ebi.ac.uk/vol1/fastq/SRR230/053/SRR23049953/SRR23049953_1.fastq.gz;ftp.sra.ebi.ac.uk/vol1/fastq/SRR230/053/SRR23049953/SRR23049953_2.fastq.gz	b762e680517c9b9b22c3b029b5846271;1efd8ee07c9b28fd3afb2c58f152a745	925525460;925312671
SRR23049954	SRX19003369	sharepoint_2026-07-13_new439	PAIRED	RANDOM	20783937	6276748974	ftp.sra.ebi.ac.uk/vol1/fastq/SRR230/054/SRR23049954/SRR23049954_1.fastq.gz;ftp.sra.ebi.ac.uk/vol1/fastq/SRR230/054/SRR23049954/SRR23049954_2.fastq.gz	b318c2ad12e6919a8bf65f1c4668fbd1;b1f16a572e64da6cb0b76aad58994004	889205283;893067968
SRR23049956	SRX19003367	sharepoint_2026-07-13_new439	PAIRED	RANDOM	21445828	6476640056	ftp.sra.ebi.ac.uk/vol1/fastq/SRR230/056/SRR23049956/SRR23049956_1.fastq.gz;ftp.sra.ebi.ac.uk/vol1/fastq/SRR230/056/SRR23049956/SRR23049956_2.fastq.gz	ead0fba667c3778bce4fb11896ad0d9b;2b267416872cbd0ee757ea01472a9b8c	1246814663;1291130253
SRR23049957	SRX19003366	sharepoint_2026-07-13_new439	PAIRED	RANDOM	22282509	6729317718	ftp.sra.ebi.ac.uk/vol1/fastq/SRR230/057/SRR23049957/SRR23049957_1.fastq.gz;ftp.sra.ebi.ac.uk/vol1/fastq/SRR230/057/SRR23049957/SRR23049957_2.fastq.gz	204fd30500be780d9720ae1a2153c360;fe50137c09972c6213e6365e12a72e8e	1266379329;1315196701
SRR23049958	SRX19003365	sharepoint_2026-07-13_new439	PAIRED	RANDOM	24035012	7258573624	ftp.sra.ebi.ac.uk/vol1/fastq/SRR230/058/SRR23049958/SRR23049958_1.fastq.gz;ftp.sra.ebi.ac.uk/vol1/fastq/SRR230/058/SRR23049958/SRR23049958_2.fastq.gz	864db077ab2a0f07a76a2653287e9dec;f5f07afd7bcf105012bf290b44d3a45c	1047219871;1046909246
SRR23049959	SRX19003364	sharepoint_2026-07-13_new439	PAIRED	RANDOM	20713804	6255568808	ftp.sra.ebi.ac.uk/vol1/fastq/SRR230/059/SRR23049959/SRR23049959_1.fastq.gz;ftp.sra.ebi.ac.uk/vol1/fastq/SRR230/059/SRR23049959/SRR23049959_2.fastq.gz	b2c395a252e09855bb9e11b8816a91a2;3c4219a5f9dd8e6980e1a37c9ac4fdc1	917981596;917091847
SRR23049964	SRX19003359	sharepoint_2026-07-13_new439	PAIRED	RANDOM	22477124	6788091448	ftp.sra.ebi.ac.uk/vol1/fastq/SRR230/064/SRR23049964/SRR23049964_1.fastq.gz;ftp.sra.ebi.ac.uk/vol1/fastq/SRR230/064/SRR23049964/SRR23049964_2.fastq.gz	ad97a125f268234e6039941ac71cf75a;af895359283a95fae1484fa590c8e62f	1364681763;1379478829
SRR23049965	SRX19003358	sharepoint_2026-07-13_new439	PAIRED	RANDOM	22058334	6661616868	ftp.sra.ebi.ac.uk/vol1/fastq/SRR230/065/SRR23049965/SRR23049965_1.fastq.gz;ftp.sra.ebi.ac.uk/vol1/fastq/SRR230/065/SRR23049965/SRR23049965_2.fastq.gz	508b272eeeb3d5b06399b652c2d1ba0c;0f4558597a5a0e5f7627a8e31ec44f56	1380478615;1379067437
SRR23049966	SRX19003357	sharepoint_2026-07-13_new439	PAIRED	RANDOM	22214125	6708665750	ftp.sra.ebi.ac.uk/vol1/fastq/SRR230/066/SRR23049966/SRR23049966_1.fastq.gz;ftp.sra.ebi.ac.uk/vol1/fastq/SRR230/066/SRR23049966/SRR23049966_2.fastq.gz	b8adc63123f9486fd9235302cc8d9d19;7a8eadefafb72bf715c23f6048aed1ee	1042627223;1037223642
SRR23049967	SRX19003356	sharepoint_2026-07-13_new439	PAIRED	RANDOM	22348695	6749305890	ftp.sra.ebi.ac.uk/vol1/fastq/SRR230/067/SRR23049967/SRR23049967_1.fastq.gz;ftp.sra.ebi.ac.uk/vol1/fastq/SRR230/067/SRR23049967/SRR23049967_2.fastq.gz	e6e9bc58e1b10cc7da172ae32d493454;ab690667ab2c223ef159481fce1d4d11	1329492324;1355929821
SRR2541829	SRX1297650	sharepoint_2026-07-13_new439	SINGLE	cDNA	6461715	329547465	ftp.sra.ebi.ac.uk/vol1/fastq/SRR254/009/SRR2541829/SRR2541829.fastq.gz	91b612d1c83f2cd6377d871214f11c48	347777790
SRR2541830	SRX1297650	sharepoint_2026-07-13_new439	SINGLE	cDNA	8474045	432176295	ftp.sra.ebi.ac.uk/vol1/fastq/SRR254/000/SRR2541830/SRR2541830.fastq.gz	eebb30f3f0d83de0d5d21a9136b4a70d	329457110
SRR2541831	SRX1297651	sharepoint_2026-07-13_new439	SINGLE	cDNA	6430247	327942597	ftp.sra.ebi.ac.uk/vol1/fastq/SRR254/001/SRR2541831/SRR2541831.fastq.gz	00a0802057491c0924b6baeaa16d589e	344988636
SRR2541832	SRX1297651	sharepoint_2026-07-13_new439	SINGLE	cDNA	2072783	105711933	ftp.sra.ebi.ac.uk/vol1/fastq/SRR254/002/SRR2541832/SRR2541832.fastq.gz	dcffe625b377cb862d3755997b65db3b	99725644
SRR2541833	SRX1297651	sharepoint_2026-07-13_new439	SINGLE	cDNA	3081337	157148187	ftp.sra.ebi.ac.uk/vol1/fastq/SRR254/003/SRR2541833/SRR2541833.fastq.gz	2c5ba1722b69776832135b2809f8a14c	127520911
SRR2541834	SRX1297652	sharepoint_2026-07-13_new439	SINGLE	cDNA	7150062	364653162	ftp.sra.ebi.ac.uk/vol1/fastq/SRR254/004/SRR2541834/SRR2541834.fastq.gz	2f723ae596ec94aee177cdd306add358	383014205
SRR2541835	SRX1297652	sharepoint_2026-07-13_new439	SINGLE	cDNA	2820721	143856771	ftp.sra.ebi.ac.uk/vol1/fastq/SRR254/005/SRR2541835/SRR2541835.fastq.gz	03975fa650b7b3b02204d89f67f90e5e	135252157
SRR2541836	SRX1297652	sharepoint_2026-07-13_new439	SINGLE	cDNA	4078241	207990291	ftp.sra.ebi.ac.uk/vol1/fastq/SRR254/006/SRR2541836/SRR2541836.fastq.gz	ddd7db58d90b678bf18f42fa30cba219	167786947
SRR27352845	SRX23029407	sharepoint_2026-07-13_new439	SINGLE	cDNA	6143626	457480853	ftp.sra.ebi.ac.uk/vol1/fastq/SRR273/045/SRR27352845/SRR27352845.fastq.gz	852d7d0f3ef9157629967e7fa726bad1	218973979
SRR27352846	SRX23029406	sharepoint_2026-07-13_new439	SINGLE	cDNA	7112535	529326031	ftp.sra.ebi.ac.uk/vol1/fastq/SRR273/046/SRR27352846/SRR27352846.fastq.gz	b3ed01d40e843d386ba01063b19ac377	253607304
SRR27352847	SRX23029405	sharepoint_2026-07-13_new439	SINGLE	cDNA	8038563	598535566	ftp.sra.ebi.ac.uk/vol1/fastq/SRR273/047/SRR27352847/SRR27352847.fastq.gz	37cb7059797f4eebeda0b342bcadb749	284508283
SRR27352848	SRX23029404	sharepoint_2026-07-13_new439	SINGLE	cDNA	7652107	569702588	ftp.sra.ebi.ac.uk/vol1/fastq/SRR273/048/SRR27352848/SRR27352848.fastq.gz	4e329587d76d77889e8bf359f4138f82	270582031
SRR27352849	SRX23029403	sharepoint_2026-07-13_new439	SINGLE	cDNA	6436950	478649716	ftp.sra.ebi.ac.uk/vol1/fastq/SRR273/049/SRR27352849/SRR27352849.fastq.gz	5a726d04f1cdc00bd2e99ac4bfbd3244	229333240
SRR27352850	SRX23029402	sharepoint_2026-07-13_new439	SINGLE	cDNA	6556044	487589578	ftp.sra.ebi.ac.uk/vol1/fastq/SRR273/050/SRR27352850/SRR27352850.fastq.gz	f57ff8eee54b984f331c5f22f698d72a	233102694
SRR27352851	SRX23029401	sharepoint_2026-07-13_new439	SINGLE	cDNA	6510215	484832196	ftp.sra.ebi.ac.uk/vol1/fastq/SRR273/051/SRR27352851/SRR27352851.fastq.gz	b67916ae0edf80ac1931e8658d860cb5	232383119
SRR27352852	SRX23029400	sharepoint_2026-07-13_new439	SINGLE	cDNA	6753470	502937450	ftp.sra.ebi.ac.uk/vol1/fastq/SRR273/052/SRR27352852/SRR27352852.fastq.gz	ecd2988c7fac3f0403a71cb885b1fc03	240158744
SRR27352853	SRX23029399	sharepoint_2026-07-13_new439	SINGLE	cDNA	7543014	561741597	ftp.sra.ebi.ac.uk/vol1/fastq/SRR273/053/SRR27352853/SRR27352853.fastq.gz	23a2522d1bd15174c23a537d0118cbf5	267262014
SRR27352854	SRX23029398	sharepoint_2026-07-13_new439	SINGLE	cDNA	7437016	553861512	ftp.sra.ebi.ac.uk/vol1/fastq/SRR273/054/SRR27352854/SRR27352854.fastq.gz	3ce39a6b697fcfffad57f22756494d63	262182666
SRR27352855	SRX23029397	sharepoint_2026-07-13_new439	SINGLE	cDNA	7031181	523584943	ftp.sra.ebi.ac.uk/vol1/fastq/SRR273/055/SRR27352855/SRR27352855.fastq.gz	32a2ecfa6c0c478f4c92a0e5b22d108a	249513824
SRR27352856	SRX23029396	sharepoint_2026-07-13_new439	SINGLE	cDNA	7640990	569034163	ftp.sra.ebi.ac.uk/vol1/fastq/SRR273/056/SRR27352856/SRR27352856.fastq.gz	f75aef1375637ca8420c81175cf89273	269995071
SRR27352857	SRX23029395	sharepoint_2026-07-13_new439	SINGLE	cDNA	8292765	617163270	ftp.sra.ebi.ac.uk/vol1/fastq/SRR273/057/SRR27352857/SRR27352857.fastq.gz	f4d16addde92867696f85ca56fe6b8dc	294996033
SRR27352858	SRX23029394	sharepoint_2026-07-13_new439	SINGLE	cDNA	7250489	539356273	ftp.sra.ebi.ac.uk/vol1/fastq/SRR273/058/SRR27352858/SRR27352858.fastq.gz	75fb5d7a57619f202b5e09d648f4ea44	255964092
SRR27352859	SRX23029393	sharepoint_2026-07-13_new439	SINGLE	cDNA	7134259	530937696	ftp.sra.ebi.ac.uk/vol1/fastq/SRR273/059/SRR27352859/SRR27352859.fastq.gz	664a512b0bb88239326d4a6ae092b07e	252769782
SRR27352860	SRX23029392	sharepoint_2026-07-13_new439	SINGLE	cDNA	8333062	618595984	ftp.sra.ebi.ac.uk/vol1/fastq/SRR273/060/SRR27352860/SRR27352860.fastq.gz	96f5a39f44184813b9bcd38c3dcf4d83	286310413
SRR27352861	SRX23029391	sharepoint_2026-07-13_new439	SINGLE	cDNA	7007716	521988164	ftp.sra.ebi.ac.uk/vol1/fastq/SRR273/061/SRR27352861/SRR27352861.fastq.gz	453cdfde54e422d6a7763ad625be60be	247257109
SRR27352862	SRX23029390	sharepoint_2026-07-13_new439	SINGLE	cDNA	6623933	493263453	ftp.sra.ebi.ac.uk/vol1/fastq/SRR273/062/SRR27352862/SRR27352862.fastq.gz	a2e7876ae9d26bc4f37b948d0c9b7d81	237152264
SRR28628814	SRX24226694	sharepoint_2026-07-13_new439	PAIRED	cDNA	29488242	5956624884	ftp.sra.ebi.ac.uk/vol1/fastq/SRR286/014/SRR28628814/SRR28628814_1.fastq.gz;ftp.sra.ebi.ac.uk/vol1/fastq/SRR286/014/SRR28628814/SRR28628814_2.fastq.gz	a0621acf399c93b56785484cff6560e3;be205c3b0a316b3eaddbfd3de00df73f	915794575;996326194
SRR28628815	SRX24226693	sharepoint_2026-07-13_new439	PAIRED	cDNA	40099067	8100011534	ftp.sra.ebi.ac.uk/vol1/fastq/SRR286/015/SRR28628815/SRR28628815_1.fastq.gz;ftp.sra.ebi.ac.uk/vol1/fastq/SRR286/015/SRR28628815/SRR28628815_2.fastq.gz	599eea9cab3b72cc996280049e240d7c;afe513d17b22a5ff5d08e2da18475911	1240278373;1344422995
SRR28628816	SRX24226692	sharepoint_2026-07-13_new439	PAIRED	cDNA	29927271	6045308742	ftp.sra.ebi.ac.uk/vol1/fastq/SRR286/016/SRR28628816/SRR28628816_1.fastq.gz;ftp.sra.ebi.ac.uk/vol1/fastq/SRR286/016/SRR28628816/SRR28628816_2.fastq.gz	efd89864a65ea9c3038e06abb5e3ff37;a3bc9a4fd12581d468b025d79d8661b0	967093953;970567842
SRR28628817	SRX24226691	sharepoint_2026-07-13_new439	PAIRED	cDNA	34522082	6973460564	ftp.sra.ebi.ac.uk/vol1/fastq/SRR286/017/SRR28628817/SRR28628817_1.fastq.gz;ftp.sra.ebi.ac.uk/vol1/fastq/SRR286/017/SRR28628817/SRR28628817_2.fastq.gz	f42e43732c81a492abfc3fb38cb8dd62;6d2eaa2cbcc46822d7341e15acb2ee44	1080683458;1160359283
SRR28628818	SRX24226690	sharepoint_2026-07-13_new439	PAIRED	cDNA	47677556	9630866312	ftp.sra.ebi.ac.uk/vol1/fastq/SRR286/018/SRR28628818/SRR28628818_1.fastq.gz;ftp.sra.ebi.ac.uk/vol1/fastq/SRR286/018/SRR28628818/SRR28628818_2.fastq.gz	5639eca83822fbfc633a48d3bdd63ed1;6613728513b8ac14b81da1d8ddaa67c4	1465359066;1594649666
SRR28628819	SRX24226689	sharepoint_2026-07-13_new439	PAIRED	cDNA	38486359	7774244518	ftp.sra.ebi.ac.uk/vol1/fastq/SRR286/019/SRR28628819/SRR28628819_1.fastq.gz;ftp.sra.ebi.ac.uk/vol1/fastq/SRR286/019/SRR28628819/SRR28628819_2.fastq.gz	2a858e0113a35abfb2da2e590e223279;b63e08252fcf20288faad130ecc4c742	1199849525;1273843645
SRR28628820	SRX24226688	sharepoint_2026-07-13_new439	PAIRED	cDNA	38702788	7817963176	ftp.sra.ebi.ac.uk/vol1/fastq/SRR286/020/SRR28628820/SRR28628820_1.fastq.gz;ftp.sra.ebi.ac.uk/vol1/fastq/SRR286/020/SRR28628820/SRR28628820_2.fastq.gz	d02ba8e036351eeac18050a71b691205;5ddbbc1d1670bb8d273f1ed0dfc61b47	1161639347;1284189626
SRR28628821	SRX24226687	sharepoint_2026-07-13_new439	PAIRED	cDNA	40001889	8080381578	ftp.sra.ebi.ac.uk/vol1/fastq/SRR286/021/SRR28628821/SRR28628821_1.fastq.gz;ftp.sra.ebi.ac.uk/vol1/fastq/SRR286/021/SRR28628821/SRR28628821_2.fastq.gz	73a53ca25c65fabfd1cc0aca20f01809;f842e948f3aea06c0508621e5188603d	1238347874;1311675730
SRR28628822	SRX24226686	sharepoint_2026-07-13_new439	PAIRED	cDNA	32212013	6506826626	ftp.sra.ebi.ac.uk/vol1/fastq/SRR286/022/SRR28628822/SRR28628822_1.fastq.gz;ftp.sra.ebi.ac.uk/vol1/fastq/SRR286/022/SRR28628822/SRR28628822_2.fastq.gz	d084d1caf22f76480de28e8cbce6183b;7b43d9022a3f0712c4e88e31df3a8899	1022140438;1084412963
SRR28628823	SRX24226685	sharepoint_2026-07-13_new439	PAIRED	cDNA	40990695	8280120390	ftp.sra.ebi.ac.uk/vol1/fastq/SRR286/023/SRR28628823/SRR28628823_1.fastq.gz;ftp.sra.ebi.ac.uk/vol1/fastq/SRR286/023/SRR28628823/SRR28628823_2.fastq.gz	5d4b195ced330407736db9e843a07466;844921706e456f4fe3114f35df03bd94	1335519495;1321348023
SRR28628824	SRX24226684	sharepoint_2026-07-13_new439	PAIRED	cDNA	31611854	6385594508	ftp.sra.ebi.ac.uk/vol1/fastq/SRR286/024/SRR28628824/SRR28628824_1.fastq.gz;ftp.sra.ebi.ac.uk/vol1/fastq/SRR286/024/SRR28628824/SRR28628824_2.fastq.gz	8698e20c9afbbd93a9f28e51ff4ad3fb;d83ab0cd02b6f2a43f14b3a51074be40	963616059;1038190217
SRR28628825	SRX24226683	sharepoint_2026-07-13_new439	PAIRED	cDNA	32218966	6508231132	ftp.sra.ebi.ac.uk/vol1/fastq/SRR286/025/SRR28628825/SRR28628825_1.fastq.gz;ftp.sra.ebi.ac.uk/vol1/fastq/SRR286/025/SRR28628825/SRR28628825_2.fastq.gz	9b5362d9a84118e6e3a91957f99388a0;df98c3ea56b4082a6f30745359d13f1e	996623724;1106402995
SRR28628826	SRX24226682	sharepoint_2026-07-13_new439	PAIRED	cDNA	61493602	12421707604	ftp.sra.ebi.ac.uk/vol1/fastq/SRR286/026/SRR28628826/SRR28628826_1.fastq.gz;ftp.sra.ebi.ac.uk/vol1/fastq/SRR286/026/SRR28628826/SRR28628826_2.fastq.gz	6cbecee314447ec899a0ae65e1f74f1f;24a7c6308c6e095163ef7592eaa9bd55	1905702915;2018139543
SRR28628827	SRX24226681	sharepoint_2026-07-13_new439	PAIRED	cDNA	43754735	8838456470	ftp.sra.ebi.ac.uk/vol1/fastq/SRR286/027/SRR28628827/SRR28628827_1.fastq.gz;ftp.sra.ebi.ac.uk/vol1/fastq/SRR286/027/SRR28628827/SRR28628827_2.fastq.gz	2ba5eb5fa267d01f7d6246dc51120e64;66e7d8c5294bdeb5f9ababccfc19bc79	1364603177;1449664656
SRR28628828	SRX24226680	sharepoint_2026-07-13_new439	PAIRED	cDNA	38475350	7772020700	ftp.sra.ebi.ac.uk/vol1/fastq/SRR286/028/SRR28628828/SRR28628828_1.fastq.gz;ftp.sra.ebi.ac.uk/vol1/fastq/SRR286/028/SRR28628828/SRR28628828_2.fastq.gz	441cfa2a98cd6ad305ac4eee5d3512f5;59b2f5d996735f92ba22b04895707a33	1206133583;1260560629
SRR28628829	SRX24226679	sharepoint_2026-07-13_new439	PAIRED	cDNA	27182376	5490839952	ftp.sra.ebi.ac.uk/vol1/fastq/SRR286/029/SRR28628829/SRR28628829_1.fastq.gz;ftp.sra.ebi.ac.uk/vol1/fastq/SRR286/029/SRR28628829/SRR28628829_2.fastq.gz	e690872f0305ab0f1cff302b9d8d23c7;0ed4f94e23b076c7b44802e3433efdcd	845097571;911060531
SRR28628830	SRX24226678	sharepoint_2026-07-13_new439	PAIRED	cDNA	34278872	6924332144	ftp.sra.ebi.ac.uk/vol1/fastq/SRR286/030/SRR28628830/SRR28628830_1.fastq.gz;ftp.sra.ebi.ac.uk/vol1/fastq/SRR286/030/SRR28628830/SRR28628830_2.fastq.gz	8e1ebb8ceac591a6fc9e2a55b2ef6374;29171544ed7a90940baccd57a740493c	1114429404;1168347901
SRR28628831	SRX24226677	sharepoint_2026-07-13_new439	PAIRED	cDNA	42722364	8629917528	ftp.sra.ebi.ac.uk/vol1/fastq/SRR286/031/SRR28628831/SRR28628831_1.fastq.gz;ftp.sra.ebi.ac.uk/vol1/fastq/SRR286/031/SRR28628831/SRR28628831_2.fastq.gz	e6351fc67a122c93f67d02572e250c32;966cd5e2e21e6508b6a0ef4444fc2a14	1357733064;1448055995
SRR28628832	SRX24226676	sharepoint_2026-07-13_new439	PAIRED	cDNA	43189605	8724300210	ftp.sra.ebi.ac.uk/vol1/fastq/SRR286/032/SRR28628832/SRR28628832_1.fastq.gz;ftp.sra.ebi.ac.uk/vol1/fastq/SRR286/032/SRR28628832/SRR28628832_2.fastq.gz	e9e4fce06abb6ade7558fb3a5366637d;388f8c5c2b6568bd24250df5b75c114c	1441402499;1512713273
SRR28628833	SRX24226675	sharepoint_2026-07-13_new439	PAIRED	cDNA	46201503	9332703606	ftp.sra.ebi.ac.uk/vol1/fastq/SRR286/033/SRR28628833/SRR28628833_1.fastq.gz;ftp.sra.ebi.ac.uk/vol1/fastq/SRR286/033/SRR28628833/SRR28628833_2.fastq.gz	fa96116e5d4fa620578a4cc2a0ef803c;44ef546ae645331f6540951355ab1025	1490026490;1588215572
SRR28628834	SRX24226674	sharepoint_2026-07-13_new439	PAIRED	cDNA	42861094	8657940988	ftp.sra.ebi.ac.uk/vol1/fastq/SRR286/034/SRR28628834/SRR28628834_1.fastq.gz;ftp.sra.ebi.ac.uk/vol1/fastq/SRR286/034/SRR28628834/SRR28628834_2.fastq.gz	e18f027b407d6766944e3097baafc125;0efb9dd862d931321dd5690d18a4f34f	1371083900;1451656853
SRR28628835	SRX24226673	sharepoint_2026-07-13_new439	PAIRED	cDNA	36196172	7311626744	ftp.sra.ebi.ac.uk/vol1/fastq/SRR286/035/SRR28628835/SRR28628835_1.fastq.gz;ftp.sra.ebi.ac.uk/vol1/fastq/SRR286/035/SRR28628835/SRR28628835_2.fastq.gz	3ec37034d4432b13fb07cdbacdb19deb;d4e69b02a899d23f54221ec778745d19	1114531141;1209914535
SRR28628836	SRX24226672	sharepoint_2026-07-13_new439	PAIRED	cDNA	37156196	7505551592	ftp.sra.ebi.ac.uk/vol1/fastq/SRR286/036/SRR28628836/SRR28628836_1.fastq.gz;ftp.sra.ebi.ac.uk/vol1/fastq/SRR286/036/SRR28628836/SRR28628836_2.fastq.gz	ad8aaac8510f7be05a0a76147228ec45;acda6da920ce5521ac8a28650d586a83	1111094597;1205971458
SRR28628837	SRX24226671	sharepoint_2026-07-13_new439	PAIRED	cDNA	34693255	7008037510	ftp.sra.ebi.ac.uk/vol1/fastq/SRR286/037/SRR28628837/SRR28628837_1.fastq.gz;ftp.sra.ebi.ac.uk/vol1/fastq/SRR286/037/SRR28628837/SRR28628837_2.fastq.gz	5b19c2ea398dbb0e61bbf6f531b2fe0f;b44f1c8efd2a8f808bcffe9508bcdf92	1017231872;1105809126
SRR28645089	SRX24238209	sharepoint_2026-07-13_new439	PAIRED	cDNA	36879299	7187212681	ftp.sra.ebi.ac.uk/vol1/fastq/SRR286/089/SRR28645089/SRR28645089_1.fastq.gz;ftp.sra.ebi.ac.uk/vol1/fastq/SRR286/089/SRR28645089/SRR28645089_2.fastq.gz	91e6dec09561a8259b61fc5bc05799de;a816af96a463359ce4921b0e4d4c237c	1901643796;1911670206
SRR28645090	SRX24238208	sharepoint_2026-07-13_new439	PAIRED	cDNA	34817109	6792289811	ftp.sra.ebi.ac.uk/vol1/fastq/SRR286/090/SRR28645090/SRR28645090_1.fastq.gz;ftp.sra.ebi.ac.uk/vol1/fastq/SRR286/090/SRR28645090/SRR28645090_2.fastq.gz	c24b825227cdd869c183193d7245b935;6b1ba4ac0ab3f8138f87d0359a93d4f6	1794868933;1805446333
SRR28645091	SRX24238207	sharepoint_2026-07-13_new439	PAIRED	cDNA	33042507	6457250463	ftp.sra.ebi.ac.uk/vol1/fastq/SRR286/091/SRR28645091/SRR28645091_1.fastq.gz;ftp.sra.ebi.ac.uk/vol1/fastq/SRR286/091/SRR28645091/SRR28645091_2.fastq.gz	136297b6b630150d96e3c87af4f74eb6;9804f260acc37c651143903e7c376f97	1712755697;1720676873
SRR28645092	SRX24238206	sharepoint_2026-07-13_new439	PAIRED	cDNA	44798408	8743074418	ftp.sra.ebi.ac.uk/vol1/fastq/SRR286/092/SRR28645092/SRR28645092_1.fastq.gz;ftp.sra.ebi.ac.uk/vol1/fastq/SRR286/092/SRR28645092/SRR28645092_2.fastq.gz	99b07b9b5689faddabcc73cf46a895e9;448e73e05fda12e71d56ac63970c5750	2303052991;2317891929
SRR28645093	SRX24238205	sharepoint_2026-07-13_new439	PAIRED	cDNA	39321797	7667323864	ftp.sra.ebi.ac.uk/vol1/fastq/SRR286/093/SRR28645093/SRR28645093_1.fastq.gz;ftp.sra.ebi.ac.uk/vol1/fastq/SRR286/093/SRR28645093/SRR28645093_2.fastq.gz	44a2cf862a027bf2e008cecf06431785;29d232f43069caee7ab4ebd314036cab	1917464069;1983391069
SRR28645094	SRX24238204	sharepoint_2026-07-13_new439	PAIRED	cDNA	63256653	12334829951	ftp.sra.ebi.ac.uk/vol1/fastq/SRR286/094/SRR28645094/SRR28645094_1.fastq.gz;ftp.sra.ebi.ac.uk/vol1/fastq/SRR286/094/SRR28645094/SRR28645094_2.fastq.gz	09e3e28ae75b1b02954e9e605cc32c45;7b375142b57739b25a0b8349c8d840e1	3089041296;3194089002
SRR28645095	SRX24238203	sharepoint_2026-07-13_new439	PAIRED	cDNA	51209186	9979468253	ftp.sra.ebi.ac.uk/vol1/fastq/SRR286/095/SRR28645095/SRR28645095_1.fastq.gz;ftp.sra.ebi.ac.uk/vol1/fastq/SRR286/095/SRR28645095/SRR28645095_2.fastq.gz	17512d78fe4ca759b37a98a271fccc24;f6368edeaab1ab52cc51260e4906e49a	2499388516;2589380546
SRR28645096	SRX24238202	sharepoint_2026-07-13_new439	PAIRED	cDNA	47785185	9314260043	ftp.sra.ebi.ac.uk/vol1/fastq/SRR286/096/SRR28645096/SRR28645096_1.fastq.gz;ftp.sra.ebi.ac.uk/vol1/fastq/SRR286/096/SRR28645096/SRR28645096_2.fastq.gz	5906f14ba1dfe63fa938c05bf47cf902;afc30f0eec6232788fa853889c9bb8ab	2338165095;2413620074
SRR28645097	SRX24238201	sharepoint_2026-07-13_new439	PAIRED	cDNA	44801229	8694978832	ftp.sra.ebi.ac.uk/vol1/fastq/SRR286/097/SRR28645097/SRR28645097_1.fastq.gz;ftp.sra.ebi.ac.uk/vol1/fastq/SRR286/097/SRR28645097/SRR28645097_2.fastq.gz	06ef68a5f7894f8de484c4d7106214e7;ae5d41ce764b2eb55c35ec0cf476a969	2167110025;2225172721
SRR28645098	SRX24238200	sharepoint_2026-07-13_new439	PAIRED	cDNA	42089548	8200403707	ftp.sra.ebi.ac.uk/vol1/fastq/SRR286/098/SRR28645098/SRR28645098_1.fastq.gz;ftp.sra.ebi.ac.uk/vol1/fastq/SRR286/098/SRR28645098/SRR28645098_2.fastq.gz	f19881d620e494062dfd94d7efc0991d;587ee884d65cafca134a4a200d1cd951	2058340800;2124216495
SRR28645099	SRX24238199	sharepoint_2026-07-13_new439	PAIRED	cDNA	51508121	10023951434	ftp.sra.ebi.ac.uk/vol1/fastq/SRR286/099/SRR28645099/SRR28645099_1.fastq.gz;ftp.sra.ebi.ac.uk/vol1/fastq/SRR286/099/SRR28645099/SRR28645099_2.fastq.gz	be7b0a7131ce61ec96e0acdc3c2e47ab;8d3c64a9a5f2e5e75f36452ad7375435	2508742193;2588832847
SRR28645100	SRX24238198	sharepoint_2026-07-13_new439	PAIRED	cDNA	52001783	10120976129	ftp.sra.ebi.ac.uk/vol1/fastq/SRR286/000/SRR28645100/SRR28645100_1.fastq.gz;ftp.sra.ebi.ac.uk/vol1/fastq/SRR286/000/SRR28645100/SRR28645100_2.fastq.gz	991b2bd88d978a06cde69381ddd5d3dc;72fcf81ed2613e6e51ed530b4d61663d	2530062267;2610114760
SRR28645101	SRX24238197	sharepoint_2026-07-13_new439	PAIRED	cDNA	43506018	8481908872	ftp.sra.ebi.ac.uk/vol1/fastq/SRR286/001/SRR28645101/SRR28645101_1.fastq.gz;ftp.sra.ebi.ac.uk/vol1/fastq/SRR286/001/SRR28645101/SRR28645101_2.fastq.gz	92a719b234428d4c318cd6fc428b914f;4812464f33939848a4b5607161ee272e	2118934058;2192326035
SRR28645102	SRX24238196	sharepoint_2026-07-13_new439	PAIRED	cDNA	66357302	12903469882	ftp.sra.ebi.ac.uk/vol1/fastq/SRR286/002/SRR28645102/SRR28645102_1.fastq.gz;ftp.sra.ebi.ac.uk/vol1/fastq/SRR286/002/SRR28645102/SRR28645102_2.fastq.gz	ddb3109516eb152793f76b91c07e52ee;e8b0d69bf0e6dad633560c1856b85a92	3251628715;3348762876
SRR28645103	SRX24238195	sharepoint_2026-07-13_new439	PAIRED	cDNA	43675647	8508476762	ftp.sra.ebi.ac.uk/vol1/fastq/SRR286/003/SRR28645103/SRR28645103_1.fastq.gz;ftp.sra.ebi.ac.uk/vol1/fastq/SRR286/003/SRR28645103/SRR28645103_2.fastq.gz	b1f2a5ee4d135fa58d14854c3eacda2f;c038f6da4cac219b94cb9c1f991942d4	2135975866;2207540442
SRR28645104	SRX24238194	sharepoint_2026-07-13_new439	PAIRED	cDNA	59181770	11549323153	ftp.sra.ebi.ac.uk/vol1/fastq/SRR286/004/SRR28645104/SRR28645104_1.fastq.gz;ftp.sra.ebi.ac.uk/vol1/fastq/SRR286/004/SRR28645104/SRR28645104_2.fastq.gz	91b9e2ff1951e8b97ecbbf2afc337694;4da24b482af6fc2cb639f443634d001e	2913028977;3006770020
SRR28645105	SRX24238193	sharepoint_2026-07-13_new439	PAIRED	cDNA	43312614	8437038823	ftp.sra.ebi.ac.uk/vol1/fastq/SRR286/005/SRR28645105/SRR28645105_1.fastq.gz;ftp.sra.ebi.ac.uk/vol1/fastq/SRR286/005/SRR28645105/SRR28645105_2.fastq.gz	0b203b069801cb1d86cb64119b2755da;5933f536a9ef46f5e8cd417df3f350fe	2117690081;2189988400
SRR28645106	SRX24238192	sharepoint_2026-07-13_new439	PAIRED	cDNA	45484515	8865573167	ftp.sra.ebi.ac.uk/vol1/fastq/SRR286/006/SRR28645106/SRR28645106_1.fastq.gz;ftp.sra.ebi.ac.uk/vol1/fastq/SRR286/006/SRR28645106/SRR28645106_2.fastq.gz	1eb8574482175301caee0c2f328d6121;88fe93d77b3a60dc243430c12649cc98	2225732470;2296330614
SRR28645107	SRX24238191	sharepoint_2026-07-13_new439	PAIRED	cDNA	35398232	6896599670	ftp.sra.ebi.ac.uk/vol1/fastq/SRR286/007/SRR28645107/SRR28645107_1.fastq.gz;ftp.sra.ebi.ac.uk/vol1/fastq/SRR286/007/SRR28645107/SRR28645107_2.fastq.gz	1f58db47ce35b342911247996d120a73;891ff4e21bd1994fa4c688a4759ae13e	1735207348;1788414718
SRR28645108	SRX24238190	sharepoint_2026-07-13_new439	PAIRED	cDNA	65351209	12746338432	ftp.sra.ebi.ac.uk/vol1/fastq/SRR286/008/SRR28645108/SRR28645108_1.fastq.gz;ftp.sra.ebi.ac.uk/vol1/fastq/SRR286/008/SRR28645108/SRR28645108_2.fastq.gz	df7286b4c76b1b745b06455f3387d612;af0f43b588e74e39f0729603ea97db96	3192680575;3299570343
SRR28645109	SRX24238189	sharepoint_2026-07-13_new439	PAIRED	cDNA	43901591	8556866094	ftp.sra.ebi.ac.uk/vol1/fastq/SRR286/009/SRR28645109/SRR28645109_1.fastq.gz;ftp.sra.ebi.ac.uk/vol1/fastq/SRR286/009/SRR28645109/SRR28645109_2.fastq.gz	d8523da20ba3e3ed27a0e4926a94cc02;4ab8319cad6d2552ac5d834a007b8134	2143328724;2223011779
SRR28645110	SRX24238188	sharepoint_2026-07-13_new439	PAIRED	cDNA	49116423	9581857460	ftp.sra.ebi.ac.uk/vol1/fastq/SRR286/010/SRR28645110/SRR28645110_1.fastq.gz;ftp.sra.ebi.ac.uk/vol1/fastq/SRR286/010/SRR28645110/SRR28645110_2.fastq.gz	3c6efab370e07756ac38fb5f045147ea;44ce2585e6655d0a98948c687c97bd2a	2404440491;2478509688
SRR28645111	SRX24238187	sharepoint_2026-07-13_new439	PAIRED	cDNA	37563795	7328375010	ftp.sra.ebi.ac.uk/vol1/fastq/SRR286/011/SRR28645111/SRR28645111_1.fastq.gz;ftp.sra.ebi.ac.uk/vol1/fastq/SRR286/011/SRR28645111/SRR28645111_2.fastq.gz	a70ca7f02869be5116ac979dab75ba21;d88e6c4604194015c3b6f768e8937481	1842346307;1893342483
SRR28645112	SRX24238186	sharepoint_2026-07-13_new439	PAIRED	cDNA	39421171	7684189539	ftp.sra.ebi.ac.uk/vol1/fastq/SRR286/012/SRR28645112/SRR28645112_1.fastq.gz;ftp.sra.ebi.ac.uk/vol1/fastq/SRR286/012/SRR28645112/SRR28645112_2.fastq.gz	61b3b5914ea65551993c993f91a8a1cc;7f7cdecf4aa7ac46a61374b6e8a6b933	1926891693;1990982023
SRR28645113	SRX24238185	sharepoint_2026-07-13_new439	PAIRED	cDNA	45471832	8846829493	ftp.sra.ebi.ac.uk/vol1/fastq/SRR286/013/SRR28645113/SRR28645113_1.fastq.gz;ftp.sra.ebi.ac.uk/vol1/fastq/SRR286/013/SRR28645113/SRR28645113_2.fastq.gz	b3884f6133f0954272bb90dceeefc326;399c5a300fe6d861fc38395e55a20d3a	2215039752;2287270298
SRR30917237	SRX26320471	sharepoint_2026-07-13_new439	PAIRED	cDNA	31837958	3183795800	ftp.sra.ebi.ac.uk/vol1/fastq/SRR309/037/SRR30917237/SRR30917237_1.fastq.gz;ftp.sra.ebi.ac.uk/vol1/fastq/SRR309/037/SRR30917237/SRR30917237_2.fastq.gz	0d1b043eab577a5eaf060948aa7a5742;9fddae4311c56ccabdaf9d32e0cacc03	961858368;970308546
SRR30917238	SRX26320470	sharepoint_2026-07-13_new439	PAIRED	cDNA	30367430	3036743000	ftp.sra.ebi.ac.uk/vol1/fastq/SRR309/038/SRR30917238/SRR30917238_1.fastq.gz;ftp.sra.ebi.ac.uk/vol1/fastq/SRR309/038/SRR30917238/SRR30917238_2.fastq.gz	8c1c3b5adc67a2b5c85a4955e9600419;990524318a39d98883aa03afdb831874	912875822;924684712
SRR30917239	SRX26320469	sharepoint_2026-07-13_new439	PAIRED	cDNA	25750729	2575072900	ftp.sra.ebi.ac.uk/vol1/fastq/SRR309/039/SRR30917239/SRR30917239_1.fastq.gz;ftp.sra.ebi.ac.uk/vol1/fastq/SRR309/039/SRR30917239/SRR30917239_2.fastq.gz	eb43db294dfff2a144cc7ba14827c9b3;b8578653fd37928854dd6cc5dd5f7544	778767016;786085678
SRR30917240	SRX26320468	sharepoint_2026-07-13_new439	PAIRED	cDNA	31249212	3124921200	ftp.sra.ebi.ac.uk/vol1/fastq/SRR309/040/SRR30917240/SRR30917240_1.fastq.gz;ftp.sra.ebi.ac.uk/vol1/fastq/SRR309/040/SRR30917240/SRR30917240_2.fastq.gz	52ba95bf9c1ab1e521386c7adf504d03;4bd9d7adfa5a695296a36a65affb2df9	939659017;952445770
SRR30917241	SRX26320467	sharepoint_2026-07-13_new439	PAIRED	cDNA	30951632	3095163200	ftp.sra.ebi.ac.uk/vol1/fastq/SRR309/041/SRR30917241/SRR30917241_1.fastq.gz;ftp.sra.ebi.ac.uk/vol1/fastq/SRR309/041/SRR30917241/SRR30917241_2.fastq.gz	69fe6d84f9852ff8790da6156019c132;9eee31e89cfb520a36c383f81d155fc6	930179015;941839402
SRR30917242	SRX26320466	sharepoint_2026-07-13_new439	PAIRED	cDNA	27648005	2764800500	ftp.sra.ebi.ac.uk/vol1/fastq/SRR309/042/SRR30917242/SRR30917242_1.fastq.gz;ftp.sra.ebi.ac.uk/vol1/fastq/SRR309/042/SRR30917242/SRR30917242_2.fastq.gz	c8277b4d2d79baadcb024208216ea4fe;bd056f829b26fe6ba11da93397d14c0e	830425313;842345462
SRR30917243	SRX26320465	sharepoint_2026-07-13_new439	PAIRED	cDNA	30266490	3026649000	ftp.sra.ebi.ac.uk/vol1/fastq/SRR309/043/SRR30917243/SRR30917243_1.fastq.gz;ftp.sra.ebi.ac.uk/vol1/fastq/SRR309/043/SRR30917243/SRR30917243_2.fastq.gz	63b0d31ed195ab318e8a8a516925ba2c;2d0c52d4e206d22a03aa86ce8dafc341	908863741;921490679
SRR30917244	SRX26320464	sharepoint_2026-07-13_new439	PAIRED	cDNA	28773083	2877308300	ftp.sra.ebi.ac.uk/vol1/fastq/SRR309/044/SRR30917244/SRR30917244_1.fastq.gz;ftp.sra.ebi.ac.uk/vol1/fastq/SRR309/044/SRR30917244/SRR30917244_2.fastq.gz	2004739d05078eef7b1f168496e58300;0f126a99b8d761eb3df209cfe891f4c3	866466775;874873210
SRR30917245	SRX26320463	sharepoint_2026-07-13_new439	PAIRED	cDNA	33105489	3310548900	ftp.sra.ebi.ac.uk/vol1/fastq/SRR309/045/SRR30917245/SRR30917245_1.fastq.gz;ftp.sra.ebi.ac.uk/vol1/fastq/SRR309/045/SRR30917245/SRR30917245_2.fastq.gz	525cb601f528b9c616c2d0a45740c05e;3bac1519b590107bc4042400cb39742a	995017964;1005469218
SRR30917246	SRX26320462	sharepoint_2026-07-13_new439	PAIRED	cDNA	30634669	3063466900	ftp.sra.ebi.ac.uk/vol1/fastq/SRR309/046/SRR30917246/SRR30917246_1.fastq.gz;ftp.sra.ebi.ac.uk/vol1/fastq/SRR309/046/SRR30917246/SRR30917246_2.fastq.gz	1e89fcce356412cf8b7ed93c2b96f3de;27995655359c38cb59d0e694448de867	924601459;933272798
SRR30917247	SRX26320461	sharepoint_2026-07-13_new439	PAIRED	cDNA	28022753	2802275300	ftp.sra.ebi.ac.uk/vol1/fastq/SRR309/047/SRR30917247/SRR30917247_1.fastq.gz;ftp.sra.ebi.ac.uk/vol1/fastq/SRR309/047/SRR30917247/SRR30917247_2.fastq.gz	75b31b710da335d09158a30991df05c5;c8328f74da9b04e155bb93f7355c7d2f	845365868;853230870
SRR30917248	SRX26320460	sharepoint_2026-07-13_new439	PAIRED	cDNA	30284863	3028486300	ftp.sra.ebi.ac.uk/vol1/fastq/SRR309/048/SRR30917248/SRR30917248_1.fastq.gz;ftp.sra.ebi.ac.uk/vol1/fastq/SRR309/048/SRR30917248/SRR30917248_2.fastq.gz	00d92c09c24171b42f3e126e17c48c53;09dae86f8ba4accfb0322609365ece37	909625310;921701640
SRR30917249	SRX26320459	sharepoint_2026-07-13_new439	PAIRED	cDNA	32347881	3234788100	ftp.sra.ebi.ac.uk/vol1/fastq/SRR309/049/SRR30917249/SRR30917249_1.fastq.gz;ftp.sra.ebi.ac.uk/vol1/fastq/SRR309/049/SRR30917249/SRR30917249_2.fastq.gz	5a48d9f4c2976ed57d89c07e10710551;8b549b6e86c684627627efe586793295	971509237;985898553
SRR30917250	SRX26320458	sharepoint_2026-07-13_new439	PAIRED	cDNA	27528566	2752856600	ftp.sra.ebi.ac.uk/vol1/fastq/SRR309/050/SRR30917250/SRR30917250_1.fastq.gz;ftp.sra.ebi.ac.uk/vol1/fastq/SRR309/050/SRR30917250/SRR30917250_2.fastq.gz	a0f09134879f10d3060a66ad53aae210;775d8030f6cba2c40dc974c1a9045271	833398756;840230055
SRR30917251	SRX26320457	sharepoint_2026-07-13_new439	PAIRED	cDNA	29772071	2977207100	ftp.sra.ebi.ac.uk/vol1/fastq/SRR309/051/SRR30917251/SRR30917251_1.fastq.gz;ftp.sra.ebi.ac.uk/vol1/fastq/SRR309/051/SRR30917251/SRR30917251_2.fastq.gz	87fce64b560e9b280b3cfb603246d230;dfb8ca8257f877bc2bbc5c5b83c3a95f	896906149;904635590
SRR30917252	SRX26320456	sharepoint_2026-07-13_new439	PAIRED	cDNA	28008046	2800804600	ftp.sra.ebi.ac.uk/vol1/fastq/SRR309/052/SRR30917252/SRR30917252_1.fastq.gz;ftp.sra.ebi.ac.uk/vol1/fastq/SRR309/052/SRR30917252/SRR30917252_2.fastq.gz	6352dee6e6c1f55cd821b15e8b236008;e82e135ff2276aae27c92715bf4cdd55	842140175;855050925
SRR31283481	SRX26662527	sharepoint_2026-07-13_new439	SINGLE	cDNA	5042788	504278800	ftp.sra.ebi.ac.uk/vol1/fastq/SRR312/081/SRR31283481/SRR31283481.fastq.gz	aff28078549b45c111b9df8f3c61df98	161351009
SRR31283482	SRX26662526	sharepoint_2026-07-13_new439	SINGLE	cDNA	3589551	358955100	ftp.sra.ebi.ac.uk/vol1/fastq/SRR312/082/SRR31283482/SRR31283482.fastq.gz	b05ada1d6f8612042dfce3e2e9266e56	167905167
SRR31283483	SRX26662525	sharepoint_2026-07-13_new439	SINGLE	cDNA	4282926	428292600	ftp.sra.ebi.ac.uk/vol1/fastq/SRR312/083/SRR31283483/SRR31283483.fastq.gz	b1b5b365e7b6a8f681f6b9f45e23b08b	165454207
SRR31283484	SRX26662524	sharepoint_2026-07-13_new439	SINGLE	cDNA	5425292	542529200	ftp.sra.ebi.ac.uk/vol1/fastq/SRR312/084/SRR31283484/SRR31283484.fastq.gz	ac922c9f3aa58374188a1de9d53c1750	169249506
SRR31283485	SRX26662523	sharepoint_2026-07-13_new439	SINGLE	cDNA	4916111	491611100	ftp.sra.ebi.ac.uk/vol1/fastq/SRR312/085/SRR31283485/SRR31283485.fastq.gz	387191d22b446bd823b3bbb6d8f0fee0	227132046
SRR31283486	SRX26662522	sharepoint_2026-07-13_new439	SINGLE	cDNA	4127135	412713500	ftp.sra.ebi.ac.uk/vol1/fastq/SRR312/086/SRR31283486/SRR31283486.fastq.gz	cbec560ea2e53bad96fae8794025a834	192577593
SRR31283487	SRX26662521	sharepoint_2026-07-13_new439	SINGLE	cDNA	5195268	519526800	ftp.sra.ebi.ac.uk/vol1/fastq/SRR312/087/SRR31283487/SRR31283487.fastq.gz	c1040ab3f92299d5dabf2efb1070bfaa	183687541
SRR31283488	SRX26662520	sharepoint_2026-07-13_new439	SINGLE	cDNA	4054170	405417000	ftp.sra.ebi.ac.uk/vol1/fastq/SRR312/088/SRR31283488/SRR31283488.fastq.gz	8a009d34d68717830c0999aff6e81e8e	128864163
SRR31283489	SRX26662519	sharepoint_2026-07-13_new439	SINGLE	cDNA	7929149	792914900	ftp.sra.ebi.ac.uk/vol1/fastq/SRR312/089/SRR31283489/SRR31283489.fastq.gz	79f6119c60d318f69b5e42d91c9ef67a	326582988
SRR31283498	SRX26662510	sharepoint_2026-07-13_new439	SINGLE	cDNA	3278117	327811700	ftp.sra.ebi.ac.uk/vol1/fastq/SRR312/098/SRR31283498/SRR31283498.fastq.gz	b051301e972c3f3bee6f1ca7515b8255	146222474
SRR31283499	SRX26662509	sharepoint_2026-07-13_new439	SINGLE	cDNA	2513312	251331200	ftp.sra.ebi.ac.uk/vol1/fastq/SRR312/099/SRR31283499/SRR31283499.fastq.gz	9af2a1ffa5fe13d9dba665c94ea1edf8	118431523
SRR31283500	SRX26662508	sharepoint_2026-07-13_new439	SINGLE	cDNA	7817659	781765900	ftp.sra.ebi.ac.uk/vol1/fastq/SRR312/000/SRR31283500/SRR31283500.fastq.gz	8945e93f026fc04c464f187aa00e4c43	272506911
SRR31283501	SRX26662507	sharepoint_2026-07-13_new439	SINGLE	cDNA	4503308	450330800	ftp.sra.ebi.ac.uk/vol1/fastq/SRR312/001/SRR31283501/SRR31283501.fastq.gz	ebf7409cd6dadf002613e29239babf17	189325303
SRR31283502	SRX26662506	sharepoint_2026-07-13_new439	SINGLE	cDNA	2439963	243996300	ftp.sra.ebi.ac.uk/vol1/fastq/SRR312/002/SRR31283502/SRR31283502.fastq.gz	81a9432bcd9c837799d9edfb668fec68	115910124
SRR31283503	SRX26662505	sharepoint_2026-07-13_new439	SINGLE	cDNA	4141629	414162900	ftp.sra.ebi.ac.uk/vol1/fastq/SRR312/003/SRR31283503/SRR31283503.fastq.gz	55036f634fc6eb266c6c3c0492659eca	192851837
SRR31283504	SRX26662504	sharepoint_2026-07-13_new439	SINGLE	cDNA	4830792	483079200	ftp.sra.ebi.ac.uk/vol1/fastq/SRR312/004/SRR31283504/SRR31283504.fastq.gz	93bf4429aa63953431c9f6532bd2793b	221569634
SRR31283505	SRX26662503	sharepoint_2026-07-13_new439	SINGLE	cDNA	4089376	408937600	ftp.sra.ebi.ac.uk/vol1/fastq/SRR312/005/SRR31283505/SRR31283505.fastq.gz	bce6e89ab7668884b6a37974da392c8f	194903516
SRR31283514	SRX26662494	sharepoint_2026-07-13_new439	SINGLE	cDNA	4406971	440697100	ftp.sra.ebi.ac.uk/vol1/fastq/SRR312/014/SRR31283514/SRR31283514.fastq.gz	85a6d9f779b3864be767eb37e362f819	148234700
SRR31283515	SRX26662493	sharepoint_2026-07-13_new439	SINGLE	cDNA	4842692	484269200	ftp.sra.ebi.ac.uk/vol1/fastq/SRR312/015/SRR31283515/SRR31283515.fastq.gz	5c3f1f7b21d2315ab4df5a8cc71dd0e7	229692217
SRR31283516	SRX26662492	sharepoint_2026-07-13_new439	SINGLE	cDNA	5163917	516391700	ftp.sra.ebi.ac.uk/vol1/fastq/SRR312/016/SRR31283516/SRR31283516.fastq.gz	73285a364ff1a1a0f6e0488f430c55ed	228233758
SRR31283517	SRX26662491	sharepoint_2026-07-13_new439	SINGLE	cDNA	6259277	625927700	ftp.sra.ebi.ac.uk/vol1/fastq/SRR312/017/SRR31283517/SRR31283517.fastq.gz	0a2d1d7fd5c9ba42f8a759d7ed3aaa49	297009623
SRR32243497	SRX27583317	sharepoint_2026-07-13_new439	SINGLE	cDNA	134163355	6842331105	ftp.sra.ebi.ac.uk/vol1/fastq/SRR322/097/SRR32243497/SRR32243497.fastq.gz	abd7d69f4f2430bde5ff0a708b78efd9	4475441099
SRR32243498	SRX27583316	sharepoint_2026-07-13_new439	SINGLE	cDNA	127829625	6519310875	ftp.sra.ebi.ac.uk/vol1/fastq/SRR322/098/SRR32243498/SRR32243498.fastq.gz	ad7b118343dcd84d0a0271bc93ba3fd6	4222499267
SRR34430875	SRX29592161	sharepoint_2026-07-13_new439	PAIRED	cDNA	46403498	13921049400	ftp.sra.ebi.ac.uk/vol1/fastq/SRR344/075/SRR34430875/SRR34430875_1.fastq.gz;ftp.sra.ebi.ac.uk/vol1/fastq/SRR344/075/SRR34430875/SRR34430875_2.fastq.gz	77c375ad12021ae8ac0b49583b7bca6f;278cc2b3c6319ad7e54da7ae6b20ffc2	2646549263;2690423525
SRR34430876	SRX29592160	sharepoint_2026-07-13_new439	PAIRED	cDNA	53299612	15989883600	ftp.sra.ebi.ac.uk/vol1/fastq/SRR344/076/SRR34430876/SRR34430876_1.fastq.gz;ftp.sra.ebi.ac.uk/vol1/fastq/SRR344/076/SRR34430876/SRR34430876_2.fastq.gz	3e2007204a8171b5851681511893210f;252617055acc2fc5439d8448fa4ffd61	3116682697;3127920852
SRR34430877	SRX29592159	sharepoint_2026-07-13_new439	PAIRED	cDNA	50719057	15215717100	ftp.sra.ebi.ac.uk/vol1/fastq/SRR344/077/SRR34430877/SRR34430877_1.fastq.gz;ftp.sra.ebi.ac.uk/vol1/fastq/SRR344/077/SRR34430877/SRR34430877_2.fastq.gz	d7490877397d37723ba12ec958350c16;90b70f4c400da924287459d82cac25af	2964221154;2993671551
SRR34430878	SRX29592158	sharepoint_2026-07-13_new439	PAIRED	cDNA	50292760	15087828000	ftp.sra.ebi.ac.uk/vol1/fastq/SRR344/078/SRR34430878/SRR34430878_1.fastq.gz;ftp.sra.ebi.ac.uk/vol1/fastq/SRR344/078/SRR34430878/SRR34430878_2.fastq.gz	f3a124d87af7fcbb34b963bdeb54e445;e02f87560d9eda5866eb18176a9f0ace	2946338516;2969680727
SRR34430879	SRX29592157	sharepoint_2026-07-13_new439	PAIRED	cDNA	57578109	17273432700	ftp.sra.ebi.ac.uk/vol1/fastq/SRR344/079/SRR34430879/SRR34430879_1.fastq.gz;ftp.sra.ebi.ac.uk/vol1/fastq/SRR344/079/SRR34430879/SRR34430879_2.fastq.gz	bc78aa41cec0da5629981e8162111f1f;29e4159171163f9ec51a1aa484aad58c	3358208692;3368432745
SRR34430880	SRX29592156	sharepoint_2026-07-13_new439	PAIRED	cDNA	53922296	16176688800	ftp.sra.ebi.ac.uk/vol1/fastq/SRR344/080/SRR34430880/SRR34430880_1.fastq.gz;ftp.sra.ebi.ac.uk/vol1/fastq/SRR344/080/SRR34430880/SRR34430880_2.fastq.gz	7ce6139e47cdaf273f7c6a6fee4e368f;d14f87a26ae942ba2a83e6b596f2ebe2	3108806080;3129648037
SRR34430881	SRX29592155	sharepoint_2026-07-13_new439	PAIRED	cDNA	39672445	4046589390	ftp.sra.ebi.ac.uk/vol1/fastq/SRR344/081/SRR34430881/SRR34430881_1.fastq.gz;ftp.sra.ebi.ac.uk/vol1/fastq/SRR344/081/SRR34430881/SRR34430881_2.fastq.gz	b545479d808cf5ec3637c473804da503;7cceb1b106c24c7d27d7ab03b9ac6d80	1209772728;1206107598
SRR34430882	SRX29592154	sharepoint_2026-07-13_new439	PAIRED	cDNA	39815718	4061203236	ftp.sra.ebi.ac.uk/vol1/fastq/SRR344/082/SRR34430882/SRR34430882_1.fastq.gz;ftp.sra.ebi.ac.uk/vol1/fastq/SRR344/082/SRR34430882/SRR34430882_2.fastq.gz	e42aa75c2d8a552c4aedd6481b86c126;ca0290560723e8c1b047db257340d103	1216569931;1216484115
SRR34430883	SRX29592153	sharepoint_2026-07-13_new439	PAIRED	cDNA	42532152	4338279504	ftp.sra.ebi.ac.uk/vol1/fastq/SRR344/083/SRR34430883/SRR34430883_1.fastq.gz;ftp.sra.ebi.ac.uk/vol1/fastq/SRR344/083/SRR34430883/SRR34430883_2.fastq.gz	82a96f936d9fe6bbc7298bd7b5e0a3ad;612d1cddc7dca2f5b598e69e4e914112	1301180251;1295195107
SRR34430884	SRX29592152	sharepoint_2026-07-13_new439	PAIRED	cDNA	45365854	4627317108	ftp.sra.ebi.ac.uk/vol1/fastq/SRR344/084/SRR34430884/SRR34430884_1.fastq.gz;ftp.sra.ebi.ac.uk/vol1/fastq/SRR344/084/SRR34430884/SRR34430884_2.fastq.gz	aeb413a206edf83d62b3f8107c1824e8;52f9533bb8eed49c3174681abcf6ff22	1379960913;1375535523
SRR34430885	SRX29592151	sharepoint_2026-07-13_new439	PAIRED	cDNA	48015757	4897607214	ftp.sra.ebi.ac.uk/vol1/fastq/SRR344/085/SRR34430885/SRR34430885_1.fastq.gz;ftp.sra.ebi.ac.uk/vol1/fastq/SRR344/085/SRR34430885/SRR34430885_2.fastq.gz	a244683fa7faa663c707d113aeb540de;f1e03fe1a93d0cea5db9d5c3f5ea7b4c	1460668286;1453867513
SRR34430886	SRX29592150	sharepoint_2026-07-13_new439	PAIRED	cDNA	48457821	4942697742	ftp.sra.ebi.ac.uk/vol1/fastq/SRR344/086/SRR34430886/SRR34430886_1.fastq.gz;ftp.sra.ebi.ac.uk/vol1/fastq/SRR344/086/SRR34430886/SRR34430886_2.fastq.gz	f8a79a103407cc30ccaa986718953138;41e23859696c68f27e24df510094e01a	1479884566;1469639007
SRR34430887	SRX29592149	sharepoint_2026-07-13_new439	PAIRED	cDNA	48369475	4933686450	ftp.sra.ebi.ac.uk/vol1/fastq/SRR344/087/SRR34430887/SRR34430887_1.fastq.gz;ftp.sra.ebi.ac.uk/vol1/fastq/SRR344/087/SRR34430887/SRR34430887_2.fastq.gz	5d51656f65db33d7ffb2f147a69b4e92;b149e5dc6f35aeb258a3a4bd9263e4e4	1466453303;1462262139
SRR34430888	SRX29592148	sharepoint_2026-07-13_new439	PAIRED	cDNA	38105463	3886757226	ftp.sra.ebi.ac.uk/vol1/fastq/SRR344/088/SRR34430888/SRR34430888_1.fastq.gz;ftp.sra.ebi.ac.uk/vol1/fastq/SRR344/088/SRR34430888/SRR34430888_2.fastq.gz	6fd9680d80f96ac5f195f28d682ac660;220dff9a6e4dbc60d65bcc9fa7bcae8e	1160670024;1155733061
SRR34430889	SRX29592147	sharepoint_2026-07-13_new439	PAIRED	cDNA	45721552	4663598304	ftp.sra.ebi.ac.uk/vol1/fastq/SRR344/089/SRR34430889/SRR34430889_1.fastq.gz;ftp.sra.ebi.ac.uk/vol1/fastq/SRR344/089/SRR34430889/SRR34430889_2.fastq.gz	89f77e25176c418e8c8c21e0ab399e1a;f3bd5bbeb99bd65d743c02e018689abc	1388859342;1392921562
SRR34582722	SRX29724088	sharepoint_2026-07-13_new439	PAIRED	cDNA	46954128	4789321056	ftp.sra.ebi.ac.uk/vol1/fastq/SRR345/022/SRR34582722/SRR34582722_1.fastq.gz;ftp.sra.ebi.ac.uk/vol1/fastq/SRR345/022/SRR34582722/SRR34582722_2.fastq.gz	ec189b5ad829c7de11aaa26b5256b6dd;de535808a7a08bea225bf31555a6b486	1425281515;1456172341
SRR34582723	SRX29724087	sharepoint_2026-07-13_new439	PAIRED	cDNA	40237614	4104236628	ftp.sra.ebi.ac.uk/vol1/fastq/SRR345/023/SRR34582723/SRR34582723_1.fastq.gz;ftp.sra.ebi.ac.uk/vol1/fastq/SRR345/023/SRR34582723/SRR34582723_2.fastq.gz	eb5b92bd90c8693dd87a0e5e4b919398;ffd3fe0c332d2f758bbc244b3e9fe820	1215831330;1243701749
SRR34582724	SRX29724086	sharepoint_2026-07-13_new439	PAIRED	cDNA	43315119	4418142138	ftp.sra.ebi.ac.uk/vol1/fastq/SRR345/024/SRR34582724/SRR34582724_1.fastq.gz;ftp.sra.ebi.ac.uk/vol1/fastq/SRR345/024/SRR34582724/SRR34582724_2.fastq.gz	acbaef79a97960d61a5b9d7b38c25b61;1348e1f61899420e3398ca1a2df9ca49	1305109142;1340738146
SRR34582725	SRX29724085	sharepoint_2026-07-13_new439	PAIRED	cDNA	32897119	3355506138	ftp.sra.ebi.ac.uk/vol1/fastq/SRR345/025/SRR34582725/SRR34582725_1.fastq.gz;ftp.sra.ebi.ac.uk/vol1/fastq/SRR345/025/SRR34582725/SRR34582725_2.fastq.gz	b04365c03a103b30b99adf4b487c8ba0;1df65d93509016764d8c87fbe189df8c	992800844;1013467245
SRR34582726	SRX29724084	sharepoint_2026-07-13_new439	PAIRED	cDNA	42486376	4333610352	ftp.sra.ebi.ac.uk/vol1/fastq/SRR345/026/SRR34582726/SRR34582726_1.fastq.gz;ftp.sra.ebi.ac.uk/vol1/fastq/SRR345/026/SRR34582726/SRR34582726_2.fastq.gz	d8fe47a1d3788f543ba87d213348126a;92d228bfcfcfd687a736179f855876b8	1280045884;1306210739
SRR34582727	SRX29724083	sharepoint_2026-07-13_new439	PAIRED	cDNA	43232719	4409737338	ftp.sra.ebi.ac.uk/vol1/fastq/SRR345/027/SRR34582727/SRR34582727_1.fastq.gz;ftp.sra.ebi.ac.uk/vol1/fastq/SRR345/027/SRR34582727/SRR34582727_2.fastq.gz	ea04c61df5ba3d8734d0082e1254aa0c;a2b59a373624a9e0c25f3dfd85cd41e1	1281655180;1332972770
SRR34582728	SRX29724082	sharepoint_2026-07-13_new439	PAIRED	cDNA	52634271	5368695642	ftp.sra.ebi.ac.uk/vol1/fastq/SRR345/028/SRR34582728/SRR34582728_1.fastq.gz;ftp.sra.ebi.ac.uk/vol1/fastq/SRR345/028/SRR34582728/SRR34582728_2.fastq.gz	a62d1b0531ac791d14e0cc8c025e602d;8f9c4eec988c9fc0ee9d320aee9a6816	1591168897;1626144244
SRR34582729	SRX29724081	sharepoint_2026-07-13_new439	PAIRED	cDNA	40396325	4120425150	ftp.sra.ebi.ac.uk/vol1/fastq/SRR345/029/SRR34582729/SRR34582729_1.fastq.gz;ftp.sra.ebi.ac.uk/vol1/fastq/SRR345/029/SRR34582729/SRR34582729_2.fastq.gz	2b3963d0781d85f3bd8ef58ec85dfa1f;c2e2f3ed8a6c64482ac4e7600b72b185	1212959813;1239763993
SRR34582730	SRX29724080	sharepoint_2026-07-13_new439	PAIRED	cDNA	30603790	3121586580	ftp.sra.ebi.ac.uk/vol1/fastq/SRR345/030/SRR34582730/SRR34582730_1.fastq.gz;ftp.sra.ebi.ac.uk/vol1/fastq/SRR345/030/SRR34582730/SRR34582730_2.fastq.gz	85b7c52fcf01170e412d453b0ab2723a;76fba7f8da54a468d32b8b3d961c907e	922822960;946818185
SRR34582731	SRX29724079	sharepoint_2026-07-13_new439	PAIRED	cDNA	54944433	5604332166	ftp.sra.ebi.ac.uk/vol1/fastq/SRR345/031/SRR34582731/SRR34582731_1.fastq.gz;ftp.sra.ebi.ac.uk/vol1/fastq/SRR345/031/SRR34582731/SRR34582731_2.fastq.gz	8d9c43a40e7186e05f73b4cca606ba78;7f497d0a3e481d57fbbdfcba16cae31c	1654134091;1697632203
SRR34582732	SRX29724078	sharepoint_2026-07-13_new439	PAIRED	cDNA	35692938	3640679676	ftp.sra.ebi.ac.uk/vol1/fastq/SRR345/032/SRR34582732/SRR34582732_1.fastq.gz;ftp.sra.ebi.ac.uk/vol1/fastq/SRR345/032/SRR34582732/SRR34582732_2.fastq.gz	467c8338105b4708d9673dd738c2e081;9ae19fa49b64a8dad22dcbe5931be7b7	1066974748;1092215612
SRR34582733	SRX29724077	sharepoint_2026-07-13_new439	PAIRED	cDNA	52604429	5365651758	ftp.sra.ebi.ac.uk/vol1/fastq/SRR345/033/SRR34582733/SRR34582733_1.fastq.gz;ftp.sra.ebi.ac.uk/vol1/fastq/SRR345/033/SRR34582733/SRR34582733_2.fastq.gz	e15740311e0701f1a0a68fcfc74172cf;a0b4e52ccd4527d72b017bcc7b9d4b18	1559590144;1616795935
SRR34628124	SRX29769302	sharepoint_2026-07-13_new439	PAIRED	cDNA	36740795	3716860181	ftp.sra.ebi.ac.uk/vol1/fastq/SRR346/024/SRR34628124/SRR34628124_1.fastq.gz;ftp.sra.ebi.ac.uk/vol1/fastq/SRR346/024/SRR34628124/SRR34628124_2.fastq.gz	2ee6b79b9346330763c926ad5f1c400c;3cf233912c94500b928b7a5a33ca40c2	1207920572;1235419481
SRR34628125	SRX29769301	sharepoint_2026-07-13_new439	PAIRED	cDNA	36326627	3675263117	ftp.sra.ebi.ac.uk/vol1/fastq/SRR346/025/SRR34628125/SRR34628125_1.fastq.gz;ftp.sra.ebi.ac.uk/vol1/fastq/SRR346/025/SRR34628125/SRR34628125_2.fastq.gz	043af2d5f255962947a4a33e1306db6c;b0354def474a30d8f61c639e77b76d40	1198647741;1232462681
SRR34628126	SRX29769300	sharepoint_2026-07-13_new439	PAIRED	cDNA	34416598	3482145172	ftp.sra.ebi.ac.uk/vol1/fastq/SRR346/026/SRR34628126/SRR34628126_1.fastq.gz;ftp.sra.ebi.ac.uk/vol1/fastq/SRR346/026/SRR34628126/SRR34628126_2.fastq.gz	06676f125d94720fea28951ae8d65f53;d0e437ca84317b17eaf7f1916e405c3a	1133376898;1159083015
SRR34628127	SRX29769299	sharepoint_2026-07-13_new439	PAIRED	cDNA	46237744	4677595418	ftp.sra.ebi.ac.uk/vol1/fastq/SRR346/027/SRR34628127/SRR34628127_1.fastq.gz;ftp.sra.ebi.ac.uk/vol1/fastq/SRR346/027/SRR34628127/SRR34628127_2.fastq.gz	ff68c262d363c8d00a651cf69f6a71f7;9ff74ce09e836c9383fd59b9472a1cb7	1517766838;1555114857
SRR34628128	SRX29769298	sharepoint_2026-07-13_new439	PAIRED	cDNA	31846023	3221828790	ftp.sra.ebi.ac.uk/vol1/fastq/SRR346/028/SRR34628128/SRR34628128_1.fastq.gz;ftp.sra.ebi.ac.uk/vol1/fastq/SRR346/028/SRR34628128/SRR34628128_2.fastq.gz	06ffbc015368633999676e5feca3bb2f;f7101e811ec316e52e1d858efe35ac65	1049828764;1083075717
SRR34628129	SRX29769297	sharepoint_2026-07-13_new439	PAIRED	cDNA	34154073	3454950349	ftp.sra.ebi.ac.uk/vol1/fastq/SRR346/029/SRR34628129/SRR34628129_1.fastq.gz;ftp.sra.ebi.ac.uk/vol1/fastq/SRR346/029/SRR34628129/SRR34628129_2.fastq.gz	23a2931d28af2bcd7c3c7661f5254e76;cebab9d6be659956b8a38f5a0f10ffcf	1116104439;1144225501
SRR34628130	SRX29769296	sharepoint_2026-07-13_new439	PAIRED	cDNA	42669380	4316553724	ftp.sra.ebi.ac.uk/vol1/fastq/SRR346/030/SRR34628130/SRR34628130_1.fastq.gz;ftp.sra.ebi.ac.uk/vol1/fastq/SRR346/030/SRR34628130/SRR34628130_2.fastq.gz	13350efa10447b2d06d8bc31c9a22453;33d5d353363718132bd50bb635466448	1396573771;1490766147
SRR34628131	SRX29769295	sharepoint_2026-07-13_new439	PAIRED	cDNA	35052087	3545011170	ftp.sra.ebi.ac.uk/vol1/fastq/SRR346/031/SRR34628131/SRR34628131_1.fastq.gz;ftp.sra.ebi.ac.uk/vol1/fastq/SRR346/031/SRR34628131/SRR34628131_2.fastq.gz	1ca16f63b5f5e943dc7b3e99c1047000;b28547d1185dc417ba0fa30f20eeb002	1156397035;1191333799
SRR34628132	SRX29769294	sharepoint_2026-07-13_new439	PAIRED	cDNA	30946252	3130913996	ftp.sra.ebi.ac.uk/vol1/fastq/SRR346/032/SRR34628132/SRR34628132_1.fastq.gz;ftp.sra.ebi.ac.uk/vol1/fastq/SRR346/032/SRR34628132/SRR34628132_2.fastq.gz	98c50018ef8da8f9aad55001974e393e;92a6efcc226e668a340e6769082560e0	1013197282;1054866688
SRR34628133	SRX29769293	sharepoint_2026-07-13_new439	PAIRED	cDNA	36714135	3713843173	ftp.sra.ebi.ac.uk/vol1/fastq/SRR346/033/SRR34628133/SRR34628133_1.fastq.gz;ftp.sra.ebi.ac.uk/vol1/fastq/SRR346/033/SRR34628133/SRR34628133_2.fastq.gz	b1094524a59afb0b3759970b76d785d6;b416fb4e2ea9b28e6ad9959294240f18	1200416483;1229914894
SRR34628134	SRX29769292	sharepoint_2026-07-13_new439	PAIRED	cDNA	37869436	3830180061	ftp.sra.ebi.ac.uk/vol1/fastq/SRR346/034/SRR34628134/SRR34628134_1.fastq.gz;ftp.sra.ebi.ac.uk/vol1/fastq/SRR346/034/SRR34628134/SRR34628134_2.fastq.gz	4e48a2ca8468cb321101ddff8e22bafb;4ff9f38c7fa23a1b245242d1f477e44d	1245307698;1280410995
SRR34628135	SRX29769291	sharepoint_2026-07-13_new439	PAIRED	cDNA	39827797	4027951831	ftp.sra.ebi.ac.uk/vol1/fastq/SRR346/035/SRR34628135/SRR34628135_1.fastq.gz;ftp.sra.ebi.ac.uk/vol1/fastq/SRR346/035/SRR34628135/SRR34628135_2.fastq.gz	48f3c0dfb40e1ad60005922c2ae3562a;2cad52bcd4bbeef44709c2cbbc6098c1	1307251320;1332426328
SRR34629314	SRX29770460	sharepoint_2026-07-13_new439	PAIRED	cDNA	20426279	6127883700	ftp.sra.ebi.ac.uk/vol1/fastq/SRR346/014/SRR34629314/SRR34629314_1.fastq.gz;ftp.sra.ebi.ac.uk/vol1/fastq/SRR346/014/SRR34629314/SRR34629314_2.fastq.gz	54b53b0c53592c50f223b12d3979b130;389d809af4835a135c113263f114ef6b	1428675542;1486842352
SRR34629315	SRX29770459	sharepoint_2026-07-13_new439	PAIRED	cDNA	20072046	6021613800	ftp.sra.ebi.ac.uk/vol1/fastq/SRR346/015/SRR34629315/SRR34629315_1.fastq.gz;ftp.sra.ebi.ac.uk/vol1/fastq/SRR346/015/SRR34629315/SRR34629315_2.fastq.gz	79f8fa06bf2266aaabe25f44a756dd43;bade028e57b18bc108ad2c0a2be80901	1442768215;1472569509
SRR34629316	SRX29770458	sharepoint_2026-07-13_new439	PAIRED	cDNA	22324090	6697227000	ftp.sra.ebi.ac.uk/vol1/fastq/SRR346/016/SRR34629316/SRR34629316_1.fastq.gz;ftp.sra.ebi.ac.uk/vol1/fastq/SRR346/016/SRR34629316/SRR34629316_2.fastq.gz	2e6c2af2439d2217f4cda4a6e0108703;075ae1738e9d210c584bf6ca02c1509c	1578434451;1645710766
SRR34629317	SRX29770457	sharepoint_2026-07-13_new439	PAIRED	cDNA	24281978	7284593400	ftp.sra.ebi.ac.uk/vol1/fastq/SRR346/017/SRR34629317/SRR34629317_1.fastq.gz;ftp.sra.ebi.ac.uk/vol1/fastq/SRR346/017/SRR34629317/SRR34629317_2.fastq.gz	28d8f94dddde37f304f4eab1e90a01f7;9623afc9ba37365664d933f2ba146f3e	1738550922;1787847364
SRR34629318	SRX29770456	sharepoint_2026-07-13_new439	PAIRED	cDNA	22879650	6863895000	ftp.sra.ebi.ac.uk/vol1/fastq/SRR346/018/SRR34629318/SRR34629318_1.fastq.gz;ftp.sra.ebi.ac.uk/vol1/fastq/SRR346/018/SRR34629318/SRR34629318_2.fastq.gz	7a699e5501059c1b5d8eaf9dffe0f76c;a6e6c3c811033edd4a06b5d8a27fc7da	1587491861;1661919572
SRR34629319	SRX29770455	sharepoint_2026-07-13_new439	PAIRED	cDNA	22017083	6605124900	ftp.sra.ebi.ac.uk/vol1/fastq/SRR346/019/SRR34629319/SRR34629319_1.fastq.gz;ftp.sra.ebi.ac.uk/vol1/fastq/SRR346/019/SRR34629319/SRR34629319_2.fastq.gz	363bb9831cb247de7d2c053e35df35e5;8d1316869ed67818bba4711a2ee1a9de	1529219785;1599196055
SRR34629320	SRX29770454	sharepoint_2026-07-13_new439	PAIRED	cDNA	21845055	6553516500	ftp.sra.ebi.ac.uk/vol1/fastq/SRR346/020/SRR34629320/SRR34629320_1.fastq.gz;ftp.sra.ebi.ac.uk/vol1/fastq/SRR346/020/SRR34629320/SRR34629320_2.fastq.gz	dc3c84643213e374de1fb9739e68ff16;f288c0855a4ee948bb67dd10398038f4	1509130210;1581694529
SRR3535753	SRX1769976	sharepoint_2026-07-13_new439	SINGLE	cDNA	27757321	1360108729	ftp.sra.ebi.ac.uk/vol1/fastq/SRR353/003/SRR3535753/SRR3535753.fastq.gz	48b099225e32e7ea675ad122a04fc2c6	950473520
SRR3535754	SRX1769977	sharepoint_2026-07-13_new439	SINGLE	cDNA	31713537	1553963313	ftp.sra.ebi.ac.uk/vol1/fastq/SRR353/004/SRR3535754/SRR3535754.fastq.gz	390e269b783c4c259b172da3db266531	1185554826
SRR3535755	SRX1769978	sharepoint_2026-07-13_new439	SINGLE	cDNA	22905786	1122383514	ftp.sra.ebi.ac.uk/vol1/fastq/SRR353/005/SRR3535755/SRR3535755.fastq.gz	e86dec9b52d10be451151066da7ff8ff	864374077
SRR3535756	SRX1769979	sharepoint_2026-07-13_new439	SINGLE	cDNA	23942810	1173197690	ftp.sra.ebi.ac.uk/vol1/fastq/SRR353/006/SRR3535756/SRR3535756.fastq.gz	1d093f9ddccfb04c31dd33332eeb3b8e	888795151
SRR3535757	SRX1769980	sharepoint_2026-07-13_new439	SINGLE	cDNA	32409213	1588051437	ftp.sra.ebi.ac.uk/vol1/fastq/SRR353/007/SRR3535757/SRR3535757.fastq.gz	d95823113c6c89c20a7a76971fa147fe	1200162719
SRR3535758	SRX1769981	sharepoint_2026-07-13_new439	SINGLE	cDNA	24031533	1177545117	ftp.sra.ebi.ac.uk/vol1/fastq/SRR353/008/SRR3535758/SRR3535758.fastq.gz	46efd7cd7dfe9efb889e96e9f94c83ec	897384570
SRR3535780	SRX1770000	sharepoint_2026-07-13_new439	SINGLE	cDNA	25353738	1267686900	ftp.sra.ebi.ac.uk/vol1/fastq/SRR353/000/SRR3535780/SRR3535780.fastq.gz	44dc78d596a7c48f97f45c58193121ca	893763623
SRR3535781	SRX1770001	sharepoint_2026-07-13_new439	SINGLE	cDNA	14415721	720786050	ftp.sra.ebi.ac.uk/vol1/fastq/SRR353/001/SRR3535781/SRR3535781.fastq.gz	72f260b60d30fedada34f405f9b5e5a1	510255228
SRR3535782	SRX1770001	sharepoint_2026-07-13_new439	SINGLE	cDNA	58439439	2921971950	ftp.sra.ebi.ac.uk/vol1/fastq/SRR353/002/SRR3535782/SRR3535782.fastq.gz	8b5e6a92140c691e2af71b4ae5ea5554	2586399353
SRR3535783	SRX1770002	sharepoint_2026-07-13_new439	SINGLE	cDNA	14062796	703139800	ftp.sra.ebi.ac.uk/vol1/fastq/SRR353/003/SRR3535783/SRR3535783.fastq.gz	f54d25313e2ad4ed5e9e0143fa3e0152	507825466
SRR3535784	SRX1770002	sharepoint_2026-07-13_new439	SINGLE	cDNA	24708152	1235407600	ftp.sra.ebi.ac.uk/vol1/fastq/SRR353/004/SRR3535784/SRR3535784.fastq.gz	a147fcbd470c1715f8cd8449474ce0f5	1116567941
SRR3535785	SRX1770003	sharepoint_2026-07-13_new439	SINGLE	cDNA	66243599	3312179950	ftp.sra.ebi.ac.uk/vol1/fastq/SRR353/005/SRR3535785/SRR3535785.fastq.gz	202c036b66d42f4c6fda63c8670bfb34	2938587924
SRR3535786	SRX1770003	sharepoint_2026-07-13_new439	SINGLE	cDNA	52982538	2649126900	ftp.sra.ebi.ac.uk/vol1/fastq/SRR353/006/SRR3535786/SRR3535786.fastq.gz	e0532d0a0731a8d6a9128bdcdc032995	2111565402
SRR3535787	SRX1770004	sharepoint_2026-07-13_new439	SINGLE	cDNA	11978343	598917150	ftp.sra.ebi.ac.uk/vol1/fastq/SRR353/007/SRR3535787/SRR3535787.fastq.gz	bb5a6176fe9f6152ce51c239bdc3a79d	428826934
SRR3535788	SRX1770004	sharepoint_2026-07-13_new439	SINGLE	cDNA	3622422	181121100	ftp.sra.ebi.ac.uk/vol1/fastq/SRR353/008/SRR3535788/SRR3535788.fastq.gz	804210e19c1dffd6394bcc14cdef525f	145775809
SRR3535789	SRX1770005	sharepoint_2026-07-13_new439	SINGLE	cDNA	44561474	2228073700	ftp.sra.ebi.ac.uk/vol1/fastq/SRR353/009/SRR3535789/SRR3535789.fastq.gz	f3086d0681f7cd902f30b45e537f5b5a	1764787961
SRR3535790	SRX1770006	sharepoint_2026-07-13_new439	SINGLE	cDNA	57181847	2859092350	ftp.sra.ebi.ac.uk/vol1/fastq/SRR353/000/SRR3535790/SRR3535790.fastq.gz	271eded5c055e74091d8828348e71ff8	2264596801
SRR3535791	SRX1770007	sharepoint_2026-07-13_new439	SINGLE	cDNA	10694657	534732850	ftp.sra.ebi.ac.uk/vol1/fastq/SRR353/001/SRR3535791/SRR3535791.fastq.gz	6cd1b6e054fba6925a39488c710cd34e	396544947
SRR3535792	SRX1770007	sharepoint_2026-07-13_new439	SINGLE	cDNA	41972238	2098611900	ftp.sra.ebi.ac.uk/vol1/fastq/SRR353/002/SRR3535792/SRR3535792.fastq.gz	aa888ddf5734deeecfd5c8966a363cc0	1676971934
SRR3535793	SRX1770008	sharepoint_2026-07-13_new439	SINGLE	cDNA	44225034	2211251700	ftp.sra.ebi.ac.uk/vol1/fastq/SRR353/003/SRR3535793/SRR3535793.fastq.gz	3485158e040a5af62fe0b8fdf4b6cfd2	1647757286
SRR36521011	SRX31541180	sharepoint_2026-07-13_new439	PAIRED	cDNA	45892112	13767633600	ftp.sra.ebi.ac.uk/vol1/fastq/SRR365/011/SRR36521011/SRR36521011_1.fastq.gz;ftp.sra.ebi.ac.uk/vol1/fastq/SRR365/011/SRR36521011/SRR36521011_2.fastq.gz	2632ab072b59107abbf9a4aeb4ab6337;964e877d2d0b84e66b2d950b19bbb9d3	3450585218;3491352524
SRR36521012	SRX31541179	sharepoint_2026-07-13_new439	PAIRED	cDNA	41069582	12320874600	ftp.sra.ebi.ac.uk/vol1/fastq/SRR365/012/SRR36521012/SRR36521012_1.fastq.gz;ftp.sra.ebi.ac.uk/vol1/fastq/SRR365/012/SRR36521012/SRR36521012_2.fastq.gz	ef16057c6af22993c7f17c46bacee3a7;07153f09a7022decdfd1af3a90518788	3073372008;3200059417
SRR36521013	SRX31541178	sharepoint_2026-07-13_new439	PAIRED	cDNA	46707468	14012240400	ftp.sra.ebi.ac.uk/vol1/fastq/SRR365/013/SRR36521013/SRR36521013_1.fastq.gz;ftp.sra.ebi.ac.uk/vol1/fastq/SRR365/013/SRR36521013/SRR36521013_2.fastq.gz	86b08e62b6f1d22eec13ad74ab9c5bc0;b7293fc67d9872a7e198751b80426e3e	3487215671;3573767043
SRR36521014	SRX31541177	sharepoint_2026-07-13_new439	PAIRED	cDNA	42522743	12756822900	ftp.sra.ebi.ac.uk/vol1/fastq/SRR365/014/SRR36521014/SRR36521014_1.fastq.gz;ftp.sra.ebi.ac.uk/vol1/fastq/SRR365/014/SRR36521014/SRR36521014_2.fastq.gz	340a651952e8d752dc725517ccfea520;c0a1633501454f72fe11037e2c3dbd51	3236153070;3260395599
SRR36521015	SRX31541176	sharepoint_2026-07-13_new439	PAIRED	cDNA	38413074	11523922200	ftp.sra.ebi.ac.uk/vol1/fastq/SRR365/015/SRR36521015/SRR36521015_1.fastq.gz;ftp.sra.ebi.ac.uk/vol1/fastq/SRR365/015/SRR36521015/SRR36521015_2.fastq.gz	c3d3b8369cdba87451c82ffbd173f3f9;fbda8bbccc141c4ee799afb27cfd0fe1	2993014750;2900029974
SRR36521016	SRX31541175	sharepoint_2026-07-13_new439	PAIRED	cDNA	36243066	10872919800	ftp.sra.ebi.ac.uk/vol1/fastq/SRR365/016/SRR36521016/SRR36521016_1.fastq.gz;ftp.sra.ebi.ac.uk/vol1/fastq/SRR365/016/SRR36521016/SRR36521016_2.fastq.gz	866000906837d59a7858bc73b85b4265;410c808c3b5c436c21d874bc1c3e7d99	2746341797;2749501041
SRR36521017	SRX31541174	sharepoint_2026-07-13_new439	PAIRED	cDNA	46089586	13826875800	ftp.sra.ebi.ac.uk/vol1/fastq/SRR365/017/SRR36521017/SRR36521017_1.fastq.gz;ftp.sra.ebi.ac.uk/vol1/fastq/SRR365/017/SRR36521017/SRR36521017_2.fastq.gz	a9da3c1c9ebfb79bd68b7b5021a2dbef;e8b894520f3ad924b6904078a91fffbb	3512219372;3511914132
SRR36521018	SRX31541173	sharepoint_2026-07-13_new439	PAIRED	cDNA	37657131	11297139300	ftp.sra.ebi.ac.uk/vol1/fastq/SRR365/018/SRR36521018/SRR36521018_1.fastq.gz;ftp.sra.ebi.ac.uk/vol1/fastq/SRR365/018/SRR36521018/SRR36521018_2.fastq.gz	775e7c520a85edc08c7366653730ecd3;eb8a32a9fe62bc8088a6aadf49e1b664	2834576853;2903384354
SRR36521019	SRX31541172	sharepoint_2026-07-13_new439	PAIRED	cDNA	44384595	13315378500	ftp.sra.ebi.ac.uk/vol1/fastq/SRR365/019/SRR36521019/SRR36521019_1.fastq.gz;ftp.sra.ebi.ac.uk/vol1/fastq/SRR365/019/SRR36521019/SRR36521019_2.fastq.gz	9e1972d4a274324b83f1cfbf507a2810;3f09b9f851a0693530864671c2d52198	3351625478;3395855438
SRR36521020	SRX31541171	sharepoint_2026-07-13_new439	PAIRED	cDNA	30420376	9126112800	ftp.sra.ebi.ac.uk/vol1/fastq/SRR365/020/SRR36521020/SRR36521020_1.fastq.gz;ftp.sra.ebi.ac.uk/vol1/fastq/SRR365/020/SRR36521020/SRR36521020_2.fastq.gz	f6597753abf7aca0b14382a45d525d0a;809f22249e955bc19bbb90234dc7e1de	2287825174;2319077955
SRR36521021	SRX31541170	sharepoint_2026-07-13_new439	PAIRED	cDNA	36003568	10801070400	ftp.sra.ebi.ac.uk/vol1/fastq/SRR365/021/SRR36521021/SRR36521021_1.fastq.gz;ftp.sra.ebi.ac.uk/vol1/fastq/SRR365/021/SRR36521021/SRR36521021_2.fastq.gz	ee7e037b1d68e5b356aa8949f0dd33b9;3a7885dd39ef6b03fac2d1c30d8e24e2	2709721621;2754932114
SRR36521022	SRX31541169	sharepoint_2026-07-13_new439	PAIRED	cDNA	39280642	11784192600	ftp.sra.ebi.ac.uk/vol1/fastq/SRR365/022/SRR36521022/SRR36521022_1.fastq.gz;ftp.sra.ebi.ac.uk/vol1/fastq/SRR365/022/SRR36521022/SRR36521022_2.fastq.gz	016498240228b9db8ec2b6d36601f59d;4fbecb7cfbb37e2b33e89aacddb350fc	2923947887;2978812846
SRR3657224	SRX1836925	sharepoint_2026-07-13_new439	SINGLE	cDNA	12136426	1225779026	ftp.sra.ebi.ac.uk/vol1/fastq/SRR365/004/SRR3657224/SRR3657224.fastq.gz	20c61c2406828c2e543fce982d38f2fc	1122379555
SRR3657225	SRX1836926	sharepoint_2026-07-13_new439	SINGLE	cDNA	9564114	965975514	ftp.sra.ebi.ac.uk/vol1/fastq/SRR365/005/SRR3657225/SRR3657225.fastq.gz	b68744d0a1aacb54d8d0bb3ffc1facbc	899427581
SRR3657226	SRX1836927	sharepoint_2026-07-13_new439	SINGLE	cDNA	10522001	1062722101	ftp.sra.ebi.ac.uk/vol1/fastq/SRR365/006/SRR3657226/SRR3657226.fastq.gz	7dc9aa08344e07293ba9e13a59d026a4	1000210848
SRR3657227	SRX1836928	sharepoint_2026-07-13_new439	SINGLE	cDNA	22177140	2239891140	ftp.sra.ebi.ac.uk/vol1/fastq/SRR365/007/SRR3657227/SRR3657227.fastq.gz	3369b3a9ebf00f7abe9d704e52408292	2076140079
SRR3657228	SRX1836929	sharepoint_2026-07-13_new439	SINGLE	cDNA	23615491	2385164591	ftp.sra.ebi.ac.uk/vol1/fastq/SRR365/008/SRR3657228/SRR3657228.fastq.gz	cb4a9d57ca2e17833d4326edd80e1a00	2233902218
SRR3657229	SRX1836930	sharepoint_2026-07-13_new439	SINGLE	cDNA	13143222	1327465422	ftp.sra.ebi.ac.uk/vol1/fastq/SRR365/009/SRR3657229/SRR3657229.fastq.gz	33ffcf239344fe10f3983cd146af73fd	1241240233
SRR3657230	SRX1836931	sharepoint_2026-07-13_new439	SINGLE	cDNA	34273251	3461598351	ftp.sra.ebi.ac.uk/vol1/fastq/SRR365/000/SRR3657230/SRR3657230.fastq.gz	4867b2b550c1c6a2190dfbf759136d30	2984522980
SRR3657231	SRX1836932	sharepoint_2026-07-13_new439	SINGLE	cDNA	21693963	2191090263	ftp.sra.ebi.ac.uk/vol1/fastq/SRR365/001/SRR3657231/SRR3657231.fastq.gz	20da095b46250eebd381a1150d8e4196	2034494920
SRR3657232	SRX1836933	sharepoint_2026-07-13_new439	SINGLE	cDNA	15020326	1517052926	ftp.sra.ebi.ac.uk/vol1/fastq/SRR365/002/SRR3657232/SRR3657232.fastq.gz	4fb66093a3ca4a6b817b813302d2de95	1315589865
SRR3657233	SRX1836934	sharepoint_2026-07-13_new439	SINGLE	cDNA	20477143	2068191443	ftp.sra.ebi.ac.uk/vol1/fastq/SRR365/003/SRR3657233/SRR3657233.fastq.gz	7d3d94f054428ffabc3657080c8c391f	1883634485
SRR36719198	SRX31723545	sharepoint_2026-07-13_new439	SINGLE	PolyA	18709948	1889704748	ftp.sra.ebi.ac.uk/vol1/fastq/SRR367/098/SRR36719198/SRR36719198.fastq.gz	b88d6cd6f1bc9c9869fa768df9a2a6c4	944905960
SRR36719199	SRX31723544	sharepoint_2026-07-13_new439	SINGLE	PolyA	21499404	2171439804	ftp.sra.ebi.ac.uk/vol1/fastq/SRR367/099/SRR36719199/SRR36719199.fastq.gz	1711c8aa3af03f0b009ebad3b33836cc	1119825289
SRR36719200	SRX31723543	sharepoint_2026-07-13_new439	SINGLE	PolyA	18749194	1893668594	ftp.sra.ebi.ac.uk/vol1/fastq/SRR367/000/SRR36719200/SRR36719200.fastq.gz	7ea448b1815adaad15528d479d54ebe9	960449258
SRR36719201	SRX31723542	sharepoint_2026-07-13_new439	SINGLE	PolyA	17732251	1790957351	ftp.sra.ebi.ac.uk/vol1/fastq/SRR367/001/SRR36719201/SRR36719201.fastq.gz	3d66af4b5de37cf99f8cfbae5fe49806	897017093
SRR36719202	SRX31723541	sharepoint_2026-07-13_new439	SINGLE	PolyA	17057919	1722849819	ftp.sra.ebi.ac.uk/vol1/fastq/SRR367/002/SRR36719202/SRR36719202.fastq.gz	6d31e61aa4eb7b69c9abbe397b1f1a2d	870172216
SRR36719203	SRX31723540	sharepoint_2026-07-13_new439	SINGLE	PolyA	16864155	1703279655	ftp.sra.ebi.ac.uk/vol1/fastq/SRR367/003/SRR36719203/SRR36719203.fastq.gz	4b0945059db7b0663ba5ef82b8b95755	873521157
SRR36719204	SRX31723539	sharepoint_2026-07-13_new439	SINGLE	PolyA	16669313	1683600613	ftp.sra.ebi.ac.uk/vol1/fastq/SRR367/004/SRR36719204/SRR36719204.fastq.gz	58421a5351b6280739883d8a0e1a418f	860221257
SRR36719205	SRX31723538	sharepoint_2026-07-13_new439	SINGLE	PolyA	16341774	1650519174	ftp.sra.ebi.ac.uk/vol1/fastq/SRR367/005/SRR36719205/SRR36719205.fastq.gz	3adcda251a54777ae8a6cbd0c314a6e2	851806879
SRR36719206	SRX31723537	sharepoint_2026-07-13_new439	SINGLE	PolyA	14388578	1453246378	ftp.sra.ebi.ac.uk/vol1/fastq/SRR367/006/SRR36719206/SRR36719206.fastq.gz	f371861fe51f457766710131f7df0782	737640654
SRR36719207	SRX31723536	sharepoint_2026-07-13_new439	SINGLE	PolyA	16521657	1668687357	ftp.sra.ebi.ac.uk/vol1/fastq/SRR367/007/SRR36719207/SRR36719207.fastq.gz	a8e0d7e33c4e65d86e25238d836d9f5c	855699603
SRR36719208	SRX31723535	sharepoint_2026-07-13_new439	SINGLE	PolyA	12968716	1309840316	ftp.sra.ebi.ac.uk/vol1/fastq/SRR367/008/SRR36719208/SRR36719208.fastq.gz	9d5d12e39a2c4d2705b8a4042142fba1	672980740
SRR36719209	SRX31723534	sharepoint_2026-07-13_new439	SINGLE	PolyA	16011050	1617116050	ftp.sra.ebi.ac.uk/vol1/fastq/SRR367/009/SRR36719209/SRR36719209.fastq.gz	213b4977dc62a3d479f8536fe6834c0a	828507257
SRR36719210	SRX31723533	sharepoint_2026-07-13_new439	SINGLE	PolyA	13925368	1406462168	ftp.sra.ebi.ac.uk/vol1/fastq/SRR367/010/SRR36719210/SRR36719210.fastq.gz	25c175bca12722a1316c103840fdb61a	720792734
SRR36719211	SRX31723532	sharepoint_2026-07-13_new439	SINGLE	PolyA	12925443	1305469743	ftp.sra.ebi.ac.uk/vol1/fastq/SRR367/011/SRR36719211/SRR36719211.fastq.gz	7c1c8e29bda924246ef315e68b3535fd	662768932
SRR36719212	SRX31723531	sharepoint_2026-07-13_new439	SINGLE	PolyA	14919473	1506866773	ftp.sra.ebi.ac.uk/vol1/fastq/SRR367/012/SRR36719212/SRR36719212.fastq.gz	638beda9f4ed1aa67afb40f15bd24e24	770936800
SRR36719213	SRX31723530	sharepoint_2026-07-13_new439	SINGLE	PolyA	12345408	1246886208	ftp.sra.ebi.ac.uk/vol1/fastq/SRR367/013/SRR36719213/SRR36719213.fastq.gz	51b206c2844ea6181871af367b3bf6b0	630387571
SRR36719214	SRX31723529	sharepoint_2026-07-13_new439	SINGLE	PolyA	16126681	1628794781	ftp.sra.ebi.ac.uk/vol1/fastq/SRR367/014/SRR36719214/SRR36719214.fastq.gz	138ac4dff17f95d87e62def92a546daa	836899981
SRR36719215	SRX31723528	sharepoint_2026-07-13_new439	SINGLE	PolyA	19389081	1958297181	ftp.sra.ebi.ac.uk/vol1/fastq/SRR367/015/SRR36719215/SRR36719215.fastq.gz	24645c59d7a518d14d8e7c6ab8760b7f	1007272635
SRR36719216	SRX31723527	sharepoint_2026-07-13_new439	SINGLE	PolyA	16850532	1701903732	ftp.sra.ebi.ac.uk/vol1/fastq/SRR367/016/SRR36719216/SRR36719216.fastq.gz	e874b99719883d36a2fe800a1607081a	868741265
SRR36719217	SRX31723526	sharepoint_2026-07-13_new439	SINGLE	PolyA	19867436	2006611036	ftp.sra.ebi.ac.uk/vol1/fastq/SRR367/017/SRR36719217/SRR36719217.fastq.gz	2d4f40f987d1f2e0f93a4b85180bd16a	1031113669
SRR36719218	SRX31723525	sharepoint_2026-07-13_new439	SINGLE	PolyA	17702258	1787928058	ftp.sra.ebi.ac.uk/vol1/fastq/SRR367/018/SRR36719218/SRR36719218.fastq.gz	72bb93fe929508988642279886ba8979	913061242
SRR36719219	SRX31723524	sharepoint_2026-07-13_new439	SINGLE	PolyA	17536874	1771224274	ftp.sra.ebi.ac.uk/vol1/fastq/SRR367/019/SRR36719219/SRR36719219.fastq.gz	fd4066f1b86bce2c2aa5729a1ffb111c	908666475
SRR36719220	SRX31723523	sharepoint_2026-07-13_new439	SINGLE	PolyA	16519620	1668481620	ftp.sra.ebi.ac.uk/vol1/fastq/SRR367/020/SRR36719220/SRR36719220.fastq.gz	4d0b2993494a6c4c60147a1549969ed5	849847824
SRR36719221	SRX31723522	sharepoint_2026-07-13_new439	SINGLE	PolyA	15369621	1552331721	ftp.sra.ebi.ac.uk/vol1/fastq/SRR367/021/SRR36719221/SRR36719221.fastq.gz	88686c1069b753a2c969f1c63498542a	789245036
SRR4069200	SRX2055968	sharepoint_2026-07-13_new439	SINGLE	cDNA	36816446	1804005854	ftp.sra.ebi.ac.uk/vol1/fastq/SRR406/000/SRR4069200/SRR4069200.fastq.gz	913c4fb6f76dc5650e062dac3e4de772	1219609874
SRR4069201	SRX2055969	sharepoint_2026-07-13_new439	SINGLE	cDNA	32191990	1577407510	ftp.sra.ebi.ac.uk/vol1/fastq/SRR406/001/SRR4069201/SRR4069201.fastq.gz	3e57fbd572fbca52cd1ddf5406b3566f	1063843553
SRR4069202	SRX2055970	sharepoint_2026-07-13_new439	SINGLE	cDNA	31861076	1561192724	ftp.sra.ebi.ac.uk/vol1/fastq/SRR406/002/SRR4069202/SRR4069202.fastq.gz	787620b0f70c01bcbabfb997af550e61	1052099696
SRR4069203	SRX2055971	sharepoint_2026-07-13_new439	SINGLE	cDNA	29217135	1431639615	ftp.sra.ebi.ac.uk/vol1/fastq/SRR406/003/SRR4069203/SRR4069203.fastq.gz	b100464397fe3afa9983a177029030f3	874150579
SRR4069204	SRX2055972	sharepoint_2026-07-13_new439	SINGLE	cDNA	42825000	2098425000	ftp.sra.ebi.ac.uk/vol1/fastq/SRR406/004/SRR4069204/SRR4069204.fastq.gz	6872af412355f717648eefbe0eb444ce	1486459335
SRR4069205	SRX2055973	sharepoint_2026-07-13_new439	SINGLE	cDNA	41117664	2014765536	ftp.sra.ebi.ac.uk/vol1/fastq/SRR406/005/SRR4069205/SRR4069205.fastq.gz	87ca188d978302d97e3b1e01316b8abe	1415231404
SRR4069206	SRX2055974	sharepoint_2026-07-13_new439	SINGLE	cDNA	21577233	1057284417	ftp.sra.ebi.ac.uk/vol1/fastq/SRR406/006/SRR4069206/SRR4069206.fastq.gz	3ba74b0dd2aab431ebb35928c80fddaf	745868429
SRR4069207	SRX2055975	sharepoint_2026-07-13_new439	SINGLE	cDNA	25930073	1270573577	ftp.sra.ebi.ac.uk/vol1/fastq/SRR406/007/SRR4069207/SRR4069207.fastq.gz	e7d27a6660019d54eea08067eaad9ea9	894634437
SRR4069208	SRX2055976	sharepoint_2026-07-13_new439	SINGLE	cDNA	22251684	1090332516	ftp.sra.ebi.ac.uk/vol1/fastq/SRR406/008/SRR4069208/SRR4069208.fastq.gz	0b09d7702320e177200248a73f59498c	782559607
SRR4069209	SRX2055977	sharepoint_2026-07-13_new439	SINGLE	cDNA	33295270	1631468230	ftp.sra.ebi.ac.uk/vol1/fastq/SRR406/009/SRR4069209/SRR4069209.fastq.gz	a5249c4ddb36e001831a0162fd1e7964	1126975935
SRR4069210	SRX2055978	sharepoint_2026-07-13_new439	SINGLE	cDNA	36015440	1764756560	ftp.sra.ebi.ac.uk/vol1/fastq/SRR406/000/SRR4069210/SRR4069210.fastq.gz	1f44b3f5316cb59cdcd03345f0af2911	1216422616
SRR4069211	SRX2055979	sharepoint_2026-07-13_new439	SINGLE	cDNA	21425349	1049842101	ftp.sra.ebi.ac.uk/vol1/fastq/SRR406/001/SRR4069211/SRR4069211.fastq.gz	08c3d9a73d9f1b0efa2b22eaa8848139	726398804
SRR5227333	SRX2536448	sharepoint_2026-07-13_new439	SINGLE	cDNA	9073546	462750846	ftp.sra.ebi.ac.uk/vol1/fastq/SRR522/003/SRR5227333/SRR5227333.fastq.gz	d798d3c236cc17e3b67958d31433bb96	389920466
SRR5227334	SRX2536449	sharepoint_2026-07-13_new439	SINGLE	cDNA	16740894	853785594	ftp.sra.ebi.ac.uk/vol1/fastq/SRR522/004/SRR5227334/SRR5227334.fastq.gz	d07ce98cc613c663dbe35907c096a62d	712940734
SRR5227335	SRX2536450	sharepoint_2026-07-13_new439	SINGLE	cDNA	10660174	543668874	ftp.sra.ebi.ac.uk/vol1/fastq/SRR522/005/SRR5227335/SRR5227335.fastq.gz	ecdfe55511af163ed10eeb55ebdb85c2	453563449
SRR5227336	SRX2536451	sharepoint_2026-07-13_new439	SINGLE	cDNA	8984886	458229186	ftp.sra.ebi.ac.uk/vol1/fastq/SRR522/006/SRR5227336/SRR5227336.fastq.gz	c5273a13591bd49d4055325f4194278f	384943848
SRR5227337	SRX2536452	sharepoint_2026-07-13_new439	SINGLE	cDNA	8440829	430482279	ftp.sra.ebi.ac.uk/vol1/fastq/SRR522/007/SRR5227337/SRR5227337.fastq.gz	608b34b963271b6bf743b453d5e63632	304621881
SRR5227338	SRX2536453	sharepoint_2026-07-13_new439	SINGLE	cDNA	9569642	488051742	ftp.sra.ebi.ac.uk/vol1/fastq/SRR522/008/SRR5227338/SRR5227338.fastq.gz	efceddc03a382d448fd2ead55032539e	345660881
SRR5227339	SRX2536454	sharepoint_2026-07-13_new439	SINGLE	cDNA	9898346	504815646	ftp.sra.ebi.ac.uk/vol1/fastq/SRR522/009/SRR5227339/SRR5227339.fastq.gz	dc5971d72368c84547a3ddd9d8e4ae6f	363018368
SRR5227340	SRX2536455	sharepoint_2026-07-13_new439	SINGLE	cDNA	11211027	571762377	ftp.sra.ebi.ac.uk/vol1/fastq/SRR522/000/SRR5227340/SRR5227340.fastq.gz	b886ddba2ba8a4bedcbb5779642e8f50	388239834
SRR7443583	SRX4314206	2026.4.20	PAIRED	Inverse rRNA	17789818	2668472700	ftp.sra.ebi.ac.uk/vol1/fastq/SRR744/003/SRR7443583/SRR7443583_1.fastq.gz;ftp.sra.ebi.ac.uk/vol1/fastq/SRR744/003/SRR7443583/SRR7443583_2.fastq.gz	b2528cbf1d30306c1e08e919186b1f1e;48f37036b6ce48df0ae3264dff82ae4d	408915051;434312347
SRR7443584	SRX4314205	2026.4.20	PAIRED	Inverse rRNA	22809773	3421465950	ftp.sra.ebi.ac.uk/vol1/fastq/SRR744/004/SRR7443584/SRR7443584_1.fastq.gz;ftp.sra.ebi.ac.uk/vol1/fastq/SRR744/004/SRR7443584/SRR7443584_2.fastq.gz	58a03305af6db306927f852037a52a7a;e54f9c67d527756e460a5bc213ea1d55	517465222;547787359
SRR7443585	SRX4314204	2026.4.20	PAIRED	Inverse rRNA	31322755	4698413250	ftp.sra.ebi.ac.uk/vol1/fastq/SRR744/005/SRR7443585/SRR7443585_1.fastq.gz;ftp.sra.ebi.ac.uk/vol1/fastq/SRR744/005/SRR7443585/SRR7443585_2.fastq.gz	24029de61e7f545a8cf928e93dcedebb;128a6bb9127bb1d660ce1766158c9efe	707165968;753326417
SRR7443586	SRX4314203	2026.4.20	PAIRED	Inverse rRNA	19285171	2892775650	ftp.sra.ebi.ac.uk/vol1/fastq/SRR744/006/SRR7443586/SRR7443586_1.fastq.gz;ftp.sra.ebi.ac.uk/vol1/fastq/SRR744/006/SRR7443586/SRR7443586_2.fastq.gz	4ff0fcb733308d6210cedd15e3b065cf;047989b43e708eceee5f86a08b23b1c1	446155589;474764294
SRR7443587	SRX4314202	2026.4.20	PAIRED	Inverse rRNA	12007817	1801172550	ftp.sra.ebi.ac.uk/vol1/fastq/SRR744/007/SRR7443587/SRR7443587_1.fastq.gz;ftp.sra.ebi.ac.uk/vol1/fastq/SRR744/007/SRR7443587/SRR7443587_2.fastq.gz	0554dc6f27b7ed2407cfc0db63a0c5ec;82797192ece7154b60ebea51be5ca126	315384598;332061216
SRR7443588	SRX4314201	2026.4.20	PAIRED	Inverse rRNA	11974091	1796113650	ftp.sra.ebi.ac.uk/vol1/fastq/SRR744/008/SRR7443588/SRR7443588_1.fastq.gz;ftp.sra.ebi.ac.uk/vol1/fastq/SRR744/008/SRR7443588/SRR7443588_2.fastq.gz	47b89bf495fd9b6bfa27cc7ba93dee92;0743337c16bc539dfb852d4d316c1269	318843379;332620769
SRR7443589	SRX4314200	2026.4.20	PAIRED	Inverse rRNA	20929769	3139465350	ftp.sra.ebi.ac.uk/vol1/fastq/SRR744/009/SRR7443589/SRR7443589_1.fastq.gz;ftp.sra.ebi.ac.uk/vol1/fastq/SRR744/009/SRR7443589/SRR7443589_2.fastq.gz	6a02cb7da7b29a2819f55b0f0d259efc;012bd8dbe25f7979109f85e0c765f5cc	477292455;507841691
SRR7443590	SRX4314199	2026.4.20	PAIRED	Inverse rRNA	13050937	1957640550	ftp.sra.ebi.ac.uk/vol1/fastq/SRR744/000/SRR7443590/SRR7443590_1.fastq.gz;ftp.sra.ebi.ac.uk/vol1/fastq/SRR744/000/SRR7443590/SRR7443590_2.fastq.gz	38f6b56d0847c90d3df97e191e4c99a8;0ec0c4d2145ff201d1b161deb8b318ec	342471999;356368754
SRR7443591	SRX4314198	2026.4.20	PAIRED	Inverse rRNA	11035531	1655329650	ftp.sra.ebi.ac.uk/vol1/fastq/SRR744/001/SRR7443591/SRR7443591_1.fastq.gz;ftp.sra.ebi.ac.uk/vol1/fastq/SRR744/001/SRR7443591/SRR7443591_2.fastq.gz	357b7d2f0c2bf8d229e7032c1d0046ce;ef59cd2f81810b1e5ae5edf02c0ed7f4	292992681;306848868
SRR7443592	SRX4314197	2026.4.20	PAIRED	Inverse rRNA	12592981	1888947150	ftp.sra.ebi.ac.uk/vol1/fastq/SRR744/002/SRR7443592/SRR7443592_1.fastq.gz;ftp.sra.ebi.ac.uk/vol1/fastq/SRR744/002/SRR7443592/SRR7443592_2.fastq.gz	b624d1a58a31ceab35509ab6c32454d7;0265d9af78eac1f920a4080e9a5880bb	333872523;346232181
SRR7443593	SRX4314196	2026.4.20	PAIRED	Inverse rRNA	13538410	2030761500	ftp.sra.ebi.ac.uk/vol1/fastq/SRR744/003/SRR7443593/SRR7443593_1.fastq.gz;ftp.sra.ebi.ac.uk/vol1/fastq/SRR744/003/SRR7443593/SRR7443593_2.fastq.gz	d59c8f59cecd72f649435c2b2eebe19d;1ce3eaea52aa8b0d958dfd0c97331985	277482805;344670663
SRR7443594	SRX4314195	2026.4.20	PAIRED	Inverse rRNA	12348962	1852344300	ftp.sra.ebi.ac.uk/vol1/fastq/SRR744/004/SRR7443594/SRR7443594_1.fastq.gz;ftp.sra.ebi.ac.uk/vol1/fastq/SRR744/004/SRR7443594/SRR7443594_2.fastq.gz	6c44342dbffca83440ea34f11099c9ce;b1ff78c294444720dda39390de95e6b3	270525107;284243006
SRR7443595	SRX4314194	2026.4.20	PAIRED	Inverse rRNA	16585947	2487892050	ftp.sra.ebi.ac.uk/vol1/fastq/SRR744/005/SRR7443595/SRR7443595_1.fastq.gz;ftp.sra.ebi.ac.uk/vol1/fastq/SRR744/005/SRR7443595/SRR7443595_2.fastq.gz	27f3351848742c7e2433cd5cc398fb8e;de69168bc708405767eb2ab27e71a8b4	331169832;430248267
SRR7443596	SRX4314193	2026.4.20	PAIRED	Inverse rRNA	18747167	2812075050	ftp.sra.ebi.ac.uk/vol1/fastq/SRR744/006/SRR7443596/SRR7443596_1.fastq.gz;ftp.sra.ebi.ac.uk/vol1/fastq/SRR744/006/SRR7443596/SRR7443596_2.fastq.gz	104928abd0480a453087874b8f532f41;4d58c1d1ba880be4d57ed236d2dc0165	378739076;494923507
SRR7443597	SRX4314192	2026.4.20	PAIRED	Inverse rRNA	11576254	1736438100	ftp.sra.ebi.ac.uk/vol1/fastq/SRR744/007/SRR7443597/SRR7443597_1.fastq.gz;ftp.sra.ebi.ac.uk/vol1/fastq/SRR744/007/SRR7443597/SRR7443597_2.fastq.gz	f454065fb03a4ec6e923da9a8bd09da5;bc9acea1a796673ba990b63237e0e7f5	240256495;288799479
SRR7443598	SRX4314191	2026.4.20	PAIRED	Inverse rRNA	13436870	2015530500	ftp.sra.ebi.ac.uk/vol1/fastq/SRR744/008/SRR7443598/SRR7443598_1.fastq.gz;ftp.sra.ebi.ac.uk/vol1/fastq/SRR744/008/SRR7443598/SRR7443598_2.fastq.gz	4f742b7150460349919e3716a12930b3;8af4a19297951605d73c8373dada6b4a	288063581;332798563
SRR7443599	SRX4314190	2026.4.20	PAIRED	Inverse rRNA	13710289	2056543350	ftp.sra.ebi.ac.uk/vol1/fastq/SRR744/009/SRR7443599/SRR7443599_1.fastq.gz;ftp.sra.ebi.ac.uk/vol1/fastq/SRR744/009/SRR7443599/SRR7443599_2.fastq.gz	bf0ce841470829ddae1adfb61679cb01;ebc85e0c27519fb55418cbd3ad60b4c8	298719789;345044236
SRR7443600	SRX4314189	2026.4.20	PAIRED	Inverse rRNA	10372209	1555831350	ftp.sra.ebi.ac.uk/vol1/fastq/SRR744/000/SRR7443600/SRR7443600_1.fastq.gz;ftp.sra.ebi.ac.uk/vol1/fastq/SRR744/000/SRR7443600/SRR7443600_2.fastq.gz	50f7a20cebcf3d9561921ef8ec71415a;6194a60830ed79e6be059d6631d3a28d	187519646;211557303
SRR7443601	SRX4314188	2026.4.20	PAIRED	Inverse rRNA	14806355	2220953250	ftp.sra.ebi.ac.uk/vol1/fastq/SRR744/001/SRR7443601/SRR7443601_1.fastq.gz;ftp.sra.ebi.ac.uk/vol1/fastq/SRR744/001/SRR7443601/SRR7443601_2.fastq.gz	15cdb8fa39622894bad8f3af9da86a1c;5ec024a558f405140139cf5d7015ee57	294169069;341971535
SRR7443602	SRX4314187	2026.4.20	PAIRED	Inverse rRNA	10141278	1521191700	ftp.sra.ebi.ac.uk/vol1/fastq/SRR744/002/SRR7443602/SRR7443602_1.fastq.gz;ftp.sra.ebi.ac.uk/vol1/fastq/SRR744/002/SRR7443602/SRR7443602_2.fastq.gz	d502b12957ef7038e2f3d869d71b684b;a44c442e387266d7bb7987eb765b2037	216327309;233209227
SRR8440437	SRX5247790	sharepoint_2026-07-13_new439	SINGLE	cDNA	36545406	3691086006	ftp.sra.ebi.ac.uk/vol1/fastq/SRR844/007/SRR8440437/SRR8440437.fastq.gz	3e8f9d0bc116b4eb93c8b889354a3f08	2145524646
SRR8440438	SRX5247791	sharepoint_2026-07-13_new439	SINGLE	cDNA	38619404	3900559804	ftp.sra.ebi.ac.uk/vol1/fastq/SRR844/008/SRR8440438/SRR8440438.fastq.gz	463ad61169e131dcc43247a40645dd0b	2272741150
SRR8440439	SRX5247792	sharepoint_2026-07-13_new439	SINGLE	cDNA	36889918	3725881718	ftp.sra.ebi.ac.uk/vol1/fastq/SRR844/009/SRR8440439/SRR8440439.fastq.gz	5c68c7b3dc53138890940c7ccc080b4a	2167958114
SRR8440440	SRX5247793	sharepoint_2026-07-13_new439	SINGLE	cDNA	37803006	3818103606	ftp.sra.ebi.ac.uk/vol1/fastq/SRR844/000/SRR8440440/SRR8440440.fastq.gz	b2353ebabe41262ab458e9170da8a536	2222481796
SRR8440441	SRX5247794	sharepoint_2026-07-13_new439	SINGLE	cDNA	38975155	3936490655	ftp.sra.ebi.ac.uk/vol1/fastq/SRR844/001/SRR8440441/SRR8440441.fastq.gz	0be21349a6cc14c9dcae9d58e659db17	2285937733
SRR8440442	SRX5247795	sharepoint_2026-07-13_new439	SINGLE	cDNA	36216268	3657843068	ftp.sra.ebi.ac.uk/vol1/fastq/SRR844/002/SRR8440442/SRR8440442.fastq.gz	a0666e2e9348848b5cbfe5f292accbe0	2139794344
SRR941632	SRX326668	2026.5.18	SINGLE	cDNA	20763724	830548960	ftp.sra.ebi.ac.uk/vol1/fastq/SRR941/SRR941632/SRR941632.fastq.gz	dfff68ff9ec0539ee629399702a41d92	795696497
SRR941633	SRX326669	2026.5.18	SINGLE	cDNA	18416559	736662360	ftp.sra.ebi.ac.uk/vol1/fastq/SRR941/SRR941633/SRR941633.fastq.gz	9451d940c509c085f3744e02cd75668e	708168029
SRR941634	SRX326670	2026.5.18	SINGLE	cDNA	28302302	1132092080	ftp.sra.ebi.ac.uk/vol1/fastq/SRR941/SRR941634/SRR941634.fastq.gz	7f5fbdb975910817401a13198faa770f	1088657111
SRR941635	SRX326671	2026.5.18	SINGLE	cDNA	20398035	815921400	ftp.sra.ebi.ac.uk/vol1/fastq/SRR941/SRR941635/SRR941635.fastq.gz	928f9ef8683f04b90a6684f4e6d6f4c3	781115765
SRR941636	SRX326672	2026.5.18	SINGLE	cDNA	14730141	589205640	ftp.sra.ebi.ac.uk/vol1/fastq/SRR941/SRR941636/SRR941636.fastq.gz	3e2ebcdf75bd28a4492e48d556e21452	567760816
SRR941637	SRX326673	2026.5.18	SINGLE	cDNA	25936137	1037445480	ftp.sra.ebi.ac.uk/vol1/fastq/SRR941/SRR941637/SRR941637.fastq.gz	a3f38606a054c24c52208ea5e67ed993	994408955
SRR941638	SRX326674	2026.5.18	SINGLE	cDNA	25803542	1032141680	ftp.sra.ebi.ac.uk/vol1/fastq/SRR941/SRR941638/SRR941638.fastq.gz	3bad588f0221d3bdf5a4472651ea7ede	990569076
SRR941639	SRX326675	2026.5.18	SINGLE	cDNA	22827331	913093240	ftp.sra.ebi.ac.uk/vol1/fastq/SRR941/SRR941639/SRR941639.fastq.gz	d23e231b9706f18f34e6cadb4bb08467	786449828
SRR941640	SRX326676	2026.5.18	SINGLE	cDNA	13986705	559468200	ftp.sra.ebi.ac.uk/vol1/fastq/SRR941/SRR941640/SRR941640.fastq.gz	6f3d04d1677c00ebd7650f575b6ef96e	486121680
SRR941641	SRX326677	2026.5.18	SINGLE	cDNA	12914180	516567200	ftp.sra.ebi.ac.uk/vol1/fastq/SRR941/SRR941641/SRR941641.fastq.gz	49461d835fff0bcc4018c839e11fc8a6	448046488
SRR941642	SRX326678	2026.5.18	SINGLE	cDNA	17312262	692490480	ftp.sra.ebi.ac.uk/vol1/fastq/SRR941/SRR941642/SRR941642.fastq.gz	d651c47a44897fd47769b8b1b16a4a0b	598774607
SRR941643	SRX326679	2026.5.18	SINGLE	cDNA	16025254	641010160	ftp.sra.ebi.ac.uk/vol1/fastq/SRR941/SRR941643/SRR941643.fastq.gz	f79362d60c4bb57f6c95d79f598861b8	552195526
SRR941644	SRX326680	2026.5.18	SINGLE	cDNA	15693365	627734600	ftp.sra.ebi.ac.uk/vol1/fastq/SRR941/SRR941644/SRR941644.fastq.gz	1f896af3d7b3cd999b30a8dcc6968171	543739728
SRR941645	SRX326681	2026.5.18	SINGLE	cDNA	16536203	661448120	ftp.sra.ebi.ac.uk/vol1/fastq/SRR941/SRR941645/SRR941645.fastq.gz	afaf0f1827d080e49695e02a2e999ff2	572959477
SRR941646	SRX326682	2026.5.18	SINGLE	cDNA	24329013	973160520	ftp.sra.ebi.ac.uk/vol1/fastq/SRR941/SRR941646/SRR941646.fastq.gz	6d32e1da1b04b98a72745919b33f8f51	955103265
SRR941647	SRX326683	2026.5.18	SINGLE	cDNA	30281218	1211248720	ftp.sra.ebi.ac.uk/vol1/fastq/SRR941/SRR941647/SRR941647.fastq.gz	d0b1d5bdb27afff16609221648fb1a02	1178122751
SRR941648	SRX326684	2026.5.18	SINGLE	cDNA	32857087	1314283480	ftp.sra.ebi.ac.uk/vol1/fastq/SRR941/SRR941648/SRR941648.fastq.gz	ab1e1835cfc9f2d59ff084bad1a453f0	1283333237
SRR941649	SRX326685	2026.5.18	SINGLE	cDNA	30069117	1202764680	ftp.sra.ebi.ac.uk/vol1/fastq/SRR941/SRR941649/SRR941649.fastq.gz	b9fd1bfac683e5cfc976f288a437836a	1178462996
SRR941650	SRX326686	2026.5.18	SINGLE	cDNA	38793547	1551741880	ftp.sra.ebi.ac.uk/vol1/fastq/SRR941/SRR941650/SRR941650.fastq.gz	71c5cca865ffe5987b098df3bcd1abd7	1518526948
SRR941651	SRX326687	2026.5.18	SINGLE	cDNA	21670093	866803720	ftp.sra.ebi.ac.uk/vol1/fastq/SRR941/SRR941651/SRR941651.fastq.gz	f3ede7027bcc37254e6c21c11d6fd538	849541458
SRR941697	SRX326733	2026.5.18	SINGLE	cDNA	32790527	1311621080	ftp.sra.ebi.ac.uk/vol1/fastq/SRR941/SRR941697/SRR941697.fastq.gz	f05bc9e1663ebb89d7299a83e797fd68	1281073166
SRR941698	SRX326734	2026.5.18	SINGLE	cDNA	37097630	1483905200	ftp.sra.ebi.ac.uk/vol1/fastq/SRR941/SRR941698/SRR941698.fastq.gz	034793edbcdd407de4f14d05796d46b9	1445009193
SRR941699	SRX326735	2026.5.18	SINGLE	cDNA	30958939	1238357560	ftp.sra.ebi.ac.uk/vol1/fastq/SRR941/SRR941699/SRR941699.fastq.gz	5b4dd46331ace91ebbe3362524ae1783	1208508019
SRR941700	SRX326736	2026.5.18	SINGLE	cDNA	31145872	1245834880	ftp.sra.ebi.ac.uk/vol1/fastq/SRR941/SRR941700/SRR941700.fastq.gz	7913322c225809952891324266ce0c9c	1215523664
SRR941701	SRX326737	2026.5.18	SINGLE	cDNA	31094914	1243796560	ftp.sra.ebi.ac.uk/vol1/fastq/SRR941/SRR941701/SRR941701.fastq.gz	b29e7d62b5d694c82a27d3fabc239f0a	1215879095
SRR941702	SRX326738	2026.5.18	SINGLE	cDNA	37542343	1501693720	ftp.sra.ebi.ac.uk/vol1/fastq/SRR941/SRR941702/SRR941702.fastq.gz	adb16f7d81bc4fb8ef3cf936966c3f63	1464042525
