aggregation_policy	completed_at	decoded_total_relative_tolerance	group_id	n_biological_units	n_runs	normalization_deviation_reason	output_decoded_relative_target_error	output_decoded_total_signal	output_header_relative_target_error	output_header_total_signal	output_is_symlink	output_path	output_reconstruction_relative_error	output_sha256	output_size_bytes	reconstruction_expected_total_signal	run_accessions	source_decoded_rescale_to_1e8	source_decoded_total_signal	source_signature_sha256
decoded_signal_rescaled_to_1e8_then_raw_coverage_weighted_within_biological_unit_then_equal_mean_across_units	2026-07-15T08:41:28+00:00	1e-06	RNA_V2_G0001	3	8	sample bedGraphToBigWig header totals can differ from interval-decoded totals; formal grouped labels rescale the decoded signal	2.49518305063e-10	99999999.975	1e-08	99999999	False	alphagenome_custom/tracks/rna_seq_v2_grouped/RNA_V2_G0001.bw	2.49518305063e-10	689efb680528fd406d5d411fb95563f5764dd1053cfa712f91cd5b4064bfa22b	66194109	100000000	SRR2541829;SRR2541830;SRR2541831;SRR2541832;SRR2541833;SRR2541834;SRR2541835;SRR2541836	1.00323496685;1.00316412043;1.00256362575;1.00290776006;1.002601884;1.00224519643;1.00258328924;1.00223854163	99677546.4416;99684585.9653;99744292.9618;99710067.0497;99740486.8232;99775983.318;99742336.6951;99776645.8249	f97d9d9da066817ad2b0adaa9de52647611cb1ae8dbeeb11f648e472742d9e57
decoded_signal_rescaled_to_1e8_then_raw_coverage_weighted_within_biological_unit_then_equal_mean_across_units	2026-07-15T08:41:49+00:00	1e-06	RNA_V2_G0002	4	6	sample bedGraphToBigWig header totals can differ from interval-decoded totals; formal grouped labels rescale the decoded signal	1.40937566757e-10	100000000.014	0	100000000	False	alphagenome_custom/tracks/rna_seq_v2_grouped/RNA_V2_G0002.bw	1.40937566757e-10	7e79661f2e2e3d148ca4596c763222c1607a469f79c538bb9fc8ba962d706aa8	107297108	100000000	SRR1956664;SRR1956665;SRR1956666;SRR1956667;SRR1956668;SRR1956669	1.00242735547;1.00210656838;1.00141446875;1.00124533337;1.00292518275;1.00186057525	99757852.2313;99789785.9918;99858752.9144;99875621.5552;99708334.8985;99814288.0065	c55310847d941cfa0f5b0232b4edcfb90af735a36d7f5fb43c9b13aa366fdf5d
decoded_signal_rescaled_to_1e8_then_raw_coverage_weighted_within_biological_unit_then_equal_mean_across_units	2026-07-15T08:42:07+00:00	1e-06	RNA_V2_G0003	4	5	sample bedGraphToBigWig header totals can differ from interval-decoded totals; formal grouped labels rescale the decoded signal	4.15870547295e-11	100000000.004	0	100000000	False	alphagenome_custom/tracks/rna_seq_v2_grouped/RNA_V2_G0003.bw	4.15870547295e-11	df6e71b2c3d8f218ed0ec8cdf90382e7efe3fb06f086485e68ea2f0dd1b9a89b	91915902	100000000	SRR1956670;SRR1956671;SRR1956672;SRR1956673;SRR1956674	1.00288840045;1.0032009391;1.00164771256;1.00054493399;1.00054036355	99711991.8383;99680927.4214;99835499.7927;99945536.2802;99945992.8289	21a72a5bdcdf7bf1250754099e2c556849647d7228f8dda2f4062bad1cd7847b
decoded_signal_rescaled_to_1e8_then_raw_coverage_weighted_within_biological_unit_then_equal_mean_across_units	2026-07-15T08:42:33+00:00	1e-06	RNA_V2_G0004	4	12	sample bedGraphToBigWig header totals can differ from interval-decoded totals; formal grouped labels rescale the decoded signal	1.37107074261e-11	100000000.001	0	100000000	False	alphagenome_custom/tracks/rna_seq_v2_grouped/RNA_V2_G0004.bw	1.37107074261e-11	79978e63d4a1512c9fbaee1b4d9cb7bcbf11dcb4e06650561d9552edbc1af41c	111063900	100000000	SRR1956641;SRR1956642;SRR1956643;SRR1956644;SRR1956645;SRR1956646;SRR1956647;SRR1956659;SRR1956660;SRR1956661;SRR1956662;SRR1956663	1.0042037885;1.00449029031;1.00414251146;1.0035273458;1.00341531227;1.00292378418;1.00279528962;1.00242456114;1.00277019102;1.00239892502;1.00195051268;1.00076200634	99581380.9356;99552978.2261;99587457.8142;99648505.2631;99659631.239;99708473.9416;99721250.2244;99758130.3136;99723746.1741;99760681.6047;99805328.4409;99923857.3872	728968a310c8332409e49c80bf29147bde5118834aa53ef1d74491115a1da640
decoded_signal_rescaled_to_1e8_then_raw_coverage_weighted_within_biological_unit_then_equal_mean_across_units	2026-07-15T08:42:49+00:00	1e-06	RNA_V2_G0005	4	4	sample bedGraphToBigWig header totals can differ from interval-decoded totals; formal grouped labels rescale the decoded signal	1.03549957275e-10	100000000.01	0	100000000	False	alphagenome_custom/tracks/rna_seq_v2_grouped/RNA_V2_G0005.bw	1.03549957275e-10	6d1ee5439be86d2b9084f081c12a9fc1f1edaf38bbf2773cbd1eabda70282d98	77979700	100000000	SRR1956694;SRR1956695;SRR1956696;SRR1956697	1.00632450186;1.00381834483;1.00373742471;1.00303823558	99371524.6077;99619617.9464;99627649.1625;99697096.7332	1caa056c656e619f852d8109c6bc240d2d0b018b8ea1e612fdc8ae0b4fe608d0
decoded_signal_rescaled_to_1e8_then_raw_coverage_weighted_within_biological_unit_then_equal_mean_across_units	2026-07-15T08:43:04+00:00	1e-06	RNA_V2_G0006	4	4	sample bedGraphToBigWig header totals can differ from interval-decoded totals; formal grouped labels rescale the decoded signal	4.33924794197e-11	100000000.004	0	100000000	False	alphagenome_custom/tracks/rna_seq_v2_grouped/RNA_V2_G0006.bw	4.33924794197e-11	13b35ea3cfd0c367e2053e1d74e3ead233b330dbfb2f3468d45d096b081e4934	73277740	100000000	SRR1956698;SRR1956699;SRR1956700;SRR1956701	1.00658844393;1.00706985946;1.0048248236;1.00307209895	99345467.9542;99297977.2565;99519834.3544;99693730.9933	4814a2b814a80dee5b03c7425fb39f036f5635c93efb981c6926c27e0b24d453
decoded_signal_rescaled_to_1e8_then_raw_coverage_weighted_within_biological_unit_then_equal_mean_across_units	2026-07-15T08:43:34+00:00	1e-06	RNA_V2_G0007	3	6	sample bedGraphToBigWig header totals can differ from interval-decoded totals; formal grouped labels rescale the decoded signal	7.52218067646e-11	100000000.008	0	100000000	False	alphagenome_custom/tracks/rna_seq_v2_grouped/RNA_V2_G0007.bw	7.52218067646e-11	024ee5dec7b0a17b23555d8b840d23acc41e4124682028d8ec7e7eb57cb958f2	156732159	100000000	SRR4069206;SRR4069207;SRR4069208;SRR4069209;SRR4069210;SRR4069211	1.01523330109;1.01872102681;1.01580012859;1.02607056571;1.03008411217;1.03359924105	98499527.047;98162300.9325;98444563.242;97459183.9411;97079450.9096;96749297.0468	207eab2704570e97f665564a18b2ea14f6db900468b5aecff64f061f593ce20d
decoded_signal_rescaled_to_1e8_then_raw_coverage_weighted_within_biological_unit_then_equal_mean_across_units	2026-07-15T08:44:03+00:00	1e-06	RNA_V2_G0008	3	6	sample bedGraphToBigWig header totals can differ from interval-decoded totals; formal grouped labels rescale the decoded signal	1.43776088953e-10	99999999.9856	1e-08	99999999	False	alphagenome_custom/tracks/rna_seq_v2_grouped/RNA_V2_G0008.bw	1.43776088953e-10	934ff6928484f43dd974971a19c356b429d833f10d7d32ecfff465f05c551c26	150949461	100000000	SRR3535753;SRR3535754;SRR3535755;SRR3535756;SRR3535757;SRR3535758	1.01545007646;1.01816528559;1.01469567205;1.02975108222;1.02566656816;1.02910420618	98478499.6509;98215880.4813;98551716.2978;97110847.2004;97497571.9244;97171889.2987	ed5fc778f2ce37237798065aef6433ff69a118118acae5b48272de8c6a63c568
decoded_signal_rescaled_to_1e8_then_raw_coverage_weighted_within_biological_unit_then_equal_mean_across_units	2026-07-15T08:44:35+00:00	1e-06	RNA_V2_G0009	3	6	sample bedGraphToBigWig header totals can differ from interval-decoded totals; formal grouped labels rescale the decoded signal	6.21269643307e-11	99999999.9938	1e-08	99999999	False	alphagenome_custom/tracks/rna_seq_v2_grouped/RNA_V2_G0009.bw	6.21269643307e-11	8d3078ed012053e35a51adcef0ee44dcdeb115f93f44baafee952832ed085740	175559688	100000000	SRR4069200;SRR4069201;SRR4069202;SRR4069203;SRR4069204;SRR4069205	1.01481647944;1.01494221045;1.01647041241;1.02451244231;1.02309086211;1.02935021349	98539984.3478;98527777.2178;98379646.6469;97607404.1373;97743029.1911;97148665.9148	cb2f3ac59185d094f9bffa9a3f12af8e9f9c7aca074dd7eed2c3e90ebf20fa18
decoded_signal_rescaled_to_1e8_then_raw_coverage_weighted_within_biological_unit_then_equal_mean_across_units	2026-07-15T08:44:52+00:00	1e-06	RNA_V2_G0010	3	4	sample bedGraphToBigWig header totals can differ from interval-decoded totals; formal grouped labels rescale the decoded signal	3.48351150751e-10	100000000.035	0	100000000	False	alphagenome_custom/tracks/rna_seq_v2_grouped/RNA_V2_G0010.bw	3.48351150751e-10	8172526f05ef0a515dd87e2b9fc477b108ee195f2e010ac4b81946d3ba8395cc	84683710	100000000	SRR3535790;SRR3535791;SRR3535792;SRR3535793	1.04514165375;1.0068981301;1.00693381763;1.02230954525	95680810.0042;99314912.8103;99311392.9131;97817730.9062	7d17652c5575bdea88d4fc212762680dcac521bee34be8953fe0521eb4f9e802
decoded_signal_rescaled_to_1e8_then_raw_coverage_weighted_within_biological_unit_then_equal_mean_across_units	2026-07-15T08:45:07+00:00	1e-06	RNA_V2_G0011	3	5	sample bedGraphToBigWig header totals can differ from interval-decoded totals; formal grouped labels rescale the decoded signal	1.35367810726e-10	99999999.9865	1e-08	99999999	False	alphagenome_custom/tracks/rna_seq_v2_grouped/RNA_V2_G0011.bw	1.35367810726e-10	d1c4365d2bd5f46f312a1bb78596e32fdb9c9b41085335cd33fa1fbfd132b74f	77001023	100000000	SRR3535780;SRR3535781;SRR3535782;SRR3535783;SRR3535784	1.0283294503;1.02031620205;1.02261955627;1.01732699067;1.01880855736	97245099.7788;98008832.7514;97788077.0876;98296812.0551;98153867.3561	b882e307408581ff7f557433fcb37e1def9b7eddf3e2f441266a4d64328b0937
decoded_signal_rescaled_to_1e8_then_raw_coverage_weighted_within_biological_unit_then_equal_mean_across_units	2026-07-15T08:45:25+00:00	1e-06	RNA_V2_G0012	3	5	sample bedGraphToBigWig header totals can differ from interval-decoded totals; formal grouped labels rescale the decoded signal	3.90318334103e-10	99999999.961	1e-08	99999999	False	alphagenome_custom/tracks/rna_seq_v2_grouped/RNA_V2_G0012.bw	3.90318334103e-10	090fa9b321c56c5ba4700d71154fa79c97f46fe125fc77824a66430f7a3762d7	98579375	100000000	SRR3535785;SRR3535786;SRR3535787;SRR3535788;SRR3535789	1.00367860926;1.0440390673;1.0208805908;0.999999999741;1.07345062051	99633487.3311;95781856.3809;97954649.0559;100000000.026;93157522.1897	755f2befd9afabff9ba04c458a432d0442077125a72fd01e07338e47f68eae1d
decoded_signal_rescaled_to_1e8_then_raw_coverage_weighted_within_biological_unit_then_equal_mean_across_units	2026-07-15T08:51:22+00:00	1e-06	RNA_V2_G0013	2	4	sample bedGraphToBigWig header totals can differ from interval-decoded totals; formal grouped labels rescale the decoded signal	4.75890487432e-10	99999999.9524	1e-08	99999999	False	alphagenome_custom/tracks/rna_seq_v2_grouped/RNA_V2_G0013.bw	4.75890487432e-10	6177978a2d958b10af0392d1c327d2f155d8f74d1ae0e0db56a2eb079355d49d	50993139	100000000	SRR5227335;SRR5227336;SRR5227339;SRR5227340	1.01441817021;1.0104419317;1.043441009;0.999999999165	98578675.8721;98966597.5479;95836754.6773;100000000.083	c3a5b58bca6ec81df2698432200396c0f901926e188c59ff70c424d226ddc7ca
decoded_signal_rescaled_to_1e8_then_raw_coverage_weighted_within_biological_unit_then_equal_mean_across_units	2026-07-15T08:51:35+00:00	1e-06	RNA_V2_G0014	2	4	sample bedGraphToBigWig header totals can differ from interval-decoded totals; formal grouped labels rescale the decoded signal	3.10431569815e-10	99999999.969	1e-08	99999999	False	alphagenome_custom/tracks/rna_seq_v2_grouped/RNA_V2_G0014.bw	3.10431569815e-10	6292ea90dc227756dcd5309509401fbc3ab0ba4a984ed2a04e732524f608beee	64037446	100000000	SRR5227333;SRR5227334;SRR5227337;SRR5227338	1.00982672099;1.01421774923;1.05259722326;1.01030891	99026890.378;98598156.1418;95003100.7019;98979627.9241	8e426c9b8bc0577511f0d4d29e6beb5fc6241485dbfb4861a17f0b529f5e30bc
decoded_signal_rescaled_to_1e8_then_raw_coverage_weighted_within_biological_unit_then_equal_mean_across_units	2026-07-15T08:51:52+00:00	1e-06	RNA_V2_G0015	2	2	sample bedGraphToBigWig header totals can differ from interval-decoded totals; formal grouped labels rescale the decoded signal	1.63866877556e-10	99999999.9836	1e-08	99999999	False	alphagenome_custom/tracks/rna_seq_v2_grouped/RNA_V2_G0015.bw	1.63866877556e-10	481a9c4fb6751abc1157d101253b31f3587853e77a89e9d0814aac7a08e047cd	93167472	100000000	SRR7443595;SRR7443600	1.15610350916;1.24201748717	86497445.2616;80514164.2796	31bdef0849cbaa9d7e83fc3234c34534aaafac13949229bd06bb3288db2c2c20
decoded_signal_rescaled_to_1e8_then_raw_coverage_weighted_within_biological_unit_then_equal_mean_across_units	2026-07-15T08:52:12+00:00	1e-06	RNA_V2_G0016	2	2	sample bedGraphToBigWig header totals can differ from interval-decoded totals; formal grouped labels rescale the decoded signal	2.51943916082e-10	99999999.9748	1e-08	99999999	False	alphagenome_custom/tracks/rna_seq_v2_grouped/RNA_V2_G0016.bw	2.51943916082e-10	54c68ad75145d4097c691e83e7fd39ef15b6733d868042ff480c221d0f29b23e	106542765	100000000	SRR7443596;SRR7443601	1.13208646223;1.12933884313	88332475.7746;88547383.8155	5c1f39eeb1e60412212b4cda46eaaa6ef29b1580c4733afd48773d6b4d6b29c6
decoded_signal_rescaled_to_1e8_then_raw_coverage_weighted_within_biological_unit_then_equal_mean_across_units	2026-07-15T08:52:29+00:00	1e-06	RNA_V2_G0017	2	2	sample bedGraphToBigWig header totals can differ from interval-decoded totals; formal grouped labels rescale the decoded signal	2.41881757975e-10	99999999.9758	1e-08	99999999	False	alphagenome_custom/tracks/rna_seq_v2_grouped/RNA_V2_G0017.bw	2.41881757975e-10	e2484d7a9a7e8de14c1ba7d1ac9d14525542f0833697435ac4c947694dacbf2b	91058882	100000000	SRR7443597;SRR7443602	1.21428669016;1.20798295278	82352874.9929;82782625.1768	7e47aac754ecd45cdd381f616933380b733ca79b4bd744144fdc0aadf9d2ffc5
decoded_signal_rescaled_to_1e8_then_raw_coverage_weighted_within_biological_unit_then_equal_mean_across_units	2026-07-15T08:52:43+00:00	1e-06	RNA_V2_G0018	1	1	sample bedGraphToBigWig header totals can differ from interval-decoded totals; formal grouped labels rescale the decoded signal	7.46439397335e-10	100000000.075	0	100000000	False	alphagenome_custom/tracks/rna_seq_v2_grouped/RNA_V2_G0018.bw	7.46439397335e-10	c331dd9443a673360bf0a181a1280beac1dceb77ebe137b3245001ef0539b53e	57142354	100000000	SRR7443598	1.21483902333	82315432.8099	f20383bc77fdc8e18f14d778dc4971f12fb4f75e3fedc43b3ca693460dfc4467
decoded_signal_rescaled_to_1e8_then_raw_coverage_weighted_within_biological_unit_then_equal_mean_across_units	2026-07-15T08:52:58+00:00	1e-06	RNA_V2_G0019	1	1	sample bedGraphToBigWig header totals can differ from interval-decoded totals; formal grouped labels rescale the decoded signal	5.68252205849e-10	100000000.057	0	100000000	False	alphagenome_custom/tracks/rna_seq_v2_grouped/RNA_V2_G0019.bw	5.68252205849e-10	648c1d344110b0bbe06119ade53d817a7d1b968b1b77e61962af736e78fa1ec5	63229347	100000000	SRR7443599	1.2160427876	82233948.525	fad5ba5fff1cc3bc85e2a6cfa4c9e8ff0756869ded80835c17b2e69d329aecd6
decoded_signal_rescaled_to_1e8_then_raw_coverage_weighted_within_biological_unit_then_equal_mean_across_units	2026-07-15T08:53:16+00:00	1e-06	RNA_V2_G0020	2	2	sample bedGraphToBigWig header totals can differ from interval-decoded totals; formal grouped labels rescale the decoded signal	5.09855002165e-10	99999999.949	1e-08	99999999	False	alphagenome_custom/tracks/rna_seq_v2_grouped/RNA_V2_G0020.bw	5.09855002165e-10	e496c5574d1c752c0a4bec8a30f8166f6eed1a837f195a28daf37db1b15eb3fd	97320945	100000000	SRR7443585;SRR7443590	1.03030722823;1.06834514633	97058428.0686;93602709.1463	91bd2e4efd83911ee9a4eb2f9a7a9420fe211e76ba0cce680a95f6b8eadf5ae0
decoded_signal_rescaled_to_1e8_then_raw_coverage_weighted_within_biological_unit_then_equal_mean_across_units	2026-07-15T08:53:32+00:00	1e-06	RNA_V2_G0021	2	2	sample bedGraphToBigWig header totals can differ from interval-decoded totals; formal grouped labels rescale the decoded signal	1.70161575079e-10	99999999.983	1e-08	99999999	False	alphagenome_custom/tracks/rna_seq_v2_grouped/RNA_V2_G0021.bw	1.70161575079e-10	0d160ca82868870033ca997fea2bc4747c8e4e2e6673508ef2e185eb2bf9bd37	88678121	100000000	SRR7443586;SRR7443587	1.02498657811;1.05712553427	97562253.141;94596144.6942	186500539fb69c53aa54a7d7562c7c3b69a3cc82b4f94a383eba652150330e85
decoded_signal_rescaled_to_1e8_then_raw_coverage_weighted_within_biological_unit_then_equal_mean_across_units	2026-07-15T08:53:50+00:00	1e-06	RNA_V2_G0022	2	2	sample bedGraphToBigWig header totals can differ from interval-decoded totals; formal grouped labels rescale the decoded signal	1.87636911869e-10	99999999.9812	1e-08	99999999	False	alphagenome_custom/tracks/rna_seq_v2_grouped/RNA_V2_G0022.bw	1.87636911869e-10	206306b47530dddd4de343f8a13c3ad8d889fe4ddeb3ddc1b7759e21dd5cff0a	92805442	100000000	SRR7443583;SRR7443588	1.02630200188;1.04387510057	97437206.4139;95796901.3199	42a6f0608e8d3f42f28d474d759a2f2512f4521edfb20f83d885f850aacbcd38
decoded_signal_rescaled_to_1e8_then_raw_coverage_weighted_within_biological_unit_then_equal_mean_across_units	2026-07-15T08:54:08+00:00	1e-06	RNA_V2_G0023	2	2	sample bedGraphToBigWig header totals can differ from interval-decoded totals; formal grouped labels rescale the decoded signal	2.36570835114e-12	100000000	0	100000000	False	alphagenome_custom/tracks/rna_seq_v2_grouped/RNA_V2_G0023.bw	2.36570835114e-12	8d46627f3161ec7fa8c93f6f4b7edd0bd426b64ee566ad166048441aaa564cad	98126693	100000000	SRR7443584;SRR7443591	1.05583017253;1.10891228606	94712201.4523;90178457.9872	15836393b9636743a6dc919ec5d0ae413f642ce8a144e29414c54a0e78500a8e
decoded_signal_rescaled_to_1e8_then_raw_coverage_weighted_within_biological_unit_then_equal_mean_across_units	2026-07-15T08:54:28+00:00	1e-06	RNA_V2_G0024	2	2	sample bedGraphToBigWig header totals can differ from interval-decoded totals; formal grouped labels rescale the decoded signal	3.74145358801e-10	100000000.037	0	100000000	False	alphagenome_custom/tracks/rna_seq_v2_grouped/RNA_V2_G0024.bw	3.74145358801e-10	7dd0e37b07401d700418f40700d47f7e0d71f179207b895e432b135552e66613	105431325	100000000	SRR7443589;SRR7443592	1.07659887087;1.05713083492	92885105.7766;94595670.3719	1249b636a6b846a68c075cb8b22102d7bc70b3927dcd300791efdaa1c65495ff
decoded_signal_rescaled_to_1e8_then_raw_coverage_weighted_within_biological_unit_then_equal_mean_across_units	2026-07-15T08:54:46+00:00	1e-06	RNA_V2_G0025	2	2	sample bedGraphToBigWig header totals can differ from interval-decoded totals; formal grouped labels rescale the decoded signal	6.79367631674e-10	100000000.068	0	100000000	False	alphagenome_custom/tracks/rna_seq_v2_grouped/RNA_V2_G0025.bw	6.79367631674e-10	f4db6c95eb62c05f0e8683629aac8ca1ab5b305819e645c6221f4c39078a0d11	98793915	100000000	SRR7443593;SRR7443594	1.26783405415;1.50421090507	78874675.8083;66480039.2436	6ed2ada7ad7126ae58de0c902cee6e355bb2431e3c55f02e71612a565e613c2a
decoded_signal_rescaled_to_1e8_then_raw_coverage_weighted_within_biological_unit_then_equal_mean_across_units	2026-07-15T08:55:10+00:00	1e-06	RNA_V2_G0026	3	3	sample bedGraphToBigWig header totals can differ from interval-decoded totals; formal grouped labels rescale the decoded signal	3.23802232742e-13	100000000	1e-08	99999999	False	alphagenome_custom/tracks/rna_seq_v2_grouped/RNA_V2_G0026.bw	3.23802232742e-13	25004d9ce1339b9936316475a03c1cf4215e50d081a58ba10207b7095ba2117e	131056399	100000000	SRR8440438;SRR8440439;SRR8440441	1.00801807819;1.00738965098;1.00604139703	99204570.0009;99266455.5395;99399488.2268	af6df67a51fb1eedf7dee8d563ad2da36385a7ec52521c3574b3cc5e56e96f6d
decoded_signal_rescaled_to_1e8_then_raw_coverage_weighted_within_biological_unit_then_equal_mean_across_units	2026-07-15T08:55:34+00:00	1e-06	RNA_V2_G0027	3	3	sample bedGraphToBigWig header totals can differ from interval-decoded totals; formal grouped labels rescale the decoded signal	9.33507084846e-11	99999999.9907	1e-08	99999999	False	alphagenome_custom/tracks/rna_seq_v2_grouped/RNA_V2_G0027.bw	9.33507084846e-11	64b02b2cd5fc09eef042c4455999ffa449215ae1917ad174c87784ced6dbe7fc	131152979	100000000	SRR8440437;SRR8440440;SRR8440442	1.01101681034;1.01104794498;1.01031040457	98910323.7228;98907277.8366;98979481.5013	22db713535d3d3ae05c67de22399c187ccc62145ddd0489facd8b152f597ecd8
decoded_signal_rescaled_to_1e8_then_raw_coverage_weighted_within_biological_unit_then_equal_mean_across_units	2026-07-15T08:55:59+00:00	1e-06	RNA_V2_G0028	4	4	sample bedGraphToBigWig header totals can differ from interval-decoded totals; formal grouped labels rescale the decoded signal	6.63839280605e-11	100000000.007	0	100000000	False	alphagenome_custom/tracks/rna_seq_v2_grouped/RNA_V2_G0028.bw	6.63839280605e-11	f5aaf66890d3442fa4e96b1d4d6578c4fcd3004f84b73e612373cd4a0ec7c472	133189109	100000000	SRR10882545;SRR10882546;SRR10882547;SRR10882548	1.00802187972;1.00639543916;1.00614042874;1.00583751404	99204195.873;99364520.256;99389704.6009;99419636.4762	4c399883e231e4c5a8a17926fd282eb2d5f8c0d3ed91d87a0104dc25496edf09
decoded_signal_rescaled_to_1e8_then_raw_coverage_weighted_within_biological_unit_then_equal_mean_across_units	2026-07-15T08:56:25+00:00	1e-06	RNA_V2_G0029	4	4	sample bedGraphToBigWig header totals can differ from interval-decoded totals; formal grouped labels rescale the decoded signal	1.13799721003e-10	99999999.9886	1e-08	99999999	False	alphagenome_custom/tracks/rna_seq_v2_grouped/RNA_V2_G0029.bw	1.13799721003e-10	42abff1ffedc5e0c4df27e2348054f573310fc5601dc627257e6828a717233fe	136424564	100000000	SRR10882549;SRR10882550;SRR10882551;SRR10882552	1.00610355453;1.0062138096;1.00701631838;1.00634541509	99393347.285;99382456.3385;99303256.7348;99369459.5317	2e66ea9e181849209371010ecb3e31b29b72499f950d5ba03f90832204add8ac
decoded_signal_rescaled_to_1e8_then_raw_coverage_weighted_within_biological_unit_then_equal_mean_across_units	2026-07-15T08:56:46+00:00	1e-06	RNA_V2_G0030	3	3	sample bedGraphToBigWig header totals can differ from interval-decoded totals; formal grouped labels rescale the decoded signal	1.87259614468e-10	100000000.019	0	100000000	False	alphagenome_custom/tracks/rna_seq_v2_grouped/RNA_V2_G0030.bw	1.87259614468e-10	9f6a79518c1efa3aceea97852b1b2b8b2670e5ff3f1c98e566214bc9e2c9b426	121222030	100000000	SRR12483327;SRR12483328;SRR12483329	1.15171872834;1.13437419504;1.13683702124	86826755.1264;88154332.527;87963356.3399	52eb968e51f737c80def62194c1d442412edfd2836e24c916a1ca25af5c76094
decoded_signal_rescaled_to_1e8_then_raw_coverage_weighted_within_biological_unit_then_equal_mean_across_units	2026-07-15T08:57:09+00:00	1e-06	RNA_V2_G0031	3	3	sample bedGraphToBigWig header totals can differ from interval-decoded totals; formal grouped labels rescale the decoded signal	1.41673386097e-10	99999999.9858	1e-08	99999999	False	alphagenome_custom/tracks/rna_seq_v2_grouped/RNA_V2_G0031.bw	1.41673386097e-10	bf959f673ce3573aad44c0fc81e7d7c270dfde09577c5dd07e1fc770cc9f823d	127564701	100000000	SRR12483339;SRR12483340;SRR12483341	1.13097193724;1.10260725301;1.11543790646	88419523.6924;90694124.9726;89650889.0549	93546ba984f1048173946b4048534bc714ebddebd28a8f0ae4121fb8362afd6f
decoded_signal_rescaled_to_1e8_then_raw_coverage_weighted_within_biological_unit_then_equal_mean_across_units	2026-07-15T08:57:28+00:00	1e-06	RNA_V2_G0032	3	3	sample bedGraphToBigWig header totals can differ from interval-decoded totals; formal grouped labels rescale the decoded signal	1.25979036093e-10	100000000.013	0	100000000	False	alphagenome_custom/tracks/rna_seq_v2_grouped/RNA_V2_G0032.bw	1.25979036093e-10	521be10f0d93b27122a35886f94fc535abb672132bc482cedeaeff60f2eb2fa6	102436597	100000000	SRR12483342;SRR12483343;SRR12483344	1.11460006898;1.12920088616;1.12014399111	89718279.0339;88558201.8451;89274236.8785	457fb662abacd0c103954dc0902d0b21fafb9a52fa4bf3904a0f37c7d82756ed
decoded_signal_rescaled_to_1e8_then_raw_coverage_weighted_within_biological_unit_then_equal_mean_across_units	2026-07-15T08:57:52+00:00	1e-06	RNA_V2_G0033	3	3	sample bedGraphToBigWig header totals can differ from interval-decoded totals; formal grouped labels rescale the decoded signal	2.63021886349e-11	99999999.9974	1e-08	99999999	False	alphagenome_custom/tracks/rna_seq_v2_grouped/RNA_V2_G0033.bw	2.63021886349e-11	54769c81ef057995f6b052836313a4702d3f9dadd76cfbee5e0c60237768a519	130713123	100000000	SRR12483333;SRR12483334;SRR12483335	1.14648735364;1.09692538826;1.15419531438	87222942.0433;91163903.2796;86640448.7646	0ae13b854b6b84acccdedd44c1ba5f467f507d65eb89f1fb4e57c356dc4bb77c
decoded_signal_rescaled_to_1e8_then_raw_coverage_weighted_within_biological_unit_then_equal_mean_across_units	2026-07-15T08:58:12+00:00	1e-06	RNA_V2_G0034	3	3	sample bedGraphToBigWig header totals can differ from interval-decoded totals; formal grouped labels rescale the decoded signal	1.56696438789e-10	100000000.016	0	100000000	False	alphagenome_custom/tracks/rna_seq_v2_grouped/RNA_V2_G0034.bw	1.56696438789e-10	363c3b3343eded3ddca4679aef85dad697551b73e2a4c16509e7ad956d177ea4	106492815	100000000	SRR12483330;SRR12483331;SRR12483332	1.14268981541;1.11807209274;1.10709261727	87512812.8836;89439670.8843;90326679.485	f23646100308be7e24a91414a4f09dd58625f828cdfb0069c7aabd4d02ef6e6f
decoded_signal_rescaled_to_1e8_then_raw_coverage_weighted_within_biological_unit_then_equal_mean_across_units	2026-07-15T08:58:33+00:00	1e-06	RNA_V2_G0035	3	3	sample bedGraphToBigWig header totals can differ from interval-decoded totals; formal grouped labels rescale the decoded signal	1.42157226801e-10	100000000.014	0	100000000	False	alphagenome_custom/tracks/rna_seq_v2_grouped/RNA_V2_G0035.bw	1.42157226801e-10	9562d8bb8902809266a5ee83bd955cfb02ad26ac4d88332230f3903ffb707b47	112740720	100000000	SRR12483345;SRR12483346;SRR12483347	1.1472493512;1.18840943797;1.18137435318	87165008.9806;84146083.6686;84647173.6336	005baa4556d14e11427ed06983808a59bfc235651f7dba74bd3b7be2b9cabfc1
decoded_signal_rescaled_to_1e8_then_raw_coverage_weighted_within_biological_unit_then_equal_mean_across_units	2026-07-15T08:58:52+00:00	1e-06	RNA_V2_G0036	3	3	sample bedGraphToBigWig header totals can differ from interval-decoded totals; formal grouped labels rescale the decoded signal	8.83722156286e-10	100000000.088	0	100000000	False	alphagenome_custom/tracks/rna_seq_v2_grouped/RNA_V2_G0036.bw	8.83722156286e-10	500fc1034a28a1f046c1ca2b7a124a164804d85fce8c012ebbb6fab85f3b2eaa	106647380	100000000	SRR12483336;SRR12483337;SRR12483338	1.15707750019;1.11767653802;1.11373674887	86424634.4634;89471324.3039;89787824.7271	4455031b97abd0445619a002a43b6f94a9210c5f1ef63666fcea143192354dcd
decoded_signal_rescaled_to_1e8_then_raw_coverage_weighted_within_biological_unit_then_equal_mean_across_units	2026-07-15T08:59:09+00:00	1e-06	RNA_V2_G0037	2	4	sample bedGraphToBigWig header totals can differ from interval-decoded totals; formal grouped labels rescale the decoded signal	6.23519718647e-11	100000000.006	0	100000000	False	alphagenome_custom/tracks/rna_seq_v2_grouped/RNA_V2_G0037.bw	6.23519718647e-11	def1aff2cd5ccec705dffcbd4e8520decc1a45af2b76b0e6d94869b2f27031bc	88548051	100000000	SRR13757744;SRR13757745;SRR13757746;SRR13757747	1.05272176695;1.04603832457;1.03707511968;1.04260919137	94991861.2298;95598791.7948;96425030.4555;95913215.4485	c5433273a6a1f63f69edcfdc0cd669e91634d230a35c1fc54f0a5167b6748c38
decoded_signal_rescaled_to_1e8_then_raw_coverage_weighted_within_biological_unit_then_equal_mean_across_units	2026-07-15T08:59:17+00:00	1e-06	RNA_V2_G0038	2	2	sample bedGraphToBigWig header totals can differ from interval-decoded totals; formal grouped labels rescale the decoded signal	1.3538479805e-10	99999999.9865	1e-08	99999999	False	alphagenome_custom/tracks/rna_seq_v2_grouped/RNA_V2_G0038.bw	1.3538479805e-10	e1418b597a36267b6a5bd715ac4bb53eea137e31c6b45948dccf05cdb3440942	40256328	100000000	SRR13757748;SRR13757749	1.04295007003;1.03028449991	95881867.094;97060569.2007	bfd94c0af74c4c4a265042acd0acb22dc403186cbf4178964d173f920bf40abe
decoded_signal_rescaled_to_1e8_then_raw_coverage_weighted_within_biological_unit_then_equal_mean_across_units	2026-07-15T08:59:26+00:00	1e-06	RNA_V2_G0039	2	2	sample bedGraphToBigWig header totals can differ from interval-decoded totals; formal grouped labels rescale the decoded signal	7.86492228508e-11	100000000.008	0	100000000	False	alphagenome_custom/tracks/rna_seq_v2_grouped/RNA_V2_G0039.bw	7.86492228508e-11	1fb61fca12458a934783aada91641a3c3e582052117943ed44c99967a8fd7501	41250105	100000000	SRR13757752;SRR13757753	1.02982860174;1.03484967716	97103537.2599;96632392.3242	fea247f54e484a065e8d2241c83a8c6aa19beeaeadf5a0539b9387148903210c
decoded_signal_rescaled_to_1e8_then_raw_coverage_weighted_within_biological_unit_then_equal_mean_across_units	2026-07-15T08:59:38+00:00	1e-06	RNA_V2_G0040	2	2	sample bedGraphToBigWig header totals can differ from interval-decoded totals; formal grouped labels rescale the decoded signal	7.48354196548e-11	100000000.007	0	100000000	False	alphagenome_custom/tracks/rna_seq_v2_grouped/RNA_V2_G0040.bw	7.48354196548e-11	16048ed1a78cf39f582c1edbd7dfd7dc2fbf9fe70cbb882a5bc0557d9044d012	59247133	100000000	SRR13757770;SRR13757771	1.03086693893;1.03968708329	97005730.0548;96182785.7702	117f816677fc63f35d70fc6e8f5e71f5113ad6e2b08efda9b9756705c2c109de
decoded_signal_rescaled_to_1e8_then_raw_coverage_weighted_within_biological_unit_then_equal_mean_across_units	2026-07-15T08:59:46+00:00	1e-06	RNA_V2_G0041	2	2	sample bedGraphToBigWig header totals can differ from interval-decoded totals; formal grouped labels rescale the decoded signal	1.02495104074e-10	100000000.01	0	100000000	False	alphagenome_custom/tracks/rna_seq_v2_grouped/RNA_V2_G0041.bw	1.02495104074e-10	db0a0776f786e31472a26075c33c4515a57f91ad1eb55bb20a5883c397bd07e8	39737666	100000000	SRR13757750;SRR13757751	1.05686480741;1.03004843086	94619481.4125;97082813.7825	c5a7fd9df5d46711ae825589843b1cd207f0c3af6105218064a3a8fdd6d9c5ef
decoded_signal_rescaled_to_1e8_then_raw_coverage_weighted_within_biological_unit_then_equal_mean_across_units	2026-07-15T08:59:58+00:00	1e-06	RNA_V2_G0042	2	2	sample bedGraphToBigWig header totals can differ from interval-decoded totals; formal grouped labels rescale the decoded signal	6.89476728439e-13	100000000	0	100000000	False	alphagenome_custom/tracks/rna_seq_v2_grouped/RNA_V2_G0042.bw	6.89476728439e-13	42f427281e52bfac262ff60347a6390355946f6f54686813efeb11ec73ba5fad	55301144	100000000	SRR13757772;SRR13757773	1.03652893375;1.03412329518	96475840.4172;96700268.2043	87cd3128f856d0894ce766e29483119fae636ee85ceb148765048d6ba1f1285c
decoded_signal_rescaled_to_1e8_then_raw_coverage_weighted_within_biological_unit_then_equal_mean_across_units	2026-07-15T09:00:13+00:00	1e-06	RNA_V2_G0043	2	4	sample bedGraphToBigWig header totals can differ from interval-decoded totals; formal grouped labels rescale the decoded signal	8.62270593643e-12	100000000.001	0	100000000	False	alphagenome_custom/tracks/rna_seq_v2_grouped/RNA_V2_G0043.bw	8.62270593643e-12	45485c6079120321cec6723db5eb14736ecbc372070539928b921c3f27319e69	73088783	100000000	SRR13757754;SRR13757755;SRR13757756;SRR13757757	1.01770283005;1.01770674756;1.01356656639;1.01356770118	98260510.8749;98260132.6363;98661502.1806;98661391.7194	7621baf5bc496f0aafdc8142bc91005bbed9e325dfbdc15a3e2bef8a35691f00
decoded_signal_rescaled_to_1e8_then_raw_coverage_weighted_within_biological_unit_then_equal_mean_across_units	2026-07-15T09:00:28+00:00	1e-06	RNA_V2_G0044	2	4	sample bedGraphToBigWig header totals can differ from interval-decoded totals; formal grouped labels rescale the decoded signal	7.27613270283e-11	100000000.007	0	100000000	False	alphagenome_custom/tracks/rna_seq_v2_grouped/RNA_V2_G0044.bw	7.27613270283e-11	d9ce4605c0885bda767b996ee469d8e91ef505af35daa28d55b16ceaa583a301	71853185	100000000	SRR13757758;SRR13757759;SRR13757760;SRR13757761	1.01148271994;1.01153290187;1.01160784156;1.01159593285	98864763.6072;98859858.948;98852535.4306;98853699.1432	5a0df2bae80b6509d06aedef3eab921a4badcc6d77fdb4417da1fb4dd7fd2843
decoded_signal_rescaled_to_1e8_then_raw_coverage_weighted_within_biological_unit_then_equal_mean_across_units	2026-07-15T09:00:46+00:00	1e-06	RNA_V2_G0045	2	4	sample bedGraphToBigWig header totals can differ from interval-decoded totals; formal grouped labels rescale the decoded signal	9.33949649334e-11	99999999.9907	1e-08	99999999	False	alphagenome_custom/tracks/rna_seq_v2_grouped/RNA_V2_G0045.bw	9.33949649334e-11	385dc04cfe0828d62d297a24a6a96d01d095f74a067fe9db288b8fb0f3832919	92583785	100000000	SRR13757766;SRR13757767;SRR13757768;SRR13757769	1.01519206851;1.01516154335;1.0129412125;1.01301529967	98503527.6589;98506489.5877;98722412.2844;98715192.1912	2d0eb8bfa2eedb1f6eb20ede9129cdf5d6eda143bc52ef496bf1857b19107180
decoded_signal_rescaled_to_1e8_then_raw_coverage_weighted_within_biological_unit_then_equal_mean_across_units	2026-07-15T09:01:00+00:00	1e-06	RNA_V2_G0046	2	4	sample bedGraphToBigWig header totals can differ from interval-decoded totals; formal grouped labels rescale the decoded signal	1.71364992857e-10	99999999.9829	1e-08	99999999	False	alphagenome_custom/tracks/rna_seq_v2_grouped/RNA_V2_G0046.bw	1.71364992857e-10	8811e4541c05f2455a96b058db358e94220c341d755a55d63110b44c7441e027	69951783	100000000	SRR13757762;SRR13757763;SRR13757764;SRR13757765	1.01037674933;1.01036322884;1.00968483049;1.00971057571	98972982.1731;98974306.6111;99040806.5764;99038281.272	e98d9dba5f9b0bbea1b09f5788840f587fe91df23f6052c8bc2d9f970a79a032
decoded_signal_rescaled_to_1e8_then_raw_coverage_weighted_within_biological_unit_then_equal_mean_across_units	2026-07-15T09:01:29+00:00	1e-06	RNA_V2_G0047	3	6	sample bedGraphToBigWig header totals can differ from interval-decoded totals; formal grouped labels rescale the decoded signal	1.04914754629e-10	100000000.01	0	100000000	False	alphagenome_custom/tracks/rna_seq_v2_grouped/RNA_V2_G0047.bw	1.04914754629e-10	a9233be11c741b7acd9ae7489ade32e7ba8fcb30b9278701241e2a2fd394fbc4	151507138	100000000	SRR13964557;SRR13964558;SRR13964559;SRR13964560;SRR13964561;SRR13964562	1.05900542403;1.05905865555;1.06054255956;1.06062099302;1.06064653074;1.06073006334	94428222.6806;94423476.4295;94291359.7375;94284386.8436;94282116.7109;94274691.9846	0742a4f1f41e910670ffbd0a9e533eb4d93371fee8adbe030b1183c8e6503ca9
decoded_signal_rescaled_to_1e8_then_raw_coverage_weighted_within_biological_unit_then_equal_mean_across_units	2026-07-15T09:02:04+00:00	1e-06	RNA_V2_G0048	3	12	sample bedGraphToBigWig header totals can differ from interval-decoded totals; formal grouped labels rescale the decoded signal	2.59917974472e-10	99999999.974	1e-08	99999999	False	alphagenome_custom/tracks/rna_seq_v2_grouped/RNA_V2_G0048.bw	2.59917974472e-10	a09cd63d74889e8809f89fa640e92326024481eaf9c8522b3ae0388b90055f4e	166911515	100000000	SRR13964575;SRR13964576;SRR13964577;SRR13964578;SRR13964579;SRR13964580;SRR13964581;SRR13964582;SRR13964583;SRR13964584;SRR13964585;SRR13964586	1.05517895575;1.05506563975;1.02141019992;1.0214595944;1.03676126722;1.03661368737;1.02185674867;1.0218921376;1.06585138792;1.06553645601;1.02682701456;1.02693598853	94770654.2621;94780832.8056;97903858.8101;97899124.4959;96454220.6214;96467952.5439;97861075.0777;97857686.0711;93821710.1686;93849440.2852;97387387.1466;97377052.8217	584d02316d327bcd79d3f0d27c091b04fe0cf4a24caa6e94ddcd999e03e3f362
decoded_signal_rescaled_to_1e8_then_raw_coverage_weighted_within_biological_unit_then_equal_mean_across_units	2026-07-15T09:02:29+00:00	1e-06	RNA_V2_G0049	3	6	sample bedGraphToBigWig header totals can differ from interval-decoded totals; formal grouped labels rescale the decoded signal	1.81004405022e-11	99999999.9982	1e-08	99999999	False	alphagenome_custom/tracks/rna_seq_v2_grouped/RNA_V2_G0049.bw	1.81004405022e-11	b75367b9e8453c1a355e041dd01887b224f90c134633b48842f4a22c0f08c83b	126673471	100000000	SRR13964563;SRR13964564;SRR13964565;SRR13964566;SRR13964567;SRR13964568	1.05307047506;1.0530633565;1.06243047689;1.06242239167;1.04243339505;1.04251413075	94960406.1348;94961048.0536;94123805.9099;94124522.2092;95929390.285;95921961.1999	df6a38f4473c0bd994f7c3199018c6f95d9a1b3e4ce30c42cebb1a5907f77cc1
decoded_signal_rescaled_to_1e8_then_raw_coverage_weighted_within_biological_unit_then_equal_mean_across_units	2026-07-15T09:02:54+00:00	1e-06	RNA_V2_G0050	3	6	sample bedGraphToBigWig header totals can differ from interval-decoded totals; formal grouped labels rescale the decoded signal	2.69069969654e-10	99999999.9731	1e-08	99999999	False	alphagenome_custom/tracks/rna_seq_v2_grouped/RNA_V2_G0050.bw	2.69069969654e-10	3a6af087b53548c4bce7037151d3c5f08a5298720e97875fc142018619817191	121964902	100000000	SRR13964569;SRR13964570;SRR13964571;SRR13964572;SRR13964573;SRR13964574	1.0477909781;1.04778653099;1.0468406622;1.04688959598;1.0371064235;1.03720698435	95438882.4586;95439287.529;95525521.3238;95521056.2646;96422119.9815;96412771.5194	7a1a18560ee213be89b2aea2ae17adc1ba8ea0ff0f97d9833a39298219f2099d
decoded_signal_rescaled_to_1e8_then_raw_coverage_weighted_within_biological_unit_then_equal_mean_across_units	2026-07-15T09:03:17+00:00	1e-06	RNA_V2_G0051	4	4	sample bedGraphToBigWig header totals can differ from interval-decoded totals; formal grouped labels rescale the decoded signal	2.59585827589e-10	99999999.974	1e-08	99999999	False	alphagenome_custom/tracks/rna_seq_v2_grouped/RNA_V2_G0051.bw	2.59585827589e-10	0a967a415c25e3f061b9580c1bb317f8cf4dae2b2b83130651f8679f69b47e36	121219112	100000000	SRR23049917;SRR23049953;SRR23049956;SRR23049958	1.0036328855;1.0060367542;1.0079615317;1.00330335526	99638026.458;99399946.9526;99210135.3623;99670752.0963	19c4fa52634458574a176600564c3bd3030462a64f82d8618987f48de5f722fb
decoded_signal_rescaled_to_1e8_then_raw_coverage_weighted_within_biological_unit_then_equal_mean_across_units	2026-07-15T09:03:40+00:00	1e-06	RNA_V2_G0052	4	4	sample bedGraphToBigWig header totals can differ from interval-decoded totals; formal grouped labels rescale the decoded signal	1.73899680376e-10	99999999.9826	1e-08	99999999	False	alphagenome_custom/tracks/rna_seq_v2_grouped/RNA_V2_G0052.bw	1.73899680376e-10	05ffa0753e2f451f64a86f67fdc38d3866d23d2355835bcff73da39241f3fcbe	120278630	100000000	SRR23049928;SRR23049954;SRR23049957;SRR23049959	1.00370121083;1.01019825216;1.00646775578;1.00199960567	99631243.7614;98990470.2233;99357380.727;99800438.4771	a768654432847f8bad8d15c12d3805acb94cdf1b937dc544caca88277ebb4488
decoded_signal_rescaled_to_1e8_then_raw_coverage_weighted_within_biological_unit_then_equal_mean_across_units	2026-07-15T09:04:01+00:00	1e-06	RNA_V2_G0053	4	4	sample bedGraphToBigWig header totals can differ from interval-decoded totals; formal grouped labels rescale the decoded signal	7.68081843853e-11	100000000.008	0	100000000	False	alphagenome_custom/tracks/rna_seq_v2_grouped/RNA_V2_G0053.bw	7.68081843853e-11	280c32250d2eec153be3cc7dbea42a68de31d0096e65a1878b7fd3327a6b69dc	107720785	100000000	SRR23049895;SRR23049936;SRR23049964;SRR23049967	1.00310819478;1.00563275206;1.00369541435;1.00411143292	99690143.6164;99439879.812;99631819.1458;99590540.175	bec7032b92942142fed9b8fbaa69d8233bd9e1241e220c5ca3665b7868cc3e1c
decoded_signal_rescaled_to_1e8_then_raw_coverage_weighted_within_biological_unit_then_equal_mean_across_units	2026-07-15T09:04:22+00:00	1e-06	RNA_V2_G0054	4	4	sample bedGraphToBigWig header totals can differ from interval-decoded totals; formal grouped labels rescale the decoded signal	2.26051956415e-10	100000000.023	0	100000000	False	alphagenome_custom/tracks/rna_seq_v2_grouped/RNA_V2_G0054.bw	2.26051956415e-10	2a09e9f25a36653961b62734f939d7ada8f9a37502e5c59f050e0df52d35cbd4	110921271	100000000	SRR23049906;SRR23049937;SRR23049965;SRR23049966	1.01715277739;1.00181600129;1.00944655182;1.00424701399	98313647.8838;99818729.0594;99064185.0427;99577094.6856	f51989d938b092ac33d57ad7fe49f83318f8b8b46c174d9b6b4196c4d3852040
decoded_signal_rescaled_to_1e8_then_raw_coverage_weighted_within_biological_unit_then_equal_mean_across_units	2026-07-15T09:04:34+00:00	1e-06	RNA_V2_G0055	3	3	sample bedGraphToBigWig header totals can differ from interval-decoded totals; formal grouped labels rescale the decoded signal	1.6059845686e-10	100000000.016	0	100000000	False	alphagenome_custom/tracks/rna_seq_v2_grouped/RNA_V2_G0055.bw	1.6059845686e-10	cc0aa71229d072f15d477f048bce6d7860b88c6c493c51c30fba6f11f69ec65c	60052243	100000000	SRR27352845;SRR27352855;SRR27352856	1.03914487283;1.02627753538;1.03801950911	96232972.5284;97439529.3211;96337303.0294	71062a1e5ed76c8ff5864ac09195a0542f7ed8df9bf6bf32a2c909a631adb6b7
decoded_signal_rescaled_to_1e8_then_raw_coverage_weighted_within_biological_unit_then_equal_mean_across_units	2026-07-15T09:04:47+00:00	1e-06	RNA_V2_G0056	3	3	sample bedGraphToBigWig header totals can differ from interval-decoded totals; formal grouped labels rescale the decoded signal	2.43216753006e-10	100000000.024	0	100000000	False	alphagenome_custom/tracks/rna_seq_v2_grouped/RNA_V2_G0056.bw	2.43216753006e-10	85b1f06a509bdb7855d3a14331781b9a1981fccbf456b836d1253f694d6d0008	61001634	100000000	SRR27352849;SRR27352850;SRR27352851	1.0863470025;1.07732936939;1.06456960741	92051618.6536;92822123.7083;93934674.918	0eb360967bf6d50a94672fac8fdae07e39d360e18dbc9efc4617044b224414df
decoded_signal_rescaled_to_1e8_then_raw_coverage_weighted_within_biological_unit_then_equal_mean_across_units	2026-07-15T09:04:59+00:00	1e-06	RNA_V2_G0057	3	3	sample bedGraphToBigWig header totals can differ from interval-decoded totals; formal grouped labels rescale the decoded signal	6.23984336853e-10	100000000.062	0	100000000	False	alphagenome_custom/tracks/rna_seq_v2_grouped/RNA_V2_G0057.bw	6.23984336853e-10	c7e02ba89fc0ce5d2a21a78de950746541696144a857113369192f9d80d79a6e	62750456	100000000	SRR27352852;SRR27352853;SRR27352854	1.02859120529;1.04346081756;1.03332163701	97220352.9309;95834935.3586;96775288.9496	83da0bdf9ad87e45e98a32c399855944423a9cd011f45e945ee69729586b5b43
decoded_signal_rescaled_to_1e8_then_raw_coverage_weighted_within_biological_unit_then_equal_mean_across_units	2026-07-15T09:05:12+00:00	1e-06	RNA_V2_G0058	3	3	sample bedGraphToBigWig header totals can differ from interval-decoded totals; formal grouped labels rescale the decoded signal	3.12445163727e-10	100000000.031	0	100000000	False	alphagenome_custom/tracks/rna_seq_v2_grouped/RNA_V2_G0058.bw	3.12445163727e-10	805a42482b959f201475cd6026b607113aeea48ac85f23a5b204f18ac32fc9c4	63650148	100000000	SRR27352857;SRR27352858;SRR27352859	1.03787727058;1.03621800373;1.05306354371	96350505.8206;96504789.1857;94961031.1714	9abae6c28b47c032ee88f30867c4e5224c581e9c5cd1aa6e9aecb2c67f8cbbcb
decoded_signal_rescaled_to_1e8_then_raw_coverage_weighted_within_biological_unit_then_equal_mean_across_units	2026-07-15T09:05:25+00:00	1e-06	RNA_V2_G0059	3	3	sample bedGraphToBigWig header totals can differ from interval-decoded totals; formal grouped labels rescale the decoded signal	3.21559458971e-10	100000000.032	0	100000000	False	alphagenome_custom/tracks/rna_seq_v2_grouped/RNA_V2_G0059.bw	3.21559458971e-10	fe62f416f5ae6d0b204f1ca91bc2a32a953592a9facaf9852c543fa4589a46a0	62619919	100000000	SRR27352860;SRR27352861;SRR27352862	1.04169307961;1.02566674331;1.03751938887	95997565.8445;97497555.2756;96383740.9432	a7c9f1ddad50191f2d8bdcfc874cf84d41af4fe229083ecc4abe5e2b58332695
decoded_signal_rescaled_to_1e8_then_raw_coverage_weighted_within_biological_unit_then_equal_mean_across_units	2026-07-15T09:05:38+00:00	1e-06	RNA_V2_G0060	3	3	sample bedGraphToBigWig header totals can differ from interval-decoded totals; formal grouped labels rescale the decoded signal	5.48636317253e-10	100000000.055	0	100000000	False	alphagenome_custom/tracks/rna_seq_v2_grouped/RNA_V2_G0060.bw	5.48636317253e-10	d02aea3cebf66c4b7d34cfd0c2ced228cc13bd0c4c7751dbf76706bb119e843b	62822317	100000000	SRR27352846;SRR27352847;SRR27352848	1.04814716077;1.06602962621;1.05665801572	95406450.2987;93806023.3424;94637998.7777	c88dc81c27717a478a17998d1ea1e0b6f99cddf4a28655b9a19b53f4b6b680dc
decoded_signal_rescaled_to_1e8_then_raw_coverage_weighted_within_biological_unit_then_equal_mean_across_units	2026-07-15T09:06:05+00:00	1e-06	RNA_V2_G0061	4	4	sample bedGraphToBigWig header totals can differ from interval-decoded totals; formal grouped labels rescale the decoded signal	5.16366958618e-11	99999999.9948	1e-08	99999999	False	alphagenome_custom/tracks/rna_seq_v2_grouped/RNA_V2_G0061.bw	5.16366958618e-11	cf3cd43dace4db384bb8803df949f87af7679795853b135d5f3b8d47769b4c8b	145093258	100000000	SRR30917239;SRR30917243;SRR30917247;SRR30917251	1.0090208452;1.00881760623;1.01026522026;1.01028610319	99105980.2929;99125946.4371;98983908.3785;98981862.3503	cac9476e0162ce2136f384c55c17c98a9fe6569c802b77fed4e4f450074cf58a
decoded_signal_rescaled_to_1e8_then_raw_coverage_weighted_within_biological_unit_then_equal_mean_across_units	2026-07-15T09:06:32+00:00	1e-06	RNA_V2_G0062	4	4	sample bedGraphToBigWig header totals can differ from interval-decoded totals; formal grouped labels rescale the decoded signal	7.0923268795e-11	99999999.9929	1e-08	99999999	False	alphagenome_custom/tracks/rna_seq_v2_grouped/RNA_V2_G0062.bw	7.0923268795e-11	2293937ad119b867387700173082fc118d70c32cc3d153ceca9a68f23f0eee7f	139375506	100000000	SRR30917240;SRR30917244;SRR30917248;SRR30917252	1.01185089815;1.01212581126;1.01178093986;1.01319281245	98828790.0749;98801946.2477;98835623.4637;98697897.1539	e92d27c6d17a92fd5fa2c09e2f5a9ae18fa6ba1a5bdd1899ef583c06dd0be929
decoded_signal_rescaled_to_1e8_then_raw_coverage_weighted_within_biological_unit_then_equal_mean_across_units	2026-07-15T09:07:01+00:00	1e-06	RNA_V2_G0063	4	4	sample bedGraphToBigWig header totals can differ from interval-decoded totals; formal grouped labels rescale the decoded signal	1.52197182178e-10	99999999.9848	1e-08	99999999	False	alphagenome_custom/tracks/rna_seq_v2_grouped/RNA_V2_G0063.bw	1.52197182178e-10	7ca7b6f0d093e26bccc093bda46895c00b2c7efc9664775d4e69603488577adb	147989511	100000000	SRR30917237;SRR30917241;SRR30917245;SRR30917249	1.01179428818;1.01093582592;1.01196804948;1.01168897872	98834319.5534;98918247.2674;98817349.0771;98844607.4865	5e3ab67d2eab9c39b5b1af475cc9cad1b107266c3c12f03558746f9770e31e63
decoded_signal_rescaled_to_1e8_then_raw_coverage_weighted_within_biological_unit_then_equal_mean_across_units	2026-07-15T09:07:29+00:00	1e-06	RNA_V2_G0064	4	4	sample bedGraphToBigWig header totals can differ from interval-decoded totals; formal grouped labels rescale the decoded signal	1.76369249821e-10	99999999.9824	1e-08	99999999	False	alphagenome_custom/tracks/rna_seq_v2_grouped/RNA_V2_G0064.bw	1.76369249821e-10	c2ca723eda2ac56582ce0e96e49c5998ce2ec626704afda577b50b1645384daa	149331781	100000000	SRR30917238;SRR30917242;SRR30917246;SRR30917250	1.0118685587;1.01227536054;1.01137029939;1.01280728656	98827065.1758;98787349.6661;98875753.0849;98735466.5861	ff06772b41793f7f8c591318fe0a97d95f8919779aceb1e6b4390b841f1c4b9e
decoded_signal_rescaled_to_1e8_then_raw_coverage_weighted_within_biological_unit_then_equal_mean_across_units	2026-07-15T09:07:47+00:00	1e-06	RNA_V2_G0065	3	12	sample bedGraphToBigWig header totals can differ from interval-decoded totals; formal grouped labels rescale the decoded signal	5.16842603683e-10	100000000.052	0	100000000	False	alphagenome_custom/tracks/rna_seq_v2_grouped/RNA_V2_G0065.bw	5.16842603683e-10	3e8945b8444efff0a11e2af99c626d8efe121fececcf68bbe92206d4ff84373d	64308377	100000000	SRR31283481;SRR31283482;SRR31283483;SRR31283484;SRR31283485;SRR31283486;SRR31283487;SRR31283488;SRR31283514;SRR31283515;SRR31283516;SRR31283517	1.00000000183;1.0090702492;1.00000000125;0.999999997821;1.00693860013;1.00000000047;0.999999997186;0.999999998796;0.999999999262;1.01055218178;1.00793015703;1.00914425555	99999999.8171;99101128.0722;99999999.8746;100000000.218;99310921.2295;99999999.9526;100000000.281;100000000.12;100000000.074;98955800.4059;99213223.5579;99093860.4174	af90b2ff2f67cac27e211f48b981d37e6725a71bc62609bf01c123d58982e4f9
decoded_signal_rescaled_to_1e8_then_raw_coverage_weighted_within_biological_unit_then_equal_mean_across_units	2026-07-15T09:08:03+00:00	1e-06	RNA_V2_G0066	3	9	sample bedGraphToBigWig header totals can differ from interval-decoded totals; formal grouped labels rescale the decoded signal	1.46076977253e-10	100000000.015	0	100000000	False	alphagenome_custom/tracks/rna_seq_v2_grouped/RNA_V2_G0066.bw	1.46076977253e-10	064757093f185ed23f1ce34ed6e2a5131364d4dffc1f33fe81da8f28e6cbfd89	59519706	100000000	SRR31283489;SRR31283498;SRR31283499;SRR31283500;SRR31283501;SRR31283502;SRR31283503;SRR31283504;SRR31283505	1.00738326209;1.00000000058;0.999999999293;1.00232909085;0.99999999876;0.999999999619;1.00596182568;1.00828103773;1.00726424785	99267085.0941;99999999.942;100000000.071;99767632.1207;100000000.124;100000000.038;99407350.7039;99178697.4644;99278814.0885	729856595569af75a9f4231d21da2e1b747627820ecdadebe12217e62eeb7187
decoded_signal_rescaled_to_1e8_then_raw_coverage_weighted_within_biological_unit_then_equal_mean_across_units	2026-07-15T09:08:25+00:00	1e-06	RNA_V2_G0067	1	3	sample bedGraphToBigWig header totals can differ from interval-decoded totals; formal grouped labels rescale the decoded signal	3.62780690193e-11	100000000.004	0	100000000	False	alphagenome_custom/tracks/rna_seq_v2_grouped/RNA_V2_G0067.bw	3.62780690193e-11	14183559ed10c71eeb1919723ee790e79a1b14be34a96850bc16a8462617c55f	125843025	100000000	SRR34430875;SRR34430876;SRR34430877	1.01459332222;1.02199179206;1.02104959049	98561657.967;97848143.9644;97938436.0286	9269ae1bbbd77cc8ce9afbdf6026bdd6ca2a47eb0b4949d01684f5d07ffd547b
decoded_signal_rescaled_to_1e8_then_raw_coverage_weighted_within_biological_unit_then_equal_mean_across_units	2026-07-15T09:09:00+00:00	1e-06	RNA_V2_G0068	2	6	sample bedGraphToBigWig header totals can differ from interval-decoded totals; formal grouped labels rescale the decoded signal	6.76360726357e-11	99999999.9932	1e-08	99999999	False	alphagenome_custom/tracks/rna_seq_v2_grouped/RNA_V2_G0068.bw	6.76360726357e-11	50554ba13b70dc0c4c002bfb5688baf37d071a7881f946a4b10e3de26f8467a7	182907741	100000000	SRR34430878;SRR34430879;SRR34430880;SRR34430887;SRR34430888;SRR34430889	1.01845484605;1.01786938198;1.02222516847;1.00412467853;1.00276603109;1.00459802512	98187956.3812;98244432.705;97825805.0027;99589226.4554;99724159.8734;99542301.9945	485542e44adf60686ec031bd1394295e175e13765fbdf969b93beb5c9fa18452
decoded_signal_rescaled_to_1e8_then_raw_coverage_weighted_within_biological_unit_then_equal_mean_across_units	2026-07-15T09:09:29+00:00	1e-06	RNA_V2_G0069	1	3	sample bedGraphToBigWig header totals can differ from interval-decoded totals; formal grouped labels rescale the decoded signal	5.21494448185e-11	100000000.005	0	100000000	False	alphagenome_custom/tracks/rna_seq_v2_grouped/RNA_V2_G0069.bw	5.21494448185e-11	232a6410eae06613175c8e380a69c75fa3dc2c2575d455a266d8079daa9363df	154473802	100000000	SRR34430881;SRR34430882;SRR34430883	1.00175098167;1.00160261042;1.00108797908	99825207.8906;99839995.3827;99891320.3329	d87f878239a809a806531bdeaa28a84b393b4fa909993c58698669ad98167110
decoded_signal_rescaled_to_1e8_then_raw_coverage_weighted_within_biological_unit_then_equal_mean_across_units	2026-07-15T09:09:58+00:00	1e-06	RNA_V2_G0070	1	3	sample bedGraphToBigWig header totals can differ from interval-decoded totals; formal grouped labels rescale the decoded signal	5.23230433464e-11	99999999.9948	1e-08	99999999	False	alphagenome_custom/tracks/rna_seq_v2_grouped/RNA_V2_G0070.bw	5.23230433464e-11	59e4b3dc36098ffe85c94cfbf7267e8f51e942df217996970b4cf1e409dba016	163301204	100000000	SRR34430884;SRR34430885;SRR34430886	1.00645855121;1.00566736847;1.00774688338	99358289.3997;99436456.9586;99231266.9474	22af14413084541643625801b19e63212b9a142ef1e450dce697312d63eb2b1c
decoded_signal_rescaled_to_1e8_then_raw_coverage_weighted_within_biological_unit_then_equal_mean_across_units	2026-07-15T09:10:29+00:00	1e-06	RNA_V2_G0071	3	3	sample bedGraphToBigWig header totals can differ from interval-decoded totals; formal grouped labels rescale the decoded signal	1.67638063431e-13	100000000	0	100000000	False	alphagenome_custom/tracks/rna_seq_v2_grouped/RNA_V2_G0071.bw	1.67638063431e-13	76f971388a2e5a8433366dfc8ef511d001526283ff08fee8dc2fb64552a6a946	180996868	100000000	SRR34582731;SRR34582732;SRR34582733	1.01679887481;1.02045547062;1.01764040468	98347866.5025;97995456.812;98266538.4947	4bf60f78e4639a233c77ab07e1ff4c0d1e3ab6b752471a8594d26dcb92168f5b
decoded_signal_rescaled_to_1e8_then_raw_coverage_weighted_within_biological_unit_then_equal_mean_across_units	2026-07-15T09:11:01+00:00	1e-06	RNA_V2_G0072	3	3	sample bedGraphToBigWig header totals can differ from interval-decoded totals; formal grouped labels rescale the decoded signal	3.83885204792e-11	100000000.004	0	100000000	False	alphagenome_custom/tracks/rna_seq_v2_grouped/RNA_V2_G0072.bw	3.83885204792e-11	eac4c1b0ccc8add10e44182eb6db9714b7bcd6ac69508cc70319d6d862cb6a23	178528913	100000000	SRR34582728;SRR34582729;SRR34582730	1.01493279281;1.00978086529;1.01083984437	98528691.4642;99031387.3407;98927639.7813	cbe38afb0b2967ea32fb72f9bcda505f8fd9f1e5d82462854d758460907fb589
decoded_signal_rescaled_to_1e8_then_raw_coverage_weighted_within_biological_unit_then_equal_mean_across_units	2026-07-15T09:11:31+00:00	1e-06	RNA_V2_G0073	3	3	sample bedGraphToBigWig header totals can differ from interval-decoded totals; formal grouped labels rescale the decoded signal	1.66562199593e-11	99999999.9983	1e-08	99999999	False	alphagenome_custom/tracks/rna_seq_v2_grouped/RNA_V2_G0073.bw	1.66562199593e-11	9cf6497c861d3d97c705864b125d6031dedbfef039c57cafc15f3f9c998e19b9	172875177	100000000	SRR34582725;SRR34582726;SRR34582727	1.0165284151;1.00949254327;1.01350889073	98374033.1449;99059671.7794;98667116.7023	b843c6615a0ca5b0e50d4dd00f00031a454ee5cad839c4207605553f27c093bc
decoded_signal_rescaled_to_1e8_then_raw_coverage_weighted_within_biological_unit_then_equal_mean_across_units	2026-07-15T09:12:05+00:00	1e-06	RNA_V2_G0074	3	3	sample bedGraphToBigWig header totals can differ from interval-decoded totals; formal grouped labels rescale the decoded signal	1.0881125927e-11	99999999.9989	1e-08	99999999	False	alphagenome_custom/tracks/rna_seq_v2_grouped/RNA_V2_G0074.bw	1.0881125927e-11	2f9cfa4401e2cf53676850800880643f94cb4189ea4d3f3432c5d6f9e5792301	189524826	100000000	SRR34582722;SRR34582723;SRR34582724	1.01030025625;1.0106336934;1.01273082582	98980475.7361;98947819.2279;98742921.0705	f9b1337ddebe04b899b80821a61fe4af7dee6184e2910c3074d0c4f654c4e714
decoded_signal_rescaled_to_1e8_then_raw_coverage_weighted_within_biological_unit_then_equal_mean_across_units	2026-07-15T09:12:31+00:00	1e-06	RNA_V2_G0075	3	3	sample bedGraphToBigWig header totals can differ from interval-decoded totals; formal grouped labels rescale the decoded signal	1.09281241894e-10	100000000.011	0	100000000	False	alphagenome_custom/tracks/rna_seq_v2_grouped/RNA_V2_G0075.bw	1.09281241894e-10	c123ed1e186ba76bed404f3c0f700d28a677f76feabedf98088913ba11c0fabb	150376013	100000000	SRR34628133;SRR34628134;SRR34628135	1.00431643602;1.00310990169;1.00213045472	99570211.5524;99689973.9815;99787407.4468	b79aafc848173f84639977101c8b028aeff0c93201f0218986535815327a6b18
decoded_signal_rescaled_to_1e8_then_raw_coverage_weighted_within_biological_unit_then_equal_mean_across_units	2026-07-15T09:12:59+00:00	1e-06	RNA_V2_G0076	3	3	sample bedGraphToBigWig header totals can differ from interval-decoded totals; formal grouped labels rescale the decoded signal	5.04741072655e-11	100000000.005	0	100000000	False	alphagenome_custom/tracks/rna_seq_v2_grouped/RNA_V2_G0076.bw	5.04741072655e-11	57c5b06dc05f83c011f2b38dab619f0b80cd14885b4a2eb6e35bcbeb63b5dd3d	155310321	100000000	SRR34628130;SRR34628131;SRR34628132	1.00439810741;1.00206680094;1.01268648378	99562115.1236;99793746.1914;98747244.682	1fc0cc381c4f091f10a8ccf36b239d99a362b74ea4c292690a75cc1f7c513a26
decoded_signal_rescaled_to_1e8_then_raw_coverage_weighted_within_biological_unit_then_equal_mean_across_units	2026-07-15T09:13:28+00:00	1e-06	RNA_V2_G0077	3	3	sample bedGraphToBigWig header totals can differ from interval-decoded totals; formal grouped labels rescale the decoded signal	1.33771598339e-10	100000000.013	0	100000000	False	alphagenome_custom/tracks/rna_seq_v2_grouped/RNA_V2_G0077.bw	1.33771598339e-10	0ef064c8212ad6d367a946595ef022c1e1f7aeb8f82bf7c9a20d20ee047954f6	165017379	100000000	SRR34628127;SRR34628128;SRR34628129	1.00378814862;1.00567903821;1.00395285576	99622614.7298;99435303.114;99606270.7789	920b7bb40e81f00fb25b6f1da236de3081b77afe7572fa9762fdbdba4ad15826
decoded_signal_rescaled_to_1e8_then_raw_coverage_weighted_within_biological_unit_then_equal_mean_across_units	2026-07-15T09:13:58+00:00	1e-06	RNA_V2_G0078	3	3	sample bedGraphToBigWig header totals can differ from interval-decoded totals; formal grouped labels rescale the decoded signal	5.11229038239e-11	100000000.005	0	100000000	False	alphagenome_custom/tracks/rna_seq_v2_grouped/RNA_V2_G0078.bw	5.11229038239e-11	8bbc5e1e6a2efb92103151f3786b0563b58c758556bf0b1fd5fbd2ca3a7adf7e	169449095	100000000	SRR34628124;SRR34628125;SRR34628126	1.00227185772;1.00248512362;1.00677698664	99773329.1917;99752103.6911;99326863.1755	0e49c62a13b4ebc3d8fde952ce0ac64b6de935471c2f9a8b55e468e7876fa20d
decoded_signal_rescaled_to_1e8_then_raw_coverage_weighted_within_biological_unit_then_equal_mean_across_units	2026-07-15T09:14:15+00:00	1e-06	RNA_V2_G0079	4	4	sample bedGraphToBigWig header totals can differ from interval-decoded totals; formal grouped labels rescale the decoded signal	1.92387402058e-11	99999999.9981	1e-08	99999999	False	alphagenome_custom/tracks/rna_seq_v2_grouped/RNA_V2_G0079.bw	1.92387402058e-11	abde58bd9213d92e90e84ba414b5f6c1928adf6d44fb9dff67708678f040a895	86277256	100000000	SRR34629314;SRR34629315;SRR34629316;SRR34629317	1.00456470192;1.04087706579;0.999999999999;1.00502278199	99545603.9904;96072824.8192;100000000;99500232.0269	b4ae7979264d41cecbee1b86c775735475314b52f129bdcfe565872044648a83
decoded_signal_rescaled_to_1e8_then_raw_coverage_weighted_within_biological_unit_then_equal_mean_across_units	2026-07-15T09:14:29+00:00	1e-06	RNA_V2_G0080	3	3	sample bedGraphToBigWig header totals can differ from interval-decoded totals; formal grouped labels rescale the decoded signal	5.30883669853e-12	99999999.9995	1e-08	99999999	False	alphagenome_custom/tracks/rna_seq_v2_grouped/RNA_V2_G0080.bw	5.30883669853e-12	45733bdfa5f05a9f947686a47a511376e14d8d6d6bb01e2ef10d4a7050484af0	70861251	100000000	SRR34629318;SRR34629319;SRR34629320	1.01246731959;1.01252519333;1.01776072574	98768620.0487;98762974.6486;98254921.2905	da1fec8438490d450580b2391212cdb2692d8cf0acdd0f2aa290be79f4a9c749
decoded_signal_rescaled_to_1e8_then_raw_coverage_weighted_within_biological_unit_then_equal_mean_across_units	2026-07-15T09:14:58+00:00	1e-06	RNA_V2_G0081	3	3	sample bedGraphToBigWig header totals can differ from interval-decoded totals; formal grouped labels rescale the decoded signal	1.00423395634e-11	100000000.001	0	100000000	False	alphagenome_custom/tracks/rna_seq_v2_grouped/RNA_V2_G0081.bw	1.00423395634e-11	a68e565531ed61e7197d9fe94f452055149caf85711dbde323254aad3971b8d0	158976553	100000000	SRR36521013;SRR36521017;SRR36521021	1.01279357815;1.01437760778;1.01420749307	98736802.9941;98582617.7878;98599153.2144	6b8ca68a0ccf91daa7693a91f545ea02b7fa9e25615eed8d9cfc4cd7e24c1e0d
decoded_signal_rescaled_to_1e8_then_raw_coverage_weighted_within_biological_unit_then_equal_mean_across_units	2026-07-15T09:15:27+00:00	1e-06	RNA_V2_G0082	3	3	sample bedGraphToBigWig header totals can differ from interval-decoded totals; formal grouped labels rescale the decoded signal	2.88078188896e-11	99999999.9971	1e-08	99999999	False	alphagenome_custom/tracks/rna_seq_v2_grouped/RNA_V2_G0082.bw	2.88078188896e-11	16620f5b145f8c13d0f94ddee28160b94111e6e9f47bbe41c142efc96ea375c2	158796921	100000000	SRR36521011;SRR36521015;SRR36521019	1.01640635044;1.01656937503;1.01743391436	98385847.3108;98370069.4279;98286481.8923	e6a9df5b1c4791acf3632efe823ece74c1131098390cab29910d32d6f8c1665a
decoded_signal_rescaled_to_1e8_then_raw_coverage_weighted_within_biological_unit_then_equal_mean_across_units	2026-07-15T09:15:55+00:00	1e-06	RNA_V2_G0083	3	3	sample bedGraphToBigWig header totals can differ from interval-decoded totals; formal grouped labels rescale the decoded signal	6.39912486076e-11	99999999.9936	1e-08	99999999	False	alphagenome_custom/tracks/rna_seq_v2_grouped/RNA_V2_G0083.bw	6.39912486076e-11	eb15054dd28f832c4f92b2aaab1e832f924fe93dfed3610953e6034c7468d0fe	150205910	100000000	SRR36521012;SRR36521016;SRR36521020	1.01332296665;1.01095200243;1.01319303234	98685220.104;98916664.4507;98697875.7335	08d1b1160ab486d942233aaa9af82145c39728a2c688bd8f975149dde1948e83
decoded_signal_rescaled_to_1e8_then_raw_coverage_weighted_within_biological_unit_then_equal_mean_across_units	2026-07-15T09:16:23+00:00	1e-06	RNA_V2_G0084	3	3	sample bedGraphToBigWig header totals can differ from interval-decoded totals; formal grouped labels rescale the decoded signal	6.54637813568e-11	100000000.007	0	100000000	False	alphagenome_custom/tracks/rna_seq_v2_grouped/RNA_V2_G0084.bw	6.54637813568e-11	23f3b25c3b7052f537b4182f1e538cebd232885be53d4ee4ffcbfaa0d9cc91bb	152231424	100000000	SRR36521014;SRR36521018;SRR36521022	1.01254119884;1.01274527551;1.01672088022	98761413.4763;98741512.2229;98355410.954	96a84bda86f6d8d52ddeb6535a40f4c3a38313b35323753b574e68f7f646eff8
decoded_signal_rescaled_to_1e8_then_raw_coverage_weighted_within_biological_unit_then_equal_mean_across_units	2026-07-15T09:16:35+00:00	1e-06	RNA_V2_G0085	1	1	sample bedGraphToBigWig header totals can differ from interval-decoded totals; formal grouped labels rescale the decoded signal	1.03648722172e-09	100000000.104	0	100000000	False	alphagenome_custom/tracks/rna_seq_v2_grouped/RNA_V2_G0085.bw	1.03648722172e-09	7178054908eb75d727bbd569f60cfb9942405436d68c98d0e4dd1882bd22d868	48637103	100000000	SRR941632	1.02258317433	97791556.2375	e0bb8de8a1c36971c8d090fce5948286803f7543ebf6d94780c3ce70ce7c05ac
decoded_signal_rescaled_to_1e8_then_raw_coverage_weighted_within_biological_unit_then_equal_mean_across_units	2026-07-15T09:16:49+00:00	1e-06	RNA_V2_G0086	1	1	sample bedGraphToBigWig header totals can differ from interval-decoded totals; formal grouped labels rescale the decoded signal	1.82462781668e-10	100000000.018	0	100000000	False	alphagenome_custom/tracks/rna_seq_v2_grouped/RNA_V2_G0086.bw	1.82462781668e-10	4a1d471cf3e74ae85e0a61427c2f5950e7793cb08d7cf8cab88bf57bb3f0ac8f	58577464	100000000	SRR941637	1.02091672173	97951182.3756	c55a0440e875181fc0d8ae3ff2d93365caae235caae5bfecd2eba06a403da22e
decoded_signal_rescaled_to_1e8_then_raw_coverage_weighted_within_biological_unit_then_equal_mean_across_units	2026-07-15T09:17:03+00:00	1e-06	RNA_V2_G0087	1	1	sample bedGraphToBigWig header totals can differ from interval-decoded totals; formal grouped labels rescale the decoded signal	2.30517938733e-09	100000000.231	0	100000000	False	alphagenome_custom/tracks/rna_seq_v2_grouped/RNA_V2_G0087.bw	2.30517938733e-09	c97bdb06f387dbcb4c63f36ffa17168f6731a0b5d438c69b51cee9556f9e3ece	59618783	100000000	SRR941638	1.02026744108	98013516.8226	52ff84582a9095cd0f188977f8af5a6d770304f706c7892857003aed802f38fe
decoded_signal_rescaled_to_1e8_then_raw_coverage_weighted_within_biological_unit_then_equal_mean_across_units	2026-07-15T09:17:16+00:00	1e-06	RNA_V2_G0088	1	1	sample bedGraphToBigWig header totals can differ from interval-decoded totals; formal grouped labels rescale the decoded signal	1.83124572039e-09	99999999.8169	1e-08	99999999	False	alphagenome_custom/tracks/rna_seq_v2_grouped/RNA_V2_G0088.bw	1.83124572039e-09	c9d4c52cf05450783ce3b00c0c0a3fbcfec0851359537238969c828e415a6e1c	53880050	100000000	SRR941639	1.01689623127	98338450.7929	8339cc23f4b0a8622c80bd6c3e9d9556e4ea5c09a4f2a49c34f50877f96d3a67
decoded_signal_rescaled_to_1e8_then_raw_coverage_weighted_within_biological_unit_then_equal_mean_across_units	2026-07-15T09:17:26+00:00	1e-06	RNA_V2_G0089	1	1	sample bedGraphToBigWig header totals can differ from interval-decoded totals; formal grouped labels rescale the decoded signal	3.59614506364e-09	99999999.6404	1e-08	99999999	False	alphagenome_custom/tracks/rna_seq_v2_grouped/RNA_V2_G0089.bw	3.59614506364e-09	962286ab765af0e703fd14f54389e0648abd7ea99d04401805c5272a8971a7ce	39886264	100000000	SRR941640	1.01608791432	98416680.8707	43e3c72313cdcb04491615fbee310729a1e2c92219a0fdf975778a5c3d77ffb4
decoded_signal_rescaled_to_1e8_then_raw_coverage_weighted_within_biological_unit_then_equal_mean_across_units	2026-07-15T09:17:36+00:00	1e-06	RNA_V2_G0090	1	1	sample bedGraphToBigWig header totals can differ from interval-decoded totals; formal grouped labels rescale the decoded signal	3.40707302094e-10	100000000.034	0	100000000	False	alphagenome_custom/tracks/rna_seq_v2_grouped/RNA_V2_G0090.bw	3.40707302094e-10	4891260d2797baf18a91509e2a8fd8e7a77e41a94a89265cba7572e36abe46c3	37748544	100000000	SRR941641	1.01667198255	98360141.4386	cb867201d73eccbb9deb1feeb8c1d31d59b6b5f41b0ce96f87aace35a27ce03d
decoded_signal_rescaled_to_1e8_then_raw_coverage_weighted_within_biological_unit_then_equal_mean_across_units	2026-07-15T09:17:47+00:00	1e-06	RNA_V2_G0091	1	1	sample bedGraphToBigWig header totals can differ from interval-decoded totals; formal grouped labels rescale the decoded signal	3.93573731184e-09	100000000.394	0	100000000	False	alphagenome_custom/tracks/rna_seq_v2_grouped/RNA_V2_G0091.bw	3.93573731184e-09	fb04f93d38c5b808e624ee946ae679ecbf6e98f70fdf08038ef5a3b703bbeefb	43457824	100000000	SRR941642	1.0227388682	97776669.2059	149baf184b667bbacf74ff9f04eb6a75b7e1aa7e35ddd2fd48ddf3f077353a0e
decoded_signal_rescaled_to_1e8_then_raw_coverage_weighted_within_biological_unit_then_equal_mean_across_units	2026-07-15T09:17:57+00:00	1e-06	RNA_V2_G0092	1	1	sample bedGraphToBigWig header totals can differ from interval-decoded totals; formal grouped labels rescale the decoded signal	6.44463300705e-10	100000000.064	0	100000000	False	alphagenome_custom/tracks/rna_seq_v2_grouped/RNA_V2_G0092.bw	6.44463300705e-10	5a0651c066e98d9061cf37765d9795187306cc17cb2d01449136fb9896506283	39110552	100000000	SRR941643	1.01962815837	98074968.9764	eea9c81c584d983891305eb9b38f09b75b81939795ce583dd3018e2c36a612ed
decoded_signal_rescaled_to_1e8_then_raw_coverage_weighted_within_biological_unit_then_equal_mean_across_units	2026-07-15T09:18:07+00:00	1e-06	RNA_V2_G0093	1	1	sample bedGraphToBigWig header totals can differ from interval-decoded totals; formal grouped labels rescale the decoded signal	1.3985440135e-09	100000000.14	0	100000000	False	alphagenome_custom/tracks/rna_seq_v2_grouped/RNA_V2_G0093.bw	1.3985440135e-09	840be896f8297e7411da4296508b5975970e0b093e3a9a22db5e62546e6228b4	38901592	100000000	SRR941644	1.0232900125	97724006.663	0f33ed5035cf36c3810d4d4a2d4d953100fe15394288507f739ae61a67c5b676
decoded_signal_rescaled_to_1e8_then_raw_coverage_weighted_within_biological_unit_then_equal_mean_across_units	2026-07-15T09:18:18+00:00	1e-06	RNA_V2_G0094	1	1	sample bedGraphToBigWig header totals can differ from interval-decoded totals; formal grouped labels rescale the decoded signal	1.70149296522e-09	99999999.8299	1e-08	99999999	False	alphagenome_custom/tracks/rna_seq_v2_grouped/RNA_V2_G0094.bw	1.70149296522e-09	97832f1ae1a295e57e0b1ca5c1959fde17bdaf40535f4c150a57df64246e00da	41127630	100000000	SRR941645	1.0185114999	98182494.7581	15ef9fb1cdd08d8d207c68e3e981b580141bf40375f4a46f4b5db36cf7a1fbb1
decoded_signal_rescaled_to_1e8_then_raw_coverage_weighted_within_biological_unit_then_equal_mean_across_units	2026-07-15T09:18:31+00:00	1e-06	RNA_V2_G0095	1	1	sample bedGraphToBigWig header totals can differ from interval-decoded totals; formal grouped labels rescale the decoded signal	4.60032522678e-10	100000000.046	0	100000000	False	alphagenome_custom/tracks/rna_seq_v2_grouped/RNA_V2_G0095.bw	4.60032522678e-10	0fa8d6aa9da3fcfe137b6499da330ab7d8e7c3585240fe346cfa0cd92183fa09	53849762	100000000	SRR941646	1.02221064715	97827194.6966	51d7b045087009dba776aa8aa9939abdacc6e4e7bff1061ca5e6812ca6cf6e6d
decoded_signal_rescaled_to_1e8_then_raw_coverage_weighted_within_biological_unit_then_equal_mean_across_units	2026-07-15T09:18:42+00:00	1e-06	RNA_V2_G0096	1	1	sample bedGraphToBigWig header totals can differ from interval-decoded totals; formal grouped labels rescale the decoded signal	3.4551282227e-09	100000000.346	0	100000000	False	alphagenome_custom/tracks/rna_seq_v2_grouped/RNA_V2_G0096.bw	3.4551282227e-09	fc266698092a56f3c248e5935c29054bc6d0f66daa51f6843db671696336ed68	46124699	100000000	SRR941633	1.02349876752	97704074.6641	192ab5f03414788981aed4462c25dac6a327e7d4eb0426c4bb39b3eaeb27e829
decoded_signal_rescaled_to_1e8_then_raw_coverage_weighted_within_biological_unit_then_equal_mean_across_units	2026-07-15T09:18:57+00:00	1e-06	RNA_V2_G0097	1	1	sample bedGraphToBigWig header totals can differ from interval-decoded totals; formal grouped labels rescale the decoded signal	3.95222604275e-10	100000000.04	0	100000000	False	alphagenome_custom/tracks/rna_seq_v2_grouped/RNA_V2_G0097.bw	3.95222604275e-10	5d4fd862ac63330d68ebf5ec961844a6b8a43dfbdcdbd68ad252529d5555b72d	62318888	100000000	SRR941647	1.02698869211	97372055.5718	5e3b8f666967cde90051280d6f90b4b0f0f0bda7df24075ab932d3e776ebe05f
decoded_signal_rescaled_to_1e8_then_raw_coverage_weighted_within_biological_unit_then_equal_mean_across_units	2026-07-15T09:19:11+00:00	1e-06	RNA_V2_G0098	1	1	sample bedGraphToBigWig header totals can differ from interval-decoded totals; formal grouped labels rescale the decoded signal	3.26500535011e-10	100000000.033	0	100000000	False	alphagenome_custom/tracks/rna_seq_v2_grouped/RNA_V2_G0098.bw	3.26500535011e-10	a85c7d7d229b3510833c753b955504963910dfe2fe4182d3c66b148a8d27620f	59493331	100000000	SRR941648	1.02775891792	97299082.748	81d382fdf07127aa720dd725c9854c0012a99d15554db08fd122fefc88c8900b
decoded_signal_rescaled_to_1e8_then_raw_coverage_weighted_within_biological_unit_then_equal_mean_across_units	2026-07-15T09:19:25+00:00	1e-06	RNA_V2_G0099	1	1	sample bedGraphToBigWig header totals can differ from interval-decoded totals; formal grouped labels rescale the decoded signal	2.8345182538e-09	100000000.283	0	100000000	False	alphagenome_custom/tracks/rna_seq_v2_grouped/RNA_V2_G0099.bw	2.8345182538e-09	b6d767cc20354a0447a3b69dc2c23ee58135322f631b7e8ce5d67a32d90a5e76	59017737	100000000	SRR941649	1.02402403859	97653957.5552	f4789ee578a9e186fed50913cce05bf25eeac977221061479c6d435645d24669
decoded_signal_rescaled_to_1e8_then_raw_coverage_weighted_within_biological_unit_then_equal_mean_across_units	2026-07-15T09:19:40+00:00	1e-06	RNA_V2_G0100	1	1	sample bedGraphToBigWig header totals can differ from interval-decoded totals; formal grouped labels rescale the decoded signal	2.11893633008e-09	99999999.7881	1e-08	99999999	False	alphagenome_custom/tracks/rna_seq_v2_grouped/RNA_V2_G0100.bw	2.11893633008e-09	cd51942274a227e0698dc99c7eea753963bf14540addde377c1eb17914e1ee66	65292280	100000000	SRR941650	1.02470181935	97589365.1324	7ae2bcd01ba6c5c2746febede23783f3fba76ecfda7955fbe4f4de9a611a50d9
decoded_signal_rescaled_to_1e8_then_raw_coverage_weighted_within_biological_unit_then_equal_mean_across_units	2026-07-15T09:19:52+00:00	1e-06	RNA_V2_G0101	1	1	sample bedGraphToBigWig header totals can differ from interval-decoded totals; formal grouped labels rescale the decoded signal	9.4546765089e-10	99999999.9055	1e-08	99999999	False	alphagenome_custom/tracks/rna_seq_v2_grouped/RNA_V2_G0101.bw	9.4546765089e-10	7a1a80703e61fa643ad376bb26eb6a19d51eef69c41ff8db9210c792f94e2a51	45931355	100000000	SRR941651	1.02014381238	98025394.8379	9931aac36e842dd9d043008dc2319c6d38f72056aa4b49c4822166ab080127c8
decoded_signal_rescaled_to_1e8_then_raw_coverage_weighted_within_biological_unit_then_equal_mean_across_units	2026-07-15T09:20:05+00:00	1e-06	RNA_V2_G0102	1	1	sample bedGraphToBigWig header totals can differ from interval-decoded totals; formal grouped labels rescale the decoded signal	1.05413988233e-09	100000000.105	0	100000000	False	alphagenome_custom/tracks/rna_seq_v2_grouped/RNA_V2_G0102.bw	1.05413988233e-09	36c98e3d06606e2c56b608c6609594142a8049e26badad7387351bd5c5537fe5	53019389	100000000	SRR941634	1.01902090437	98133413.7219	5f5c2c9fba36665166f0244132d3c0d9c0867db4c2caaa43256eab3db05b9ba7
decoded_signal_rescaled_to_1e8_then_raw_coverage_weighted_within_biological_unit_then_equal_mean_across_units	2026-07-15T09:20:17+00:00	1e-06	RNA_V2_G0103	1	1	sample bedGraphToBigWig header totals can differ from interval-decoded totals; formal grouped labels rescale the decoded signal	6.51343911886e-10	100000000.065	0	100000000	False	alphagenome_custom/tracks/rna_seq_v2_grouped/RNA_V2_G0103.bw	6.51343911886e-10	0b1eeded99d7cc01f06b6a7e7d94ec519a53e2b2a60f6aba5348d8e8cb71dfa3	49090942	100000000	SRR941635	1.01747023108	98282973.7378	aab81b0f634e0108a17830edc0d7ff16e2e3444851fac028ac977d2aba096d5c
decoded_signal_rescaled_to_1e8_then_raw_coverage_weighted_within_biological_unit_then_equal_mean_across_units	2026-07-15T09:20:27+00:00	1e-06	RNA_V2_G0104	1	1	sample bedGraphToBigWig header totals can differ from interval-decoded totals; formal grouped labels rescale the decoded signal	3.52888554335e-10	100000000.035	0	100000000	False	alphagenome_custom/tracks/rna_seq_v2_grouped/RNA_V2_G0104.bw	3.52888554335e-10	796efdb206bf030f5858eff6659f66e1cf852cff89b59e669ad0bf4b979becaf	41771628	100000000	SRR941636	1.01994136076	98044852.2308	0f44e70c8fe46ff61a9a0ad9db7618937623e0acfeadeb1c7e5d0f6fc04c8c41
decoded_signal_rescaled_to_1e8_then_raw_coverage_weighted_within_biological_unit_then_equal_mean_across_units	2026-07-15T09:20:42+00:00	1e-06	RNA_V2_G0105	1	1	sample bedGraphToBigWig header totals can differ from interval-decoded totals; formal grouped labels rescale the decoded signal	7.15466141701e-10	100000000.072	0	100000000	False	alphagenome_custom/tracks/rna_seq_v2_grouped/RNA_V2_G0105.bw	7.15466141701e-10	213b7091c77114e30cea6d84056a928a7d539d89dbc257250557251b4e9cd4e2	60595896	100000000	SRR941697	1.0151104198	98511450.626	15109273071b2457a24d8554fa5822fc3136ff6246b79e2e6de24eb02163db01
decoded_signal_rescaled_to_1e8_then_raw_coverage_weighted_within_biological_unit_then_equal_mean_across_units	2026-07-15T09:20:57+00:00	1e-06	RNA_V2_G0106	1	1	sample bedGraphToBigWig header totals can differ from interval-decoded totals; formal grouped labels rescale the decoded signal	1.59541666508e-10	99999999.984	1e-08	99999999	False	alphagenome_custom/tracks/rna_seq_v2_grouped/RNA_V2_G0106.bw	1.59541666508e-10	f851bcb2025226f1eb26db039a5498a1409edf44d1ddb093f1140991a0558176	63915607	100000000	SRR941698	1.01577553668	98446946.5835	a6fd9513d23e392966d301711d389330e3ab5635bc37324fa3ffd359438abaf2
decoded_signal_rescaled_to_1e8_then_raw_coverage_weighted_within_biological_unit_then_equal_mean_across_units	2026-07-15T09:21:11+00:00	1e-06	RNA_V2_G0107	1	1	sample bedGraphToBigWig header totals can differ from interval-decoded totals; formal grouped labels rescale the decoded signal	1.33619457483e-09	100000000.134	0	100000000	False	alphagenome_custom/tracks/rna_seq_v2_grouped/RNA_V2_G0107.bw	1.33619457483e-09	5f169fe3c814cdecca453d884ba64d82391055f6a6122ba70ea26c5c415b09c0	60292930	100000000	SRR941699	1.01639902184	98386556.7083	73dc27625ec77f6f2311d1b6e382621eccf875ae179167baf234e0a8468fb68a
decoded_signal_rescaled_to_1e8_then_raw_coverage_weighted_within_biological_unit_then_equal_mean_across_units	2026-07-15T09:21:26+00:00	1e-06	RNA_V2_G0108	1	1	sample bedGraphToBigWig header totals can differ from interval-decoded totals; formal grouped labels rescale the decoded signal	3.56042087078e-10	99999999.9644	1e-08	99999999	False	alphagenome_custom/tracks/rna_seq_v2_grouped/RNA_V2_G0108.bw	3.56042087078e-10	c1116be1edcaf9dc86407fab93e93f82ea260d0e6438e8cb6562a29868f8af1f	60228893	100000000	SRR941700	1.01685844041	98342105.4748	1861988ca31e8a2648fc871467ee9538a260f414ecad1010a47538c7d12b4a01
decoded_signal_rescaled_to_1e8_then_raw_coverage_weighted_within_biological_unit_then_equal_mean_across_units	2026-07-15T09:21:40+00:00	1e-06	RNA_V2_G0109	1	1	sample bedGraphToBigWig header totals can differ from interval-decoded totals; formal grouped labels rescale the decoded signal	4.42217886448e-10	100000000.044	0	100000000	False	alphagenome_custom/tracks/rna_seq_v2_grouped/RNA_V2_G0109.bw	4.42217886448e-10	8ae0ad28048004054dce2817023819b4966743cd7643e09f2a740572221a331e	61375012	100000000	SRR941701	1.01717256567	98311735.2701	eead92b70221dcd3c35090c58f133f4eff9292f092fcea55e29a1b60571e2812
decoded_signal_rescaled_to_1e8_then_raw_coverage_weighted_within_biological_unit_then_equal_mean_across_units	2026-07-15T09:21:56+00:00	1e-06	RNA_V2_G0110	1	1	sample bedGraphToBigWig header totals can differ from interval-decoded totals; formal grouped labels rescale the decoded signal	6.36475980282e-10	100000000.064	0	100000000	False	alphagenome_custom/tracks/rna_seq_v2_grouped/RNA_V2_G0110.bw	6.36475980282e-10	0137b523d1728120df892997427833d486914d9501b41803d4e931e3c8cfde85	66045339	100000000	SRR941702	1.01542565796	98480867.8175	fd21c55edc202bf974dbeb1deeeeb1e04ec8a374e0c19eef7d333d7e68168adf
decoded_signal_rescaled_to_1e8_then_raw_coverage_weighted_within_biological_unit_then_equal_mean_across_units	2026-07-15T09:22:02+00:00	1e-06	RNA_V2_G0111	1	1	sample bedGraphToBigWig header totals can differ from interval-decoded totals; formal grouped labels rescale the decoded signal	1.33446708322e-09	99999999.8666	1e-08	99999999	False	alphagenome_custom/tracks/rna_seq_v2_grouped/RNA_V2_G0111.bw	1.33446708322e-09	2b7379ef3b7007f252d1a0e72df3872e821503b31909c9c49fbba50cc2edbd2b	26164011	100000000	SRR3657224	1.07162764759	93315994.8092	6faf370ff763196f93571d643350cd66bc00617a2a979d806fca2544967b8805
decoded_signal_rescaled_to_1e8_then_raw_coverage_weighted_within_biological_unit_then_equal_mean_across_units	2026-07-15T09:22:08+00:00	1e-06	RNA_V2_G0112	1	1	sample bedGraphToBigWig header totals can differ from interval-decoded totals; formal grouped labels rescale the decoded signal	3.3378303051e-09	100000000.334	0	100000000	False	alphagenome_custom/tracks/rna_seq_v2_grouped/RNA_V2_G0112.bw	3.3378303051e-09	aa77d4556834ff91a8bb153dafe92389fb09bd7e2b606e24c59d5f540c5c4165	28592099	100000000	SRR3657229	1.06681908358	93736605.8957	aa6d1693b34c8f6f3d0bc500515cecc0ea81e0f153c6fbedcbcf2d128d13f05b
decoded_signal_rescaled_to_1e8_then_raw_coverage_weighted_within_biological_unit_then_equal_mean_across_units	2026-07-15T09:22:11+00:00	1e-06	RNA_V2_G0113	1	1	sample bedGraphToBigWig header totals can differ from interval-decoded totals; formal grouped labels rescale the decoded signal	3.13483923674e-10	100000000.031	0	100000000	False	alphagenome_custom/tracks/rna_seq_v2_grouped/RNA_V2_G0113.bw	3.13483923674e-10	0186850e976a47d88fcc2bb8e197e900890316661e173e737388ce2eccfc24a8	8580302	100000000	SRR3657225	0.999999999687	100000000.031	7e3e54edda5839c1ff9518dc8579013254cacf0060483c1a5cd815c534187133
decoded_signal_rescaled_to_1e8_then_raw_coverage_weighted_within_biological_unit_then_equal_mean_across_units	2026-07-15T09:22:15+00:00	1e-06	RNA_V2_G0114	1	1	sample bedGraphToBigWig header totals can differ from interval-decoded totals; formal grouped labels rescale the decoded signal	2.60241985321e-09	100000000.26	0	100000000	False	alphagenome_custom/tracks/rna_seq_v2_grouped/RNA_V2_G0114.bw	2.60241985321e-09	3c45996d8ef2d2e515742175b93dfa7ab4cd35dd3a4ed60529d9b7c9b25ba263	17569838	100000000	SRR3657226	1.05876219543	94449915.6015	5463294e84d72cf398ca2f1d87573575337e9b42a7511ec50901f5cf7f1b03d7
decoded_signal_rescaled_to_1e8_then_raw_coverage_weighted_within_biological_unit_then_equal_mean_across_units	2026-07-15T09:22:24+00:00	1e-06	RNA_V2_G0115	1	1	sample bedGraphToBigWig header totals can differ from interval-decoded totals; formal grouped labels rescale the decoded signal	8.93061459064e-10	99999999.9107	1e-08	99999999	False	alphagenome_custom/tracks/rna_seq_v2_grouped/RNA_V2_G0115.bw	8.93061459064e-10	40f26c3ef0f9727d5e9f22baf1e4565c1f2789e6735353a4ee50d48acc9d53bd	43248668	100000000	SRR3657230	1.07734942533	92820395.7313	46dbbdf3851cfdeffd13be0bf45237e96d31d836c798d2dbb3ea3d89cc2d7fd2
decoded_signal_rescaled_to_1e8_then_raw_coverage_weighted_within_biological_unit_then_equal_mean_across_units	2026-07-15T09:22:28+00:00	1e-06	RNA_V2_G0116	1	1	sample bedGraphToBigWig header totals can differ from interval-decoded totals; formal grouped labels rescale the decoded signal	6.88889473677e-10	99999999.9311	1e-08	99999999	False	alphagenome_custom/tracks/rna_seq_v2_grouped/RNA_V2_G0116.bw	6.88889473677e-10	b2cc25bb1e654232b5729b4eee76c13648f2b44fb2d6a839be9c4cc26f6ec6ec	16741572	100000000	SRR3657231	1.11566148082	89632923.3547	b7f301c87c26671168d6f53991516677571cd68ee21f0cf3b90567783886627c
decoded_signal_rescaled_to_1e8_then_raw_coverage_weighted_within_biological_unit_then_equal_mean_across_units	2026-07-15T09:22:34+00:00	1e-06	RNA_V2_G0117	1	1	sample bedGraphToBigWig header totals can differ from interval-decoded totals; formal grouped labels rescale the decoded signal	5.79296350479e-10	99999999.9421	1e-08	99999999	False	alphagenome_custom/tracks/rna_seq_v2_grouped/RNA_V2_G0117.bw	5.79296350479e-10	e67c32e32883b8cafd529b22b3f3c4827ea1491c7f79c662d75df6381fcd7197	28990206	100000000	SRR3657227	1.0389093244	96254791.1074	cdf4ecb32c0aae6d2a7e95316648e4ebdeb0fbfd1633eb7a2cf69f4061079c12
decoded_signal_rescaled_to_1e8_then_raw_coverage_weighted_within_biological_unit_then_equal_mean_across_units	2026-07-15T09:22:41+00:00	1e-06	RNA_V2_G0118	1	1	sample bedGraphToBigWig header totals can differ from interval-decoded totals; formal grouped labels rescale the decoded signal	8.76012444496e-10	99999999.9124	1e-08	99999999	False	alphagenome_custom/tracks/rna_seq_v2_grouped/RNA_V2_G0118.bw	8.76012444496e-10	0208b3e59a2e9ce746f42e76d01bdde33354e28bb0f59cdc86e9f86e408792d3	32288437	100000000	SRR3657228	1.03369948166	96739915.0082	fa9aa3e4c37e44fa685415ef73e43c6a4d1d5e7500cf336ad851cb8932975878
decoded_signal_rescaled_to_1e8_then_raw_coverage_weighted_within_biological_unit_then_equal_mean_across_units	2026-07-15T09:22:46+00:00	1e-06	RNA_V2_G0119	1	1	sample bedGraphToBigWig header totals can differ from interval-decoded totals; formal grouped labels rescale the decoded signal	6.59229457378e-10	100000000.066	0	100000000	False	alphagenome_custom/tracks/rna_seq_v2_grouped/RNA_V2_G0119.bw	6.59229457378e-10	100c63901a408cc180ba5f4489d18c4a157287f4ec89a486d72c7df7c81d2012	20019705	100000000	SRR3657232	1.06305877436	94068176.1081	297a4fa5811b9e29c6045d5f7e7c9496a2b78e9431e6c0466be4a8d390945c45
decoded_signal_rescaled_to_1e8_then_raw_coverage_weighted_within_biological_unit_then_equal_mean_across_units	2026-07-15T09:22:51+00:00	1e-06	RNA_V2_G0120	1	1	sample bedGraphToBigWig header totals can differ from interval-decoded totals; formal grouped labels rescale the decoded signal	3.26220780611e-09	100000000.326	0	100000000	False	alphagenome_custom/tracks/rna_seq_v2_grouped/RNA_V2_G0120.bw	3.26220780611e-09	92053f5e65074fbfb16e4390a72836bacbf6d5a6eabe33cc6e9cdda02cee96db	22634203	100000000	SRR3657233	1.09222296516	91556397.5395	bf1aa372f4761a731dddda2c333191e6688bbf78b00209639f5c293167454e7e
decoded_signal_rescaled_to_1e8_then_raw_coverage_weighted_within_biological_unit_then_equal_mean_across_units	2026-07-15T09:22:56+00:00	1e-06	RNA_V2_G0121	1	1	sample bedGraphToBigWig header totals can differ from interval-decoded totals; formal grouped labels rescale the decoded signal	2.00972124934e-09	99999999.799	1e-08	99999999	False	alphagenome_custom/tracks/rna_seq_v2_grouped/RNA_V2_G0121.bw	2.00972124934e-09	2de052ed522c886fd5a17f59ca9865a4657e3d30c2ce167a70e1b3b67e8d4007	20992253	100000000	SRR14191081	1.01966542831	98071384.2243	9726e75d8717220438a5760a37078800bdf4324b5d8a380f92cb0332d465662a
decoded_signal_rescaled_to_1e8_then_raw_coverage_weighted_within_biological_unit_then_equal_mean_across_units	2026-07-15T09:23:02+00:00	1e-06	RNA_V2_G0122	1	1	sample bedGraphToBigWig header totals can differ from interval-decoded totals; formal grouped labels rescale the decoded signal	1.34102672338e-09	99999999.8659	1e-08	99999999	False	alphagenome_custom/tracks/rna_seq_v2_grouped/RNA_V2_G0122.bw	1.34102672338e-09	18bb8b47e1822aa7bfa44e3b88c35332589025a0a2c530de56c5e0553558596d	23426880	100000000	SRR14191082	1.0198277634	98055773.3267	1028fbd25fd628b53b2b5f0b3dcfb5d8fadabf97cab6dda0100047699a0946bb
decoded_signal_rescaled_to_1e8_then_raw_coverage_weighted_within_biological_unit_then_equal_mean_across_units	2026-07-15T09:23:06+00:00	1e-06	RNA_V2_G0123	1	1	sample bedGraphToBigWig header totals can differ from interval-decoded totals; formal grouped labels rescale the decoded signal	6.53001368046e-10	100000000.065	0	100000000	False	alphagenome_custom/tracks/rna_seq_v2_grouped/RNA_V2_G0123.bw	6.53001368046e-10	14fc6191f369644a338f1c2f757cf18291ac2c86f99c1b20da28b131dedf51c7	13569987	100000000	SRR14191083	1.02303738659	97748138.3479	b9bcce52f246bbc0d154d81b5d83292cc80f50a2a3de9ce7268c416ecda76bc9
decoded_signal_rescaled_to_1e8_then_raw_coverage_weighted_within_biological_unit_then_equal_mean_across_units	2026-07-15T09:23:11+00:00	1e-06	RNA_V2_G0124	1	1	sample bedGraphToBigWig header totals can differ from interval-decoded totals; formal grouped labels rescale the decoded signal	2.65701770782e-09	100000000.266	0	100000000	False	alphagenome_custom/tracks/rna_seq_v2_grouped/RNA_V2_G0124.bw	2.65701770782e-09	0be04ed4d0263e95b429b8ffa64a826d69824c001b328600c04770367e7bd496	21407644	100000000	SRR14191084	1.02128828814	97915545.6505	188997c27e08694a4919a7e099ef87a5d8de98d4e50f7ca951894716278fb112
decoded_signal_rescaled_to_1e8_then_raw_coverage_weighted_within_biological_unit_then_equal_mean_across_units	2026-07-15T09:23:16+00:00	1e-06	RNA_V2_G0125	1	1	sample bedGraphToBigWig header totals can differ from interval-decoded totals; formal grouped labels rescale the decoded signal	9.83202010393e-10	99999999.9017	1e-08	99999999	False	alphagenome_custom/tracks/rna_seq_v2_grouped/RNA_V2_G0125.bw	9.83202010393e-10	1fe5a27f0838cd2bc92e9956b3f9f3c79115c9bd994e025aa924f8bf7c9c7f63	18766764	100000000	SRR14191085	1.01973673456	98064526.4711	1ddb37194ce44bf02fc44dfb1351ec4ed6a117d9ccc61c2370e0465d001db2bb
decoded_signal_rescaled_to_1e8_then_raw_coverage_weighted_within_biological_unit_then_equal_mean_across_units	2026-07-15T09:23:21+00:00	1e-06	RNA_V2_G0126	1	1	sample bedGraphToBigWig header totals can differ from interval-decoded totals; formal grouped labels rescale the decoded signal	1.59976258874e-09	100000000.16	0	100000000	False	alphagenome_custom/tracks/rna_seq_v2_grouped/RNA_V2_G0126.bw	1.59976258874e-09	deda162925ab5352f8a5e7c9b504f553b7bcdc5ac9189ea56f182ae04a868f58	19673515	100000000	SRR14191086	1.02051235399	97989994.5445	f64eb38651e8dbebc0d24f174f2400debb223ace3b8dcff6a98a3f35348877ea
decoded_signal_rescaled_to_1e8_then_raw_coverage_weighted_within_biological_unit_then_equal_mean_across_units	2026-07-15T09:23:27+00:00	1e-06	RNA_V2_G0127	1	1	sample bedGraphToBigWig header totals can differ from interval-decoded totals; formal grouped labels rescale the decoded signal	1.49990469217e-09	100000000.15	0	100000000	False	alphagenome_custom/tracks/rna_seq_v2_grouped/RNA_V2_G0127.bw	1.49990469217e-09	6ba60b13e6c090f8b5c344735ceac318cbab7ec669d9e8738875fa1010da2b77	23565400	100000000	SRR14191087	1.01754878185	98275386.6779	7551b9818693b07c7f49d301e831277a4ebdb681eba761f0e1f707332bdc7fcc
decoded_signal_rescaled_to_1e8_then_raw_coverage_weighted_within_biological_unit_then_equal_mean_across_units	2026-07-15T09:23:33+00:00	1e-06	RNA_V2_G0128	1	1	sample bedGraphToBigWig header totals can differ from interval-decoded totals; formal grouped labels rescale the decoded signal	4.83113527298e-10	99999999.9517	1e-08	99999999	False	alphagenome_custom/tracks/rna_seq_v2_grouped/RNA_V2_G0128.bw	4.83113527298e-10	80fecaea9b8bdfb0e39940fc3359dadf0c429f3afd99e49d0f1a40686533aaa8	22854853	100000000	SRR14191088	1.01775588912	98255388.2213	208d3bfd47a4dc077ad582a0925586446ee46f0bd7d69a56ae194e612674a3e7
decoded_signal_rescaled_to_1e8_then_raw_coverage_weighted_within_biological_unit_then_equal_mean_across_units	2026-07-15T09:23:40+00:00	1e-06	RNA_V2_G0129	1	1	sample bedGraphToBigWig header totals can differ from interval-decoded totals; formal grouped labels rescale the decoded signal	8.55809152126e-10	100000000.086	0	100000000	False	alphagenome_custom/tracks/rna_seq_v2_grouped/RNA_V2_G0129.bw	8.55809152126e-10	029bac671575a3ba4357b9f84225de361bd120e98cbf04334be31f54d320611f	28925854	100000000	SRR14191089	1.01992499944	98046425.0362	93ae36a011891b0cc91633d0246c8a76f7fa0b076d5ed6ba6252dcbd1ead567d
decoded_signal_rescaled_to_1e8_then_raw_coverage_weighted_within_biological_unit_then_equal_mean_across_units	2026-07-15T09:23:45+00:00	1e-06	RNA_V2_G0130	1	1	sample bedGraphToBigWig header totals can differ from interval-decoded totals; formal grouped labels rescale the decoded signal	6.44896924496e-11	100000000.006	0	100000000	False	alphagenome_custom/tracks/rna_seq_v2_grouped/RNA_V2_G0130.bw	6.44896924496e-11	f187c9b54110663fb7ce85851852bc5a7bbd9656d0a4df55ba8713a8e74fa92e	24005702	100000000	SRR14191090	1.01470843188	98550477.0218	9672370e08e73ef6f4d39cce60816d848cb2d8a7034ce23df3fa8761cea1fb04
decoded_signal_rescaled_to_1e8_then_raw_coverage_weighted_within_biological_unit_then_equal_mean_across_units	2026-07-15T09:23:51+00:00	1e-06	RNA_V2_G0131	1	1	sample bedGraphToBigWig header totals can differ from interval-decoded totals; formal grouped labels rescale the decoded signal	1.5143096447e-10	99999999.9849	1e-08	99999999	False	alphagenome_custom/tracks/rna_seq_v2_grouped/RNA_V2_G0131.bw	1.5143096447e-10	89cac6a999158825afb20983707fa10c13a7530e372d4bda038b7692789cd144	21445361	100000000	SRR14191091	1.02466652185	97592726.87	78e00d8f3821295c014593adf9b60fb9cbf82432221d6285412ddb860eef5ad2
decoded_signal_rescaled_to_1e8_then_raw_coverage_weighted_within_biological_unit_then_equal_mean_across_units	2026-07-15T09:23:58+00:00	1e-06	RNA_V2_G0132	1	1	sample bedGraphToBigWig header totals can differ from interval-decoded totals; formal grouped labels rescale the decoded signal	6.569647789e-10	99999999.9343	1e-08	99999999	False	alphagenome_custom/tracks/rna_seq_v2_grouped/RNA_V2_G0132.bw	6.569647789e-10	109e13ec1058ca79a9b77d3310a3d0de48d04e9c7995b115bcf970dcf794aa96	28607198	100000000	SRR14191092	1.02753176292	97320592.5199	d63fcc080bffb3a385fa37720cc6aae2cfc98f8f67e41b0a38f5d040e9a27dd7
decoded_signal_rescaled_to_1e8_then_raw_coverage_weighted_within_biological_unit_then_equal_mean_across_units	2026-07-15T09:24:15+00:00	1e-06	RNA_V2_G0133	1	1	sample bedGraphToBigWig header totals can differ from interval-decoded totals; formal grouped labels rescale the decoded signal	3.77269089222e-11	100000000.004	0	100000000	False	alphagenome_custom/tracks/rna_seq_v2_grouped/RNA_V2_G0133.bw	3.77269089222e-11	e9d27151447eb22c7c571d2eacbd102932f1a6bccca8676029819c6028e2ac24	83817372	100000000	SRR14701362	1.01094726309	98917128.1736	e36c0a5c125be7c2b280dce2952b54312797ebd56f14feb1d743c693f3245d25
decoded_signal_rescaled_to_1e8_then_raw_coverage_weighted_within_biological_unit_then_equal_mean_across_units	2026-07-15T09:24:32+00:00	1e-06	RNA_V2_G0134	1	1	sample bedGraphToBigWig header totals can differ from interval-decoded totals; formal grouped labels rescale the decoded signal	6.35315477848e-11	99999999.9936	1e-08	99999999	False	alphagenome_custom/tracks/rna_seq_v2_grouped/RNA_V2_G0134.bw	6.35315477848e-11	03ebc375bc94d5e1cede91e937105a8d9b3fffcbdce465dfc0a49aecca436803	88007211	100000000	SRR14701363	1.01218345728	98796319.2649	48009348643c041466d1348cc48db733500320d305876258a182a497a65b8fa1
decoded_signal_rescaled_to_1e8_then_raw_coverage_weighted_within_biological_unit_then_equal_mean_across_units	2026-07-15T09:24:49+00:00	1e-06	RNA_V2_G0135	1	1	sample bedGraphToBigWig header totals can differ from interval-decoded totals; formal grouped labels rescale the decoded signal	1.02579131722e-09	100000000.103	0	100000000	False	alphagenome_custom/tracks/rna_seq_v2_grouped/RNA_V2_G0135.bw	1.02579131722e-09	59ba807a78c4ae9f368d4e585d5269bddc14e877a608c356a0d15ff5ff112eb2	81729319	100000000	SRR14701364	1.01524850062	98498052.3869	8591e005eab24813db28766dad38d351cb8508d460631a64f6bad027c3b7bba5
decoded_signal_rescaled_to_1e8_then_raw_coverage_weighted_within_biological_unit_then_equal_mean_across_units	2026-07-15T09:25:07+00:00	1e-06	RNA_V2_G0136	1	1	sample bedGraphToBigWig header totals can differ from interval-decoded totals; formal grouped labels rescale the decoded signal	4.02503460646e-10	100000000.04	0	100000000	False	alphagenome_custom/tracks/rna_seq_v2_grouped/RNA_V2_G0136.bw	4.02503460646e-10	54f23f300a16da5a9f6ae3b979cba57a81eed8e747a1468ceb187a7c2563c3cb	87822735	100000000	SRR14701371	1.02311851199	97740387.6754	fa00a0a27fe00e02af8387621d1647412b9f514c32418b0789d2c2765611449d
decoded_signal_rescaled_to_1e8_then_raw_coverage_weighted_within_biological_unit_then_equal_mean_across_units	2026-07-15T09:25:22+00:00	1e-06	RNA_V2_G0137	1	1	sample bedGraphToBigWig header totals can differ from interval-decoded totals; formal grouped labels rescale the decoded signal	5.61887025833e-11	100000000.006	0	100000000	False	alphagenome_custom/tracks/rna_seq_v2_grouped/RNA_V2_G0137.bw	5.61887025833e-11	714c4b4aea3c7831a6110289b76a5f80be598d6f6f0f9c4cb6ddecd6e4d06c42	73303997	100000000	SRR14701372	1.0134994142	98668039.2691	65d1b88c32b10346395ea0bdbf39be8d77bcedda4fe6697397f2b33338068af5
decoded_signal_rescaled_to_1e8_then_raw_coverage_weighted_within_biological_unit_then_equal_mean_across_units	2026-07-15T09:25:39+00:00	1e-06	RNA_V2_G0138	1	1	sample bedGraphToBigWig header totals can differ from interval-decoded totals; formal grouped labels rescale the decoded signal	3.52509215474e-09	99999999.6475	1e-08	99999999	False	alphagenome_custom/tracks/rna_seq_v2_grouped/RNA_V2_G0138.bw	3.52509215474e-09	25f2b55a613a0ccba700202a496de5ad1d705bed187e901a577278d182285b73	80417899	100000000	SRR14701373	1.02127398034	97916917.4236	48406008110212c9edcb7809dd855d4813914d116dc7b8b93e0de18f02c8e5a0
decoded_signal_rescaled_to_1e8_then_raw_coverage_weighted_within_biological_unit_then_equal_mean_across_units	2026-07-15T09:25:53+00:00	1e-06	RNA_V2_G0139	1	1	sample bedGraphToBigWig header totals can differ from interval-decoded totals; formal grouped labels rescale the decoded signal	2.41068899632e-10	100000000.024	0	100000000	False	alphagenome_custom/tracks/rna_seq_v2_grouped/RNA_V2_G0139.bw	2.41068899632e-10	d3c9cd009972756a5290fadafcfd0f3a33c435451b4ddb7cee8b660b5c6c265c	70570206	100000000	SRR14701380	1.01088987698	98922743.4926	d14d4a1cda81301dd1ab1f8c6aad960e924209d7bc99d5e1f5d30b13bc53ffee
decoded_signal_rescaled_to_1e8_then_raw_coverage_weighted_within_biological_unit_then_equal_mean_across_units	2026-07-15T09:26:10+00:00	1e-06	RNA_V2_G0140	1	1	sample bedGraphToBigWig header totals can differ from interval-decoded totals; formal grouped labels rescale the decoded signal	1.28380656242e-10	99999999.9872	1e-08	99999999	False	alphagenome_custom/tracks/rna_seq_v2_grouped/RNA_V2_G0140.bw	1.28380656242e-10	57f68f8e8ff03fedd5001ddaf24ffe63dceb59a3ce987ad3dc08793b766de80c	81890441	100000000	SRR14701381	1.01494030064	98527962.6173	19a12bde0e9707453dc29e09929484d7dad992c93ddf969db5b28d1f97b2d999
decoded_signal_rescaled_to_1e8_then_raw_coverage_weighted_within_biological_unit_then_equal_mean_across_units	2026-07-15T09:26:28+00:00	1e-06	RNA_V2_G0141	1	1	sample bedGraphToBigWig header totals can differ from interval-decoded totals; formal grouped labels rescale the decoded signal	2.94450372458e-10	99999999.9706	1e-08	99999999	False	alphagenome_custom/tracks/rna_seq_v2_grouped/RNA_V2_G0141.bw	2.94450372458e-10	aeec00294d75ea919f5c020c6c74aa6da19ccbcca95cd2453dc929eee6c2f6a6	88783952	100000000	SRR14701382	1.01914610969	98121357.7219	6d4c2083225d0f407f722cb649d8108d552f6e6db0b204d723760089cfa35d5f
decoded_signal_rescaled_to_1e8_then_raw_coverage_weighted_within_biological_unit_then_equal_mean_across_units	2026-07-15T09:26:42+00:00	1e-06	RNA_V2_G0142	1	1	sample bedGraphToBigWig header totals can differ from interval-decoded totals; formal grouped labels rescale the decoded signal	7.59792327881e-11	99999999.9924	1e-08	99999999	False	alphagenome_custom/tracks/rna_seq_v2_grouped/RNA_V2_G0142.bw	7.59792327881e-11	b0ab7713acef503398e55acdcd836de07de128fb5731f2e569b67e1f885c9c51	70910705	100000000	SRR14701389	1.00995368289	99014441.6465	d10d4bf9001772cf779d2d6476bad71d5c968153fce4fb6515dd4ba80421cb4b
decoded_signal_rescaled_to_1e8_then_raw_coverage_weighted_within_biological_unit_then_equal_mean_across_units	2026-07-15T09:26:59+00:00	1e-06	RNA_V2_G0143	1	1	sample bedGraphToBigWig header totals can differ from interval-decoded totals; formal grouped labels rescale the decoded signal	9.45180654526e-11	100000000.009	0	100000000	False	alphagenome_custom/tracks/rna_seq_v2_grouped/RNA_V2_G0143.bw	9.45180654526e-11	821583f4adc64f265b8546b84b22ea862d2aa0d4ec35b1de75d218c0b063db7b	80196789	100000000	SRR14701390	1.01527281242	98495693.7449	4865d53106a98d06d373b337db4eba152e4f226c2cdda00a1b479a84e32df4cf
decoded_signal_rescaled_to_1e8_then_raw_coverage_weighted_within_biological_unit_then_equal_mean_across_units	2026-07-15T09:27:11+00:00	1e-06	RNA_V2_G0144	1	1	sample bedGraphToBigWig header totals can differ from interval-decoded totals; formal grouped labels rescale the decoded signal	3.71557474136e-11	100000000.004	0	100000000	False	alphagenome_custom/tracks/rna_seq_v2_grouped/RNA_V2_G0144.bw	3.71557474136e-11	1038b9c6200bee24950eaad968ff8ba98ac592f54dd77dd8ac0128031c586cb0	65624168	100000000	SRR14701391	1.01646565425	98380107.1705	8c52657b6842e8cbc65ca3de3f9db124d6c9272375129ceea60e6903bfa38d20
decoded_signal_rescaled_to_1e8_then_raw_coverage_weighted_within_biological_unit_then_equal_mean_across_units	2026-07-15T09:27:29+00:00	1e-06	RNA_V2_G0145	1	1	sample bedGraphToBigWig header totals can differ from interval-decoded totals; formal grouped labels rescale the decoded signal	5.72849214077e-10	100000000.057	0	100000000	False	alphagenome_custom/tracks/rna_seq_v2_grouped/RNA_V2_G0145.bw	5.72849214077e-10	a2f60ab8913fe336cc38e267b3218827a30a27b1aed9cb3f0f3df3148679ba2d	88830784	100000000	SRR14701359	1.02447788101	97610696.9739	5b04c1469331021f19bf997438a6997f1fb10a4422eeed458da7966b9a8d77fd
decoded_signal_rescaled_to_1e8_then_raw_coverage_weighted_within_biological_unit_then_equal_mean_across_units	2026-07-15T09:27:46+00:00	1e-06	RNA_V2_G0146	1	1	sample bedGraphToBigWig header totals can differ from interval-decoded totals; formal grouped labels rescale the decoded signal	7.46251493692e-10	99999999.9254	1e-08	99999999	False	alphagenome_custom/tracks/rna_seq_v2_grouped/RNA_V2_G0146.bw	7.46251493692e-10	720ce34a6e9c7dbc3211c4b7aa5771a524b9cab6743aa2aa204761c8389048ea	81402869	100000000	SRR14701360	1.01671055921	98356409.3975	404ae0e02aa7964e16a0080f096b7493c9f9e3575a06a8283d2b8ff6ec3cece9
decoded_signal_rescaled_to_1e8_then_raw_coverage_weighted_within_biological_unit_then_equal_mean_across_units	2026-07-15T09:28:04+00:00	1e-06	RNA_V2_G0147	1	1	sample bedGraphToBigWig header totals can differ from interval-decoded totals; formal grouped labels rescale the decoded signal	1.86552107334e-11	100000000.002	0	100000000	False	alphagenome_custom/tracks/rna_seq_v2_grouped/RNA_V2_G0147.bw	1.86552107334e-11	c47a71669d9ddaad107e897d13e40efe367f5baccbee67f86692025712c3de79	90321459	100000000	SRR14701361	1.01699392996	98329003.7968	52772a8dc56509f4eb45a2f28ab798e34420f3b48ac092cf916e8d89c2f380e7
decoded_signal_rescaled_to_1e8_then_raw_coverage_weighted_within_biological_unit_then_equal_mean_across_units	2026-07-15T09:28:21+00:00	1e-06	RNA_V2_G0148	1	1	sample bedGraphToBigWig header totals can differ from interval-decoded totals; formal grouped labels rescale the decoded signal	7.36888498068e-10	100000000.074	0	100000000	False	alphagenome_custom/tracks/rna_seq_v2_grouped/RNA_V2_G0148.bw	7.36888498068e-10	29c017462b1887e24dfd4383dae6594e8a7e3574cbb9e82006eebad17370de95	82448262	100000000	SRR14701365	1.01755129286	98275144.1638	a21b8e5222ccca01b0bfd4a158ed80f1a403968793bbe635f5280d900fbf90ec
decoded_signal_rescaled_to_1e8_then_raw_coverage_weighted_within_biological_unit_then_equal_mean_across_units	2026-07-15T09:28:38+00:00	1e-06	RNA_V2_G0149	1	1	sample bedGraphToBigWig header totals can differ from interval-decoded totals; formal grouped labels rescale the decoded signal	3.22801470757e-10	99999999.9677	1e-08	99999999	False	alphagenome_custom/tracks/rna_seq_v2_grouped/RNA_V2_G0149.bw	3.22801470757e-10	7fa7cbbdc6be48d2700340ff7b46d820c5f6e2f0c8964884c9a6b4b460a77690	84796794	100000000	SRR14701366	1.01829333936	98203529.508	8fd23d12fa6cf23848eb138649abc942deaf553b51fb2f8ce1af38bdf1493501
decoded_signal_rescaled_to_1e8_then_raw_coverage_weighted_within_biological_unit_then_equal_mean_across_units	2026-07-15T09:28:55+00:00	1e-06	RNA_V2_G0150	1	1	sample bedGraphToBigWig header totals can differ from interval-decoded totals; formal grouped labels rescale the decoded signal	1.31885111332e-10	100000000.013	0	100000000	False	alphagenome_custom/tracks/rna_seq_v2_grouped/RNA_V2_G0150.bw	1.31885111332e-10	72caedda4096e46954db5f085a2c6844922ba045d2e12de38e9a4ffe2f4f28d3	84465353	100000000	SRR14701367	1.01841760978	98191546.4146	911a865fa087b8688153c90941ee233dd86b44872d8207710821155d4c702f27
decoded_signal_rescaled_to_1e8_then_raw_coverage_weighted_within_biological_unit_then_equal_mean_across_units	2026-07-15T09:29:15+00:00	1e-06	RNA_V2_G0151	1	1	sample bedGraphToBigWig header totals can differ from interval-decoded totals; formal grouped labels rescale the decoded signal	1.43368393183e-10	100000000.014	0	100000000	False	alphagenome_custom/tracks/rna_seq_v2_grouped/RNA_V2_G0151.bw	1.43368393183e-10	53719d8ed36a4ad40d9742da0a278cdeeac47fd0cc5e766949466471c5ef4f1b	99160120	100000000	SRR14701368	1.0136837103	98650100.6025	a5783e865999321f0265f95df1080559ba07abb49a674569a178fcb2501c25dd
decoded_signal_rescaled_to_1e8_then_raw_coverage_weighted_within_biological_unit_then_equal_mean_across_units	2026-07-15T09:29:32+00:00	1e-06	RNA_V2_G0152	1	1	sample bedGraphToBigWig header totals can differ from interval-decoded totals; formal grouped labels rescale the decoded signal	5.10674715042e-11	99999999.9949	1e-08	99999999	False	alphagenome_custom/tracks/rna_seq_v2_grouped/RNA_V2_G0152.bw	5.10674715042e-11	6806886eb925c26b7f13239440a16e936aad7d8832c42818021461b8c13d98f7	84267076	100000000	SRR14701369	1.01423188951	98596781.4998	91db4528cd33f5bf743fd2cf0a0b404580005a8332df77141f8f0b4c873b4ae7
decoded_signal_rescaled_to_1e8_then_raw_coverage_weighted_within_biological_unit_then_equal_mean_across_units	2026-07-15T09:29:49+00:00	1e-06	RNA_V2_G0153	1	1	sample bedGraphToBigWig header totals can differ from interval-decoded totals; formal grouped labels rescale the decoded signal	1.64501965046e-10	99999999.9835	1e-08	99999999	False	alphagenome_custom/tracks/rna_seq_v2_grouped/RNA_V2_G0153.bw	1.64501965046e-10	aa3bc14aa0fa3aa0aae878d38fd1e39bcd74655f93a51f1a01d7167d284a77d8	83130728	100000000	SRR14701370	1.01530025019	98493031.9692	b9b6850d5f9e5782e6f3b1790b009ca5aee9f679084e053eef15081c9786150b
decoded_signal_rescaled_to_1e8_then_raw_coverage_weighted_within_biological_unit_then_equal_mean_across_units	2026-07-15T09:30:06+00:00	1e-06	RNA_V2_G0154	1	1	sample bedGraphToBigWig header totals can differ from interval-decoded totals; formal grouped labels rescale the decoded signal	1.4812412858e-09	99999999.8519	1e-08	99999999	False	alphagenome_custom/tracks/rna_seq_v2_grouped/RNA_V2_G0154.bw	1.4812412858e-09	54d5512187440f78f6051124d33b283b33b0679e80da11eb876da5a59d87ffbf	83012446	100000000	SRR14701374	1.0163366601	98392593.6411	83f3f3bafcfbda36dbd2ac552c02abce103d19ac2634f0c0f9670c1b2029481c
decoded_signal_rescaled_to_1e8_then_raw_coverage_weighted_within_biological_unit_then_equal_mean_across_units	2026-07-15T09:30:23+00:00	1e-06	RNA_V2_G0155	1	1	sample bedGraphToBigWig header totals can differ from interval-decoded totals; formal grouped labels rescale the decoded signal	1.86776518822e-10	99999999.9813	1e-08	99999999	False	alphagenome_custom/tracks/rna_seq_v2_grouped/RNA_V2_G0155.bw	1.86776518822e-10	5c49bae57892212c0344eabc989e6d097d6a7ce565f9086f207612b239ff3531	85804266	100000000	SRR14701375	1.01284838663	98731460.0295	4d0394222c93d771609da6c9b4566068cfad159f43954a27daac60c175a6315d
decoded_signal_rescaled_to_1e8_then_raw_coverage_weighted_within_biological_unit_then_equal_mean_across_units	2026-07-15T09:30:40+00:00	1e-06	RNA_V2_G0156	1	1	sample bedGraphToBigWig header totals can differ from interval-decoded totals; formal grouped labels rescale the decoded signal	3.43929082155e-10	99999999.9656	1e-08	99999999	False	alphagenome_custom/tracks/rna_seq_v2_grouped/RNA_V2_G0156.bw	3.43929082155e-10	e0eb7c9f880007e5d1f2ce2d9d586781c2a6b6391babee335351ccfbc3c0a78d	79508584	100000000	SRR14701376	1.01876411041	98158149.6424	4b75354a2a63959ed82eb1dbeb8ffc41463dacab7cf9d5f8ec1b4db935bac64b
decoded_signal_rescaled_to_1e8_then_raw_coverage_weighted_within_biological_unit_then_equal_mean_across_units	2026-07-15T09:30:58+00:00	1e-06	RNA_V2_G0157	1	1	sample bedGraphToBigWig header totals can differ from interval-decoded totals; formal grouped labels rescale the decoded signal	5.74997067451e-11	99999999.9943	1e-08	99999999	False	alphagenome_custom/tracks/rna_seq_v2_grouped/RNA_V2_G0157.bw	5.74997067451e-11	dcf2f27f69ec5c611bb431f7a7a298173d6f60ecee929ac993e2d1cc8adcd421	89827536	100000000	SRR14701377	1.01606909887	98418503.3387	bdfc648745ea62ae2cdf1d97fb18fd324f1dd77427e8ff6aa56acfb98bf3aa60
decoded_signal_rescaled_to_1e8_then_raw_coverage_weighted_within_biological_unit_then_equal_mean_across_units	2026-07-15T09:31:14+00:00	1e-06	RNA_V2_G0158	1	1	sample bedGraphToBigWig header totals can differ from interval-decoded totals; formal grouped labels rescale the decoded signal	3.45197319984e-10	100000000.035	0	100000000	False	alphagenome_custom/tracks/rna_seq_v2_grouped/RNA_V2_G0158.bw	3.45197319984e-10	f0758c3ac0bd568ce3adcb85a19ad3bfadc6541a111c2394ed467ec20cf8be2b	80438816	100000000	SRR14701378	1.01617998779	98407763.5867	8ac76c5154bf8b58151f91a6c1951c6dce502d43941dd54f348795184dbf0983
decoded_signal_rescaled_to_1e8_then_raw_coverage_weighted_within_biological_unit_then_equal_mean_across_units	2026-07-15T09:31:31+00:00	1e-06	RNA_V2_G0159	1	1	sample bedGraphToBigWig header totals can differ from interval-decoded totals; formal grouped labels rescale the decoded signal	9.18720662594e-11	100000000.009	0	100000000	False	alphagenome_custom/tracks/rna_seq_v2_grouped/RNA_V2_G0159.bw	9.18720662594e-11	b7073eeca91604e553c21ad83a4fdcc69907f40edb5a05b1a2999ace85a748d6	81747004	100000000	SRR14701379	1.01735715606	98293897.4814	0c7ad9accd1638e6a307112d52dc6983372651c1032c40a959a3512f887e2ef1
decoded_signal_rescaled_to_1e8_then_raw_coverage_weighted_within_biological_unit_then_equal_mean_across_units	2026-07-15T09:31:47+00:00	1e-06	RNA_V2_G0160	1	1	sample bedGraphToBigWig header totals can differ from interval-decoded totals; formal grouped labels rescale the decoded signal	4.07782644033e-10	99999999.9592	1e-08	99999999	False	alphagenome_custom/tracks/rna_seq_v2_grouped/RNA_V2_G0160.bw	4.07782644033e-10	4b8f34735932e5adf99198ddcddda5d717591c5da60e37d2f2b3adfcd21bd584	74116213	100000000	SRR14701383	1.01068548667	98942748.5787	a1d2c553263c0f73d27b890c0e8e0617a7f23ee154785287f098e866525a7fd1
decoded_signal_rescaled_to_1e8_then_raw_coverage_weighted_within_biological_unit_then_equal_mean_across_units	2026-07-15T09:32:02+00:00	1e-06	RNA_V2_G0161	1	1	sample bedGraphToBigWig header totals can differ from interval-decoded totals; formal grouped labels rescale the decoded signal	2.4594694376e-10	99999999.9754	1e-08	99999999	False	alphagenome_custom/tracks/rna_seq_v2_grouped/RNA_V2_G0161.bw	2.4594694376e-10	35ead07262d909a129e1a356b853f1e2fc52e83c39a42f5bfa64a98519e8de5d	75349201	100000000	SRR14701384	1.01193441113	98820633.9262	4fb082389e355ef055a782454c5231b62d805bb6bc61510cff1229614fa97af0
decoded_signal_rescaled_to_1e8_then_raw_coverage_weighted_within_biological_unit_then_equal_mean_across_units	2026-07-15T09:32:17+00:00	1e-06	RNA_V2_G0162	1	1	sample bedGraphToBigWig header totals can differ from interval-decoded totals; formal grouped labels rescale the decoded signal	1.64472460747e-10	100000000.016	0	100000000	False	alphagenome_custom/tracks/rna_seq_v2_grouped/RNA_V2_G0162.bw	1.64472460747e-10	df20541280d3f2e6624bfddb1f9e0ffe6b376e627c628d0ff1062da104a9f497	72416440	100000000	SRR14701385	1.01231959334	98783033.2022	8442f5ff3a3cc6b8058c18cad1aa35c8fb999097454b479637e55516f0217432
decoded_signal_rescaled_to_1e8_then_raw_coverage_weighted_within_biological_unit_then_equal_mean_across_units	2026-07-15T09:32:36+00:00	1e-06	RNA_V2_G0163	1	1	sample bedGraphToBigWig header totals can differ from interval-decoded totals; formal grouped labels rescale the decoded signal	4.30487692356e-10	100000000.043	0	100000000	False	alphagenome_custom/tracks/rna_seq_v2_grouped/RNA_V2_G0163.bw	4.30487692356e-10	23ce43ad04d7c03fbabb8394b5595d4d315cfc904f78ce9ee56b44072b11f97f	91948976	100000000	SRR14701386	1.0121512786	98799460.2328	5586286f062fcaa95d82246f85c86c80355e698b3f4cb35c18efa2696b32cb4e
decoded_signal_rescaled_to_1e8_then_raw_coverage_weighted_within_biological_unit_then_equal_mean_across_units	2026-07-15T09:32:52+00:00	1e-06	RNA_V2_G0164	1	1	sample bedGraphToBigWig header totals can differ from interval-decoded totals; formal grouped labels rescale the decoded signal	5.49953430891e-10	99999999.945	1e-08	99999999	False	alphagenome_custom/tracks/rna_seq_v2_grouped/RNA_V2_G0164.bw	5.49953430891e-10	e5b5f0c88b05d3f3f824949f210b45a3fd201a15e323833ff8cb594d53015fb8	80422265	100000000	SRR14701387	1.01046375597	98964460.0406	364b3c4836b1d37ac24bd5145d6307ec9152f151474487d7bdd4ad01216c9556
decoded_signal_rescaled_to_1e8_then_raw_coverage_weighted_within_biological_unit_then_equal_mean_across_units	2026-07-15T09:33:01+00:00	1e-06	RNA_V2_G0165	1	1	sample bedGraphToBigWig header totals can differ from interval-decoded totals; formal grouped labels rescale the decoded signal	2.41920351982e-11	99999999.9976	1e-08	99999999	False	alphagenome_custom/tracks/rna_seq_v2_grouped/RNA_V2_G0165.bw	2.41920351982e-11	99ab9abc5de11c7c313d31afb329a06c0127b26249c1fdf7db07b199cc696c95	47333706	100000000	SRR14701388	1.0127679963	98739297.021	ed97d47a73c8c3ca59cf15c5f8f60dbae3cf69a8ca1b2ed616a7c16a1b3545b6
decoded_signal_rescaled_to_1e8_then_raw_coverage_weighted_within_biological_unit_then_equal_mean_across_units	2026-07-15T09:33:10+00:00	1e-06	RNA_V2_G0166	1	1	sample bedGraphToBigWig header totals can differ from interval-decoded totals; formal grouped labels rescale the decoded signal	7.64153897762e-10	100000000.076	0	100000000	False	alphagenome_custom/tracks/rna_seq_v2_grouped/RNA_V2_G0166.bw	7.64153897762e-10	4bd4e41109e9325552693da715e2df0827cf99a4968c4b7124d02b4bc364199b	38359594	100000000	SRR28628837	1.00936220288	99072463.4973	ef4264125a5338a5c0cf50f761097221d22f7cf442636f5c7fddc0c034387b27
decoded_signal_rescaled_to_1e8_then_raw_coverage_weighted_within_biological_unit_then_equal_mean_across_units	2026-07-15T09:33:21+00:00	1e-06	RNA_V2_G0167	1	1	sample bedGraphToBigWig header totals can differ from interval-decoded totals; formal grouped labels rescale the decoded signal	8.76338779926e-11	100000000.009	0	100000000	False	alphagenome_custom/tracks/rna_seq_v2_grouped/RNA_V2_G0167.bw	8.76338779926e-11	3746d4155db266fda0c1d1e77960fb573f9b83e57ef2498945d5ebc1c8544f50	42859233	100000000	SRR28628836	1.01286177427	98730155.0326	9ccaacb654a2e0d1095cfb3cc78e3e018f3aec1a07688468c2ec035308afafe7
decoded_signal_rescaled_to_1e8_then_raw_coverage_weighted_within_biological_unit_then_equal_mean_across_units	2026-07-15T09:33:32+00:00	1e-06	RNA_V2_G0168	1	1	sample bedGraphToBigWig header totals can differ from interval-decoded totals; formal grouped labels rescale the decoded signal	1.4585056901e-09	99999999.8541	1e-08	99999999	False	alphagenome_custom/tracks/rna_seq_v2_grouped/RNA_V2_G0168.bw	1.4585056901e-09	480fa2a616ef6d20f70a87a1f682568a5ac8c66152b813740afbea5e3243e97f	46001379	100000000	SRR28628835	1.01407832217	98611712.541	8a364108b20fcf9639f4a7fa43124833cf07b3c60b327ea4df2eadfa71643515
decoded_signal_rescaled_to_1e8_then_raw_coverage_weighted_within_biological_unit_then_equal_mean_across_units	2026-07-15T09:33:42+00:00	1e-06	RNA_V2_G0169	1	1	sample bedGraphToBigWig header totals can differ from interval-decoded totals; formal grouped labels rescale the decoded signal	5.1194190979e-10	100000000.051	0	100000000	False	alphagenome_custom/tracks/rna_seq_v2_grouped/RNA_V2_G0169.bw	5.1194190979e-10	baa0aef3dde336d291e9e32a2cb998387a1a9375d8d3d7f7847427554bc06a2a	40647433	100000000	SRR28628825	1.0118489992	98828975.5483	b88bc292a8afcf089faf71a20eb3f7ba858447360b4f63ccb1b4cf919ffd0a7c
decoded_signal_rescaled_to_1e8_then_raw_coverage_weighted_within_biological_unit_then_equal_mean_across_units	2026-07-15T09:33:52+00:00	1e-06	RNA_V2_G0170	1	1	sample bedGraphToBigWig header totals can differ from interval-decoded totals; formal grouped labels rescale the decoded signal	1.20543271303e-09	100000000.121	0	100000000	False	alphagenome_custom/tracks/rna_seq_v2_grouped/RNA_V2_G0170.bw	1.20543271303e-09	ffbd65ccd3f7398918d694eb3cc38e67e3ecbb32ce6b669362a24a09a9fba68c	41099454	100000000	SRR28628824	1.01408753268	98610816.8941	c437df3244dfbb3dc50ef244efbfbd6fc38d770903834a36b0398c2f227f1f36
decoded_signal_rescaled_to_1e8_then_raw_coverage_weighted_within_biological_unit_then_equal_mean_across_units	2026-07-15T09:34:04+00:00	1e-06	RNA_V2_G0171	1	1	sample bedGraphToBigWig header totals can differ from interval-decoded totals; formal grouped labels rescale the decoded signal	3.45352292061e-11	99999999.9965	1e-08	99999999	False	alphagenome_custom/tracks/rna_seq_v2_grouped/RNA_V2_G0171.bw	3.45352292061e-11	e6f6676d2c9de067cfdbee472b7113e15a117f2f716859cc3827e65d701b98e9	52067811	100000000	SRR28628823	1.01351184309	98666829.2844	08e88db5f59dd9638eaaac69abeabfeedcf230af7e23672dabbd9a046f0bd2b4
decoded_signal_rescaled_to_1e8_then_raw_coverage_weighted_within_biological_unit_then_equal_mean_across_units	2026-07-15T09:34:17+00:00	1e-06	RNA_V2_G0172	1	1	sample bedGraphToBigWig header totals can differ from interval-decoded totals; formal grouped labels rescale the decoded signal	3.68791073561e-10	99999999.9631	1e-08	99999999	False	alphagenome_custom/tracks/rna_seq_v2_grouped/RNA_V2_G0172.bw	3.68791073561e-10	39033242709e45991392c12e923baf557e5a73f3167cfe24637d91f88f44c5aa	55648746	100000000	SRR28628831	1.0156420177	98459888.6788	8cb6db31bf26d706ee1b025666f1e196ab8704c94c45f9d01111e1bd40c78abe
decoded_signal_rescaled_to_1e8_then_raw_coverage_weighted_within_biological_unit_then_equal_mean_across_units	2026-07-15T09:34:30+00:00	1e-06	RNA_V2_G0173	1	1	sample bedGraphToBigWig header totals can differ from interval-decoded totals; formal grouped labels rescale the decoded signal	2.29109779e-09	99999999.7709	1e-08	99999999	False	alphagenome_custom/tracks/rna_seq_v2_grouped/RNA_V2_G0173.bw	2.29109779e-09	5ed75937507e301fa61604f753f25a47f073b4b00032f2f7ff824d25f852bdfb	49736016	100000000	SRR28628830	1.01544236433	98479247.5799	79b8859b07dbb691b1300d043efc64a7c3abae384ce986437a79391ff74b1664
decoded_signal_rescaled_to_1e8_then_raw_coverage_weighted_within_biological_unit_then_equal_mean_across_units	2026-07-15T09:34:39+00:00	1e-06	RNA_V2_G0174	1	1	sample bedGraphToBigWig header totals can differ from interval-decoded totals; formal grouped labels rescale the decoded signal	3.04127037525e-10	100000000.03	0	100000000	False	alphagenome_custom/tracks/rna_seq_v2_grouped/RNA_V2_G0174.bw	3.04127037525e-10	bea46bf2b31bb9c065e80d1e9fee93536228b9ea0d010a53783e360ce1878c41	40127722	100000000	SRR28628829	1.01404519934	98614933.5993	91cc29c31593974ace06a7a4cdc8b6b0f1a70b2e8c97a83e329ff6752170f43f
decoded_signal_rescaled_to_1e8_then_raw_coverage_weighted_within_biological_unit_then_equal_mean_across_units	2026-07-15T09:34:49+00:00	1e-06	RNA_V2_G0175	1	1	sample bedGraphToBigWig header totals can differ from interval-decoded totals; formal grouped labels rescale the decoded signal	5.28180599213e-11	100000000.005	0	100000000	False	alphagenome_custom/tracks/rna_seq_v2_grouped/RNA_V2_G0175.bw	5.28180599213e-11	13a76be363091974358fcf38043556a9c0c31af47b5c63c22a8628acc44555e9	42137092	100000000	SRR28628828	1.01250732011	98764718.0555	b203de63da66f3f770313076c6ed0e7c27eaa10e019c5d9776c8d881be9d8528
decoded_signal_rescaled_to_1e8_then_raw_coverage_weighted_within_biological_unit_then_equal_mean_across_units	2026-07-15T09:35:01+00:00	1e-06	RNA_V2_G0176	1	1	sample bedGraphToBigWig header totals can differ from interval-decoded totals; formal grouped labels rescale the decoded signal	5.3559243679e-12	100000000.001	0	100000000	False	alphagenome_custom/tracks/rna_seq_v2_grouped/RNA_V2_G0176.bw	5.3559243679e-12	a96d0ff09bd09e749996e3c6bced635d34c479262a81ffff4cfc41d77812c559	47663268	100000000	SRR28628827	1.01340240108	98677484.7711	85f8d0409e573e7cc350337f67d4298dba9473d7fe850277c98a6f9b56d7e264
decoded_signal_rescaled_to_1e8_then_raw_coverage_weighted_within_biological_unit_then_equal_mean_across_units	2026-07-15T09:35:16+00:00	1e-06	RNA_V2_G0177	1	1	sample bedGraphToBigWig header totals can differ from interval-decoded totals; formal grouped labels rescale the decoded signal	4.3123409152e-10	100000000.043	0	100000000	False	alphagenome_custom/tracks/rna_seq_v2_grouped/RNA_V2_G0177.bw	4.3123409152e-10	dea7f8cd0189ea45baf591da2c8aedd319d04dff4fad2e18bc1a397a77cabca3	66389694	100000000	SRR28628826	1.01458649584	98562321.1134	ee954e161386274fe55006ea6ba687f11c1e9c97ec2d9089a37874b393623da9
decoded_signal_rescaled_to_1e8_then_raw_coverage_weighted_within_biological_unit_then_equal_mean_across_units	2026-07-15T09:35:26+00:00	1e-06	RNA_V2_G0178	1	1	sample bedGraphToBigWig header totals can differ from interval-decoded totals; formal grouped labels rescale the decoded signal	4.93824481964e-11	99999999.9951	1e-08	99999999	False	alphagenome_custom/tracks/rna_seq_v2_grouped/RNA_V2_G0178.bw	4.93824481964e-11	3b03b155ac8c82523005b41319e12af4f960dd96957b73d953ca7762d662895d	39160325	100000000	SRR28628816	1.00929547765	99079013.2463	d755854cbbc1373fe439d86d11617fbfb1019787a5dca6089c3c451258963c0a
decoded_signal_rescaled_to_1e8_then_raw_coverage_weighted_within_biological_unit_then_equal_mean_across_units	2026-07-15T09:35:37+00:00	1e-06	RNA_V2_G0179	1	1	sample bedGraphToBigWig header totals can differ from interval-decoded totals; formal grouped labels rescale the decoded signal	3.00230234861e-10	99999999.97	1e-08	99999999	False	alphagenome_custom/tracks/rna_seq_v2_grouped/RNA_V2_G0179.bw	3.00230234861e-10	f3a9efe79bcf3c9111ae49b93e7498e9f065e996eb2efc41eaefd8b83845fda7	47890326	100000000	SRR28628815	1.01648296343	98378431.905	8322cff148a4a5565cf5bc4d98e085643385514c896b2013e3feddf4ddb717ad
decoded_signal_rescaled_to_1e8_then_raw_coverage_weighted_within_biological_unit_then_equal_mean_across_units	2026-07-15T09:35:47+00:00	1e-06	RNA_V2_G0180	1	1	sample bedGraphToBigWig header totals can differ from interval-decoded totals; formal grouped labels rescale the decoded signal	2.31865048409e-10	100000000.023	0	100000000	False	alphagenome_custom/tracks/rna_seq_v2_grouped/RNA_V2_G0180.bw	2.31865048409e-10	5d1d85e95f9ec5b6b874e41de52f262c5edc5910203d406a4ca8ed7fc9715eea	40240055	100000000	SRR28628814	1.01681274308	98346525.1404	63eb2997cf47d25c1f41c2e44122ad9900a67bae33602abc8d3d6ea27c1545af
decoded_signal_rescaled_to_1e8_then_raw_coverage_weighted_within_biological_unit_then_equal_mean_across_units	2026-07-15T09:35:58+00:00	1e-06	RNA_V2_G0181	1	1	sample bedGraphToBigWig header totals can differ from interval-decoded totals; formal grouped labels rescale the decoded signal	1.00790351629e-09	100000000.101	0	100000000	False	alphagenome_custom/tracks/rna_seq_v2_grouped/RNA_V2_G0181.bw	1.00790351629e-09	1a807fbae7cad4f5e3ee9466cb2e767df9c7f00e54e380d6ceb20ba0779fa3f0	45482047	100000000	SRR28628822	1.01647144405	98379546.7997	df035f215a756fadb5150ff2e8efd94bba990cfe5809a403733986953ce9fb70
decoded_signal_rescaled_to_1e8_then_raw_coverage_weighted_within_biological_unit_then_equal_mean_across_units	2026-07-15T09:36:10+00:00	1e-06	RNA_V2_G0182	1	1	sample bedGraphToBigWig header totals can differ from interval-decoded totals; formal grouped labels rescale the decoded signal	1.87091961503e-09	99999999.8129	1e-08	99999999	False	alphagenome_custom/tracks/rna_seq_v2_grouped/RNA_V2_G0182.bw	1.87091961503e-09	6de4a103ef32b61ed255481c69234e45d254438bd667e84b3c4018e9248c5180	50138972	100000000	SRR28628821	1.01813872654	98218442.53	5c50bcd98e640a61be574251cf06e991f624721364cbc6cf4c0ad5375467400b
decoded_signal_rescaled_to_1e8_then_raw_coverage_weighted_within_biological_unit_then_equal_mean_across_units	2026-07-15T09:36:21+00:00	1e-06	RNA_V2_G0183	1	1	sample bedGraphToBigWig header totals can differ from interval-decoded totals; formal grouped labels rescale the decoded signal	1.29710733891e-10	99999999.987	1e-08	99999999	False	alphagenome_custom/tracks/rna_seq_v2_grouped/RNA_V2_G0183.bw	1.29710733891e-10	18f8c99a3301420a65f52b545440782b2edbcea62bd9e91ac7c4fa3bbaf1908c	46080139	100000000	SRR28628820	1.01409833403	98609766.5721	2cb25981729d6288ef563186ba74cee4357cfebff54975e4ba4c811464b57d76
decoded_signal_rescaled_to_1e8_then_raw_coverage_weighted_within_biological_unit_then_equal_mean_across_units	2026-07-15T09:36:32+00:00	1e-06	RNA_V2_G0184	1	1	sample bedGraphToBigWig header totals can differ from interval-decoded totals; formal grouped labels rescale the decoded signal	1.31535202265e-09	100000000.132	0	100000000	False	alphagenome_custom/tracks/rna_seq_v2_grouped/RNA_V2_G0184.bw	1.31535202265e-09	7bbbf98aecb18e126c077617f762921c7cdcff8fb769d5273f8ae4b5dd15c0c6	45793108	100000000	SRR28628819	1.01615913744	98409782.7944	d7b968eec862dbefd437ad66b8ee4d46c9c01e95a3a4ad4efd1a210294461300
decoded_signal_rescaled_to_1e8_then_raw_coverage_weighted_within_biological_unit_then_equal_mean_across_units	2026-07-15T09:36:45+00:00	1e-06	RNA_V2_G0185	1	1	sample bedGraphToBigWig header totals can differ from interval-decoded totals; formal grouped labels rescale the decoded signal	1.53251230717e-09	100000000.153	0	100000000	False	alphagenome_custom/tracks/rna_seq_v2_grouped/RNA_V2_G0185.bw	1.53251230717e-09	37e40f8a3a60a9654ab5bd72a1c3221ea62c287ebddc21e4b5e158a0ecfb4a78	53975671	100000000	SRR28628818	1.01596406273	98428678.4039	d44c14ed74a96c396b628c59c13ac8baf0287bc417eab1ee71869ef2cfba5219
decoded_signal_rescaled_to_1e8_then_raw_coverage_weighted_within_biological_unit_then_equal_mean_across_units	2026-07-15T09:36:56+00:00	1e-06	RNA_V2_G0186	1	1	sample bedGraphToBigWig header totals can differ from interval-decoded totals; formal grouped labels rescale the decoded signal	1.63529440761e-09	100000000.164	0	100000000	False	alphagenome_custom/tracks/rna_seq_v2_grouped/RNA_V2_G0186.bw	1.63529440761e-09	1dd28aebea6cc7b899c0b7b99d8cd4e5dee3b27cf5a4239efa2f24aacc8baf92	45125465	100000000	SRR28628817	1.01798201065	98233563.0231	43cd946cfbe16c5cc0ce4b1eacbb1223bf14c7ca824adf6706926ce797da2a57
decoded_signal_rescaled_to_1e8_then_raw_coverage_weighted_within_biological_unit_then_equal_mean_across_units	2026-07-15T09:37:09+00:00	1e-06	RNA_V2_G0187	1	1	sample bedGraphToBigWig header totals can differ from interval-decoded totals; formal grouped labels rescale the decoded signal	5.67553043365e-10	100000000.057	0	100000000	False	alphagenome_custom/tracks/rna_seq_v2_grouped/RNA_V2_G0187.bw	5.67553043365e-10	0ad499e63fb00d1d27d8861707a7efd288f26b6f6dd1a5f90ff4b596add14418	57994712	100000000	SRR28628834	1.01706692766	98321946.4521	f52063a8352ed4021d8969ae8e167ac6aa25dd9c8d8585629939487b2ed235b2
decoded_signal_rescaled_to_1e8_then_raw_coverage_weighted_within_biological_unit_then_equal_mean_across_units	2026-07-15T09:37:23+00:00	1e-06	RNA_V2_G0188	1	1	sample bedGraphToBigWig header totals can differ from interval-decoded totals; formal grouped labels rescale the decoded signal	6.90272301435e-10	100000000.069	0	100000000	False	alphagenome_custom/tracks/rna_seq_v2_grouped/RNA_V2_G0188.bw	6.90272301435e-10	8b18bd0d6e0289193bc32054fecbd5ef0ae166894b9b5b1e677b576c03b4b87a	61383998	100000000	SRR28628833	1.01737548072	98292127.0412	1f78683d96fed05b21d5896dc74ab92040e34d9321a940f2cc5ed6298f1e2519
decoded_signal_rescaled_to_1e8_then_raw_coverage_weighted_within_biological_unit_then_equal_mean_across_units	2026-07-15T09:37:38+00:00	1e-06	RNA_V2_G0189	1	1	sample bedGraphToBigWig header totals can differ from interval-decoded totals; formal grouped labels rescale the decoded signal	6.289306283e-10	100000000.063	0	100000000	False	alphagenome_custom/tracks/rna_seq_v2_grouped/RNA_V2_G0189.bw	6.289306283e-10	eca73bca0392f395c06388cceee8818a63fa8da6245123eecbc176b873efb845	63070781	100000000	SRR28628832	1.02044664944	97996303.9269	d50f9bcabb058f6315c08bfbaf42cf1c916ecd991a6596ba5ed914122e78584a
decoded_signal_rescaled_to_1e8_then_raw_coverage_weighted_within_biological_unit_then_equal_mean_across_units	2026-07-15T09:38:03+00:00	1e-06	RNA_V2_G0190	1	1	sample bedGraphToBigWig header totals can differ from interval-decoded totals; formal grouped labels rescale the decoded signal	5.03075122833e-10	99999999.9497	1e-08	99999999	False	alphagenome_custom/tracks/rna_seq_v2_grouped/RNA_V2_G0190.bw	5.03075122833e-10	887659e281c4bd6c9593610783e2d4f9dbb3d352e9f7ebc347c97bbb261dc057	112780292	100000000	SRR28645113	1.01565094551	98459023.1934	dc0cb798763c16395784fcba87d8d77d26cf57e81e0c1bb7f4ef0ecf966eadf5
decoded_signal_rescaled_to_1e8_then_raw_coverage_weighted_within_biological_unit_then_equal_mean_across_units	2026-07-15T09:38:27+00:00	1e-06	RNA_V2_G0191	1	1	sample bedGraphToBigWig header totals can differ from interval-decoded totals; formal grouped labels rescale the decoded signal	6.06065392494e-10	100000000.061	0	100000000	False	alphagenome_custom/tracks/rna_seq_v2_grouped/RNA_V2_G0191.bw	6.06065392494e-10	e587a3f2379be7f1fd66c4f82491829457df8aaa773b11eba6c7f874679b6445	108111076	100000000	SRR28645112	1.01411078569	98608555.8017	4777e4fb4fa16df0f787379af867eb705a15925fc47ddb4d9499ccd0db6a457f
decoded_signal_rescaled_to_1e8_then_raw_coverage_weighted_within_biological_unit_then_equal_mean_across_units	2026-07-15T09:38:50+00:00	1e-06	RNA_V2_G0192	1	1	sample bedGraphToBigWig header totals can differ from interval-decoded totals; formal grouped labels rescale the decoded signal	8.15301835537e-10	99999999.9185	1e-08	99999999	False	alphagenome_custom/tracks/rna_seq_v2_grouped/RNA_V2_G0192.bw	8.15301835537e-10	1b2371eb6ede658c1a9889db0e9b413fa133a6e8f7f6b96147f1b2f0df70ea46	106196445	100000000	SRR28645111	1.01585757772	98438995.9708	9ace8173ff21f95ef6c5488814017f3cd6f25694a395b19d5d9b3924018f0548
decoded_signal_rescaled_to_1e8_then_raw_coverage_weighted_within_biological_unit_then_equal_mean_across_units	2026-07-15T09:39:15+00:00	1e-06	RNA_V2_G0193	1	1	sample bedGraphToBigWig header totals can differ from interval-decoded totals; formal grouped labels rescale the decoded signal	1.20471850038e-09	99999999.8795	1e-08	99999999	False	alphagenome_custom/tracks/rna_seq_v2_grouped/RNA_V2_G0193.bw	1.20471850038e-09	7324467be49b7cdd158f98031d60c4a422283801bf8ad81774e8a478f268a690	116509347	100000000	SRR28645092	1.01162678544	98850684.3026	a166bba57c33d8129012d6dd88a456f72a36de3f97ae3608caea209eadf377d8
decoded_signal_rescaled_to_1e8_then_raw_coverage_weighted_within_biological_unit_then_equal_mean_across_units	2026-07-15T09:39:44+00:00	1e-06	RNA_V2_G0194	1	1	sample bedGraphToBigWig header totals can differ from interval-decoded totals; formal grouped labels rescale the decoded signal	9.12909507751e-10	100000000.091	0	100000000	False	alphagenome_custom/tracks/rna_seq_v2_grouped/RNA_V2_G0194.bw	9.12909507751e-10	20b29697a03af3a938d3ae2fbbe0238be12859d5165390c186ff39e92f8b5618	134703913	100000000	SRR28645095	1.01520256473	98502509.2278	eef6a742219933cd28476a529cada2e3ae8294b8447358234c05ff15476fa19a
decoded_signal_rescaled_to_1e8_then_raw_coverage_weighted_within_biological_unit_then_equal_mean_across_units	2026-07-15T09:40:15+00:00	1e-06	RNA_V2_G0195	1	1	sample bedGraphToBigWig header totals can differ from interval-decoded totals; formal grouped labels rescale the decoded signal	6.3078224659e-10	100000000.063	0	100000000	False	alphagenome_custom/tracks/rna_seq_v2_grouped/RNA_V2_G0195.bw	6.3078224659e-10	19654076dd11779c3560a9fe1d6fd535fe74b67c620defbdbbdbe2ac83bf32a6	147629264	100000000	SRR28645094	1.01429220551	98590918.3334	5886e6a3569b67e53253d08a3f6d2831bf644f4075c37fa5cdb7e61ace4e9505
decoded_signal_rescaled_to_1e8_then_raw_coverage_weighted_within_biological_unit_then_equal_mean_across_units	2026-07-15T09:40:40+00:00	1e-06	RNA_V2_G0196	1	1	sample bedGraphToBigWig header totals can differ from interval-decoded totals; formal grouped labels rescale the decoded signal	7.45017826557e-11	99999999.9925	1e-08	99999999	False	alphagenome_custom/tracks/rna_seq_v2_grouped/RNA_V2_G0196.bw	7.45017826557e-11	41c11c37175845044d125d669752fcfc3809943538880c872e3873f6a8472d0f	113240041	100000000	SRR28645093	1.01439198188	98581220.8553	896c5940ba1e0cbe5c2c69628e7f3314212d6b0e8cf913973989be83a1cba075
decoded_signal_rescaled_to_1e8_then_raw_coverage_weighted_within_biological_unit_then_equal_mean_across_units	2026-07-15T09:41:03+00:00	1e-06	RNA_V2_G0197	1	1	sample bedGraphToBigWig header totals can differ from interval-decoded totals; formal grouped labels rescale the decoded signal	1.12791538239e-09	100000000.113	0	100000000	False	alphagenome_custom/tracks/rna_seq_v2_grouped/RNA_V2_G0197.bw	1.12791538239e-09	80e1a5011b813b490cd419bc4dfe59f3b77c8516b61f2e36d652dafcf51c9d42	104306473	100000000	SRR28645091	1.01176089444	98837581.636	f031e95da6351fbd590be1f5e03b70c6409b3d389320bd2d4144a0db3b03e9f8
decoded_signal_rescaled_to_1e8_then_raw_coverage_weighted_within_biological_unit_then_equal_mean_across_units	2026-07-15T09:41:27+00:00	1e-06	RNA_V2_G0198	1	1	sample bedGraphToBigWig header totals can differ from interval-decoded totals; formal grouped labels rescale the decoded signal	1.65745764971e-10	100000000.017	0	100000000	False	alphagenome_custom/tracks/rna_seq_v2_grouped/RNA_V2_G0198.bw	1.65745764971e-10	6b3a1432273b43bb7d8dd53983d57f798683df9d8dd98c5e61d30db21b899565	105261686	100000000	SRR28645090	1.01124590055	98887916.327	06d925b91dfd3c04f2362e91f421f08c73c2fef9091439414aa6869b67a51af2
decoded_signal_rescaled_to_1e8_then_raw_coverage_weighted_within_biological_unit_then_equal_mean_across_units	2026-07-15T09:41:52+00:00	1e-06	RNA_V2_G0199	1	1	sample bedGraphToBigWig header totals can differ from interval-decoded totals; formal grouped labels rescale the decoded signal	5.68749904633e-10	99999999.9431	1e-08	99999999	False	alphagenome_custom/tracks/rna_seq_v2_grouped/RNA_V2_G0199.bw	5.68749904633e-10	257e5f19e2b7c368cf8322d0039be451db810d71015e9ad2d3eea8484baa6ab7	116633669	100000000	SRR28645089	1.01223385749	98791400.0897	3c2fe8e555a8d7b9e59d7a0bd039641d0410560e41cd1974ab36c90d528a7e00
decoded_signal_rescaled_to_1e8_then_raw_coverage_weighted_within_biological_unit_then_equal_mean_across_units	2026-07-15T09:42:16+00:00	1e-06	RNA_V2_G0200	1	1	sample bedGraphToBigWig header totals can differ from interval-decoded totals; formal grouped labels rescale the decoded signal	9.63563621044e-10	100000000.096	0	100000000	False	alphagenome_custom/tracks/rna_seq_v2_grouped/RNA_V2_G0200.bw	9.63563621044e-10	1d2e0c2ca283504d55e1907ba4b1706a6b0d6eb60dd5641d61c40e15e056b482	107635816	100000000	SRR28645107	1.01501103795	98521096.0873	0a1ff8dcb79b4d4085d7d02ad4e0f6adfc424e25b2037ebc6fc04ec0d68ee778
decoded_signal_rescaled_to_1e8_then_raw_coverage_weighted_within_biological_unit_then_equal_mean_across_units	2026-07-15T09:42:42+00:00	1e-06	RNA_V2_G0201	1	1	sample bedGraphToBigWig header totals can differ from interval-decoded totals; formal grouped labels rescale the decoded signal	7.9040825367e-11	100000000.008	0	100000000	False	alphagenome_custom/tracks/rna_seq_v2_grouped/RNA_V2_G0201.bw	7.9040825367e-11	4a33c4bf9507c176a9f79517ea3d6f790e570151e6a6f4accfd4af58154145be	126977179	100000000	SRR28645106	1.01537429576	98485849.4225	5ba26d68628b83a71a0b51d15b315d5a87663174344afdf66f64cd0a12d2dc9d
decoded_signal_rescaled_to_1e8_then_raw_coverage_weighted_within_biological_unit_then_equal_mean_across_units	2026-07-15T09:43:08+00:00	1e-06	RNA_V2_G0202	1	1	sample bedGraphToBigWig header totals can differ from interval-decoded totals; formal grouped labels rescale the decoded signal	3.5609677434e-10	100000000.036	0	100000000	False	alphagenome_custom/tracks/rna_seq_v2_grouped/RNA_V2_G0202.bw	3.5609677434e-10	83a5a0eb624f633c6d24deb658c1c2b67a7de9771c1108547dcd285ba34ca320	122580075	100000000	SRR28645105	1.01499007737	98523130.6485	59f550819c94f5233e6f9d29cf9215c7015e71ad347e40b775d091e2525cb6ee
decoded_signal_rescaled_to_1e8_then_raw_coverage_weighted_within_biological_unit_then_equal_mean_across_units	2026-07-15T09:43:36+00:00	1e-06	RNA_V2_G0203	1	1	sample bedGraphToBigWig header totals can differ from interval-decoded totals; formal grouped labels rescale the decoded signal	2.14526802301e-10	99999999.9785	1e-08	99999999	False	alphagenome_custom/tracks/rna_seq_v2_grouped/RNA_V2_G0203.bw	2.14526802301e-10	8282ff7e925a884affa1e8b0d07241e0940914e14be5b00081be6f715a2055fb	132133588	100000000	SRR28645110	1.01361922454	98656376.6544	3dfc28e6527441f71f8881dff2ad7b8e6654913561e4cf8700b82442816b7eb9
decoded_signal_rescaled_to_1e8_then_raw_coverage_weighted_within_biological_unit_then_equal_mean_across_units	2026-07-15T09:44:02+00:00	1e-06	RNA_V2_G0204	1	1	sample bedGraphToBigWig header totals can differ from interval-decoded totals; formal grouped labels rescale the decoded signal	3.8581609726e-10	100000000.039	0	100000000	False	alphagenome_custom/tracks/rna_seq_v2_grouped/RNA_V2_G0204.bw	3.8581609726e-10	7ccda3a62ecea23f3e65d62657cb5ededc6f94cdb31a5521bf99b681d0333289	118298547	100000000	SRR28645109	1.01397864636	98621406.2383	181f0d229febd8d5f19a42c7672fadc86933705905a0717c2ed13f878ae2f6de
decoded_signal_rescaled_to_1e8_then_raw_coverage_weighted_within_biological_unit_then_equal_mean_across_units	2026-07-15T09:44:32+00:00	1e-06	RNA_V2_G0205	1	1	sample bedGraphToBigWig header totals can differ from interval-decoded totals; formal grouped labels rescale the decoded signal	6.97459876537e-10	100000000.07	0	100000000	False	alphagenome_custom/tracks/rna_seq_v2_grouped/RNA_V2_G0205.bw	6.97459876537e-10	62bd76cf015e23a938c19d3989d9352380cfa2d2e3ea7afbff4929624513b7fa	145781858	100000000	SRR28645108	1.01288162423	98728220.1671	62da573daf870da256fbf02a651326d5d0169a756811bbd6487cce1ab89d5b7e
decoded_signal_rescaled_to_1e8_then_raw_coverage_weighted_within_biological_unit_then_equal_mean_across_units	2026-07-15T09:45:04+00:00	1e-06	RNA_V2_G0206	1	1	sample bedGraphToBigWig header totals can differ from interval-decoded totals; formal grouped labels rescale the decoded signal	7.18784928322e-10	99999999.9281	1e-08	99999999	False	alphagenome_custom/tracks/rna_seq_v2_grouped/RNA_V2_G0206.bw	7.18784928322e-10	04e3f82a497ba957b99098c599ac71122e9b2fff18c9ef2e4df4595670f6c811	150182593	100000000	SRR28645104	1.0150191982	98520304.0272	abbaacd240f5985a5b05eb28a50fb043b24410310fe4bd7e7c99de169e453a6a
decoded_signal_rescaled_to_1e8_then_raw_coverage_weighted_within_biological_unit_then_equal_mean_across_units	2026-07-15T09:45:31+00:00	1e-06	RNA_V2_G0207	1	1	sample bedGraphToBigWig header totals can differ from interval-decoded totals; formal grouped labels rescale the decoded signal	2.15279310942e-10	99999999.9785	1e-08	99999999	False	alphagenome_custom/tracks/rna_seq_v2_grouped/RNA_V2_G0207.bw	2.15279310942e-10	4cf0ab751c6d9c35d7e47220bc645b7f2f0348f2aa305b63fedf7ae6bf790493	129939617	100000000	SRR28645103	1.01394344798	98624829.8163	2075dc0a969e3b24d010f6492f5afc8f5b7344279f2fa22e2faadf7d119d8f13
decoded_signal_rescaled_to_1e8_then_raw_coverage_weighted_within_biological_unit_then_equal_mean_across_units	2026-07-15T09:46:03+00:00	1e-06	RNA_V2_G0208	1	1	sample bedGraphToBigWig header totals can differ from interval-decoded totals; formal grouped labels rescale the decoded signal	1.00466921926e-09	100000000.1	0	100000000	False	alphagenome_custom/tracks/rna_seq_v2_grouped/RNA_V2_G0208.bw	1.00466921926e-09	c1fbb17d249e993fab09628219c7f0b4969ada4b44d8a5cbc0b59423a3da611e	152569258	100000000	SRR28645102	1.01337357684	98680291.5386	07558295c5e6ff079c12cee6fcd867462380ef275585dabd7106dff9006cfdf4
decoded_signal_rescaled_to_1e8_then_raw_coverage_weighted_within_biological_unit_then_equal_mean_across_units	2026-07-15T09:46:29+00:00	1e-06	RNA_V2_G0209	1	1	sample bedGraphToBigWig header totals can differ from interval-decoded totals; formal grouped labels rescale the decoded signal	5.89243173599e-10	100000000.059	0	100000000	False	alphagenome_custom/tracks/rna_seq_v2_grouped/RNA_V2_G0209.bw	5.89243173599e-10	c8a511c05592c911b9e362b4841146519a71eb048058ef3ca5ce437adc821696	118974167	100000000	SRR28645098	1.01228187193	98786714.2278	913225c7b3671f16e3ede11ca3dca2c31b430c33ff66c3994260e995b8d5698c
decoded_signal_rescaled_to_1e8_then_raw_coverage_weighted_within_biological_unit_then_equal_mean_across_units	2026-07-15T09:46:54+00:00	1e-06	RNA_V2_G0210	1	1	sample bedGraphToBigWig header totals can differ from interval-decoded totals; formal grouped labels rescale the decoded signal	1.48399472237e-10	100000000.015	0	100000000	False	alphagenome_custom/tracks/rna_seq_v2_grouped/RNA_V2_G0210.bw	1.48399472237e-10	4270a3c933097c24e26740f3a6dd482448b1390adb3ad9591a39794ddf8c56b4	120489801	100000000	SRR28645097	1.02025469868	98014740.9556	54253e6d326574cadac0127fb67bb9d4f1fca4e59c061300335887bacbb6fd77
decoded_signal_rescaled_to_1e8_then_raw_coverage_weighted_within_biological_unit_then_equal_mean_across_units	2026-07-15T09:47:21+00:00	1e-06	RNA_V2_G0211	1	1	sample bedGraphToBigWig header totals can differ from interval-decoded totals; formal grouped labels rescale the decoded signal	5.99911808968e-10	100000000.06	0	100000000	False	alphagenome_custom/tracks/rna_seq_v2_grouped/RNA_V2_G0211.bw	5.99911808968e-10	56ebd8ea1e7113585bfafd0e2a6f78d6f340fa565aae33801c2822cb982b5e68	126602731	100000000	SRR28645096	1.01489658932	98532206.1896	260ef56e85b0bc00c13fad56ff68b5050308b23d12d566216669148c9fbff7a7
decoded_signal_rescaled_to_1e8_then_raw_coverage_weighted_within_biological_unit_then_equal_mean_across_units	2026-07-15T09:47:47+00:00	1e-06	RNA_V2_G0212	1	1	sample bedGraphToBigWig header totals can differ from interval-decoded totals; formal grouped labels rescale the decoded signal	1.67333230376e-09	99999999.8327	1e-08	99999999	False	alphagenome_custom/tracks/rna_seq_v2_grouped/RNA_V2_G0212.bw	1.67333230376e-09	2a8fd6cdacb3d482652bfd39b41bc3813241f54730beba3e34317f32f8ebd13f	124571421	100000000	SRR28645101	1.01448055141	98572614.1928	5f4478ee3f8a277558b2aef79c1544669ea33b34386fee2ef460b95a83413815
decoded_signal_rescaled_to_1e8_then_raw_coverage_weighted_within_biological_unit_then_equal_mean_across_units	2026-07-15T09:48:15+00:00	1e-06	RNA_V2_G0213	1	1	sample bedGraphToBigWig header totals can differ from interval-decoded totals; formal grouped labels rescale the decoded signal	2.62916088104e-12	100000000	0	100000000	False	alphagenome_custom/tracks/rna_seq_v2_grouped/RNA_V2_G0213.bw	2.62916088104e-12	81a0703bca1a76ec00c5dc4ac143bece1206a4f7ae23a064493d3fba79a5533b	132251114	100000000	SRR28645100	1.01258112157	98757519.6397	4403fd97e9688544b572cf8c950a4ed63255565585277109298cf350787b55b3
decoded_signal_rescaled_to_1e8_then_raw_coverage_weighted_within_biological_unit_then_equal_mean_across_units	2026-07-15T09:48:43+00:00	1e-06	RNA_V2_G0214	1	1	sample bedGraphToBigWig header totals can differ from interval-decoded totals; formal grouped labels rescale the decoded signal	1.22713148594e-09	100000000.123	0	100000000	False	alphagenome_custom/tracks/rna_seq_v2_grouped/RNA_V2_G0214.bw	1.22713148594e-09	7bb6e6d88e30aebf9e8d24f76259da5fa144f6bd911f6ef5fdc3bd728a744961	132390167	100000000	SRR28645099	1.01293604314	98722916.0981	a04ac8eeb1207cd48824f48d461bc8b25b7c5ccfebd1fe76d034aae0418f3672
decoded_signal_rescaled_to_1e8_then_raw_coverage_weighted_within_biological_unit_then_equal_mean_across_units	2026-07-15T09:48:49+00:00	1e-06	RNA_V2_G0215	1	1	sample bedGraphToBigWig header totals can differ from interval-decoded totals; formal grouped labels rescale the decoded signal	1.89853906631e-10	100000000.019	0	100000000	False	alphagenome_custom/tracks/rna_seq_v2_grouped/RNA_V2_G0215.bw	1.89853906631e-10	10fc863456c3ae8c22db0c5ff0eff506d0dc289be62b1d38b53a5e2d372ca644	33526845	100000000	SRR32243498	1.00309677542	99691278.4993	cbdd236fce23a9d5b60da6b514bef524e012c0e53bb7841251a335faf223b1cd
decoded_signal_rescaled_to_1e8_then_raw_coverage_weighted_within_biological_unit_then_equal_mean_across_units	2026-07-15T09:48:58+00:00	1e-06	RNA_V2_G0216	1	1	sample bedGraphToBigWig header totals can differ from interval-decoded totals; formal grouped labels rescale the decoded signal	7.9467445612e-11	99999999.9921	1e-08	99999999	False	alphagenome_custom/tracks/rna_seq_v2_grouped/RNA_V2_G0216.bw	7.9467445612e-11	fa000a91e20aebe06b669e05b00df43f350385f0dccacc5fbd8067cf75a2f5df	46549508	100000000	SRR32243497	1.00195771181	99804611.3334	ec3db15a2cf300aa5b90cb16c5e95d85ba0283e2d85fbcc9867200ddb2bcb87f
decoded_signal_rescaled_to_1e8_then_raw_coverage_weighted_within_biological_unit_then_equal_mean_across_units	2026-07-15T09:49:06+00:00	1e-06	RNA_V2_G0217	1	1	sample bedGraphToBigWig header totals can differ from interval-decoded totals; formal grouped labels rescale the decoded signal	4.07976359129e-10	100000000.041	0	100000000	False	alphagenome_custom/tracks/rna_seq_v2_grouped/RNA_V2_G0217.bw	4.07976359129e-10	931bd64f10c85264802091fdd4de22ce5cc8964edde4dc047708fc307ee4250a	34901925	100000000	SRR36719221	1.00876199798	99131410.7788	d6564b2020bb2ce00e9b1facae441cb85ed54eada3759fa3df6c0501cb1d02ad
decoded_signal_rescaled_to_1e8_then_raw_coverage_weighted_within_biological_unit_then_equal_mean_across_units	2026-07-15T09:49:14+00:00	1e-06	RNA_V2_G0218	1	1	sample bedGraphToBigWig header totals can differ from interval-decoded totals; formal grouped labels rescale the decoded signal	5.6247740984e-10	100000000.056	0	100000000	False	alphagenome_custom/tracks/rna_seq_v2_grouped/RNA_V2_G0218.bw	5.6247740984e-10	4a4d3f6f8f6d7f526130731683da1a0a768baa7531155efcf2eb2b4948d4c669	38832602	100000000	SRR36719220	1.00857601355	99149690.9075	e9457a7a63f552c21dff95917368f2ebbff6606eb175e2478c48cb2db32ab171
decoded_signal_rescaled_to_1e8_then_raw_coverage_weighted_within_biological_unit_then_equal_mean_across_units	2026-07-15T09:49:22+00:00	1e-06	RNA_V2_G0219	1	1	sample bedGraphToBigWig header totals can differ from interval-decoded totals; formal grouped labels rescale the decoded signal	8.15052390099e-10	99999999.9185	1e-08	99999999	False	alphagenome_custom/tracks/rna_seq_v2_grouped/RNA_V2_G0219.bw	8.15052390099e-10	63127c3eb3b48fa99885ee4b30a5ab64cc5efc28ec7d83dea1ddcd3697597dec	37906805	100000000	SRR36719209	1.00946077546	99062789.1954	119a855781768281419631ed3f30c7ce0a3d1e91533dc276f728fb7c001beae8
decoded_signal_rescaled_to_1e8_then_raw_coverage_weighted_within_biological_unit_then_equal_mean_across_units	2026-07-15T09:49:31+00:00	1e-06	RNA_V2_G0220	1	1	sample bedGraphToBigWig header totals can differ from interval-decoded totals; formal grouped labels rescale the decoded signal	2.84017324448e-10	99999999.9716	1e-08	99999999	False	alphagenome_custom/tracks/rna_seq_v2_grouped/RNA_V2_G0220.bw	2.84017324448e-10	56ac6c019ab07fbea74184ad201237c3b0945d7fab351aca9074c2607ac6f6b1	39898562	100000000	SRR36719217	1.00998986449	99010894.5801	793ec73910b023ba4dbf5116ef1cbe34cd0f399cfb416fc5831b9d3b3a252170
decoded_signal_rescaled_to_1e8_then_raw_coverage_weighted_within_biological_unit_then_equal_mean_across_units	2026-07-15T09:49:39+00:00	1e-06	RNA_V2_G0221	1	1	sample bedGraphToBigWig header totals can differ from interval-decoded totals; formal grouped labels rescale the decoded signal	8.28650742769e-10	100000000.083	0	100000000	False	alphagenome_custom/tracks/rna_seq_v2_grouped/RNA_V2_G0221.bw	8.28650742769e-10	f5160ae277649a8b3b148de2d441fd55ceec7a9308f99a060e5641dcf77b3b16	35210315	100000000	SRR36719216	1.0087028676	99137221.8833	264c557019abb554af649f68a39ea44942bab77cf8371b11563928f089131722
decoded_signal_rescaled_to_1e8_then_raw_coverage_weighted_within_biological_unit_then_equal_mean_across_units	2026-07-15T09:49:47+00:00	1e-06	RNA_V2_G0222	1	1	sample bedGraphToBigWig header totals can differ from interval-decoded totals; formal grouped labels rescale the decoded signal	8.26619565487e-10	99999999.9173	1e-08	99999999	False	alphagenome_custom/tracks/rna_seq_v2_grouped/RNA_V2_G0222.bw	8.26619565487e-10	4d8bfc2955d8f67186bab0b4589f286a00602647e97118f0c7bf40f525aa5e38	38337432	100000000	SRR36719215	1.00797147798	99209156.3944	d9de66dc4231f36e7ad7abea2009767dc7e6f818190077b3258e4be209128af1
decoded_signal_rescaled_to_1e8_then_raw_coverage_weighted_within_biological_unit_then_equal_mean_across_units	2026-07-15T09:49:55+00:00	1e-06	RNA_V2_G0223	1	1	sample bedGraphToBigWig header totals can differ from interval-decoded totals; formal grouped labels rescale the decoded signal	1.60228580236e-09	100000000.16	0	100000000	False	alphagenome_custom/tracks/rna_seq_v2_grouped/RNA_V2_G0223.bw	1.60228580236e-09	b5a269a3947792bbea49854fb161bd31fadcada0e34ac902504395039ce49b8b	36357388	100000000	SRR36719204	1.0106407098	98947132.2799	1fdd960fa324242ed7def24a6206e6e4199e8baf59c9e1e10fb1d95cad58c790
decoded_signal_rescaled_to_1e8_then_raw_coverage_weighted_within_biological_unit_then_equal_mean_across_units	2026-07-15T09:50:04+00:00	1e-06	RNA_V2_G0224	1	1	sample bedGraphToBigWig header totals can differ from interval-decoded totals; formal grouped labels rescale the decoded signal	3.05836498737e-10	99999999.9694	1e-08	99999999	False	alphagenome_custom/tracks/rna_seq_v2_grouped/RNA_V2_G0224.bw	3.05836498737e-10	ad8cf9dc56dc97105352e0eff6cb818a97a9520bfc9e0ef19821df0290d655a0	39773790	100000000	SRR36719203	1.00977479013	99031983.1488	4c922b793d24357988b60ec3b06520471f9ff75ac566c4262b3e6e54bde64189
decoded_signal_rescaled_to_1e8_then_raw_coverage_weighted_within_biological_unit_then_equal_mean_across_units	2026-07-15T09:50:12+00:00	1e-06	RNA_V2_G0225	1	1	sample bedGraphToBigWig header totals can differ from interval-decoded totals; formal grouped labels rescale the decoded signal	6.43951892853e-10	99999999.9356	1e-08	99999999	False	alphagenome_custom/tracks/rna_seq_v2_grouped/RNA_V2_G0225.bw	6.43951892853e-10	0638d510b318cbd8e38893de523253b073383ab9e55068873c12ac41ce8abb7a	35991278	100000000	SRR36719202	1.01080268349	98931276.7303	df93cf0aaf7d709f0ed4a252fee60999ffe63b52e5cc143af2f22dfcd3a54820
decoded_signal_rescaled_to_1e8_then_raw_coverage_weighted_within_biological_unit_then_equal_mean_across_units	2026-07-15T09:50:20+00:00	1e-06	RNA_V2_G0226	1	1	sample bedGraphToBigWig header totals can differ from interval-decoded totals; formal grouped labels rescale the decoded signal	1.02019399405e-09	99999999.898	1e-08	99999999	False	alphagenome_custom/tracks/rna_seq_v2_grouped/RNA_V2_G0226.bw	1.02019399405e-09	cb522d8c3c58788a5652b8018cdaf626a3ebc3cc310e47112f78d2f1d4b1f0f1	35009868	100000000	SRR36719201	1.00836337696	99170598.8981	47185964e71ba2d353531f765c858aff5066de0afa5adc8dc8ea7d3e0d95e064
decoded_signal_rescaled_to_1e8_then_raw_coverage_weighted_within_biological_unit_then_equal_mean_across_units	2026-07-15T09:50:28+00:00	1e-06	RNA_V2_G0227	1	1	sample bedGraphToBigWig header totals can differ from interval-decoded totals; formal grouped labels rescale the decoded signal	8.73165130615e-10	99999999.9127	1e-08	99999999	False	alphagenome_custom/tracks/rna_seq_v2_grouped/RNA_V2_G0227.bw	8.73165130615e-10	bb28871d62f2a42b6d7e029a9fca34bef38ef484b0a8ecd7548ef3584281685f	36197042	100000000	SRR36719200	1.00800401	99205954.5476	2c0bdac516abd23fc166cfe3eb6c5e8bfc85c7b2e5e49f9f76bab85418d50ccd
decoded_signal_rescaled_to_1e8_then_raw_coverage_weighted_within_biological_unit_then_equal_mean_across_units	2026-07-15T09:50:37+00:00	1e-06	RNA_V2_G0228	1	1	sample bedGraphToBigWig header totals can differ from interval-decoded totals; formal grouped labels rescale the decoded signal	1.29844620824e-09	99999999.8702	1e-08	99999999	False	alphagenome_custom/tracks/rna_seq_v2_grouped/RNA_V2_G0228.bw	1.29844620824e-09	677aa014d3914897712d4ddbee170c5bb0e1948e199d34f7785ab837a45192d1	44942701	100000000	SRR36719199	1.00867404125	99140055.073	6c273beaf011a50cf5d22f89033177239bc9a62821ec49d1a5b867a9896fdb55
decoded_signal_rescaled_to_1e8_then_raw_coverage_weighted_within_biological_unit_then_equal_mean_across_units	2026-07-15T09:50:46+00:00	1e-06	RNA_V2_G0229	1	1	sample bedGraphToBigWig header totals can differ from interval-decoded totals; formal grouped labels rescale the decoded signal	2.93899774551e-10	100000000.029	0	100000000	False	alphagenome_custom/tracks/rna_seq_v2_grouped/RNA_V2_G0229.bw	2.93899774551e-10	b7f2350d73e7d23bf7597f81c2b61b2597635bfa09e920128b860f7569d0fdae	36969190	100000000	SRR36719198	1.01077939672	98933555.9518	1eaa7eb51b441d270df9cb2a315ded542411bf11bbdf269301fe663fb436000a
decoded_signal_rescaled_to_1e8_then_raw_coverage_weighted_within_biological_unit_then_equal_mean_across_units	2026-07-15T09:50:54+00:00	1e-06	RNA_V2_G0230	1	1	sample bedGraphToBigWig header totals can differ from interval-decoded totals; formal grouped labels rescale the decoded signal	1.73079550266e-09	99999999.8269	1e-08	99999999	False	alphagenome_custom/tracks/rna_seq_v2_grouped/RNA_V2_G0230.bw	1.73079550266e-09	57f87a3b4ce875f5ba5b40f71732a5667197d734a9643d71d21f23febf7796a9	36090477	100000000	SRR36719219	1.01657321445	98369697.9012	3cbbb1bf86dd38ad68f305f75af078f449a2417523b178537d640a4236e8270d
decoded_signal_rescaled_to_1e8_then_raw_coverage_weighted_within_biological_unit_then_equal_mean_across_units	2026-07-15T09:51:03+00:00	1e-06	RNA_V2_G0231	1	1	sample bedGraphToBigWig header totals can differ from interval-decoded totals; formal grouped labels rescale the decoded signal	2.90473550558e-10	100000000.029	0	100000000	False	alphagenome_custom/tracks/rna_seq_v2_grouped/RNA_V2_G0231.bw	2.90473550558e-10	0ea8d9eb159ed39f3affd32eeb7382f12446a0e2054e40f8433eeba9deb33f3f	38839135	100000000	SRR36719218	1.01733311347	98296220.4569	d3b57ff21aca60cc38f95ceedfbc81e9abbb190c3fd23a8791e6ac9e46406961
decoded_signal_rescaled_to_1e8_then_raw_coverage_weighted_within_biological_unit_then_equal_mean_across_units	2026-07-15T09:51:11+00:00	1e-06	RNA_V2_G0232	1	1	sample bedGraphToBigWig header totals can differ from interval-decoded totals; formal grouped labels rescale the decoded signal	1.18115544319e-09	99999999.8819	1e-08	99999999	False	alphagenome_custom/tracks/rna_seq_v2_grouped/RNA_V2_G0232.bw	1.18115544319e-09	cf71e07407b48377c1696d2ebe020d2d5d2484904492684eddac95985009d240	35899527	100000000	SRR36719214	1.01111156905	98901054.1082	880eaaea5cb37331134a03d9404becedb962f7d60121e7b2b48eb5759d06739c
decoded_signal_rescaled_to_1e8_then_raw_coverage_weighted_within_biological_unit_then_equal_mean_across_units	2026-07-15T09:51:18+00:00	1e-06	RNA_V2_G0233	1	1	sample bedGraphToBigWig header totals can differ from interval-decoded totals; formal grouped labels rescale the decoded signal	1.28419980407e-09	99999999.8716	1e-08	99999999	False	alphagenome_custom/tracks/rna_seq_v2_grouped/RNA_V2_G0233.bw	1.28419980407e-09	c96a072ac1405b92fc04acdcb60be9f88678e2298d374cc76fdc72904c5d8fc7	30427698	100000000	SRR36719213	1.01083799295	98927820.9739	9d921d48a6c58fa027887fda165ab51f7db03790fc4b1e3e61d89c031254a8a2
decoded_signal_rescaled_to_1e8_then_raw_coverage_weighted_within_biological_unit_then_equal_mean_across_units	2026-07-15T09:51:25+00:00	1e-06	RNA_V2_G0234	1	1	sample bedGraphToBigWig header totals can differ from interval-decoded totals; formal grouped labels rescale the decoded signal	1.65577694774e-09	99999999.8344	1e-08	99999999	False	alphagenome_custom/tracks/rna_seq_v2_grouped/RNA_V2_G0234.bw	1.65577694774e-09	0c86dbbede418dfe228bb15857dd4187e7bb4f58caec61ae0488471dc7475afd	34409046	100000000	SRR36719212	1.00733666342	99271677.1178	0443f7aa16432100ca5469770eda22429da4f173604e19f56843c579cd37d943
decoded_signal_rescaled_to_1e8_then_raw_coverage_weighted_within_biological_unit_then_equal_mean_across_units	2026-07-15T09:51:32+00:00	1e-06	RNA_V2_G0235	1	1	sample bedGraphToBigWig header totals can differ from interval-decoded totals; formal grouped labels rescale the decoded signal	2.16145858169e-09	99999999.7839	1e-08	99999999	False	alphagenome_custom/tracks/rna_seq_v2_grouped/RNA_V2_G0235.bw	2.16145858169e-09	9b5c75791fd74aee3bbb0690f7a8b7f753f72e67e91d24f817529edfde1f309a	30399096	100000000	SRR36719211	1.01107933639	98904207.0199	65f2dd13b3831c64f5dc86d553ee6f740feae5fd6e5611c2d071fc9428145d62
decoded_signal_rescaled_to_1e8_then_raw_coverage_weighted_within_biological_unit_then_equal_mean_across_units	2026-07-15T09:51:39+00:00	1e-06	RNA_V2_G0236	1	1	sample bedGraphToBigWig header totals can differ from interval-decoded totals; formal grouped labels rescale the decoded signal	6.60544335842e-10	99999999.9339	1e-08	99999999	False	alphagenome_custom/tracks/rna_seq_v2_grouped/RNA_V2_G0236.bw	6.60544335842e-10	010d0d2781d1e35e6a1fbe7c10572bfaf27fb32019f08322a3372a6d92b393fb	31733370	100000000	SRR36719210	1.00937720126	99070991.3746	f24201930a3a538d41c3b38630a6f6a76f85df1c9cfc3c6807322cf65446affa
decoded_signal_rescaled_to_1e8_then_raw_coverage_weighted_within_biological_unit_then_equal_mean_across_units	2026-07-15T09:51:46+00:00	1e-06	RNA_V2_G0237	1	1	sample bedGraphToBigWig header totals can differ from interval-decoded totals; formal grouped labels rescale the decoded signal	1.08437001705e-09	99999999.8916	1e-08	99999999	False	alphagenome_custom/tracks/rna_seq_v2_grouped/RNA_V2_G0237.bw	1.08437001705e-09	373dd6152fb3c564e75874330f2625db91071a861168f4517f127ccb458403a6	32516306	100000000	SRR36719208	1.00713336342	99291716.1043	c8eefab7f6150ecd531057b9ba437f58ebe1f392e981898e025d4d6c7ebfec94
decoded_signal_rescaled_to_1e8_then_raw_coverage_weighted_within_biological_unit_then_equal_mean_across_units	2026-07-15T09:51:54+00:00	1e-06	RNA_V2_G0238	1	1	sample bedGraphToBigWig header totals can differ from interval-decoded totals; formal grouped labels rescale the decoded signal	1.16775974631e-09	99999999.8832	1e-08	99999999	False	alphagenome_custom/tracks/rna_seq_v2_grouped/RNA_V2_G0238.bw	1.16775974631e-09	392775ddd2995f37707f9caeecbda2ccd91bcaad754ea887ff64771de8ace2fb	34605590	100000000	SRR36719207	1.0120569508	98808668.742	bbd8eff56a7ba673c52ebcbd70f665d7adc22352264cd4fddcab5754371904e2
decoded_signal_rescaled_to_1e8_then_raw_coverage_weighted_within_biological_unit_then_equal_mean_across_units	2026-07-15T09:52:01+00:00	1e-06	RNA_V2_G0239	1	1	sample bedGraphToBigWig header totals can differ from interval-decoded totals; formal grouped labels rescale the decoded signal	2.03188762069e-09	99999999.7968	1e-08	99999999	False	alphagenome_custom/tracks/rna_seq_v2_grouped/RNA_V2_G0239.bw	2.03188762069e-09	f171e526d9b21c46c4404178cd979ec5f0bf0b9a86b931b4ffb5d522b757313d	31451691	100000000	SRR36719206	1.01433649802	98586613.2148	7aa664fd6b10f896558f30f435e310c6a4511e2de0b7cb391cb048584776b7b3
decoded_signal_rescaled_to_1e8_then_raw_coverage_weighted_within_biological_unit_then_equal_mean_across_units	2026-07-15T09:52:09+00:00	1e-06	RNA_V2_G0240	1	1	sample bedGraphToBigWig header totals can differ from interval-decoded totals; formal grouped labels rescale the decoded signal	8.35446864367e-10	100000000.084	0	100000000	False	alphagenome_custom/tracks/rna_seq_v2_grouped/RNA_V2_G0240.bw	8.35446864367e-10	d0549c362b6dbb99d550e8ed0d50dafcc104aa8ec4a1c033f16afca648556436	36125358	100000000	SRR36719205	1.02189428779	97857480.1671	ca17e8784b072545b04de41b384694a5859e63d266152aa95fbf485389d492e6
decoded_signal_rescaled_to_1e8_then_raw_coverage_weighted_within_biological_unit_then_equal_mean_across_units	2026-07-15T09:52:32+00:00	1e-06	RNA_V2_G0241	3	3	sample bedGraphToBigWig header totals can differ from interval-decoded totals; formal grouped labels rescale the decoded signal	1.87259614468e-10	100000000.019	0	100000000	False	alphagenome_custom/tracks/rna_seq_v2_grouped/RNA_V2_G0241.bw	1.87259614468e-10	9f6a79518c1efa3aceea97852b1b2b8b2670e5ff3f1c98e566214bc9e2c9b426	121222030	100000000	SRR13964554;SRR13964555;SRR13964556	1.15171872834;1.13437419504;1.13683702124	86826755.1264;88154332.527;87963356.3399	13715f0b38f89c4f2f8ab06f032749b825d5b258d7bb87c552472d24794fa7e3
