run_accession	sra_url	sra_md5	sra_bytes	sdl_query_url
SRR10882545	https://sra-pub-run-odp.s3.amazonaws.com/sra/SRR10882545/SRR10882545	668181b211b0bb89d752e8549eac2745	1291855050	https://locate.ncbi.nlm.nih.gov/sdl/2/retrieve?acc=SRR10882545&accept-alternate-locations=yes
SRR10882546	https://sra-pub-run-odp.s3.amazonaws.com/sra/SRR10882546/SRR10882546	15478bf6a176e68f77b4764ebe6f9212	1358099623	https://locate.ncbi.nlm.nih.gov/sdl/2/retrieve?acc=SRR10882546&accept-alternate-locations=yes
SRR10882547	https://sra-pub-run-odp.s3.amazonaws.com/sra/SRR10882547/SRR10882547	c700c929040f218171f270376c104474	1251733255	https://locate.ncbi.nlm.nih.gov/sdl/2/retrieve?acc=SRR10882547&accept-alternate-locations=yes
SRR10882548	https://sra-pub-run-odp.s3.amazonaws.com/sra/SRR10882548/SRR10882548	0761713efd35ab1361654295dba1ffbe	1466930926	https://locate.ncbi.nlm.nih.gov/sdl/2/retrieve?acc=SRR10882548&accept-alternate-locations=yes
SRR10882549	https://sra-pub-run-odp.s3.amazonaws.com/sra/SRR10882549/SRR10882549	fbb1e1db503eb606738d284a0c1b3c73	1576189608	https://locate.ncbi.nlm.nih.gov/sdl/2/retrieve?acc=SRR10882549&accept-alternate-locations=yes
SRR10882550	https://sra-pub-run-odp.s3.amazonaws.com/sra/SRR10882550/SRR10882550	9d547e06d45ee126257a1c8040c244ab	1357663484	https://locate.ncbi.nlm.nih.gov/sdl/2/retrieve?acc=SRR10882550&accept-alternate-locations=yes
SRR10882551	https://sra-pub-run-odp.s3.amazonaws.com/sra/SRR10882551/SRR10882551	93270341acfb783f064fcd5f350685c2	1493803803	https://locate.ncbi.nlm.nih.gov/sdl/2/retrieve?acc=SRR10882551&accept-alternate-locations=yes
SRR10882552	https://sra-pub-run-odp.s3.amazonaws.com/sra/SRR10882552/SRR10882552	65dd48648b769ceabe5b606dfde4f324	1284237488	https://locate.ncbi.nlm.nih.gov/sdl/2/retrieve?acc=SRR10882552&accept-alternate-locations=yes
SRR12483327	https://sra-pub-run-odp.s3.amazonaws.com/sra/SRR12483327/SRR12483327	b65247409592629dab052b0183c632e5	1566862703	https://locate.ncbi.nlm.nih.gov/sdl/2/retrieve?acc=SRR12483327&accept-alternate-locations=yes
SRR12483328	https://sra-pub-run-odp.s3.amazonaws.com/sra/SRR12483328/SRR12483328	a97f0ddde120c021fa89edfa46d3bd99	1273627931	https://locate.ncbi.nlm.nih.gov/sdl/2/retrieve?acc=SRR12483328&accept-alternate-locations=yes
SRR12483329	https://sra-pub-run-odp.s3.amazonaws.com/sra/SRR12483329/SRR12483329	8547ecf7356e1726769ce0118fbd5167	1237869560	https://locate.ncbi.nlm.nih.gov/sdl/2/retrieve?acc=SRR12483329&accept-alternate-locations=yes
SRR12483330	https://sra-pub-run-odp.s3.amazonaws.com/sra/SRR12483330/SRR12483330	18b071f818b39be0ff6fb4f5fc6c5f40	606227977	https://locate.ncbi.nlm.nih.gov/sdl/2/retrieve?acc=SRR12483330&accept-alternate-locations=yes
SRR12483331	https://sra-pub-run-odp.s3.amazonaws.com/sra/SRR12483331/SRR12483331	0cdeab0fd8d76905cc7796efb7dbbdda	616012475	https://locate.ncbi.nlm.nih.gov/sdl/2/retrieve?acc=SRR12483331&accept-alternate-locations=yes
SRR12483332	https://sra-pub-run-odp.s3.amazonaws.com/sra/SRR12483332/SRR12483332	d0f172edc23a00d263e0415564d55da0	604632545	https://locate.ncbi.nlm.nih.gov/sdl/2/retrieve?acc=SRR12483332&accept-alternate-locations=yes
SRR12483333	https://sra-pub-run-odp.s3.amazonaws.com/sra/SRR12483333/SRR12483333	8ab169dac5c3c73a8144df7df2d0da7b	648031955	https://locate.ncbi.nlm.nih.gov/sdl/2/retrieve?acc=SRR12483333&accept-alternate-locations=yes
SRR12483334	https://sra-pub-run-odp.s3.amazonaws.com/sra/SRR12483334/SRR12483334	0f218fe388045d53db89cc10860b2382	859206218	https://locate.ncbi.nlm.nih.gov/sdl/2/retrieve?acc=SRR12483334&accept-alternate-locations=yes
SRR12483335	https://sra-pub-run-odp.s3.amazonaws.com/sra/SRR12483335/SRR12483335	df9e73ca955c91dae928f130b8de357d	608751873	https://locate.ncbi.nlm.nih.gov/sdl/2/retrieve?acc=SRR12483335&accept-alternate-locations=yes
SRR12483336	https://sra-pub-run-odp.s3.amazonaws.com/sra/SRR12483336/SRR12483336	17e0618b110c7a40d6bed6c84d8bcf21	604081343	https://locate.ncbi.nlm.nih.gov/sdl/2/retrieve?acc=SRR12483336&accept-alternate-locations=yes
SRR12483337	https://sra-pub-run-odp.s3.amazonaws.com/sra/SRR12483337/SRR12483337	1ef32d18781aac1dc000716d7dea57cf	615790660	https://locate.ncbi.nlm.nih.gov/sdl/2/retrieve?acc=SRR12483337&accept-alternate-locations=yes
SRR12483338	https://sra-pub-run-odp.s3.amazonaws.com/sra/SRR12483338/SRR12483338	9834c394ca09fa217302018238fe0b80	532010454	https://locate.ncbi.nlm.nih.gov/sdl/2/retrieve?acc=SRR12483338&accept-alternate-locations=yes
SRR12483339	https://sra-pub-run-odp.s3.amazonaws.com/sra/SRR12483339/SRR12483339	6d0886477e29e0e8a07549c6c840d885	1565170905	https://locate.ncbi.nlm.nih.gov/sdl/2/retrieve?acc=SRR12483339&accept-alternate-locations=yes
SRR12483340	https://sra-pub-run-odp.s3.amazonaws.com/sra/SRR12483340/SRR12483340	1bfb78cd24f3417382c4b5dc5e029ecc	1473511952	https://locate.ncbi.nlm.nih.gov/sdl/2/retrieve?acc=SRR12483340&accept-alternate-locations=yes
SRR12483341	https://sra-pub-run-odp.s3.amazonaws.com/sra/SRR12483341/SRR12483341	ab77e0fd785e08e1e1a166bbc5bfdd16	1484953915	https://locate.ncbi.nlm.nih.gov/sdl/2/retrieve?acc=SRR12483341&accept-alternate-locations=yes
SRR12483342	https://sra-pub-run-odp.s3.amazonaws.com/sra/SRR12483342/SRR12483342	63c9abd75f0bce7aeae4d0b8b9312b42	573176934	https://locate.ncbi.nlm.nih.gov/sdl/2/retrieve?acc=SRR12483342&accept-alternate-locations=yes
SRR12483343	https://sra-pub-run-odp.s3.amazonaws.com/sra/SRR12483343/SRR12483343	8b64d8ba323b47de9fb081b187a134be	565952241	https://locate.ncbi.nlm.nih.gov/sdl/2/retrieve?acc=SRR12483343&accept-alternate-locations=yes
SRR12483344	https://sra-pub-run-odp.s3.amazonaws.com/sra/SRR12483344/SRR12483344	c9936ccfb907182076603a2b3b8912fd	663112876	https://locate.ncbi.nlm.nih.gov/sdl/2/retrieve?acc=SRR12483344&accept-alternate-locations=yes
SRR12483345	https://sra-pub-run-odp.s3.amazonaws.com/sra/SRR12483345/SRR12483345	63a36d3d5bf78bd11e9f682024406839	664353499	https://locate.ncbi.nlm.nih.gov/sdl/2/retrieve?acc=SRR12483345&accept-alternate-locations=yes
SRR12483346	https://sra-pub-run-odp.s3.amazonaws.com/sra/SRR12483346/SRR12483346	bd80a45afeeb59a230a8d2c6e5eedb01	599043786	https://locate.ncbi.nlm.nih.gov/sdl/2/retrieve?acc=SRR12483346&accept-alternate-locations=yes
SRR12483347	https://sra-pub-run-odp.s3.amazonaws.com/sra/SRR12483347/SRR12483347	213703981ead37043c81a0151216f696	621472301	https://locate.ncbi.nlm.nih.gov/sdl/2/retrieve?acc=SRR12483347&accept-alternate-locations=yes
SRR13757744	https://sra-pub-run-odp.s3.amazonaws.com/sra/SRR13757744/SRR13757744	9e4d286092ef411db25dbfcd388e9636	437301999	https://locate.ncbi.nlm.nih.gov/sdl/2/retrieve?acc=SRR13757744&accept-alternate-locations=yes
SRR13757745	https://sra-pub-run-odp.s3.amazonaws.com/sra/SRR13757745/SRR13757745	78f2c5218bcf9c0aab3fd36c84bf3e17	429873081	https://locate.ncbi.nlm.nih.gov/sdl/2/retrieve?acc=SRR13757745&accept-alternate-locations=yes
SRR13757746	https://sra-pub-run-odp.s3.amazonaws.com/sra/SRR13757746/SRR13757746	a4a6f94bded0bb611a7a1951fbf26288	437463508	https://locate.ncbi.nlm.nih.gov/sdl/2/retrieve?acc=SRR13757746&accept-alternate-locations=yes
SRR13757747	https://sra-pub-run-odp.s3.amazonaws.com/sra/SRR13757747/SRR13757747	d99a9091b6f14acf4b669b4b9f86bcbf	385692564	https://locate.ncbi.nlm.nih.gov/sdl/2/retrieve?acc=SRR13757747&accept-alternate-locations=yes
SRR13757748	https://sra-pub-run-odp.s3.amazonaws.com/sra/SRR13757748/SRR13757748	c0cf494d55470eda88b135c3f2b2ca84	413030596	https://locate.ncbi.nlm.nih.gov/sdl/2/retrieve?acc=SRR13757748&accept-alternate-locations=yes
SRR13757749	https://sra-pub-run-odp.s3.amazonaws.com/sra/SRR13757749/SRR13757749	6cf6412a489ad4d703ded1205f90717a	413051267	https://locate.ncbi.nlm.nih.gov/sdl/2/retrieve?acc=SRR13757749&accept-alternate-locations=yes
SRR13757750	https://sra-pub-run-odp.s3.amazonaws.com/sra/SRR13757750/SRR13757750	16eff44fed0371dfd3fa2a0bb274ed69	408159610	https://locate.ncbi.nlm.nih.gov/sdl/2/retrieve?acc=SRR13757750&accept-alternate-locations=yes
SRR13757751	https://sra-pub-run-odp.s3.amazonaws.com/sra/SRR13757751/SRR13757751	bb86d2d43bcf5fd89d9bbf11211097c1	479599833	https://locate.ncbi.nlm.nih.gov/sdl/2/retrieve?acc=SRR13757751&accept-alternate-locations=yes
SRR13757752	https://sra-pub-run-odp.s3.amazonaws.com/sra/SRR13757752/SRR13757752	f18919c08cce5e5a3d1efcb6e9143871	424031958	https://locate.ncbi.nlm.nih.gov/sdl/2/retrieve?acc=SRR13757752&accept-alternate-locations=yes
SRR13757753	https://sra-pub-run-odp.s3.amazonaws.com/sra/SRR13757753/SRR13757753	9f4d45b7a2ff187eb4364f763d844dfe	397178420	https://locate.ncbi.nlm.nih.gov/sdl/2/retrieve?acc=SRR13757753&accept-alternate-locations=yes
SRR13757754	https://sra-pub-run-odp.s3.amazonaws.com/sra/SRR13757754/SRR13757754	d4d9c7672bbf09cf10f010560ed8c196	375083284	https://locate.ncbi.nlm.nih.gov/sdl/2/retrieve?acc=SRR13757754&accept-alternate-locations=yes
SRR13757755	https://sra-pub-run-odp.s3.amazonaws.com/sra/SRR13757755/SRR13757755	03ede7e329e4a5bf1abd74d8c9f1853e	375942822	https://locate.ncbi.nlm.nih.gov/sdl/2/retrieve?acc=SRR13757755&accept-alternate-locations=yes
SRR13757756	https://sra-pub-run-odp.s3.amazonaws.com/sra/SRR13757756/SRR13757756	87d25fda4926e88158ae784a676d4b43	367828254	https://locate.ncbi.nlm.nih.gov/sdl/2/retrieve?acc=SRR13757756&accept-alternate-locations=yes
SRR13757757	https://sra-pub-run-odp.s3.amazonaws.com/sra/SRR13757757/SRR13757757	2a30c982220dcb0de6e27374f89a7e3f	369111758	https://locate.ncbi.nlm.nih.gov/sdl/2/retrieve?acc=SRR13757757&accept-alternate-locations=yes
SRR13757758	https://sra-pub-run-odp.s3.amazonaws.com/sra/SRR13757758/SRR13757758	45b07552b28cfa304965b6fe1852fdfe	385648738	https://locate.ncbi.nlm.nih.gov/sdl/2/retrieve?acc=SRR13757758&accept-alternate-locations=yes
SRR13757759	https://sra-pub-run-odp.s3.amazonaws.com/sra/SRR13757759/SRR13757759	d632efaf5227e59b5c75bc8ed00243d3	386092442	https://locate.ncbi.nlm.nih.gov/sdl/2/retrieve?acc=SRR13757759&accept-alternate-locations=yes
SRR13757760	https://sra-pub-run-odp.s3.amazonaws.com/sra/SRR13757760/SRR13757760	fa179d2abc1e79678281485cf8d64233	358608200	https://locate.ncbi.nlm.nih.gov/sdl/2/retrieve?acc=SRR13757760&accept-alternate-locations=yes
SRR13757761	https://sra-pub-run-odp.s3.amazonaws.com/sra/SRR13757761/SRR13757761	935feabdb2b8fc8cc5ab1351c0f373af	359539316	https://locate.ncbi.nlm.nih.gov/sdl/2/retrieve?acc=SRR13757761&accept-alternate-locations=yes
SRR13757762	https://sra-pub-run-odp.s3.amazonaws.com/sra/SRR13757762/SRR13757762	3c89adddda6702bffeddfb7f3876c0a5	373149228	https://locate.ncbi.nlm.nih.gov/sdl/2/retrieve?acc=SRR13757762&accept-alternate-locations=yes
SRR13757763	https://sra-pub-run-odp.s3.amazonaws.com/sra/SRR13757763/SRR13757763	4a1ef8827b4fd6f7250106ad06d24617	373637594	https://locate.ncbi.nlm.nih.gov/sdl/2/retrieve?acc=SRR13757763&accept-alternate-locations=yes
SRR13757764	https://sra-pub-run-odp.s3.amazonaws.com/sra/SRR13757764/SRR13757764	d215c458dc4a14a98d9630f20be0fc7a	400948637	https://locate.ncbi.nlm.nih.gov/sdl/2/retrieve?acc=SRR13757764&accept-alternate-locations=yes
SRR13757765	https://sra-pub-run-odp.s3.amazonaws.com/sra/SRR13757765/SRR13757765	fc3bfca66406fdad11871da91aee9016	401421950	https://locate.ncbi.nlm.nih.gov/sdl/2/retrieve?acc=SRR13757765&accept-alternate-locations=yes
SRR13757766	https://sra-pub-run-odp.s3.amazonaws.com/sra/SRR13757766/SRR13757766	8a652da0ba1eb1a5b25e12dadfa7aaa4	418606826	https://locate.ncbi.nlm.nih.gov/sdl/2/retrieve?acc=SRR13757766&accept-alternate-locations=yes
SRR13757767	https://sra-pub-run-odp.s3.amazonaws.com/sra/SRR13757767/SRR13757767	5564b92edf10e1e1a9592f8d0366cc35	420287535	https://locate.ncbi.nlm.nih.gov/sdl/2/retrieve?acc=SRR13757767&accept-alternate-locations=yes
SRR13757768	https://sra-pub-run-odp.s3.amazonaws.com/sra/SRR13757768/SRR13757768	1b8d7885dc654338acdaf7737ccbf040	418623546	https://locate.ncbi.nlm.nih.gov/sdl/2/retrieve?acc=SRR13757768&accept-alternate-locations=yes
SRR13757769	https://sra-pub-run-odp.s3.amazonaws.com/sra/SRR13757769/SRR13757769	d0c34eb25c00b21e512ad01e2a6ae66c	420324676	https://locate.ncbi.nlm.nih.gov/sdl/2/retrieve?acc=SRR13757769&accept-alternate-locations=yes
SRR13757770	https://sra-pub-run-odp.s3.amazonaws.com/sra/SRR13757770/SRR13757770	c91cfbdeca0278e2b8bdf33fb9e85df1	817661751	https://locate.ncbi.nlm.nih.gov/sdl/2/retrieve?acc=SRR13757770&accept-alternate-locations=yes
SRR13757771	https://sra-pub-run-odp.s3.amazonaws.com/sra/SRR13757771/SRR13757771	63c3413281996a98c6bdbc0cd914feec	844434928	https://locate.ncbi.nlm.nih.gov/sdl/2/retrieve?acc=SRR13757771&accept-alternate-locations=yes
SRR13757772	https://sra-pub-run-odp.s3.amazonaws.com/sra/SRR13757772/SRR13757772	e9c224c166a56ff3b4d5d16a48e2c9d7	849794289	https://locate.ncbi.nlm.nih.gov/sdl/2/retrieve?acc=SRR13757772&accept-alternate-locations=yes
SRR13757773	https://sra-pub-run-odp.s3.amazonaws.com/sra/SRR13757773/SRR13757773	75351833366f60d2c09c8a05bf87c8bf	630586986	https://locate.ncbi.nlm.nih.gov/sdl/2/retrieve?acc=SRR13757773&accept-alternate-locations=yes
SRR13964554	https://sra-pub-run-odp.s3.amazonaws.com/sra/SRR13964554/SRR13964554	b39b61e931d016237538597c24384974	1719672956	https://locate.ncbi.nlm.nih.gov/sdl/2/retrieve?acc=SRR13964554&accept-alternate-locations=yes
SRR13964555	https://sra-pub-run-odp.s3.amazonaws.com/sra/SRR13964555/SRR13964555	809f63c08348b81ae9c14b6024886f78	1401722904	https://locate.ncbi.nlm.nih.gov/sdl/2/retrieve?acc=SRR13964555&accept-alternate-locations=yes
SRR13964556	https://sra-pub-run-odp.s3.amazonaws.com/sra/SRR13964556/SRR13964556	a666433f43a9aa1d3ae6729699122ec6	1363051611	https://locate.ncbi.nlm.nih.gov/sdl/2/retrieve?acc=SRR13964556&accept-alternate-locations=yes
SRR13964557	https://sra-pub-run-odp.s3.amazonaws.com/sra/SRR13964557/SRR13964557	98f9cb1370fed1507d6e6deec71215e2	451707473	https://locate.ncbi.nlm.nih.gov/sdl/2/retrieve?acc=SRR13964557&accept-alternate-locations=yes
SRR13964558	https://sra-pub-run-odp.s3.amazonaws.com/sra/SRR13964558/SRR13964558	638b4321e73b33b377b367cd8997e3e5	451352823	https://locate.ncbi.nlm.nih.gov/sdl/2/retrieve?acc=SRR13964558&accept-alternate-locations=yes
SRR13964559	https://sra-pub-run-odp.s3.amazonaws.com/sra/SRR13964559/SRR13964559	6e358da96a6186b6b386871205451303	449416606	https://locate.ncbi.nlm.nih.gov/sdl/2/retrieve?acc=SRR13964559&accept-alternate-locations=yes
SRR13964560	https://sra-pub-run-odp.s3.amazonaws.com/sra/SRR13964560/SRR13964560	5d02e03aa8d862752f77802105858c08	448595995	https://locate.ncbi.nlm.nih.gov/sdl/2/retrieve?acc=SRR13964560&accept-alternate-locations=yes
SRR13964561	https://sra-pub-run-odp.s3.amazonaws.com/sra/SRR13964561/SRR13964561	3266c3239baa582ae4e445390d0821f7	408160099	https://locate.ncbi.nlm.nih.gov/sdl/2/retrieve?acc=SRR13964561&accept-alternate-locations=yes
SRR13964562	https://sra-pub-run-odp.s3.amazonaws.com/sra/SRR13964562/SRR13964562	8f6ab85f25c20d2cb18e0a71fa19f7b7	407533347	https://locate.ncbi.nlm.nih.gov/sdl/2/retrieve?acc=SRR13964562&accept-alternate-locations=yes
SRR13964563	https://sra-pub-run-odp.s3.amazonaws.com/sra/SRR13964563/SRR13964563	93c49c64d89ee37f5a4f877a0e2f2837	394481060	https://locate.ncbi.nlm.nih.gov/sdl/2/retrieve?acc=SRR13964563&accept-alternate-locations=yes
SRR13964564	https://sra-pub-run-odp.s3.amazonaws.com/sra/SRR13964564/SRR13964564	e6bc2aa803318f7f45f538222dfff88a	393632265	https://locate.ncbi.nlm.nih.gov/sdl/2/retrieve?acc=SRR13964564&accept-alternate-locations=yes
SRR13964565	https://sra-pub-run-odp.s3.amazonaws.com/sra/SRR13964565/SRR13964565	e3233ca37ddb47fd6ba0155e2173e59e	396187042	https://locate.ncbi.nlm.nih.gov/sdl/2/retrieve?acc=SRR13964565&accept-alternate-locations=yes
SRR13964566	https://sra-pub-run-odp.s3.amazonaws.com/sra/SRR13964566/SRR13964566	83e3a2848870044c3d971f6d38002115	395548734	https://locate.ncbi.nlm.nih.gov/sdl/2/retrieve?acc=SRR13964566&accept-alternate-locations=yes
SRR13964567	https://sra-pub-run-odp.s3.amazonaws.com/sra/SRR13964567/SRR13964567	19c753425402cd21ee3705eaccf33a25	384276153	https://locate.ncbi.nlm.nih.gov/sdl/2/retrieve?acc=SRR13964567&accept-alternate-locations=yes
SRR13964568	https://sra-pub-run-odp.s3.amazonaws.com/sra/SRR13964568/SRR13964568	59d6a4277cc6c93479a54e4ba847f6b6	383797011	https://locate.ncbi.nlm.nih.gov/sdl/2/retrieve?acc=SRR13964568&accept-alternate-locations=yes
SRR13964569	https://sra-pub-run-odp.s3.amazonaws.com/sra/SRR13964569/SRR13964569	6f8c03ac9c5c200d25f2ca82a25c83de	352902878	https://locate.ncbi.nlm.nih.gov/sdl/2/retrieve?acc=SRR13964569&accept-alternate-locations=yes
SRR13964570	https://sra-pub-run-odp.s3.amazonaws.com/sra/SRR13964570/SRR13964570	7892fe7f7c72713fc968df91a6ad7f09	352649405	https://locate.ncbi.nlm.nih.gov/sdl/2/retrieve?acc=SRR13964570&accept-alternate-locations=yes
SRR13964571	https://sra-pub-run-odp.s3.amazonaws.com/sra/SRR13964571/SRR13964571	c24475867e888304f4988b0f9b69f09e	385362813	https://locate.ncbi.nlm.nih.gov/sdl/2/retrieve?acc=SRR13964571&accept-alternate-locations=yes
SRR13964572	https://sra-pub-run-odp.s3.amazonaws.com/sra/SRR13964572/SRR13964572	287c7992023d5e34b2d797cd2ba49649	385008695	https://locate.ncbi.nlm.nih.gov/sdl/2/retrieve?acc=SRR13964572&accept-alternate-locations=yes
SRR13964573	https://sra-pub-run-odp.s3.amazonaws.com/sra/SRR13964573/SRR13964573	e5ac4b19603a1cd135e1553a9d82a27d	402424131	https://locate.ncbi.nlm.nih.gov/sdl/2/retrieve?acc=SRR13964573&accept-alternate-locations=yes
SRR13964574	https://sra-pub-run-odp.s3.amazonaws.com/sra/SRR13964574/SRR13964574	3e5521c653fc82bfe2437e82507cc68a	401700332	https://locate.ncbi.nlm.nih.gov/sdl/2/retrieve?acc=SRR13964574&accept-alternate-locations=yes
SRR13964575	https://sra-pub-run-odp.s3.amazonaws.com/sra/SRR13964575/SRR13964575	8984c1ff4f98e75e56949efd33d0de22	388755630	https://locate.ncbi.nlm.nih.gov/sdl/2/retrieve?acc=SRR13964575&accept-alternate-locations=yes
SRR13964576	https://sra-pub-run-odp.s3.amazonaws.com/sra/SRR13964576/SRR13964576	fd14d260a967a178919736d5c0866e23	387734473	https://locate.ncbi.nlm.nih.gov/sdl/2/retrieve?acc=SRR13964576&accept-alternate-locations=yes
SRR13964577	https://sra-pub-run-odp.s3.amazonaws.com/sra/SRR13964577/SRR13964577	3fdd94456467e0fec4aac4bc2fe1cddf	396225914	https://locate.ncbi.nlm.nih.gov/sdl/2/retrieve?acc=SRR13964577&accept-alternate-locations=yes
SRR13964578	https://sra-pub-run-odp.s3.amazonaws.com/sra/SRR13964578/SRR13964578	5c5ad5bcffd48618a1a03bb90be9c1d9	398843699	https://locate.ncbi.nlm.nih.gov/sdl/2/retrieve?acc=SRR13964578&accept-alternate-locations=yes
SRR13964579	https://sra-pub-run-odp.s3.amazonaws.com/sra/SRR13964579/SRR13964579	b2ef6c200e3737529d9060fbb80d6e6e	415126784	https://locate.ncbi.nlm.nih.gov/sdl/2/retrieve?acc=SRR13964579&accept-alternate-locations=yes
SRR13964580	https://sra-pub-run-odp.s3.amazonaws.com/sra/SRR13964580/SRR13964580	930a0ce64e4cfeeabf450719109c1ef8	414533483	https://locate.ncbi.nlm.nih.gov/sdl/2/retrieve?acc=SRR13964580&accept-alternate-locations=yes
SRR13964581	https://sra-pub-run-odp.s3.amazonaws.com/sra/SRR13964581/SRR13964581	a5152562b62e63474d608c59c217e3b0	390738275	https://locate.ncbi.nlm.nih.gov/sdl/2/retrieve?acc=SRR13964581&accept-alternate-locations=yes
SRR13964582	https://sra-pub-run-odp.s3.amazonaws.com/sra/SRR13964582/SRR13964582	85c9df0c9a78c57838af000a663fbe84	393051589	https://locate.ncbi.nlm.nih.gov/sdl/2/retrieve?acc=SRR13964582&accept-alternate-locations=yes
SRR13964583	https://sra-pub-run-odp.s3.amazonaws.com/sra/SRR13964583/SRR13964583	54109c340967e5b1dc3c61a5c7636674	395077913	https://locate.ncbi.nlm.nih.gov/sdl/2/retrieve?acc=SRR13964583&accept-alternate-locations=yes
SRR13964584	https://sra-pub-run-odp.s3.amazonaws.com/sra/SRR13964584/SRR13964584	ac09aace570ef73b38493c7c67b8c0cd	394030935	https://locate.ncbi.nlm.nih.gov/sdl/2/retrieve?acc=SRR13964584&accept-alternate-locations=yes
SRR13964585	https://sra-pub-run-odp.s3.amazonaws.com/sra/SRR13964585/SRR13964585	cba7808a930c4ccb2fc4305a18d3f163	415274167	https://locate.ncbi.nlm.nih.gov/sdl/2/retrieve?acc=SRR13964585&accept-alternate-locations=yes
SRR13964586	https://sra-pub-run-odp.s3.amazonaws.com/sra/SRR13964586/SRR13964586	e755929e4ec65481ad40545ed99e3342	417724681	https://locate.ncbi.nlm.nih.gov/sdl/2/retrieve?acc=SRR13964586&accept-alternate-locations=yes
SRR14191081	https://sra-pub-run-odp.s3.amazonaws.com/sra/SRR14191081/SRR14191081	f8520ab1dfefe6b87737f9a8e8649e9b	1012719617	https://locate.ncbi.nlm.nih.gov/sdl/2/retrieve?acc=SRR14191081&accept-alternate-locations=yes
SRR14191082	https://sra-pub-run-odp.s3.amazonaws.com/sra/SRR14191082/SRR14191082	e3a87bf5f3bee355aeb1fc8381e2631a	1071033444	https://locate.ncbi.nlm.nih.gov/sdl/2/retrieve?acc=SRR14191082&accept-alternate-locations=yes
SRR14191083	https://sra-pub-run-odp.s3.amazonaws.com/sra/SRR14191083/SRR14191083	3b0507b11b458e0e720a3d41b8784512	936296032	https://locate.ncbi.nlm.nih.gov/sdl/2/retrieve?acc=SRR14191083&accept-alternate-locations=yes
SRR14191084	https://sra-pub-run-odp.s3.amazonaws.com/sra/SRR14191084/SRR14191084	cccb93aefd969b1a56c10db5f0ddee9b	956265597	https://locate.ncbi.nlm.nih.gov/sdl/2/retrieve?acc=SRR14191084&accept-alternate-locations=yes
SRR14191085	https://sra-pub-run-odp.s3.amazonaws.com/sra/SRR14191085/SRR14191085	0c49f3652db99165fc205e8ccae9e686	850176472	https://locate.ncbi.nlm.nih.gov/sdl/2/retrieve?acc=SRR14191085&accept-alternate-locations=yes
SRR14191086	https://sra-pub-run-odp.s3.amazonaws.com/sra/SRR14191086/SRR14191086	82171b2676a8c74306ac4acb5364c21d	953644223	https://locate.ncbi.nlm.nih.gov/sdl/2/retrieve?acc=SRR14191086&accept-alternate-locations=yes
SRR14191087	https://sra-pub-run-odp.s3.amazonaws.com/sra/SRR14191087/SRR14191087	d99e1dee19d86ea2e1de85042069deb5	926744142	https://locate.ncbi.nlm.nih.gov/sdl/2/retrieve?acc=SRR14191087&accept-alternate-locations=yes
SRR14191088	https://sra-pub-run-odp.s3.amazonaws.com/sra/SRR14191088/SRR14191088	e416db0bfa7dabcdb37f63a0767cefdc	892934717	https://locate.ncbi.nlm.nih.gov/sdl/2/retrieve?acc=SRR14191088&accept-alternate-locations=yes
SRR14191089	https://sra-pub-run-odp.s3.amazonaws.com/sra/SRR14191089/SRR14191089	1552726003528264c963afcb32d8262e	1264430188	https://locate.ncbi.nlm.nih.gov/sdl/2/retrieve?acc=SRR14191089&accept-alternate-locations=yes
SRR14191090	https://sra-pub-run-odp.s3.amazonaws.com/sra/SRR14191090/SRR14191090	ca21b7cb9179104302e1e2051a44dc8e	1061674814	https://locate.ncbi.nlm.nih.gov/sdl/2/retrieve?acc=SRR14191090&accept-alternate-locations=yes
SRR14191091	https://sra-pub-run-odp.s3.amazonaws.com/sra/SRR14191091/SRR14191091	5c8da777435596e0084d33a8da15f269	825835218	https://locate.ncbi.nlm.nih.gov/sdl/2/retrieve?acc=SRR14191091&accept-alternate-locations=yes
SRR14191092	https://sra-pub-run-odp.s3.amazonaws.com/sra/SRR14191092/SRR14191092	206c82724bb14da43b9179b3a09b7b7f	923924910	https://locate.ncbi.nlm.nih.gov/sdl/2/retrieve?acc=SRR14191092&accept-alternate-locations=yes
SRR14701359	https://sra-pub-run-odp.s3.amazonaws.com/sra/SRR14701359/SRR14701359	0548dd9d67a0702f18338c5ed07afa74	6753180428	https://locate.ncbi.nlm.nih.gov/sdl/2/retrieve?acc=SRR14701359&accept-alternate-locations=yes
SRR14701360	https://sra-pub-run-odp.s3.amazonaws.com/sra/SRR14701360/SRR14701360	272bb2ce88b87a55dba1453f894167da	5560381310	https://locate.ncbi.nlm.nih.gov/sdl/2/retrieve?acc=SRR14701360&accept-alternate-locations=yes
SRR14701361	https://sra-pub-run-odp.s3.amazonaws.com/sra/SRR14701361/SRR14701361	1ced2c5aa6ab4b854789df53f972ca1f	7358076779	https://locate.ncbi.nlm.nih.gov/sdl/2/retrieve?acc=SRR14701361&accept-alternate-locations=yes
SRR14701362	https://sra-pub-run-odp.s3.amazonaws.com/sra/SRR14701362/SRR14701362	48d1ccd3daf23a2079b267a9c540618e	5860904417	https://locate.ncbi.nlm.nih.gov/sdl/2/retrieve?acc=SRR14701362&accept-alternate-locations=yes
SRR14701363	https://sra-pub-run-odp.s3.amazonaws.com/sra/SRR14701363/SRR14701363	25af8e356e568ae9eaf3a62497e222f7	6776917016	https://locate.ncbi.nlm.nih.gov/sdl/2/retrieve?acc=SRR14701363&accept-alternate-locations=yes
SRR14701364	https://sra-pub-run-odp.s3.amazonaws.com/sra/SRR14701364/SRR14701364	c3cc37484bb3b7cebd9895670b8f9f23	5460191099	https://locate.ncbi.nlm.nih.gov/sdl/2/retrieve?acc=SRR14701364&accept-alternate-locations=yes
SRR14701365	https://sra-pub-run-odp.s3.amazonaws.com/sra/SRR14701365/SRR14701365	10997b693d3c0929a795ae29aee77984	5418593506	https://locate.ncbi.nlm.nih.gov/sdl/2/retrieve?acc=SRR14701365&accept-alternate-locations=yes
SRR14701366	https://sra-pub-run-odp.s3.amazonaws.com/sra/SRR14701366/SRR14701366	ae1dc08c4890c353c3d1ad18bfe03f65	5824230701	https://locate.ncbi.nlm.nih.gov/sdl/2/retrieve?acc=SRR14701366&accept-alternate-locations=yes
SRR14701367	https://sra-pub-run-odp.s3.amazonaws.com/sra/SRR14701367/SRR14701367	b862ae7475fe704109ce04df35fa179c	5675722910	https://locate.ncbi.nlm.nih.gov/sdl/2/retrieve?acc=SRR14701367&accept-alternate-locations=yes
SRR14701368	https://sra-pub-run-odp.s3.amazonaws.com/sra/SRR14701368/SRR14701368	461d3f304cfd8b808dea7348c7ba6704	9153346226	https://locate.ncbi.nlm.nih.gov/sdl/2/retrieve?acc=SRR14701368&accept-alternate-locations=yes
SRR14701369	https://sra-pub-run-odp.s3.amazonaws.com/sra/SRR14701369/SRR14701369	06b2827ba84ee95f0e12da440b052b41	5325647835	https://locate.ncbi.nlm.nih.gov/sdl/2/retrieve?acc=SRR14701369&accept-alternate-locations=yes
SRR14701370	https://sra-pub-run-odp.s3.amazonaws.com/sra/SRR14701370/SRR14701370	487244101e51c4fc527417e7d6c71f6e	5806940635	https://locate.ncbi.nlm.nih.gov/sdl/2/retrieve?acc=SRR14701370&accept-alternate-locations=yes
SRR14701371	https://sra-pub-run-odp.s3.amazonaws.com/sra/SRR14701371/SRR14701371	7fef9a7cb4b84fdd3bc8bd72ae2c3cb1	6562298862	https://locate.ncbi.nlm.nih.gov/sdl/2/retrieve?acc=SRR14701371&accept-alternate-locations=yes
SRR14701372	https://sra-pub-run-odp.s3.amazonaws.com/sra/SRR14701372/SRR14701372	337855e7da1d962930d33112c1daefc5	4751115367	https://locate.ncbi.nlm.nih.gov/sdl/2/retrieve?acc=SRR14701372&accept-alternate-locations=yes
SRR14701373	https://sra-pub-run-odp.s3.amazonaws.com/sra/SRR14701373/SRR14701373	dfc45fcdbef350e76f0509fb0fc8e86b	5523080333	https://locate.ncbi.nlm.nih.gov/sdl/2/retrieve?acc=SRR14701373&accept-alternate-locations=yes
SRR14701374	https://sra-pub-run-odp.s3.amazonaws.com/sra/SRR14701374/SRR14701374	61fc64200dff818bc1ee36f07e325b88	5828098575	https://locate.ncbi.nlm.nih.gov/sdl/2/retrieve?acc=SRR14701374&accept-alternate-locations=yes
SRR14701375	https://sra-pub-run-odp.s3.amazonaws.com/sra/SRR14701375/SRR14701375	1a9c94f5ed44534e74b8fe6f576bf435	7250568872	https://locate.ncbi.nlm.nih.gov/sdl/2/retrieve?acc=SRR14701375&accept-alternate-locations=yes
SRR14701376	https://sra-pub-run-odp.s3.amazonaws.com/sra/SRR14701376/SRR14701376	e21b63022a3d638b03d1d457cdfc4af9	5250012983	https://locate.ncbi.nlm.nih.gov/sdl/2/retrieve?acc=SRR14701376&accept-alternate-locations=yes
SRR14701377	https://sra-pub-run-odp.s3.amazonaws.com/sra/SRR14701377/SRR14701377	baf967a313356e0b2434494f8e8e41ec	7424358089	https://locate.ncbi.nlm.nih.gov/sdl/2/retrieve?acc=SRR14701377&accept-alternate-locations=yes
SRR14701378	https://sra-pub-run-odp.s3.amazonaws.com/sra/SRR14701378/SRR14701378	9abcc016acc64bad4eff807622016be1	5643169262	https://locate.ncbi.nlm.nih.gov/sdl/2/retrieve?acc=SRR14701378&accept-alternate-locations=yes
SRR14701379	https://sra-pub-run-odp.s3.amazonaws.com/sra/SRR14701379/SRR14701379	baf734fd6bcf12023246c415c7bcfc4a	6352853247	https://locate.ncbi.nlm.nih.gov/sdl/2/retrieve?acc=SRR14701379&accept-alternate-locations=yes
SRR14701380	https://sra-pub-run-odp.s3.amazonaws.com/sra/SRR14701380/SRR14701380	b2bc1536cadb852e5961e5c5230335dc	5587132211	https://locate.ncbi.nlm.nih.gov/sdl/2/retrieve?acc=SRR14701380&accept-alternate-locations=yes
SRR14701381	https://sra-pub-run-odp.s3.amazonaws.com/sra/SRR14701381/SRR14701381	5591ad58b8713b477079ca50aac20d28	5966660391	https://locate.ncbi.nlm.nih.gov/sdl/2/retrieve?acc=SRR14701381&accept-alternate-locations=yes
SRR14701382	https://sra-pub-run-odp.s3.amazonaws.com/sra/SRR14701382/SRR14701382	5f8f0f5d2e196df67fce077cfa17c607	6941428118	https://locate.ncbi.nlm.nih.gov/sdl/2/retrieve?acc=SRR14701382&accept-alternate-locations=yes
SRR14701383	https://sra-pub-run-odp.s3.amazonaws.com/sra/SRR14701383/SRR14701383	b12d3909262790992da7223d43a49003	6361743266	https://locate.ncbi.nlm.nih.gov/sdl/2/retrieve?acc=SRR14701383&accept-alternate-locations=yes
SRR14701384	https://sra-pub-run-odp.s3.amazonaws.com/sra/SRR14701384/SRR14701384	2dba18ab7daf5c6ec5750a331beae54a	4873759059	https://locate.ncbi.nlm.nih.gov/sdl/2/retrieve?acc=SRR14701384&accept-alternate-locations=yes
SRR14701385	https://sra-pub-run-odp.s3.amazonaws.com/sra/SRR14701385/SRR14701385	9d59daea807891635532f2107f6931a9	4374681896	https://locate.ncbi.nlm.nih.gov/sdl/2/retrieve?acc=SRR14701385&accept-alternate-locations=yes
SRR14701386	https://sra-pub-run-odp.s3.amazonaws.com/sra/SRR14701386/SRR14701386	5393ec704fc8f488952453239e66408c	8302877890	https://locate.ncbi.nlm.nih.gov/sdl/2/retrieve?acc=SRR14701386&accept-alternate-locations=yes
SRR14701387	https://sra-pub-run-odp.s3.amazonaws.com/sra/SRR14701387/SRR14701387	b81bf97585f4eeeb81ecf77bf2e5ac65	6384519710	https://locate.ncbi.nlm.nih.gov/sdl/2/retrieve?acc=SRR14701387&accept-alternate-locations=yes
SRR14701388	https://sra-pub-run-odp.s3.amazonaws.com/sra/SRR14701388/SRR14701388	9988dea9a6ca004d19996ca3b02d15ef	6238330967	https://locate.ncbi.nlm.nih.gov/sdl/2/retrieve?acc=SRR14701388&accept-alternate-locations=yes
SRR14701389	https://sra-pub-run-odp.s3.amazonaws.com/sra/SRR14701389/SRR14701389	ee20e15116f8059837d7f9a7b5ba0cfa	5416151956	https://locate.ncbi.nlm.nih.gov/sdl/2/retrieve?acc=SRR14701389&accept-alternate-locations=yes
SRR14701390	https://sra-pub-run-odp.s3.amazonaws.com/sra/SRR14701390/SRR14701390	88c5849571ab64c843c69ee1cb28a09d	6041295937	https://locate.ncbi.nlm.nih.gov/sdl/2/retrieve?acc=SRR14701390&accept-alternate-locations=yes
SRR14701391	https://sra-pub-run-odp.s3.amazonaws.com/sra/SRR14701391/SRR14701391	c9fd64c16fbcbd01fec4d267ec583e2c	6967495287	https://locate.ncbi.nlm.nih.gov/sdl/2/retrieve?acc=SRR14701391&accept-alternate-locations=yes
SRR1956641	https://sra-pub-run-odp.s3.amazonaws.com/sra/SRR1956641/SRR1956641	110c248acc2a65aa8544a02f2eeebe23	163521578	https://locate.ncbi.nlm.nih.gov/sdl/2/retrieve?acc=SRR1956641&accept-alternate-locations=yes
SRR1956642	https://sra-pub-run-odp.s3.amazonaws.com/sra/SRR1956642/SRR1956642	4fd56c7ad124ef36de01ab06b5e30840	117060958	https://locate.ncbi.nlm.nih.gov/sdl/2/retrieve?acc=SRR1956642&accept-alternate-locations=yes
SRR1956643	https://sra-pub-run-odp.s3.amazonaws.com/sra/SRR1956643/SRR1956643	d4de58a20acc9233b363b802676d3adc	125521975	https://locate.ncbi.nlm.nih.gov/sdl/2/retrieve?acc=SRR1956643&accept-alternate-locations=yes
SRR1956644	https://sra-pub-run-odp.s3.amazonaws.com/sra/SRR1956644/SRR1956644	19fa3f37f514e1d48d1da901a40613ba	193183351	https://locate.ncbi.nlm.nih.gov/sdl/2/retrieve?acc=SRR1956644&accept-alternate-locations=yes
SRR1956645	https://sra-pub-run-odp.s3.amazonaws.com/sra/SRR1956645/SRR1956645	55d3a822580e68d9c000e918762b4a23	171172447	https://locate.ncbi.nlm.nih.gov/sdl/2/retrieve?acc=SRR1956645&accept-alternate-locations=yes
SRR1956646	https://sra-pub-run-odp.s3.amazonaws.com/sra/SRR1956646/SRR1956646	417235951505aa27c6254dbc80d554ba	289538307	https://locate.ncbi.nlm.nih.gov/sdl/2/retrieve?acc=SRR1956646&accept-alternate-locations=yes
SRR1956647	https://sra-pub-run-odp.s3.amazonaws.com/sra/SRR1956647/SRR1956647	827533f7a390bcee9a6f1ec5889ec803	145907546	https://locate.ncbi.nlm.nih.gov/sdl/2/retrieve?acc=SRR1956647&accept-alternate-locations=yes
SRR1956659	https://sra-pub-run-odp.s3.amazonaws.com/sra/SRR1956659/SRR1956659	dd322a155b258333f99598db0165b2ca	477176961	https://locate.ncbi.nlm.nih.gov/sdl/2/retrieve?acc=SRR1956659&accept-alternate-locations=yes
SRR1956660	https://sra-pub-run-odp.s3.amazonaws.com/sra/SRR1956660/SRR1956660	0cb129b3bbb942b40ad0faba6b4012ea	388153169	https://locate.ncbi.nlm.nih.gov/sdl/2/retrieve?acc=SRR1956660&accept-alternate-locations=yes
SRR1956661	https://sra-pub-run-odp.s3.amazonaws.com/sra/SRR1956661/SRR1956661	ee4abcfff30a6927efb3b96a753efbae	587210105	https://locate.ncbi.nlm.nih.gov/sdl/2/retrieve?acc=SRR1956661&accept-alternate-locations=yes
SRR1956662	https://sra-pub-run-odp.s3.amazonaws.com/sra/SRR1956662/SRR1956662	b9ce1c36321c89b6742687cca3ff8c9d	1311281378	https://locate.ncbi.nlm.nih.gov/sdl/2/retrieve?acc=SRR1956662&accept-alternate-locations=yes
SRR1956663	https://sra-pub-run-odp.s3.amazonaws.com/sra/SRR1956663/SRR1956663	06cfb374cec7f645365d6baf5459f4bc	730980001	https://locate.ncbi.nlm.nih.gov/sdl/2/retrieve?acc=SRR1956663&accept-alternate-locations=yes
SRR1956664	https://sra-pub-run-odp.s3.amazonaws.com/sra/SRR1956664/SRR1956664	c7c89af28e79b69153a01efbd13584ac	400296763	https://locate.ncbi.nlm.nih.gov/sdl/2/retrieve?acc=SRR1956664&accept-alternate-locations=yes
SRR1956665	https://sra-pub-run-odp.s3.amazonaws.com/sra/SRR1956665/SRR1956665	4e45e60551f095ffe4ccd78e799a781c	608369653	https://locate.ncbi.nlm.nih.gov/sdl/2/retrieve?acc=SRR1956665&accept-alternate-locations=yes
SRR1956666	https://sra-pub-run-odp.s3.amazonaws.com/sra/SRR1956666/SRR1956666	4cff2f3ce0a033f6cafe8e308a383106	542547810	https://locate.ncbi.nlm.nih.gov/sdl/2/retrieve?acc=SRR1956666&accept-alternate-locations=yes
SRR1956667	https://sra-pub-run-odp.s3.amazonaws.com/sra/SRR1956667/SRR1956667	796c3aa39ebe430f628e23146daa451d	809224994	https://locate.ncbi.nlm.nih.gov/sdl/2/retrieve?acc=SRR1956667&accept-alternate-locations=yes
SRR1956668	https://sra-pub-run-odp.s3.amazonaws.com/sra/SRR1956668/SRR1956668	77052abe86066548057e210c7e750266	1314538807	https://locate.ncbi.nlm.nih.gov/sdl/2/retrieve?acc=SRR1956668&accept-alternate-locations=yes
SRR1956669	https://sra-pub-run-odp.s3.amazonaws.com/sra/SRR1956669/SRR1956669	1a94c40be7468cf1e8cf073bf3c41217	962588947	https://locate.ncbi.nlm.nih.gov/sdl/2/retrieve?acc=SRR1956669&accept-alternate-locations=yes
SRR1956670	https://sra-pub-run-odp.s3.amazonaws.com/sra/SRR1956670/SRR1956670	eb0afad0c634601f521c799f4c4b3368	650635556	https://locate.ncbi.nlm.nih.gov/sdl/2/retrieve?acc=SRR1956670&accept-alternate-locations=yes
SRR1956671	https://sra-pub-run-odp.s3.amazonaws.com/sra/SRR1956671/SRR1956671	14a48d1f202dc198de2cbbacc95a9601	490280922	https://locate.ncbi.nlm.nih.gov/sdl/2/retrieve?acc=SRR1956671&accept-alternate-locations=yes
SRR1956672	https://sra-pub-run-odp.s3.amazonaws.com/sra/SRR1956672/SRR1956672	30ed9007975a13e597038f74df8c240f	1224101737	https://locate.ncbi.nlm.nih.gov/sdl/2/retrieve?acc=SRR1956672&accept-alternate-locations=yes
SRR1956673	https://sra-pub-run-odp.s3.amazonaws.com/sra/SRR1956673/SRR1956673	478fac545a24460b48899817f7771727	389947113	https://locate.ncbi.nlm.nih.gov/sdl/2/retrieve?acc=SRR1956673&accept-alternate-locations=yes
SRR1956674	https://sra-pub-run-odp.s3.amazonaws.com/sra/SRR1956674/SRR1956674	a4187bd00f4451d2691b6b6e7b12d997	266970916	https://locate.ncbi.nlm.nih.gov/sdl/2/retrieve?acc=SRR1956674&accept-alternate-locations=yes
SRR1956694	https://sra-pub-run-odp.s3.amazonaws.com/sra/SRR1956694/SRR1956694	c1157b0f56d9180f5949bc86f6c4dae9	1074649094	https://locate.ncbi.nlm.nih.gov/sdl/2/retrieve?acc=SRR1956694&accept-alternate-locations=yes
SRR1956695	https://sra-pub-run-odp.s3.amazonaws.com/sra/SRR1956695/SRR1956695	cad8fe09100d75ec8a4a5452bb6bdac8	304310204	https://locate.ncbi.nlm.nih.gov/sdl/2/retrieve?acc=SRR1956695&accept-alternate-locations=yes
SRR1956696	https://sra-pub-run-odp.s3.amazonaws.com/sra/SRR1956696/SRR1956696	5e62018c94f7822e159fd521627fa404	291106452	https://locate.ncbi.nlm.nih.gov/sdl/2/retrieve?acc=SRR1956696&accept-alternate-locations=yes
SRR1956697	https://sra-pub-run-odp.s3.amazonaws.com/sra/SRR1956697/SRR1956697	35dc2360640490eb94a81b8e019e8aa0	279558267	https://locate.ncbi.nlm.nih.gov/sdl/2/retrieve?acc=SRR1956697&accept-alternate-locations=yes
SRR1956698	https://sra-pub-run-odp.s3.amazonaws.com/sra/SRR1956698/SRR1956698	3d4391d69bb903ab906c5d53bf6bec02	961163020	https://locate.ncbi.nlm.nih.gov/sdl/2/retrieve?acc=SRR1956698&accept-alternate-locations=yes
SRR1956699	https://sra-pub-run-odp.s3.amazonaws.com/sra/SRR1956699/SRR1956699	1d5b35f08a92435f525e1c93e9138c02	303179011	https://locate.ncbi.nlm.nih.gov/sdl/2/retrieve?acc=SRR1956699&accept-alternate-locations=yes
SRR1956700	https://sra-pub-run-odp.s3.amazonaws.com/sra/SRR1956700/SRR1956700	58e64183162b05a1c7b0529b7f7c76e1	283167823	https://locate.ncbi.nlm.nih.gov/sdl/2/retrieve?acc=SRR1956700&accept-alternate-locations=yes
SRR1956701	https://sra-pub-run-odp.s3.amazonaws.com/sra/SRR1956701/SRR1956701	a6ef7a8adcae0c69cc568acc4a462f5d	207888261	https://locate.ncbi.nlm.nih.gov/sdl/2/retrieve?acc=SRR1956701&accept-alternate-locations=yes
SRR23049895	https://sra-pub-run-odp.s3.amazonaws.com/sra/SRR23049895/SRR23049895	1cf6a4bd4fbb4ec5e9bd547d16a8ceb9	1905890637	https://locate.ncbi.nlm.nih.gov/sdl/2/retrieve?acc=SRR23049895&accept-alternate-locations=yes
SRR23049906	https://sra-pub-run-odp.s3.amazonaws.com/sra/SRR23049906/SRR23049906	954a8040e8ec23737f24e5c1c29bc730	2146624641	https://locate.ncbi.nlm.nih.gov/sdl/2/retrieve?acc=SRR23049906&accept-alternate-locations=yes
SRR23049917	https://sra-pub-run-odp.s3.amazonaws.com/sra/SRR23049917/SRR23049917	bb126ddc508603ea26d11d2a4e88e2a2	7922368073	https://locate.ncbi.nlm.nih.gov/sdl/2/retrieve?acc=SRR23049917&accept-alternate-locations=yes
SRR23049928	https://sra-pub-run-odp.s3.amazonaws.com/sra/SRR23049928/SRR23049928	5d85b2319fa6b808e7d8a285cc1e92a1	1960107942	https://locate.ncbi.nlm.nih.gov/sdl/2/retrieve?acc=SRR23049928&accept-alternate-locations=yes
SRR23049936	https://sra-pub-run-odp.s3.amazonaws.com/sra/SRR23049936/SRR23049936	ac74ae09760ce9fbf1982dd51bdddfce	1965814496	https://locate.ncbi.nlm.nih.gov/sdl/2/retrieve?acc=SRR23049936&accept-alternate-locations=yes
SRR23049937	https://sra-pub-run-odp.s3.amazonaws.com/sra/SRR23049937/SRR23049937	38b5b597674ccfb95a91f9ca338fcec5	1935407604	https://locate.ncbi.nlm.nih.gov/sdl/2/retrieve?acc=SRR23049937&accept-alternate-locations=yes
SRR23049953	https://sra-pub-run-odp.s3.amazonaws.com/sra/SRR23049953/SRR23049953	2178e9fe728caba7824c2d09acf50ab2	1940550618	https://locate.ncbi.nlm.nih.gov/sdl/2/retrieve?acc=SRR23049953&accept-alternate-locations=yes
SRR23049954	https://sra-pub-run-odp.s3.amazonaws.com/sra/SRR23049954/SRR23049954	3648d80ed623ca697f3abdd191644e6b	2003090506	https://locate.ncbi.nlm.nih.gov/sdl/2/retrieve?acc=SRR23049954&accept-alternate-locations=yes
SRR23049956	https://sra-pub-run-odp.s3.amazonaws.com/sra/SRR23049956/SRR23049956	8429c3c72a1eb21e164892b94d87f03a	1989586880	https://locate.ncbi.nlm.nih.gov/sdl/2/retrieve?acc=SRR23049956&accept-alternate-locations=yes
SRR23049957	https://sra-pub-run-odp.s3.amazonaws.com/sra/SRR23049957/SRR23049957	dad1219c80ed4ee083ad3d21eda28a7d	2082812609	https://locate.ncbi.nlm.nih.gov/sdl/2/retrieve?acc=SRR23049957&accept-alternate-locations=yes
SRR23049958	https://sra-pub-run-odp.s3.amazonaws.com/sra/SRR23049958/SRR23049958	223a11e7e168e6855b666f7a4864f6ac	2253965443	https://locate.ncbi.nlm.nih.gov/sdl/2/retrieve?acc=SRR23049958&accept-alternate-locations=yes
SRR23049959	https://sra-pub-run-odp.s3.amazonaws.com/sra/SRR23049959/SRR23049959	cc226dae7d6db30475b6df6017650bc1	1926773961	https://locate.ncbi.nlm.nih.gov/sdl/2/retrieve?acc=SRR23049959&accept-alternate-locations=yes
SRR23049964	https://sra-pub-run-odp.s3.amazonaws.com/sra/SRR23049964/SRR23049964	ef796e886161c3db6d25b844b85622db	2134645958	https://locate.ncbi.nlm.nih.gov/sdl/2/retrieve?acc=SRR23049964&accept-alternate-locations=yes
SRR23049965	https://sra-pub-run-odp.s3.amazonaws.com/sra/SRR23049965/SRR23049965	0b9020607209a9c40e5e3b8574fb823b	2112869840	https://locate.ncbi.nlm.nih.gov/sdl/2/retrieve?acc=SRR23049965&accept-alternate-locations=yes
SRR23049966	https://sra-pub-run-odp.s3.amazonaws.com/sra/SRR23049966/SRR23049966	857fccafbe804ed2764dad25ae02adb8	2052533864	https://locate.ncbi.nlm.nih.gov/sdl/2/retrieve?acc=SRR23049966&accept-alternate-locations=yes
SRR23049967	https://sra-pub-run-odp.s3.amazonaws.com/sra/SRR23049967/SRR23049967	914459eac478cc1f9744aa3dd01e1e6b	2073608968	https://locate.ncbi.nlm.nih.gov/sdl/2/retrieve?acc=SRR23049967&accept-alternate-locations=yes
SRR2541829	https://sra-pub-run-odp.s3.amazonaws.com/sra/SRR2541829/SRR2541829	385a0fd35f8c5785650ad118d185c970	248545357	https://locate.ncbi.nlm.nih.gov/sdl/2/retrieve?acc=SRR2541829&accept-alternate-locations=yes
SRR2541830	https://sra-pub-run-odp.s3.amazonaws.com/sra/SRR2541830/SRR2541830	99d0316aad5e2ef5d2456f533f08ca43	210491199	https://locate.ncbi.nlm.nih.gov/sdl/2/retrieve?acc=SRR2541830&accept-alternate-locations=yes
SRR2541831	https://sra-pub-run-odp.s3.amazonaws.com/sra/SRR2541831/SRR2541831	fb5cea67dbf12a4170eae0ff4838c82e	246684794	https://locate.ncbi.nlm.nih.gov/sdl/2/retrieve?acc=SRR2541831&accept-alternate-locations=yes
SRR2541832	https://sra-pub-run-odp.s3.amazonaws.com/sra/SRR2541832/SRR2541832	0f73ed71a62dc43b769b6bc18957d534	64065975	https://locate.ncbi.nlm.nih.gov/sdl/2/retrieve?acc=SRR2541832&accept-alternate-locations=yes
SRR2541833	https://sra-pub-run-odp.s3.amazonaws.com/sra/SRR2541833/SRR2541833	8feac505002a155e7d1b761ac845e6aa	82225993	https://locate.ncbi.nlm.nih.gov/sdl/2/retrieve?acc=SRR2541833&accept-alternate-locations=yes
SRR2541834	https://sra-pub-run-odp.s3.amazonaws.com/sra/SRR2541834/SRR2541834	ab984f51ea40232305b1669c45a101c8	274653536	https://locate.ncbi.nlm.nih.gov/sdl/2/retrieve?acc=SRR2541834&accept-alternate-locations=yes
SRR2541835	https://sra-pub-run-odp.s3.amazonaws.com/sra/SRR2541835/SRR2541835	a916b9be8fe91f6e4a43cb8e11d16364	87171457	https://locate.ncbi.nlm.nih.gov/sdl/2/retrieve?acc=SRR2541835&accept-alternate-locations=yes
SRR2541836	https://sra-pub-run-odp.s3.amazonaws.com/sra/SRR2541836/SRR2541836	5081fd5515d73309549baf47c316d471	108636292	https://locate.ncbi.nlm.nih.gov/sdl/2/retrieve?acc=SRR2541836&accept-alternate-locations=yes
SRR27352845	https://sra-pub-run-odp.s3.amazonaws.com/sra/SRR27352845/SRR27352845	68469255cf6c4075e9e5189c83a5bc53	164183415	https://locate.ncbi.nlm.nih.gov/sdl/2/retrieve?acc=SRR27352845&accept-alternate-locations=yes
SRR27352846	https://sra-pub-run-odp.s3.amazonaws.com/sra/SRR27352846/SRR27352846	a08cedb103100b0eb0bfe1a26304ad46	193010354	https://locate.ncbi.nlm.nih.gov/sdl/2/retrieve?acc=SRR27352846&accept-alternate-locations=yes
SRR27352847	https://sra-pub-run-odp.s3.amazonaws.com/sra/SRR27352847/SRR27352847	8342eeb0c93c7a62663d2fb51020d861	215061091	https://locate.ncbi.nlm.nih.gov/sdl/2/retrieve?acc=SRR27352847&accept-alternate-locations=yes
SRR27352848	https://sra-pub-run-odp.s3.amazonaws.com/sra/SRR27352848/SRR27352848	828577a94c57d256bb87526bf5480828	204400477	https://locate.ncbi.nlm.nih.gov/sdl/2/retrieve?acc=SRR27352848&accept-alternate-locations=yes
SRR27352849	https://sra-pub-run-odp.s3.amazonaws.com/sra/SRR27352849/SRR27352849	ad6a14cb1d8a67517523f90c8de8d6aa	172282427	https://locate.ncbi.nlm.nih.gov/sdl/2/retrieve?acc=SRR27352849&accept-alternate-locations=yes
SRR27352850	https://sra-pub-run-odp.s3.amazonaws.com/sra/SRR27352850/SRR27352850	b2f5188c5f9fda415179ee7acde0734b	175386611	https://locate.ncbi.nlm.nih.gov/sdl/2/retrieve?acc=SRR27352850&accept-alternate-locations=yes
SRR27352851	https://sra-pub-run-odp.s3.amazonaws.com/sra/SRR27352851/SRR27352851	e81e84d9d5acea8933279c2d85e680fc	174047810	https://locate.ncbi.nlm.nih.gov/sdl/2/retrieve?acc=SRR27352851&accept-alternate-locations=yes
SRR27352852	https://sra-pub-run-odp.s3.amazonaws.com/sra/SRR27352852/SRR27352852	5d4651e61736f3223dd7268fb738ca2d	181062552	https://locate.ncbi.nlm.nih.gov/sdl/2/retrieve?acc=SRR27352852&accept-alternate-locations=yes
SRR27352853	https://sra-pub-run-odp.s3.amazonaws.com/sra/SRR27352853/SRR27352853	36a47efa926598772ba201dd7e84d668	201495738	https://locate.ncbi.nlm.nih.gov/sdl/2/retrieve?acc=SRR27352853&accept-alternate-locations=yes
SRR27352854	https://sra-pub-run-odp.s3.amazonaws.com/sra/SRR27352854/SRR27352854	10625b778d3c16910f8435251abba83c	199123330	https://locate.ncbi.nlm.nih.gov/sdl/2/retrieve?acc=SRR27352854&accept-alternate-locations=yes
SRR27352855	https://sra-pub-run-odp.s3.amazonaws.com/sra/SRR27352855/SRR27352855	f29d0517bbdfa2f7ab457dd19a474711	187703318	https://locate.ncbi.nlm.nih.gov/sdl/2/retrieve?acc=SRR27352855&accept-alternate-locations=yes
SRR27352856	https://sra-pub-run-odp.s3.amazonaws.com/sra/SRR27352856/SRR27352856	54bbf04d719eeb1daaa5c546fb5d622a	204022955	https://locate.ncbi.nlm.nih.gov/sdl/2/retrieve?acc=SRR27352856&accept-alternate-locations=yes
SRR27352857	https://sra-pub-run-odp.s3.amazonaws.com/sra/SRR27352857/SRR27352857	e158048f3b3b834ffcb6858c91ee7af5	220702198	https://locate.ncbi.nlm.nih.gov/sdl/2/retrieve?acc=SRR27352857&accept-alternate-locations=yes
SRR27352858	https://sra-pub-run-odp.s3.amazonaws.com/sra/SRR27352858/SRR27352858	819bdba527ecca40bb967da20727d1e7	195238880	https://locate.ncbi.nlm.nih.gov/sdl/2/retrieve?acc=SRR27352858&accept-alternate-locations=yes
SRR27352859	https://sra-pub-run-odp.s3.amazonaws.com/sra/SRR27352859/SRR27352859	574e2bf2c03a5e255535f6a118111374	190325724	https://locate.ncbi.nlm.nih.gov/sdl/2/retrieve?acc=SRR27352859&accept-alternate-locations=yes
SRR27352860	https://sra-pub-run-odp.s3.amazonaws.com/sra/SRR27352860/SRR27352860	36b3cca54330460660014c807f560ebc	221338265	https://locate.ncbi.nlm.nih.gov/sdl/2/retrieve?acc=SRR27352860&accept-alternate-locations=yes
SRR27352861	https://sra-pub-run-odp.s3.amazonaws.com/sra/SRR27352861/SRR27352861	279cc37a3fa107fa92c7b9b4de3f899e	187454713	https://locate.ncbi.nlm.nih.gov/sdl/2/retrieve?acc=SRR27352861&accept-alternate-locations=yes
SRR27352862	https://sra-pub-run-odp.s3.amazonaws.com/sra/SRR27352862/SRR27352862	5264b4e3d9a04ee866c2b386c2e90cb7	177407396	https://locate.ncbi.nlm.nih.gov/sdl/2/retrieve?acc=SRR27352862&accept-alternate-locations=yes
SRR28628814	https://sra-pub-run-odp.s3.amazonaws.com/sra/SRR28628814/SRR28628814	e4054a6ab79a3587a76f9dc221ad94be	1906343961	https://locate.ncbi.nlm.nih.gov/sdl/2/retrieve?acc=SRR28628814&accept-alternate-locations=yes
SRR28628815	https://sra-pub-run-odp.s3.amazonaws.com/sra/SRR28628815/SRR28628815	e33995f9a62e8605061adfee96c9b03d	2585494696	https://locate.ncbi.nlm.nih.gov/sdl/2/retrieve?acc=SRR28628815&accept-alternate-locations=yes
SRR28628816	https://sra-pub-run-odp.s3.amazonaws.com/sra/SRR28628816/SRR28628816	4805b4aaff1ff45cfd002c428aa62edb	1946238585	https://locate.ncbi.nlm.nih.gov/sdl/2/retrieve?acc=SRR28628816&accept-alternate-locations=yes
SRR28628817	https://sra-pub-run-odp.s3.amazonaws.com/sra/SRR28628817/SRR28628817	082bf909186cd5061a7593abb45fd98c	2226602045	https://locate.ncbi.nlm.nih.gov/sdl/2/retrieve?acc=SRR28628817&accept-alternate-locations=yes
SRR28628818	https://sra-pub-run-odp.s3.amazonaws.com/sra/SRR28628818/SRR28628818	839bd7112c993104cd25d65f330b52a3	3075377245	https://locate.ncbi.nlm.nih.gov/sdl/2/retrieve?acc=SRR28628818&accept-alternate-locations=yes
SRR28628819	https://sra-pub-run-odp.s3.amazonaws.com/sra/SRR28628819/SRR28628819	f4ca5f2d221d668ef7783799811c5932	2483939312	https://locate.ncbi.nlm.nih.gov/sdl/2/retrieve?acc=SRR28628819&accept-alternate-locations=yes
SRR28628820	https://sra-pub-run-odp.s3.amazonaws.com/sra/SRR28628820/SRR28628820	4a66a5b2737c6340c759b9e14ca9e0f1	2506674459	https://locate.ncbi.nlm.nih.gov/sdl/2/retrieve?acc=SRR28628820&accept-alternate-locations=yes
SRR28628821	https://sra-pub-run-odp.s3.amazonaws.com/sra/SRR28628821/SRR28628821	ab6d224098e850ba5e9edec56cca3adc	2574763805	https://locate.ncbi.nlm.nih.gov/sdl/2/retrieve?acc=SRR28628821&accept-alternate-locations=yes
SRR28628822	https://sra-pub-run-odp.s3.amazonaws.com/sra/SRR28628822/SRR28628822	2cbb5e93e7e393008c578e1653955f32	2072950760	https://locate.ncbi.nlm.nih.gov/sdl/2/retrieve?acc=SRR28628822&accept-alternate-locations=yes
SRR28628823	https://sra-pub-run-odp.s3.amazonaws.com/sra/SRR28628823/SRR28628823	6eb0ca7149f4ab6a8c66737b09561ff0	2667396278	https://locate.ncbi.nlm.nih.gov/sdl/2/retrieve?acc=SRR28628823&accept-alternate-locations=yes
SRR28628824	https://sra-pub-run-odp.s3.amazonaws.com/sra/SRR28628824/SRR28628824	1c2cde59b42dfb04dce63e9dac68e315	2035807674	https://locate.ncbi.nlm.nih.gov/sdl/2/retrieve?acc=SRR28628824&accept-alternate-locations=yes
SRR28628825	https://sra-pub-run-odp.s3.amazonaws.com/sra/SRR28628825/SRR28628825	d181677e7dde5dd9f0d25acdc8652d1a	2103674490	https://locate.ncbi.nlm.nih.gov/sdl/2/retrieve?acc=SRR28628825&accept-alternate-locations=yes
SRR28628826	https://sra-pub-run-odp.s3.amazonaws.com/sra/SRR28628826/SRR28628826	320780010513024f3564a36b0979045b	3940529959	https://locate.ncbi.nlm.nih.gov/sdl/2/retrieve?acc=SRR28628826&accept-alternate-locations=yes
SRR28628827	https://sra-pub-run-odp.s3.amazonaws.com/sra/SRR28628827/SRR28628827	8f9a7d5e51e404b55d68ee23fbd9f8ae	2824854935	https://locate.ncbi.nlm.nih.gov/sdl/2/retrieve?acc=SRR28628827&accept-alternate-locations=yes
SRR28628828	https://sra-pub-run-odp.s3.amazonaws.com/sra/SRR28628828/SRR28628828	ab4589d43abd5a5d6d6fd304914bf492	2504718827	https://locate.ncbi.nlm.nih.gov/sdl/2/retrieve?acc=SRR28628828&accept-alternate-locations=yes
SRR28628829	https://sra-pub-run-odp.s3.amazonaws.com/sra/SRR28628829/SRR28628829	b626f07f9645b64676b800e079a0b514	1756680650	https://locate.ncbi.nlm.nih.gov/sdl/2/retrieve?acc=SRR28628829&accept-alternate-locations=yes
SRR28628830	https://sra-pub-run-odp.s3.amazonaws.com/sra/SRR28628830/SRR28628830	766115d7bad6bdce160989a56a45a36e	2226071792	https://locate.ncbi.nlm.nih.gov/sdl/2/retrieve?acc=SRR28628830&accept-alternate-locations=yes
SRR28628831	https://sra-pub-run-odp.s3.amazonaws.com/sra/SRR28628831/SRR28628831	4b9221ed8a9894b63b50ad616a360561	2771440956	https://locate.ncbi.nlm.nih.gov/sdl/2/retrieve?acc=SRR28628831&accept-alternate-locations=yes
SRR28628832	https://sra-pub-run-odp.s3.amazonaws.com/sra/SRR28628832/SRR28628832	de79e1a99ac21f4ed47d39e970c9a9eb	2789511008	https://locate.ncbi.nlm.nih.gov/sdl/2/retrieve?acc=SRR28628832&accept-alternate-locations=yes
SRR28628833	https://sra-pub-run-odp.s3.amazonaws.com/sra/SRR28628833/SRR28628833	59511d8df545956302fa085ecae1b0a3	2983828188	https://locate.ncbi.nlm.nih.gov/sdl/2/retrieve?acc=SRR28628833&accept-alternate-locations=yes
SRR28628834	https://sra-pub-run-odp.s3.amazonaws.com/sra/SRR28628834/SRR28628834	af9a0c8d7e2e4bd556533c6d5f6597da	2754190873	https://locate.ncbi.nlm.nih.gov/sdl/2/retrieve?acc=SRR28628834&accept-alternate-locations=yes
SRR28628835	https://sra-pub-run-odp.s3.amazonaws.com/sra/SRR28628835/SRR28628835	087fa72ac25bd2129838fca9166565df	2334551326	https://locate.ncbi.nlm.nih.gov/sdl/2/retrieve?acc=SRR28628835&accept-alternate-locations=yes
SRR28628836	https://sra-pub-run-odp.s3.amazonaws.com/sra/SRR28628836/SRR28628836	6bed6a9b55bd2d060056837f76ae5dd8	2402412879	https://locate.ncbi.nlm.nih.gov/sdl/2/retrieve?acc=SRR28628836&accept-alternate-locations=yes
SRR28628837	https://sra-pub-run-odp.s3.amazonaws.com/sra/SRR28628837/SRR28628837	bc6f688a33e6e249966356df559c6760	2232320296	https://locate.ncbi.nlm.nih.gov/sdl/2/retrieve?acc=SRR28628837&accept-alternate-locations=yes
SRR28645089	https://sra-pub-run-odp.s3.amazonaws.com/sra/SRR28645089/SRR28645089	35116ffee4ee2e615e39c30f575faf35	2482736188	https://locate.ncbi.nlm.nih.gov/sdl/2/retrieve?acc=SRR28645089&accept-alternate-locations=yes
SRR28645090	https://sra-pub-run-odp.s3.amazonaws.com/sra/SRR28645090/SRR28645090	6c9b57d6bc110e4b4af88087f7582b92	2343017898	https://locate.ncbi.nlm.nih.gov/sdl/2/retrieve?acc=SRR28645090&accept-alternate-locations=yes
SRR28645091	https://sra-pub-run-odp.s3.amazonaws.com/sra/SRR28645091/SRR28645091	67165a9519e62f9ede98ead2a811988c	2229903079	https://locate.ncbi.nlm.nih.gov/sdl/2/retrieve?acc=SRR28645091&accept-alternate-locations=yes
SRR28645092	https://sra-pub-run-odp.s3.amazonaws.com/sra/SRR28645092/SRR28645092	25de9bf50f8dbcbb1b987c3d80a8f533	3009532224	https://locate.ncbi.nlm.nih.gov/sdl/2/retrieve?acc=SRR28645092&accept-alternate-locations=yes
SRR28645093	https://sra-pub-run-odp.s3.amazonaws.com/sra/SRR28645093/SRR28645093	4310f436f43269c3d8a165dfa5ec7ccc	2478726681	https://locate.ncbi.nlm.nih.gov/sdl/2/retrieve?acc=SRR28645093&accept-alternate-locations=yes
SRR28645094	https://sra-pub-run-odp.s3.amazonaws.com/sra/SRR28645094/SRR28645094	1fa51cbbf23843b1dee1d4cd3d990aa1	3985836596	https://locate.ncbi.nlm.nih.gov/sdl/2/retrieve?acc=SRR28645094&accept-alternate-locations=yes
SRR28645095	https://sra-pub-run-odp.s3.amazonaws.com/sra/SRR28645095/SRR28645095	318666ab300abf42a6a6c95e2dd9e543	3235380109	https://locate.ncbi.nlm.nih.gov/sdl/2/retrieve?acc=SRR28645095&accept-alternate-locations=yes
SRR28645096	https://sra-pub-run-odp.s3.amazonaws.com/sra/SRR28645096/SRR28645096	556ede2838604d5308cfaf2f451e7674	3015139463	https://locate.ncbi.nlm.nih.gov/sdl/2/retrieve?acc=SRR28645096&accept-alternate-locations=yes
SRR28645097	https://sra-pub-run-odp.s3.amazonaws.com/sra/SRR28645097/SRR28645097	3a2185e1c42f465f3bcee615b2ec661f	2820684762	https://locate.ncbi.nlm.nih.gov/sdl/2/retrieve?acc=SRR28645097&accept-alternate-locations=yes
SRR28645098	https://sra-pub-run-odp.s3.amazonaws.com/sra/SRR28645098/SRR28645098	e5fb8c242331d595e44f79be98dab8e8	2660182025	https://locate.ncbi.nlm.nih.gov/sdl/2/retrieve?acc=SRR28645098&accept-alternate-locations=yes
SRR28645099	https://sra-pub-run-odp.s3.amazonaws.com/sra/SRR28645099/SRR28645099	3e39db05117104033d10d01e8354014d	3240661355	https://locate.ncbi.nlm.nih.gov/sdl/2/retrieve?acc=SRR28645099&accept-alternate-locations=yes
SRR28645100	https://sra-pub-run-odp.s3.amazonaws.com/sra/SRR28645100/SRR28645100	2c0d80655992c9f7cc7e93b7ad1ffa6d	3270655060	https://locate.ncbi.nlm.nih.gov/sdl/2/retrieve?acc=SRR28645100&accept-alternate-locations=yes
SRR28645101	https://sra-pub-run-odp.s3.amazonaws.com/sra/SRR28645101/SRR28645101	7cb45b005d98cb4d5d6eb715202d0929	2751903507	https://locate.ncbi.nlm.nih.gov/sdl/2/retrieve?acc=SRR28645101&accept-alternate-locations=yes
SRR28645102	https://sra-pub-run-odp.s3.amazonaws.com/sra/SRR28645102/SRR28645102	a378a09db258ad7213ff732e4aae1f25	4166892511	https://locate.ncbi.nlm.nih.gov/sdl/2/retrieve?acc=SRR28645102&accept-alternate-locations=yes
SRR28645103	https://sra-pub-run-odp.s3.amazonaws.com/sra/SRR28645103/SRR28645103	0acd4215e6f4a7d7fde5d7f2b6b4d0e5	2761644750	https://locate.ncbi.nlm.nih.gov/sdl/2/retrieve?acc=SRR28645103&accept-alternate-locations=yes
SRR28645104	https://sra-pub-run-odp.s3.amazonaws.com/sra/SRR28645104/SRR28645104	4bef9f4f1ca3db64b27b2e3b668456ca	3733193439	https://locate.ncbi.nlm.nih.gov/sdl/2/retrieve?acc=SRR28645104&accept-alternate-locations=yes
SRR28645105	https://sra-pub-run-odp.s3.amazonaws.com/sra/SRR28645105/SRR28645105	ff4246ec0efddfeaf5e1674ba869cc2d	2731892500	https://locate.ncbi.nlm.nih.gov/sdl/2/retrieve?acc=SRR28645105&accept-alternate-locations=yes
SRR28645106	https://sra-pub-run-odp.s3.amazonaws.com/sra/SRR28645106/SRR28645106	a4934245681db30f5e2eef50fcab59b3	2869330896	https://locate.ncbi.nlm.nih.gov/sdl/2/retrieve?acc=SRR28645106&accept-alternate-locations=yes
SRR28645107	https://sra-pub-run-odp.s3.amazonaws.com/sra/SRR28645107/SRR28645107	766eb37e758d85fe993f30f8a905824b	2241147105	https://locate.ncbi.nlm.nih.gov/sdl/2/retrieve?acc=SRR28645107&accept-alternate-locations=yes
SRR28645108	https://sra-pub-run-odp.s3.amazonaws.com/sra/SRR28645108/SRR28645108	aabf7a6d84cb9901ee58fd462bb8e5aa	4113526971	https://locate.ncbi.nlm.nih.gov/sdl/2/retrieve?acc=SRR28645108&accept-alternate-locations=yes
SRR28645109	https://sra-pub-run-odp.s3.amazonaws.com/sra/SRR28645109/SRR28645109	fd3fd3209346d80bf6d7d0177c6a2388	2770447986	https://locate.ncbi.nlm.nih.gov/sdl/2/retrieve?acc=SRR28645109&accept-alternate-locations=yes
SRR28645110	https://sra-pub-run-odp.s3.amazonaws.com/sra/SRR28645110/SRR28645110	50922df2a20ce87661d33fa3379bc1d5	3094262759	https://locate.ncbi.nlm.nih.gov/sdl/2/retrieve?acc=SRR28645110&accept-alternate-locations=yes
SRR28645111	https://sra-pub-run-odp.s3.amazonaws.com/sra/SRR28645111/SRR28645111	6cf2fbe3c8c1b94bcf8da301e7546ea7	2369951752	https://locate.ncbi.nlm.nih.gov/sdl/2/retrieve?acc=SRR28645111&accept-alternate-locations=yes
SRR28645112	https://sra-pub-run-odp.s3.amazonaws.com/sra/SRR28645112/SRR28645112	fdc0221a5442c8a9f677171c5df1688e	2481759218	https://locate.ncbi.nlm.nih.gov/sdl/2/retrieve?acc=SRR28645112&accept-alternate-locations=yes
SRR28645113	https://sra-pub-run-odp.s3.amazonaws.com/sra/SRR28645113/SRR28645113	d4144cca730a9b715c32770adab60f03	2865387934	https://locate.ncbi.nlm.nih.gov/sdl/2/retrieve?acc=SRR28645113&accept-alternate-locations=yes
SRR30917237	https://sra-pub-run-odp.s3.amazonaws.com/sra/SRR30917237/SRR30917237	395ded3735ba05d4fb6ddb3a508b4d15	1012317373	https://locate.ncbi.nlm.nih.gov/sdl/2/retrieve?acc=SRR30917237&accept-alternate-locations=yes
SRR30917238	https://sra-pub-run-odp.s3.amazonaws.com/sra/SRR30917238/SRR30917238	47a2f24d9ddb7b086ef3f10ebb213651	961067716	https://locate.ncbi.nlm.nih.gov/sdl/2/retrieve?acc=SRR30917238&accept-alternate-locations=yes
SRR30917239	https://sra-pub-run-odp.s3.amazonaws.com/sra/SRR30917239/SRR30917239	6bca2b8633198398ffb88af6326df0c6	820510053	https://locate.ncbi.nlm.nih.gov/sdl/2/retrieve?acc=SRR30917239&accept-alternate-locations=yes
SRR30917240	https://sra-pub-run-odp.s3.amazonaws.com/sra/SRR30917240/SRR30917240	c0246cea44c7677789ced61fcddde5c4	995527694	https://locate.ncbi.nlm.nih.gov/sdl/2/retrieve?acc=SRR30917240&accept-alternate-locations=yes
SRR30917241	https://sra-pub-run-odp.s3.amazonaws.com/sra/SRR30917241/SRR30917241	db8f546c0cc96224f63614ee24d65e2e	986993250	https://locate.ncbi.nlm.nih.gov/sdl/2/retrieve?acc=SRR30917241&accept-alternate-locations=yes
SRR30917242	https://sra-pub-run-odp.s3.amazonaws.com/sra/SRR30917242/SRR30917242	851190fad8f5fce28464a81a9b1cc6c3	880025809	https://locate.ncbi.nlm.nih.gov/sdl/2/retrieve?acc=SRR30917242&accept-alternate-locations=yes
SRR30917243	https://sra-pub-run-odp.s3.amazonaws.com/sra/SRR30917243/SRR30917243	d2d2351d9fcb2f1ace2548ea71d7fcd4	964899226	https://locate.ncbi.nlm.nih.gov/sdl/2/retrieve?acc=SRR30917243&accept-alternate-locations=yes
SRR30917244	https://sra-pub-run-odp.s3.amazonaws.com/sra/SRR30917244/SRR30917244	2fd00546cda79b15e670d80d1594a2ee	912330984	https://locate.ncbi.nlm.nih.gov/sdl/2/retrieve?acc=SRR30917244&accept-alternate-locations=yes
SRR30917245	https://sra-pub-run-odp.s3.amazonaws.com/sra/SRR30917245/SRR30917245	eb066a58d81c3de05f591885f5dc5dda	1051187943	https://locate.ncbi.nlm.nih.gov/sdl/2/retrieve?acc=SRR30917245&accept-alternate-locations=yes
SRR30917246	https://sra-pub-run-odp.s3.amazonaws.com/sra/SRR30917246/SRR30917246	0ccb107d9a833b84b6bf0bf89a23876d	975378908	https://locate.ncbi.nlm.nih.gov/sdl/2/retrieve?acc=SRR30917246&accept-alternate-locations=yes
SRR30917247	https://sra-pub-run-odp.s3.amazonaws.com/sra/SRR30917247/SRR30917247	0e77ab6a1c2304d6623cd0348dfcbf53	891193974	https://locate.ncbi.nlm.nih.gov/sdl/2/retrieve?acc=SRR30917247&accept-alternate-locations=yes
SRR30917248	https://sra-pub-run-odp.s3.amazonaws.com/sra/SRR30917248/SRR30917248	6ed2a9dbb268298abc2cd9e4feba8b2a	962304649	https://locate.ncbi.nlm.nih.gov/sdl/2/retrieve?acc=SRR30917248&accept-alternate-locations=yes
SRR30917249	https://sra-pub-run-odp.s3.amazonaws.com/sra/SRR30917249/SRR30917249	970a3aa2ab6a6bf82a598587b374317b	1030870161	https://locate.ncbi.nlm.nih.gov/sdl/2/retrieve?acc=SRR30917249&accept-alternate-locations=yes
SRR30917250	https://sra-pub-run-odp.s3.amazonaws.com/sra/SRR30917250/SRR30917250	c3f55a43b73292df651d480478be3619	877558236	https://locate.ncbi.nlm.nih.gov/sdl/2/retrieve?acc=SRR30917250&accept-alternate-locations=yes
SRR30917251	https://sra-pub-run-odp.s3.amazonaws.com/sra/SRR30917251/SRR30917251	ad8b5eddb7efaac8e42a57790229c1de	944326712	https://locate.ncbi.nlm.nih.gov/sdl/2/retrieve?acc=SRR30917251&accept-alternate-locations=yes
SRR30917252	https://sra-pub-run-odp.s3.amazonaws.com/sra/SRR30917252/SRR30917252	288130ba31d9df41d15121128bc535b9	887668507	https://locate.ncbi.nlm.nih.gov/sdl/2/retrieve?acc=SRR30917252&accept-alternate-locations=yes
SRR31283481	https://sra-pub-run-odp.s3.amazonaws.com/sra/SRR31283481/SRR31283481	63418d6b9f7934ee076a590cc18be661	156126216	https://locate.ncbi.nlm.nih.gov/sdl/2/retrieve?acc=SRR31283481&accept-alternate-locations=yes
SRR31283482	https://sra-pub-run-odp.s3.amazonaws.com/sra/SRR31283482/SRR31283482	b93252d4d158b35ae299502842ae0017	112947926	https://locate.ncbi.nlm.nih.gov/sdl/2/retrieve?acc=SRR31283482&accept-alternate-locations=yes
SRR31283483	https://sra-pub-run-odp.s3.amazonaws.com/sra/SRR31283483/SRR31283483	70664ab455967ab93a5a0b2675e07dd8	134517675	https://locate.ncbi.nlm.nih.gov/sdl/2/retrieve?acc=SRR31283483&accept-alternate-locations=yes
SRR31283484	https://sra-pub-run-odp.s3.amazonaws.com/sra/SRR31283484/SRR31283484	051c846f911391e1550853fe8e42f8eb	168579509	https://locate.ncbi.nlm.nih.gov/sdl/2/retrieve?acc=SRR31283484&accept-alternate-locations=yes
SRR31283485	https://sra-pub-run-odp.s3.amazonaws.com/sra/SRR31283485/SRR31283485	80023fd5225c27a553543e1a9c0e9d58	155256545	https://locate.ncbi.nlm.nih.gov/sdl/2/retrieve?acc=SRR31283485&accept-alternate-locations=yes
SRR31283486	https://sra-pub-run-odp.s3.amazonaws.com/sra/SRR31283486/SRR31283486	4eaaa9a7f17c96c376620648ab036259	130528017	https://locate.ncbi.nlm.nih.gov/sdl/2/retrieve?acc=SRR31283486&accept-alternate-locations=yes
SRR31283487	https://sra-pub-run-odp.s3.amazonaws.com/sra/SRR31283487/SRR31283487	c503b0f906e8e60275167f40c9e6d2af	161987981	https://locate.ncbi.nlm.nih.gov/sdl/2/retrieve?acc=SRR31283487&accept-alternate-locations=yes
SRR31283488	https://sra-pub-run-odp.s3.amazonaws.com/sra/SRR31283488/SRR31283488	8936e0764e95c886af19e9c00ed39268	125054327	https://locate.ncbi.nlm.nih.gov/sdl/2/retrieve?acc=SRR31283488&accept-alternate-locations=yes
SRR31283489	https://sra-pub-run-odp.s3.amazonaws.com/sra/SRR31283489/SRR31283489	5ee659b4dc1c2d9c3c11768bd70a68f8	247906903	https://locate.ncbi.nlm.nih.gov/sdl/2/retrieve?acc=SRR31283489&accept-alternate-locations=yes
SRR31283498	https://sra-pub-run-odp.s3.amazonaws.com/sra/SRR31283498/SRR31283498	b9f8881be25ee79b556408470b6e66c3	103160127	https://locate.ncbi.nlm.nih.gov/sdl/2/retrieve?acc=SRR31283498&accept-alternate-locations=yes
SRR31283499	https://sra-pub-run-odp.s3.amazonaws.com/sra/SRR31283499/SRR31283499	2604df1b1afa06b6ee2d780dabc6e7a4	79461444	https://locate.ncbi.nlm.nih.gov/sdl/2/retrieve?acc=SRR31283499&accept-alternate-locations=yes
SRR31283500	https://sra-pub-run-odp.s3.amazonaws.com/sra/SRR31283500/SRR31283500	cf0941588c26329c275141573fa6ba33	243297657	https://locate.ncbi.nlm.nih.gov/sdl/2/retrieve?acc=SRR31283500&accept-alternate-locations=yes
SRR31283501	https://sra-pub-run-odp.s3.amazonaws.com/sra/SRR31283501/SRR31283501	e9c57aae80229fe930dc89394b40b78f	141407698	https://locate.ncbi.nlm.nih.gov/sdl/2/retrieve?acc=SRR31283501&accept-alternate-locations=yes
SRR31283502	https://sra-pub-run-odp.s3.amazonaws.com/sra/SRR31283502/SRR31283502	925c1a44afc93b636ae2f9b7372fdf9a	76821562	https://locate.ncbi.nlm.nih.gov/sdl/2/retrieve?acc=SRR31283502&accept-alternate-locations=yes
SRR31283503	https://sra-pub-run-odp.s3.amazonaws.com/sra/SRR31283503/SRR31283503	5e7970e66d3ff0f3086a02b3f6c32809	130637652	https://locate.ncbi.nlm.nih.gov/sdl/2/retrieve?acc=SRR31283503&accept-alternate-locations=yes
SRR31283504	https://sra-pub-run-odp.s3.amazonaws.com/sra/SRR31283504/SRR31283504	45ce66dce4da3805d115b261a74805e7	153385539	https://locate.ncbi.nlm.nih.gov/sdl/2/retrieve?acc=SRR31283504&accept-alternate-locations=yes
SRR31283505	https://sra-pub-run-odp.s3.amazonaws.com/sra/SRR31283505/SRR31283505	c2ee520f2ce8ce4c01715c4057297f7f	129547490	https://locate.ncbi.nlm.nih.gov/sdl/2/retrieve?acc=SRR31283505&accept-alternate-locations=yes
SRR31283514	https://sra-pub-run-odp.s3.amazonaws.com/sra/SRR31283514/SRR31283514	e5f7e5f1cf40579d7ea4b4fe515197b5	136583426	https://locate.ncbi.nlm.nih.gov/sdl/2/retrieve?acc=SRR31283514&accept-alternate-locations=yes
SRR31283515	https://sra-pub-run-odp.s3.amazonaws.com/sra/SRR31283515/SRR31283515	f85a1337b745a2491bb84f8bb35dc81f	152808526	https://locate.ncbi.nlm.nih.gov/sdl/2/retrieve?acc=SRR31283515&accept-alternate-locations=yes
SRR31283516	https://sra-pub-run-odp.s3.amazonaws.com/sra/SRR31283516/SRR31283516	2f061898d07762336d4958a980ee713a	162656426	https://locate.ncbi.nlm.nih.gov/sdl/2/retrieve?acc=SRR31283516&accept-alternate-locations=yes
SRR31283517	https://sra-pub-run-odp.s3.amazonaws.com/sra/SRR31283517/SRR31283517	e1cd062bee2f67012464e18d754985d9	196407389	https://locate.ncbi.nlm.nih.gov/sdl/2/retrieve?acc=SRR31283517&accept-alternate-locations=yes
SRR32243497	https://sra-pub-run-odp.s3.amazonaws.com/sra/SRR32243497/SRR32243497	96cb308dc435bcf5538f0e5c20eeaeb3	2763996572	https://locate.ncbi.nlm.nih.gov/sdl/2/retrieve?acc=SRR32243497&accept-alternate-locations=yes
SRR32243498	https://sra-pub-run-odp.s3.amazonaws.com/sra/SRR32243498/SRR32243498	18b01f3fb8330a9ed4d4274acc014dbd	2687769412	https://locate.ncbi.nlm.nih.gov/sdl/2/retrieve?acc=SRR32243498&accept-alternate-locations=yes
SRR34430875	https://sra-pub-run-odp.s3.amazonaws.com/sra/SRR34430875/SRR34430875	de8a2583b883c8074d6f541cbdf71ccf	3712240280	https://locate.ncbi.nlm.nih.gov/sdl/2/retrieve?acc=SRR34430875&accept-alternate-locations=yes
SRR34430876	https://sra-pub-run-odp.s3.amazonaws.com/sra/SRR34430876/SRR34430876	745e2a175bcaeb5cd69e3a09da91bafa	4306887736	https://locate.ncbi.nlm.nih.gov/sdl/2/retrieve?acc=SRR34430876&accept-alternate-locations=yes
SRR34430877	https://sra-pub-run-odp.s3.amazonaws.com/sra/SRR34430877/SRR34430877	fafb65148f4e41ac05c9e53af082b03c	4107621231	https://locate.ncbi.nlm.nih.gov/sdl/2/retrieve?acc=SRR34430877&accept-alternate-locations=yes
SRR34430878	https://sra-pub-run-odp.s3.amazonaws.com/sra/SRR34430878/SRR34430878	40e79cf1b12f0e860ea3d18fa72f7b30	4069137043	https://locate.ncbi.nlm.nih.gov/sdl/2/retrieve?acc=SRR34430878&accept-alternate-locations=yes
SRR34430879	https://sra-pub-run-odp.s3.amazonaws.com/sra/SRR34430879/SRR34430879	2c499f4d9c147efd9dd68cf5e6aadc0b	4642339755	https://locate.ncbi.nlm.nih.gov/sdl/2/retrieve?acc=SRR34430879&accept-alternate-locations=yes
SRR34430880	https://sra-pub-run-odp.s3.amazonaws.com/sra/SRR34430880/SRR34430880	a1df8e36efb7b45cd98a3b442006a805	4320946716	https://locate.ncbi.nlm.nih.gov/sdl/2/retrieve?acc=SRR34430880&accept-alternate-locations=yes
SRR34430881	https://sra-pub-run-odp.s3.amazonaws.com/sra/SRR34430881/SRR34430881	9ef3d777b1f8677fe16363eee449e67b	1284590417	https://locate.ncbi.nlm.nih.gov/sdl/2/retrieve?acc=SRR34430881&accept-alternate-locations=yes
SRR34430882	https://sra-pub-run-odp.s3.amazonaws.com/sra/SRR34430882/SRR34430882	b56557974750b2d11e0cc7d6afbcb6ae	1289434362	https://locate.ncbi.nlm.nih.gov/sdl/2/retrieve?acc=SRR34430882&accept-alternate-locations=yes
SRR34430883	https://sra-pub-run-odp.s3.amazonaws.com/sra/SRR34430883/SRR34430883	0de4ce21c7d1da9306d56a99df00df85	1375612345	https://locate.ncbi.nlm.nih.gov/sdl/2/retrieve?acc=SRR34430883&accept-alternate-locations=yes
SRR34430884	https://sra-pub-run-odp.s3.amazonaws.com/sra/SRR34430884/SRR34430884	d2a20f23438e3349348aba2514a8fbf7	1462525657	https://locate.ncbi.nlm.nih.gov/sdl/2/retrieve?acc=SRR34430884&accept-alternate-locations=yes
SRR34430885	https://sra-pub-run-odp.s3.amazonaws.com/sra/SRR34430885/SRR34430885	7b49fb6ead782d1eacf4ae97c0b198a7	1544281334	https://locate.ncbi.nlm.nih.gov/sdl/2/retrieve?acc=SRR34430885&accept-alternate-locations=yes
SRR34430886	https://sra-pub-run-odp.s3.amazonaws.com/sra/SRR34430886/SRR34430886	163441ecb5296c628ffad317a6de8e53	1560677228	https://locate.ncbi.nlm.nih.gov/sdl/2/retrieve?acc=SRR34430886&accept-alternate-locations=yes
SRR34430887	https://sra-pub-run-odp.s3.amazonaws.com/sra/SRR34430887/SRR34430887	136e088a9d822e93230188fbacb1e978	1560505593	https://locate.ncbi.nlm.nih.gov/sdl/2/retrieve?acc=SRR34430887&accept-alternate-locations=yes
SRR34430888	https://sra-pub-run-odp.s3.amazonaws.com/sra/SRR34430888/SRR34430888	f766d3e2538d83ad41511c3adc37fa36	1228633827	https://locate.ncbi.nlm.nih.gov/sdl/2/retrieve?acc=SRR34430888&accept-alternate-locations=yes
SRR34430889	https://sra-pub-run-odp.s3.amazonaws.com/sra/SRR34430889/SRR34430889	999d41d2dd8b13a27c4f5ee8084284b1	1484558412	https://locate.ncbi.nlm.nih.gov/sdl/2/retrieve?acc=SRR34430889&accept-alternate-locations=yes
SRR34582722	https://sra-pub-run-odp.s3.amazonaws.com/sra/SRR34582722/SRR34582722	9b406cba65969d684150febfaf669cdc	1516432340	https://locate.ncbi.nlm.nih.gov/sdl/2/retrieve?acc=SRR34582722&accept-alternate-locations=yes
SRR34582723	https://sra-pub-run-odp.s3.amazonaws.com/sra/SRR34582723/SRR34582723	6061dac6422309d4437f3e3115bcf400	1302934766	https://locate.ncbi.nlm.nih.gov/sdl/2/retrieve?acc=SRR34582723&accept-alternate-locations=yes
SRR34582724	https://sra-pub-run-odp.s3.amazonaws.com/sra/SRR34582724/SRR34582724	b3f1aee03546b2b1fb019e74f5ab7a14	1404713339	https://locate.ncbi.nlm.nih.gov/sdl/2/retrieve?acc=SRR34582724&accept-alternate-locations=yes
SRR34582725	https://sra-pub-run-odp.s3.amazonaws.com/sra/SRR34582725/SRR34582725	ac7168805636737f01fa0efb023bcc57	1067069472	https://locate.ncbi.nlm.nih.gov/sdl/2/retrieve?acc=SRR34582725&accept-alternate-locations=yes
SRR34582726	https://sra-pub-run-odp.s3.amazonaws.com/sra/SRR34582726/SRR34582726	46e5c3f8be9aca8d0b0d4150def38478	1366134231	https://locate.ncbi.nlm.nih.gov/sdl/2/retrieve?acc=SRR34582726&accept-alternate-locations=yes
SRR34582727	https://sra-pub-run-odp.s3.amazonaws.com/sra/SRR34582727/SRR34582727	68b0d3331119075ea36595c335c48673	1415938203	https://locate.ncbi.nlm.nih.gov/sdl/2/retrieve?acc=SRR34582727&accept-alternate-locations=yes
SRR34582728	https://sra-pub-run-odp.s3.amazonaws.com/sra/SRR34582728/SRR34582728	eca2cc2780b6c87c4587f79ebd106026	1698914030	https://locate.ncbi.nlm.nih.gov/sdl/2/retrieve?acc=SRR34582728&accept-alternate-locations=yes
SRR34582729	https://sra-pub-run-odp.s3.amazonaws.com/sra/SRR34582729/SRR34582729	e5edb82b7251553e8c1d405621e712d1	1303531306	https://locate.ncbi.nlm.nih.gov/sdl/2/retrieve?acc=SRR34582729&accept-alternate-locations=yes
SRR34582730	https://sra-pub-run-odp.s3.amazonaws.com/sra/SRR34582730/SRR34582730	0ec764087298a18f692ab8ddfeb52ed0	990427683	https://locate.ncbi.nlm.nih.gov/sdl/2/retrieve?acc=SRR34582730&accept-alternate-locations=yes
SRR34582731	https://sra-pub-run-odp.s3.amazonaws.com/sra/SRR34582731/SRR34582731	79d2a7f933e5f3b6c234f94c7de0811a	1770718896	https://locate.ncbi.nlm.nih.gov/sdl/2/retrieve?acc=SRR34582731&accept-alternate-locations=yes
SRR34582732	https://sra-pub-run-odp.s3.amazonaws.com/sra/SRR34582732/SRR34582732	c48c13fb8a287e6500bb36a97ee36ef2	1151939826	https://locate.ncbi.nlm.nih.gov/sdl/2/retrieve?acc=SRR34582732&accept-alternate-locations=yes
SRR34582733	https://sra-pub-run-odp.s3.amazonaws.com/sra/SRR34582733/SRR34582733	b786fcd8a139692ad65ae1f9ec008ff5	1713781370	https://locate.ncbi.nlm.nih.gov/sdl/2/retrieve?acc=SRR34582733&accept-alternate-locations=yes
SRR34628124	https://sra-pub-run-odp.s3.amazonaws.com/sra/SRR34628124/SRR34628124	0a2449ffb41b3f443a49f49f4212b653	1460618474	https://locate.ncbi.nlm.nih.gov/sdl/2/retrieve?acc=SRR34628124&accept-alternate-locations=yes
SRR34628125	https://sra-pub-run-odp.s3.amazonaws.com/sra/SRR34628125/SRR34628125	66bd60b8f8d38b32a76f74b7ef1b127f	1454159195	https://locate.ncbi.nlm.nih.gov/sdl/2/retrieve?acc=SRR34628125&accept-alternate-locations=yes
SRR34628126	https://sra-pub-run-odp.s3.amazonaws.com/sra/SRR34628126/SRR34628126	59b599063468d26c6a8276db24f6e662	1368028291	https://locate.ncbi.nlm.nih.gov/sdl/2/retrieve?acc=SRR34628126&accept-alternate-locations=yes
SRR34628127	https://sra-pub-run-odp.s3.amazonaws.com/sra/SRR34628127/SRR34628127	6cef3da936c476a1fc98db9408097efd	1842618491	https://locate.ncbi.nlm.nih.gov/sdl/2/retrieve?acc=SRR34628127&accept-alternate-locations=yes
SRR34628128	https://sra-pub-run-odp.s3.amazonaws.com/sra/SRR34628128/SRR34628128	3467a41080edc74b4130699a737e26e7	1278378934	https://locate.ncbi.nlm.nih.gov/sdl/2/retrieve?acc=SRR34628128&accept-alternate-locations=yes
SRR34628129	https://sra-pub-run-odp.s3.amazonaws.com/sra/SRR34628129/SRR34628129	cddb1ac687551182a2c0e396c20e99a3	1352372663	https://locate.ncbi.nlm.nih.gov/sdl/2/retrieve?acc=SRR34628129&accept-alternate-locations=yes
SRR34628130	https://sra-pub-run-odp.s3.amazonaws.com/sra/SRR34628130/SRR34628130	a59387b2be0fc9247a6bb139db08b7c5	1741303957	https://locate.ncbi.nlm.nih.gov/sdl/2/retrieve?acc=SRR34628130&accept-alternate-locations=yes
SRR34628131	https://sra-pub-run-odp.s3.amazonaws.com/sra/SRR34628131/SRR34628131	c9081667c99bfc17b0e0f631e4ac63ba	1413052605	https://locate.ncbi.nlm.nih.gov/sdl/2/retrieve?acc=SRR34628131&accept-alternate-locations=yes
SRR34628132	https://sra-pub-run-odp.s3.amazonaws.com/sra/SRR34628132/SRR34628132	4baae291bb62c31851564797a96d0ce5	1240387804	https://locate.ncbi.nlm.nih.gov/sdl/2/retrieve?acc=SRR34628132&accept-alternate-locations=yes
SRR34628133	https://sra-pub-run-odp.s3.amazonaws.com/sra/SRR34628133/SRR34628133	0eb0b61f75ba1ff557f55aceb44063d6	1458327995	https://locate.ncbi.nlm.nih.gov/sdl/2/retrieve?acc=SRR34628133&accept-alternate-locations=yes
SRR34628134	https://sra-pub-run-odp.s3.amazonaws.com/sra/SRR34628134/SRR34628134	f68dc1f7881b017e6542ef10bfea074b	1516762084	https://locate.ncbi.nlm.nih.gov/sdl/2/retrieve?acc=SRR34628134&accept-alternate-locations=yes
SRR34628135	https://sra-pub-run-odp.s3.amazonaws.com/sra/SRR34628135/SRR34628135	b85766c6fbc02d72ef0665fc67289875	1586955346	https://locate.ncbi.nlm.nih.gov/sdl/2/retrieve?acc=SRR34628135&accept-alternate-locations=yes
SRR34629314	https://sra-pub-run-odp.s3.amazonaws.com/sra/SRR34629314/SRR34629314	27d8943a1c824967ff4fa54c6fa515af	1993562879	https://locate.ncbi.nlm.nih.gov/sdl/2/retrieve?acc=SRR34629314&accept-alternate-locations=yes
SRR34629315	https://sra-pub-run-odp.s3.amazonaws.com/sra/SRR34629315/SRR34629315	d5e7b667e766400edb3e84151734f49d	1956044955	https://locate.ncbi.nlm.nih.gov/sdl/2/retrieve?acc=SRR34629315&accept-alternate-locations=yes
SRR34629316	https://sra-pub-run-odp.s3.amazonaws.com/sra/SRR34629316/SRR34629316	d718f8f89a686e337c8e042ca0a69bd4	2185075757	https://locate.ncbi.nlm.nih.gov/sdl/2/retrieve?acc=SRR34629316&accept-alternate-locations=yes
SRR34629317	https://sra-pub-run-odp.s3.amazonaws.com/sra/SRR34629317/SRR34629317	da1ad46c387897b70e95f21dce60ae03	2384284970	https://locate.ncbi.nlm.nih.gov/sdl/2/retrieve?acc=SRR34629317&accept-alternate-locations=yes
SRR34629318	https://sra-pub-run-odp.s3.amazonaws.com/sra/SRR34629318/SRR34629318	22f5647c28a741e83c7e41228ec4c211	2200454081	https://locate.ncbi.nlm.nih.gov/sdl/2/retrieve?acc=SRR34629318&accept-alternate-locations=yes
SRR34629319	https://sra-pub-run-odp.s3.amazonaws.com/sra/SRR34629319/SRR34629319	005cb91c9f086954b6821391851ade23	2115201620	https://locate.ncbi.nlm.nih.gov/sdl/2/retrieve?acc=SRR34629319&accept-alternate-locations=yes
SRR34629320	https://sra-pub-run-odp.s3.amazonaws.com/sra/SRR34629320/SRR34629320	a43324f9a7067afc95aa896600dab31c	2098037961	https://locate.ncbi.nlm.nih.gov/sdl/2/retrieve?acc=SRR34629320&accept-alternate-locations=yes
SRR3535753	https://sra-pub-run-odp.s3.amazonaws.com/sra/SRR3535753/SRR3535753	9e094d21c0d5b662ed034b635798f0c2	591419085	https://locate.ncbi.nlm.nih.gov/sdl/2/retrieve?acc=SRR3535753&accept-alternate-locations=yes
SRR3535754	https://sra-pub-run-odp.s3.amazonaws.com/sra/SRR3535754/SRR3535754	d7f60f34b9f1f722b30d15568f3c8c28	744278722	https://locate.ncbi.nlm.nih.gov/sdl/2/retrieve?acc=SRR3535754&accept-alternate-locations=yes
SRR3535755	https://sra-pub-run-odp.s3.amazonaws.com/sra/SRR3535755/SRR3535755	86c10780836ba250b50c30ff81123265	543382577	https://locate.ncbi.nlm.nih.gov/sdl/2/retrieve?acc=SRR3535755&accept-alternate-locations=yes
SRR3535756	https://sra-pub-run-odp.s3.amazonaws.com/sra/SRR3535756/SRR3535756	3ef7ceb85419d425df849842df70efdb	563440282	https://locate.ncbi.nlm.nih.gov/sdl/2/retrieve?acc=SRR3535756&accept-alternate-locations=yes
SRR3535757	https://sra-pub-run-odp.s3.amazonaws.com/sra/SRR3535757/SRR3535757	b4ef5b37bd65eec49ae962de08cf6d7d	760300382	https://locate.ncbi.nlm.nih.gov/sdl/2/retrieve?acc=SRR3535757&accept-alternate-locations=yes
SRR3535758	https://sra-pub-run-odp.s3.amazonaws.com/sra/SRR3535758/SRR3535758	eb6cbce3a0b08c5cd8520d2d08e2999d	568703823	https://locate.ncbi.nlm.nih.gov/sdl/2/retrieve?acc=SRR3535758&accept-alternate-locations=yes
SRR3535780	https://sra-pub-run-odp.s3.amazonaws.com/sra/SRR3535780/SRR3535780	ee64d2c40ad7237c899e0ffc75eac3c1	695303740	https://locate.ncbi.nlm.nih.gov/sdl/2/retrieve?acc=SRR3535780&accept-alternate-locations=yes
SRR3535781	https://sra-pub-run-odp.s3.amazonaws.com/sra/SRR3535781/SRR3535781	7acddcf45f47cb5e4552faa70d5a71d7	397977030	https://locate.ncbi.nlm.nih.gov/sdl/2/retrieve?acc=SRR3535781&accept-alternate-locations=yes
SRR3535782	https://sra-pub-run-odp.s3.amazonaws.com/sra/SRR3535782/SRR3535782	e124bafcdbd3d6b9b9393c1ae966707e	1996879900	https://locate.ncbi.nlm.nih.gov/sdl/2/retrieve?acc=SRR3535782&accept-alternate-locations=yes
SRR3535783	https://sra-pub-run-odp.s3.amazonaws.com/sra/SRR3535783/SRR3535783	96cc010208e0c48fab44e3a410a4db50	386260744	https://locate.ncbi.nlm.nih.gov/sdl/2/retrieve?acc=SRR3535783&accept-alternate-locations=yes
SRR3535784	https://sra-pub-run-odp.s3.amazonaws.com/sra/SRR3535784/SRR3535784	1c70ddf09d9d659bf5863dd7e8b6524a	847447897	https://locate.ncbi.nlm.nih.gov/sdl/2/retrieve?acc=SRR3535784&accept-alternate-locations=yes
SRR3535785	https://sra-pub-run-odp.s3.amazonaws.com/sra/SRR3535785/SRR3535785	21078f3ec0e004e24975d6de80e2e4bc	2279981396	https://locate.ncbi.nlm.nih.gov/sdl/2/retrieve?acc=SRR3535785&accept-alternate-locations=yes
SRR3535786	https://sra-pub-run-odp.s3.amazonaws.com/sra/SRR3535786/SRR3535786	1d44c9d71c3c2c9ebda7188e9fb65ac2	1609137088	https://locate.ncbi.nlm.nih.gov/sdl/2/retrieve?acc=SRR3535786&accept-alternate-locations=yes
SRR3535787	https://sra-pub-run-odp.s3.amazonaws.com/sra/SRR3535787/SRR3535787	f6979f07af77503f33cfe33e7837dc64	329787881	https://locate.ncbi.nlm.nih.gov/sdl/2/retrieve?acc=SRR3535787&accept-alternate-locations=yes
SRR3535788	https://sra-pub-run-odp.s3.amazonaws.com/sra/SRR3535788/SRR3535788	14f5670190d3911132066dd29d406da9	111447379	https://locate.ncbi.nlm.nih.gov/sdl/2/retrieve?acc=SRR3535788&accept-alternate-locations=yes
SRR3535789	https://sra-pub-run-odp.s3.amazonaws.com/sra/SRR3535789/SRR3535789	0d077b18fca20622fe33caa4099a2e63	1345229545	https://locate.ncbi.nlm.nih.gov/sdl/2/retrieve?acc=SRR3535789&accept-alternate-locations=yes
SRR3535790	https://sra-pub-run-odp.s3.amazonaws.com/sra/SRR3535790/SRR3535790	7be8d4cc9ad5f8511f7dd0489b5dd7e5	1727208907	https://locate.ncbi.nlm.nih.gov/sdl/2/retrieve?acc=SRR3535790&accept-alternate-locations=yes
SRR3535791	https://sra-pub-run-odp.s3.amazonaws.com/sra/SRR3535791/SRR3535791	b7b82f2d5d3e88914e4927f608dd1055	311067581	https://locate.ncbi.nlm.nih.gov/sdl/2/retrieve?acc=SRR3535791&accept-alternate-locations=yes
SRR3535792	https://sra-pub-run-odp.s3.amazonaws.com/sra/SRR3535792/SRR3535792	c872ceb079c36b83fbf5338ce4fc475b	1311392729	https://locate.ncbi.nlm.nih.gov/sdl/2/retrieve?acc=SRR3535792&accept-alternate-locations=yes
SRR3535793	https://sra-pub-run-odp.s3.amazonaws.com/sra/SRR3535793/SRR3535793	2864f546f05b0e867852fa43d44363e9	1269957284	https://locate.ncbi.nlm.nih.gov/sdl/2/retrieve?acc=SRR3535793&accept-alternate-locations=yes
SRR36521011	https://sra-pub-run-odp.s3.amazonaws.com/sra/SRR36521011/SRR36521011	742c101b6adf7b983ce3388a5cb17bbe	4769524043	https://locate.ncbi.nlm.nih.gov/sdl/2/retrieve?acc=SRR36521011&accept-alternate-locations=yes
SRR36521012	https://sra-pub-run-odp.s3.amazonaws.com/sra/SRR36521012/SRR36521012	3c854c1ea956ecb4235b50bf23d138de	4313519303	https://locate.ncbi.nlm.nih.gov/sdl/2/retrieve?acc=SRR36521012&accept-alternate-locations=yes
SRR36521013	https://sra-pub-run-odp.s3.amazonaws.com/sra/SRR36521013/SRR36521013	4e744eb587f935d39887b45b597f919f	4844713354	https://locate.ncbi.nlm.nih.gov/sdl/2/retrieve?acc=SRR36521013&accept-alternate-locations=yes
SRR36521014	https://sra-pub-run-odp.s3.amazonaws.com/sra/SRR36521014/SRR36521014	9320603bdbaac9020271b687b2f09be1	4472663439	https://locate.ncbi.nlm.nih.gov/sdl/2/retrieve?acc=SRR36521014&accept-alternate-locations=yes
SRR36521015	https://sra-pub-run-odp.s3.amazonaws.com/sra/SRR36521015/SRR36521015	3e585d788fb43f68bd937888ff45a5b5	4062154376	https://locate.ncbi.nlm.nih.gov/sdl/2/retrieve?acc=SRR36521015&accept-alternate-locations=yes
SRR36521016	https://sra-pub-run-odp.s3.amazonaws.com/sra/SRR36521016/SRR36521016	f6d865b2669e5a423c834e5b93898ecb	3792120804	https://locate.ncbi.nlm.nih.gov/sdl/2/retrieve?acc=SRR36521016&accept-alternate-locations=yes
SRR36521017	https://sra-pub-run-odp.s3.amazonaws.com/sra/SRR36521017/SRR36521017	04ea7f218723f19e145a6b32dc042691	4835281373	https://locate.ncbi.nlm.nih.gov/sdl/2/retrieve?acc=SRR36521017&accept-alternate-locations=yes
SRR36521018	https://sra-pub-run-odp.s3.amazonaws.com/sra/SRR36521018/SRR36521018	cc0f01dbbcc24a754de3f4e5ffdd1d67	3951493880	https://locate.ncbi.nlm.nih.gov/sdl/2/retrieve?acc=SRR36521018&accept-alternate-locations=yes
SRR36521019	https://sra-pub-run-odp.s3.amazonaws.com/sra/SRR36521019/SRR36521019	b7b1595d6de156484a9bdd66c30176a1	4630796863	https://locate.ncbi.nlm.nih.gov/sdl/2/retrieve?acc=SRR36521019&accept-alternate-locations=yes
SRR36521020	https://sra-pub-run-odp.s3.amazonaws.com/sra/SRR36521020/SRR36521020	8ea6b1571f6b8fa6844eb4b797bba4bf	3169646081	https://locate.ncbi.nlm.nih.gov/sdl/2/retrieve?acc=SRR36521020&accept-alternate-locations=yes
SRR36521021	https://sra-pub-run-odp.s3.amazonaws.com/sra/SRR36521021/SRR36521021	6b9bc44550a1683a2e491c2ffb8c0004	3750503692	https://locate.ncbi.nlm.nih.gov/sdl/2/retrieve?acc=SRR36521021&accept-alternate-locations=yes
SRR36521022	https://sra-pub-run-odp.s3.amazonaws.com/sra/SRR36521022/SRR36521022	d776fd4d0c6758f322378db74d84013d	4064916105	https://locate.ncbi.nlm.nih.gov/sdl/2/retrieve?acc=SRR36521022&accept-alternate-locations=yes
SRR3657224	https://sra-pub-run-odp.s3.amazonaws.com/sra/SRR3657224/SRR3657224	6ba4232be5d0ef0e31a4640ea55efa6b	919821083	https://locate.ncbi.nlm.nih.gov/sdl/2/retrieve?acc=SRR3657224&accept-alternate-locations=yes
SRR3657225	https://sra-pub-run-odp.s3.amazonaws.com/sra/SRR3657225/SRR3657225	cfce49f2e3d5604375a91f5c4bdde61a	730209336	https://locate.ncbi.nlm.nih.gov/sdl/2/retrieve?acc=SRR3657225&accept-alternate-locations=yes
SRR3657226	https://sra-pub-run-odp.s3.amazonaws.com/sra/SRR3657226/SRR3657226	0e184fe4eb93f8a21626d0f99118bfee	806532335	https://locate.ncbi.nlm.nih.gov/sdl/2/retrieve?acc=SRR3657226&accept-alternate-locations=yes
SRR3657227	https://sra-pub-run-odp.s3.amazonaws.com/sra/SRR3657227/SRR3657227	82f8378402ee88bd052f20cacde30300	1690792303	https://locate.ncbi.nlm.nih.gov/sdl/2/retrieve?acc=SRR3657227&accept-alternate-locations=yes
SRR3657228	https://sra-pub-run-odp.s3.amazonaws.com/sra/SRR3657228/SRR3657228	356ec347f073897725f80efd482945af	1797296432	https://locate.ncbi.nlm.nih.gov/sdl/2/retrieve?acc=SRR3657228&accept-alternate-locations=yes
SRR3657229	https://sra-pub-run-odp.s3.amazonaws.com/sra/SRR3657229/SRR3657229	5cb406ebee1377a4417428189f1de454	1004902278	https://locate.ncbi.nlm.nih.gov/sdl/2/retrieve?acc=SRR3657229&accept-alternate-locations=yes
SRR3657230	https://sra-pub-run-odp.s3.amazonaws.com/sra/SRR3657230/SRR3657230	45f3ef37e54e89b1c759faefced83018	2467123935	https://locate.ncbi.nlm.nih.gov/sdl/2/retrieve?acc=SRR3657230&accept-alternate-locations=yes
SRR3657231	https://sra-pub-run-odp.s3.amazonaws.com/sra/SRR3657231/SRR3657231	a161ac1694dba882d6745b2dcc8a526f	1650929454	https://locate.ncbi.nlm.nih.gov/sdl/2/retrieve?acc=SRR3657231&accept-alternate-locations=yes
SRR3657232	https://sra-pub-run-odp.s3.amazonaws.com/sra/SRR3657232/SRR3657232	af6bdaab558561673ec2a9e4029f2931	1082855057	https://locate.ncbi.nlm.nih.gov/sdl/2/retrieve?acc=SRR3657232&accept-alternate-locations=yes
SRR3657233	https://sra-pub-run-odp.s3.amazonaws.com/sra/SRR3657233/SRR3657233	48b4e31e41530f223e327ed25ca1ab00	1550826758	https://locate.ncbi.nlm.nih.gov/sdl/2/retrieve?acc=SRR3657233&accept-alternate-locations=yes
SRR36719198	https://sra-pub-run-odp.s3.amazonaws.com/sra/SRR36719198/SRR36719198	ff124a3925b23b3fbc2894fc90285bf0	660329600	https://locate.ncbi.nlm.nih.gov/sdl/2/retrieve?acc=SRR36719198&accept-alternate-locations=yes
SRR36719199	https://sra-pub-run-odp.s3.amazonaws.com/sra/SRR36719199/SRR36719199	89bf4b63c0467bc6c579654f7f476928	762768867	https://locate.ncbi.nlm.nih.gov/sdl/2/retrieve?acc=SRR36719199&accept-alternate-locations=yes
SRR36719200	https://sra-pub-run-odp.s3.amazonaws.com/sra/SRR36719200/SRR36719200	5ac10b10901c09a931bbcc39f987191b	665394517	https://locate.ncbi.nlm.nih.gov/sdl/2/retrieve?acc=SRR36719200&accept-alternate-locations=yes
SRR36719201	https://sra-pub-run-odp.s3.amazonaws.com/sra/SRR36719201/SRR36719201	9e16e5833971dee3cd6ca1f21effb9ae	625071584	https://locate.ncbi.nlm.nih.gov/sdl/2/retrieve?acc=SRR36719201&accept-alternate-locations=yes
SRR36719202	https://sra-pub-run-odp.s3.amazonaws.com/sra/SRR36719202/SRR36719202	372f1f91080bfdff0e7a1fe54fe0fa0b	602533477	https://locate.ncbi.nlm.nih.gov/sdl/2/retrieve?acc=SRR36719202&accept-alternate-locations=yes
SRR36719203	https://sra-pub-run-odp.s3.amazonaws.com/sra/SRR36719203/SRR36719203	2eece46c37a1f634c8b2ddc373f06fd7	598414315	https://locate.ncbi.nlm.nih.gov/sdl/2/retrieve?acc=SRR36719203&accept-alternate-locations=yes
SRR36719204	https://sra-pub-run-odp.s3.amazonaws.com/sra/SRR36719204/SRR36719204	ac96df48c45f40835cc93b4d8ee35ade	594650353	https://locate.ncbi.nlm.nih.gov/sdl/2/retrieve?acc=SRR36719204&accept-alternate-locations=yes
SRR36719205	https://sra-pub-run-odp.s3.amazonaws.com/sra/SRR36719205/SRR36719205	ca4b31d538632be196be8b54e045ca18	588247020	https://locate.ncbi.nlm.nih.gov/sdl/2/retrieve?acc=SRR36719205&accept-alternate-locations=yes
SRR36719206	https://sra-pub-run-odp.s3.amazonaws.com/sra/SRR36719206/SRR36719206	8cf8576abdeeebbb90a123583e56d270	511042906	https://locate.ncbi.nlm.nih.gov/sdl/2/retrieve?acc=SRR36719206&accept-alternate-locations=yes
SRR36719207	https://sra-pub-run-odp.s3.amazonaws.com/sra/SRR36719207/SRR36719207	92a5afbc915f146016eb60cbe4cbf551	589983811	https://locate.ncbi.nlm.nih.gov/sdl/2/retrieve?acc=SRR36719207&accept-alternate-locations=yes
SRR36719208	https://sra-pub-run-odp.s3.amazonaws.com/sra/SRR36719208/SRR36719208	cb8201511046dd3719b5cc18e3104e32	461318746	https://locate.ncbi.nlm.nih.gov/sdl/2/retrieve?acc=SRR36719208&accept-alternate-locations=yes
SRR36719209	https://sra-pub-run-odp.s3.amazonaws.com/sra/SRR36719209/SRR36719209	58cd213dd003c99e9030eea98facd1a3	568348854	https://locate.ncbi.nlm.nih.gov/sdl/2/retrieve?acc=SRR36719209&accept-alternate-locations=yes
SRR36719210	https://sra-pub-run-odp.s3.amazonaws.com/sra/SRR36719210/SRR36719210	b480291e2320d7e77196b5c84983353a	496895725	https://locate.ncbi.nlm.nih.gov/sdl/2/retrieve?acc=SRR36719210&accept-alternate-locations=yes
SRR36719211	https://sra-pub-run-odp.s3.amazonaws.com/sra/SRR36719211/SRR36719211	a1c401acc054e667729f55d8c8c0aaaa	457724759	https://locate.ncbi.nlm.nih.gov/sdl/2/retrieve?acc=SRR36719211&accept-alternate-locations=yes
SRR36719212	https://sra-pub-run-odp.s3.amazonaws.com/sra/SRR36719212/SRR36719212	ac9207e86c142a28b2c050af3c43aac7	530733042	https://locate.ncbi.nlm.nih.gov/sdl/2/retrieve?acc=SRR36719212&accept-alternate-locations=yes
SRR36719213	https://sra-pub-run-odp.s3.amazonaws.com/sra/SRR36719213/SRR36719213	7f59be2733864c86f979b0541c4ad0a0	438190603	https://locate.ncbi.nlm.nih.gov/sdl/2/retrieve?acc=SRR36719213&accept-alternate-locations=yes
SRR36719214	https://sra-pub-run-odp.s3.amazonaws.com/sra/SRR36719214/SRR36719214	3cc3a17706060ae9090cc7892bd13e69	576227525	https://locate.ncbi.nlm.nih.gov/sdl/2/retrieve?acc=SRR36719214&accept-alternate-locations=yes
SRR36719215	https://sra-pub-run-odp.s3.amazonaws.com/sra/SRR36719215/SRR36719215	2042366cb30b5beaffc75517b2610510	689545845	https://locate.ncbi.nlm.nih.gov/sdl/2/retrieve?acc=SRR36719215&accept-alternate-locations=yes
SRR36719216	https://sra-pub-run-odp.s3.amazonaws.com/sra/SRR36719216/SRR36719216	e0e50a7ea2d72b61133cc83d1dbe5d7b	597382602	https://locate.ncbi.nlm.nih.gov/sdl/2/retrieve?acc=SRR36719216&accept-alternate-locations=yes
SRR36719217	https://sra-pub-run-odp.s3.amazonaws.com/sra/SRR36719217/SRR36719217	ff23b09ca515ad542f8892ee64ec8b92	708950285	https://locate.ncbi.nlm.nih.gov/sdl/2/retrieve?acc=SRR36719217&accept-alternate-locations=yes
SRR36719218	https://sra-pub-run-odp.s3.amazonaws.com/sra/SRR36719218/SRR36719218	92a448733aa57bbc699dd41e6454fe21	626246043	https://locate.ncbi.nlm.nih.gov/sdl/2/retrieve?acc=SRR36719218&accept-alternate-locations=yes
SRR36719219	https://sra-pub-run-odp.s3.amazonaws.com/sra/SRR36719219/SRR36719219	c5b5e75cb29248da02fb7840c9695304	623686840	https://locate.ncbi.nlm.nih.gov/sdl/2/retrieve?acc=SRR36719219&accept-alternate-locations=yes
SRR36719220	https://sra-pub-run-odp.s3.amazonaws.com/sra/SRR36719220/SRR36719220	c7e04d361eb38c9022cce138e54b4a84	584715765	https://locate.ncbi.nlm.nih.gov/sdl/2/retrieve?acc=SRR36719220&accept-alternate-locations=yes
SRR36719221	https://sra-pub-run-odp.s3.amazonaws.com/sra/SRR36719221/SRR36719221	ba6aa14e6b1ab7f37516c295551c02a9	546132769	https://locate.ncbi.nlm.nih.gov/sdl/2/retrieve?acc=SRR36719221&accept-alternate-locations=yes
SRR4069200	https://sra-pub-run-odp.s3.amazonaws.com/sra/SRR4069200/SRR4069200	27a187649f16daea24ce7458a82bf6f0	790380189	https://locate.ncbi.nlm.nih.gov/sdl/2/retrieve?acc=SRR4069200&accept-alternate-locations=yes
SRR4069201	https://sra-pub-run-odp.s3.amazonaws.com/sra/SRR4069201/SRR4069201	ef582563700cfeee9b22166a50ded570	689151321	https://locate.ncbi.nlm.nih.gov/sdl/2/retrieve?acc=SRR4069201&accept-alternate-locations=yes
SRR4069202	https://sra-pub-run-odp.s3.amazonaws.com/sra/SRR4069202/SRR4069202	ea7611d925351aa99e0b5f6f64a0319d	681602574	https://locate.ncbi.nlm.nih.gov/sdl/2/retrieve?acc=SRR4069202&accept-alternate-locations=yes
SRR4069203	https://sra-pub-run-odp.s3.amazonaws.com/sra/SRR4069203/SRR4069203	8e9b2aef80374efdde88e5917d62a356	565319645	https://locate.ncbi.nlm.nih.gov/sdl/2/retrieve?acc=SRR4069203&accept-alternate-locations=yes
SRR4069204	https://sra-pub-run-odp.s3.amazonaws.com/sra/SRR4069204/SRR4069204	a10f16892dce955f15aef66dc413a068	970144540	https://locate.ncbi.nlm.nih.gov/sdl/2/retrieve?acc=SRR4069204&accept-alternate-locations=yes
SRR4069205	https://sra-pub-run-odp.s3.amazonaws.com/sra/SRR4069205/SRR4069205	8b294b449b2cafadc78dee8b79f2df08	924728888	https://locate.ncbi.nlm.nih.gov/sdl/2/retrieve?acc=SRR4069205&accept-alternate-locations=yes
SRR4069206	https://sra-pub-run-odp.s3.amazonaws.com/sra/SRR4069206/SRR4069206	339d73d35e90eb4be268e10a3c08defe	484791024	https://locate.ncbi.nlm.nih.gov/sdl/2/retrieve?acc=SRR4069206&accept-alternate-locations=yes
SRR4069207	https://sra-pub-run-odp.s3.amazonaws.com/sra/SRR4069207/SRR4069207	f5f149fe1c6c5cc30dac9358abedca3d	581554932	https://locate.ncbi.nlm.nih.gov/sdl/2/retrieve?acc=SRR4069207&accept-alternate-locations=yes
SRR4069208	https://sra-pub-run-odp.s3.amazonaws.com/sra/SRR4069208/SRR4069208	4fc71d72565a475bbc929c1ced5f5932	508411658	https://locate.ncbi.nlm.nih.gov/sdl/2/retrieve?acc=SRR4069208&accept-alternate-locations=yes
SRR4069209	https://sra-pub-run-odp.s3.amazonaws.com/sra/SRR4069209/SRR4069209	6e22b8d308dd4abdce637ec372e56845	737914729	https://locate.ncbi.nlm.nih.gov/sdl/2/retrieve?acc=SRR4069209&accept-alternate-locations=yes
SRR4069210	https://sra-pub-run-odp.s3.amazonaws.com/sra/SRR4069210/SRR4069210	cc7189fa3994fb98a24b7d29542137b1	797603538	https://locate.ncbi.nlm.nih.gov/sdl/2/retrieve?acc=SRR4069210&accept-alternate-locations=yes
SRR4069211	https://sra-pub-run-odp.s3.amazonaws.com/sra/SRR4069211/SRR4069211	7679f9540d328e2f97809774e586a14d	476249071	https://locate.ncbi.nlm.nih.gov/sdl/2/retrieve?acc=SRR4069211&accept-alternate-locations=yes
SRR5227333	https://sra-pub-run-odp.s3.amazonaws.com/sra/SRR5227333/SRR5227333	671c22fafd9f7844f3f85c7d7cf6427d	252377259	https://locate.ncbi.nlm.nih.gov/sdl/2/retrieve?acc=SRR5227333&accept-alternate-locations=yes
SRR5227334	https://sra-pub-run-odp.s3.amazonaws.com/sra/SRR5227334/SRR5227334	a75656efb89a6baa1b5dd73a5fe2cd29	462056233	https://locate.ncbi.nlm.nih.gov/sdl/2/retrieve?acc=SRR5227334&accept-alternate-locations=yes
SRR5227335	https://sra-pub-run-odp.s3.amazonaws.com/sra/SRR5227335/SRR5227335	558d99b440a532cd5808ece5bfb6a4e1	297625114	https://locate.ncbi.nlm.nih.gov/sdl/2/retrieve?acc=SRR5227335&accept-alternate-locations=yes
SRR5227336	https://sra-pub-run-odp.s3.amazonaws.com/sra/SRR5227336/SRR5227336	a4a30d2c67972804c8f1827558d26a85	251614129	https://locate.ncbi.nlm.nih.gov/sdl/2/retrieve?acc=SRR5227336&accept-alternate-locations=yes
SRR5227337	https://sra-pub-run-odp.s3.amazonaws.com/sra/SRR5227337/SRR5227337	1887ce95dffe6acbf649784790414061	233023796	https://locate.ncbi.nlm.nih.gov/sdl/2/retrieve?acc=SRR5227337&accept-alternate-locations=yes
SRR5227338	https://sra-pub-run-odp.s3.amazonaws.com/sra/SRR5227338/SRR5227338	cf4f7cd2d7dd1679d244a6aa048fa01d	261605106	https://locate.ncbi.nlm.nih.gov/sdl/2/retrieve?acc=SRR5227338&accept-alternate-locations=yes
SRR5227339	https://sra-pub-run-odp.s3.amazonaws.com/sra/SRR5227339/SRR5227339	8743d9ba40806995c90b00cfd316b406	272200405	https://locate.ncbi.nlm.nih.gov/sdl/2/retrieve?acc=SRR5227339&accept-alternate-locations=yes
SRR5227340	https://sra-pub-run-odp.s3.amazonaws.com/sra/SRR5227340/SRR5227340	12b7abb857cdb9dad15da182691674e6	308841273	https://locate.ncbi.nlm.nih.gov/sdl/2/retrieve?acc=SRR5227340&accept-alternate-locations=yes
SRR7443583	https://sra-pub-run-odp.s3.amazonaws.com/sra/SRR7443583/SRR7443583	9fc9ffb59502a4289fe4b10a3cc598e9	593870418	https://locate.ncbi.nlm.nih.gov/sdl/2/retrieve?acc=SRR7443583&accept-alternate-locations=yes
SRR7443584	https://sra-pub-run-odp.s3.amazonaws.com/sra/SRR7443584/SRR7443584	6203fb7807d974064d928554c12b090e	748566687	https://locate.ncbi.nlm.nih.gov/sdl/2/retrieve?acc=SRR7443584&accept-alternate-locations=yes
SRR7443585	https://sra-pub-run-odp.s3.amazonaws.com/sra/SRR7443585/SRR7443585	247d12dd1e672ef8b96a63b32b9d0452	1073566716	https://locate.ncbi.nlm.nih.gov/sdl/2/retrieve?acc=SRR7443585&accept-alternate-locations=yes
SRR7443586	https://sra-pub-run-odp.s3.amazonaws.com/sra/SRR7443586/SRR7443586	bdc3726edfdff12ec9dd14dd1ad46e64	658380544	https://locate.ncbi.nlm.nih.gov/sdl/2/retrieve?acc=SRR7443586&accept-alternate-locations=yes
SRR7443587	https://sra-pub-run-odp.s3.amazonaws.com/sra/SRR7443587/SRR7443587	6e81f732c33d4dba71ccba172e224f81	484461397	https://locate.ncbi.nlm.nih.gov/sdl/2/retrieve?acc=SRR7443587&accept-alternate-locations=yes
SRR7443588	https://sra-pub-run-odp.s3.amazonaws.com/sra/SRR7443588/SRR7443588	ae30a5ec7484f03008b16fbec003f8ec	467359828	https://locate.ncbi.nlm.nih.gov/sdl/2/retrieve?acc=SRR7443588&accept-alternate-locations=yes
SRR7443589	https://sra-pub-run-odp.s3.amazonaws.com/sra/SRR7443589/SRR7443589	f5e81a7bf534104a97e2fda4d67198b5	680002292	https://locate.ncbi.nlm.nih.gov/sdl/2/retrieve?acc=SRR7443589&accept-alternate-locations=yes
SRR7443590	https://sra-pub-run-odp.s3.amazonaws.com/sra/SRR7443590/SRR7443590	ee6b8873712538dfb4f102a3030de11d	520823472	https://locate.ncbi.nlm.nih.gov/sdl/2/retrieve?acc=SRR7443590&accept-alternate-locations=yes
SRR7443591	https://sra-pub-run-odp.s3.amazonaws.com/sra/SRR7443591/SRR7443591	8bb359e969777c858f5c7b9ca251a151	424008948	https://locate.ncbi.nlm.nih.gov/sdl/2/retrieve?acc=SRR7443591&accept-alternate-locations=yes
SRR7443592	https://sra-pub-run-odp.s3.amazonaws.com/sra/SRR7443592/SRR7443592	827d61b004a828d9217c969ddc294bfc	482559426	https://locate.ncbi.nlm.nih.gov/sdl/2/retrieve?acc=SRR7443592&accept-alternate-locations=yes
SRR7443593	https://sra-pub-run-odp.s3.amazonaws.com/sra/SRR7443593/SRR7443593	8fe409f547f4d39716fef764d6eb9450	437312208	https://locate.ncbi.nlm.nih.gov/sdl/2/retrieve?acc=SRR7443593&accept-alternate-locations=yes
SRR7443594	https://sra-pub-run-odp.s3.amazonaws.com/sra/SRR7443594/SRR7443594	c1ddedd86e10ee16476090cfc224d5ad	390463281	https://locate.ncbi.nlm.nih.gov/sdl/2/retrieve?acc=SRR7443594&accept-alternate-locations=yes
SRR7443595	https://sra-pub-run-odp.s3.amazonaws.com/sra/SRR7443595/SRR7443595	8d3b29b18ade2ba97c18c4082a6deb9f	535801606	https://locate.ncbi.nlm.nih.gov/sdl/2/retrieve?acc=SRR7443595&accept-alternate-locations=yes
SRR7443596	https://sra-pub-run-odp.s3.amazonaws.com/sra/SRR7443596/SRR7443596	4679983fdc2d8edf4ed544ee3e531b52	620161547	https://locate.ncbi.nlm.nih.gov/sdl/2/retrieve?acc=SRR7443596&accept-alternate-locations=yes
SRR7443597	https://sra-pub-run-odp.s3.amazonaws.com/sra/SRR7443597/SRR7443597	743e616578db2c6e422641e7cccb2a08	374013967	https://locate.ncbi.nlm.nih.gov/sdl/2/retrieve?acc=SRR7443597&accept-alternate-locations=yes
SRR7443598	https://sra-pub-run-odp.s3.amazonaws.com/sra/SRR7443598/SRR7443598	fa00c6deea7832dce9c7ef3457bc7a19	440389974	https://locate.ncbi.nlm.nih.gov/sdl/2/retrieve?acc=SRR7443598&accept-alternate-locations=yes
SRR7443599	https://sra-pub-run-odp.s3.amazonaws.com/sra/SRR7443599/SRR7443599	47a70a742c33e7fd4427520e1b67bcf8	452254175	https://locate.ncbi.nlm.nih.gov/sdl/2/retrieve?acc=SRR7443599&accept-alternate-locations=yes
SRR7443600	https://sra-pub-run-odp.s3.amazonaws.com/sra/SRR7443600/SRR7443600	4421cf08226090b1b1f784b57f766c22	298528420	https://locate.ncbi.nlm.nih.gov/sdl/2/retrieve?acc=SRR7443600&accept-alternate-locations=yes
SRR7443601	https://sra-pub-run-odp.s3.amazonaws.com/sra/SRR7443601/SRR7443601	dea9732277dd3c5aefe56e4dabacf483	468280120	https://locate.ncbi.nlm.nih.gov/sdl/2/retrieve?acc=SRR7443601&accept-alternate-locations=yes
SRR7443602	https://sra-pub-run-odp.s3.amazonaws.com/sra/SRR7443602/SRR7443602	b35a98c52e3effe4393f8dd850c008dd	323826381	https://locate.ncbi.nlm.nih.gov/sdl/2/retrieve?acc=SRR7443602&accept-alternate-locations=yes
SRR8440437	https://sra-pub-run-odp.s3.amazonaws.com/sra/SRR8440437/SRR8440437	bbc2862e0cae00af0ba8038afbc6dcbe	1543553150	https://locate.ncbi.nlm.nih.gov/sdl/2/retrieve?acc=SRR8440437&accept-alternate-locations=yes
SRR8440438	https://sra-pub-run-odp.s3.amazonaws.com/sra/SRR8440438/SRR8440438	932c062eee24b50720a608194070d728	1635966740	https://locate.ncbi.nlm.nih.gov/sdl/2/retrieve?acc=SRR8440438&accept-alternate-locations=yes
SRR8440439	https://sra-pub-run-odp.s3.amazonaws.com/sra/SRR8440439/SRR8440439	676a68b06956bb4906f0fa252f6cf817	1563402473	https://locate.ncbi.nlm.nih.gov/sdl/2/retrieve?acc=SRR8440439&accept-alternate-locations=yes
SRR8440440	https://sra-pub-run-odp.s3.amazonaws.com/sra/SRR8440440/SRR8440440	3cfd7d53189bd64cddcec689e06ea655	1603084670	https://locate.ncbi.nlm.nih.gov/sdl/2/retrieve?acc=SRR8440440&accept-alternate-locations=yes
SRR8440441	https://sra-pub-run-odp.s3.amazonaws.com/sra/SRR8440441/SRR8440441	a9c34f2f1a1fe994e2744eb42f4f1d2f	1646790552	https://locate.ncbi.nlm.nih.gov/sdl/2/retrieve?acc=SRR8440441&accept-alternate-locations=yes
SRR8440442	https://sra-pub-run-odp.s3.amazonaws.com/sra/SRR8440442/SRR8440442	e1ed5f8604f979e0f4886be31006b2a2	1541077642	https://locate.ncbi.nlm.nih.gov/sdl/2/retrieve?acc=SRR8440442&accept-alternate-locations=yes
SRR941632	https://sra-pub-run-odp.s3.amazonaws.com/sra/SRR941632/SRR941632	57120e81e8e8b183e4fb78014d1237d9	574096792	https://locate.ncbi.nlm.nih.gov/sdl/2/retrieve?acc=SRR941632&accept-alternate-locations=yes
SRR941633	https://sra-pub-run-odp.s3.amazonaws.com/sra/SRR941633/SRR941633	9ddd4d82b20a5cb3976cc804c681f554	509921684	https://locate.ncbi.nlm.nih.gov/sdl/2/retrieve?acc=SRR941633&accept-alternate-locations=yes
SRR941634	https://sra-pub-run-odp.s3.amazonaws.com/sra/SRR941634/SRR941634	740e6ecf6b833ca7a494cb9c75fa518b	782384506	https://locate.ncbi.nlm.nih.gov/sdl/2/retrieve?acc=SRR941634&accept-alternate-locations=yes
SRR941635	https://sra-pub-run-odp.s3.amazonaws.com/sra/SRR941635/SRR941635	f206882ccf96005e9deec8eb25af08c9	562358404	https://locate.ncbi.nlm.nih.gov/sdl/2/retrieve?acc=SRR941635&accept-alternate-locations=yes
SRR941636	https://sra-pub-run-odp.s3.amazonaws.com/sra/SRR941636/SRR941636	7e9e46ca0113069703b153dcbfa82fc5	408829396	https://locate.ncbi.nlm.nih.gov/sdl/2/retrieve?acc=SRR941636&accept-alternate-locations=yes
SRR941637	https://sra-pub-run-odp.s3.amazonaws.com/sra/SRR941637/SRR941637	1b6daea5ae7a8c9604ff2e84cd584376	715713820	https://locate.ncbi.nlm.nih.gov/sdl/2/retrieve?acc=SRR941637&accept-alternate-locations=yes
SRR941638	https://sra-pub-run-odp.s3.amazonaws.com/sra/SRR941638/SRR941638	1e14d43095331520c3c974d67980c8ff	712599933	https://locate.ncbi.nlm.nih.gov/sdl/2/retrieve?acc=SRR941638&accept-alternate-locations=yes
SRR941639	https://sra-pub-run-odp.s3.amazonaws.com/sra/SRR941639/SRR941639	dd965a277fedd7f6c8744025ef62c220	572752619	https://locate.ncbi.nlm.nih.gov/sdl/2/retrieve?acc=SRR941639&accept-alternate-locations=yes
SRR941640	https://sra-pub-run-odp.s3.amazonaws.com/sra/SRR941640/SRR941640	6580ddf33890dca1ebb5b44c18b30ddd	354502180	https://locate.ncbi.nlm.nih.gov/sdl/2/retrieve?acc=SRR941640&accept-alternate-locations=yes
SRR941641	https://sra-pub-run-odp.s3.amazonaws.com/sra/SRR941641/SRR941641	bf066b2f6d295d9136192dce261cf6a5	326959214	https://locate.ncbi.nlm.nih.gov/sdl/2/retrieve?acc=SRR941641&accept-alternate-locations=yes
SRR941642	https://sra-pub-run-odp.s3.amazonaws.com/sra/SRR941642/SRR941642	a30f23049bbbcb08b67f8a529910c44e	436708742	https://locate.ncbi.nlm.nih.gov/sdl/2/retrieve?acc=SRR941642&accept-alternate-locations=yes
SRR941643	https://sra-pub-run-odp.s3.amazonaws.com/sra/SRR941643/SRR941643	83bcc3fed028bf480566ddb86ad38818	402618881	https://locate.ncbi.nlm.nih.gov/sdl/2/retrieve?acc=SRR941643&accept-alternate-locations=yes
SRR941644	https://sra-pub-run-odp.s3.amazonaws.com/sra/SRR941644/SRR941644	c44e86cd4c795bbdcc9b36df142758f5	396425834	https://locate.ncbi.nlm.nih.gov/sdl/2/retrieve?acc=SRR941644&accept-alternate-locations=yes
SRR941645	https://sra-pub-run-odp.s3.amazonaws.com/sra/SRR941645/SRR941645	60b669413970bed6f0b415dd92a9bc41	417660575	https://locate.ncbi.nlm.nih.gov/sdl/2/retrieve?acc=SRR941645&accept-alternate-locations=yes
SRR941646	https://sra-pub-run-odp.s3.amazonaws.com/sra/SRR941646/SRR941646	6948c66661cfd67e238c529eb624e659	687637115	https://locate.ncbi.nlm.nih.gov/sdl/2/retrieve?acc=SRR941646&accept-alternate-locations=yes
SRR941647	https://sra-pub-run-odp.s3.amazonaws.com/sra/SRR941647/SRR941647	03402719f8c641e8f326b15fc75ae447	848311752	https://locate.ncbi.nlm.nih.gov/sdl/2/retrieve?acc=SRR941647&accept-alternate-locations=yes
SRR941648	https://sra-pub-run-odp.s3.amazonaws.com/sra/SRR941648/SRR941648	da5d0e65b8d7bbcc1364fd41c8ac5526	923620750	https://locate.ncbi.nlm.nih.gov/sdl/2/retrieve?acc=SRR941648&accept-alternate-locations=yes
SRR941649	https://sra-pub-run-odp.s3.amazonaws.com/sra/SRR941649/SRR941649	52dda3e40d5c2a788ccf4e1fd9e3db2a	847672462	https://locate.ncbi.nlm.nih.gov/sdl/2/retrieve?acc=SRR941649&accept-alternate-locations=yes
SRR941650	https://sra-pub-run-odp.s3.amazonaws.com/sra/SRR941650/SRR941650	b7b63de234f3820df3418bd5614d0585	1092015438	https://locate.ncbi.nlm.nih.gov/sdl/2/retrieve?acc=SRR941650&accept-alternate-locations=yes
SRR941651	https://sra-pub-run-odp.s3.amazonaws.com/sra/SRR941651/SRR941651	e32b120e2053cb617158d079d4fea72e	612110650	https://locate.ncbi.nlm.nih.gov/sdl/2/retrieve?acc=SRR941651&accept-alternate-locations=yes
SRR941697	https://sra-pub-run-odp.s3.amazonaws.com/sra/SRR941697/SRR941697	90d732ff9e0492a62fc981aae1ca9bb7	921707358	https://locate.ncbi.nlm.nih.gov/sdl/2/retrieve?acc=SRR941697&accept-alternate-locations=yes
SRR941698	https://sra-pub-run-odp.s3.amazonaws.com/sra/SRR941698/SRR941698	898f3a5a1bd36b97703eb719f5d427ce	1039713653	https://locate.ncbi.nlm.nih.gov/sdl/2/retrieve?acc=SRR941698&accept-alternate-locations=yes
SRR941699	https://sra-pub-run-odp.s3.amazonaws.com/sra/SRR941699/SRR941699	78cf1e2efffdb2dc8f8c5b770a982c92	869518598	https://locate.ncbi.nlm.nih.gov/sdl/2/retrieve?acc=SRR941699&accept-alternate-locations=yes
SRR941700	https://sra-pub-run-odp.s3.amazonaws.com/sra/SRR941700/SRR941700	432d68221aaa7615de0ad1d3d788e27f	873895726	https://locate.ncbi.nlm.nih.gov/sdl/2/retrieve?acc=SRR941700&accept-alternate-locations=yes
SRR941701	https://sra-pub-run-odp.s3.amazonaws.com/sra/SRR941701/SRR941701	0213a5c43321dc11d6bb5117b1641372	873711540	https://locate.ncbi.nlm.nih.gov/sdl/2/retrieve?acc=SRR941701&accept-alternate-locations=yes
SRR941702	https://sra-pub-run-odp.s3.amazonaws.com/sra/SRR941702/SRR941702	ff3aac0c76a34da47e0f99ead1ffb7e4	1052058156	https://locate.ncbi.nlm.nih.gov/sdl/2/retrieve?acc=SRR941702&accept-alternate-locations=yes
