configuration	reference	metric	fold	seed	candidate_value	reference_value	difference
b_log1p_mse_auxiliary	B/paper	primary_biological_score	1	20260714	0.6017569504672301	0.6021613239424768	-0.00040437347524668876
b_log1p_mse_auxiliary	B/paper	primary_biological_score	1	20260715	0.6050063245441353	0.6070022195873526	-0.0019958950432172884
b_log1p_mse_auxiliary	B/paper	primary_biological_score	1	20260716	0.6005525126082124	0.5981991823783411	0.0023533302298712755
b_log1p_mse_auxiliary	B/paper	primary_biological_score	2	20260714	0.6188971203411944	0.6323913307014781	-0.013494210360283754
b_log1p_mse_auxiliary	B/paper	primary_biological_score	2	20260715	0.6222610866483727	0.6367538764629266	-0.01449278981455393
b_log1p_mse_auxiliary	B/paper	primary_biological_score	2	20260716	0.6210820499678362	0.6318748534432563	-0.01079280347542011
b_log1p_mse_auxiliary	B/paper	primary_biological_score	3	20260714	0.6133892416424946	0.6297095589777587	-0.016320317335264067
b_log1p_mse_auxiliary	B/paper	primary_biological_score	3	20260715	0.6110627953666511	0.6331977273986742	-0.022134932032023102
b_log1p_mse_auxiliary	B/paper	primary_biological_score	3	20260716	0.6164532325400724	0.634051270411608	-0.017598037871535577
b_log1p_mse_auxiliary	B/paper	primary_biological_score	4	20260714	0.632401988880233	0.6532035551936223	-0.020801566313389253
b_log1p_mse_auxiliary	B/paper	primary_biological_score	4	20260715	0.6320413690284714	0.6468058698466945	-0.014764500818223114
b_log1p_mse_auxiliary	B/paper	primary_biological_score	4	20260716	0.6397852944021525	0.6537564022143014	-0.013971107812148942
b_log1p_mse_auxiliary	B/paper	primary_biological_score	5	20260714	0.6027384926956574	0.6078089332071861	-0.005070440511528718
b_log1p_mse_auxiliary	B/paper	primary_biological_score	5	20260715	0.605519965737593	0.6137932702218704	-0.008273304484277322
b_log1p_mse_auxiliary	B/paper	primary_biological_score	5	20260716	0.6076605550910419	0.6183150086703784	-0.010654453579336476
b_log1p_mse_auxiliary	B/paper	gene_exon_coverage_pearson_log1p	1	20260714	0.5265649360650989	0.5668388387059197	-0.04027390264082076
b_log1p_mse_auxiliary	B/paper	gene_exon_coverage_pearson_log1p	1	20260715	0.533326352901981	0.5717391944572721	-0.03841284155529101
b_log1p_mse_auxiliary	B/paper	gene_exon_coverage_pearson_log1p	1	20260716	0.5259424343256766	0.5618991541881871	-0.03595671986251059
b_log1p_mse_auxiliary	B/paper	gene_exon_coverage_pearson_log1p	2	20260714	0.5646973300417082	0.6190540891654995	-0.05435675912379134
b_log1p_mse_auxiliary	B/paper	gene_exon_coverage_pearson_log1p	2	20260715	0.5694131344124913	0.6207248028712516	-0.05131166845876034
b_log1p_mse_auxiliary	B/paper	gene_exon_coverage_pearson_log1p	2	20260716	0.5689214883468292	0.6152450995653267	-0.046323611218497485
b_log1p_mse_auxiliary	B/paper	gene_exon_coverage_pearson_log1p	3	20260714	0.5505121839199576	0.6091218801186776	-0.05860969619872003
b_log1p_mse_auxiliary	B/paper	gene_exon_coverage_pearson_log1p	3	20260715	0.5485461147770082	0.612958462779686	-0.06441234800267781
b_log1p_mse_auxiliary	B/paper	gene_exon_coverage_pearson_log1p	3	20260716	0.559272574336612	0.6124275723064715	-0.05315499796985945
b_log1p_mse_auxiliary	B/paper	gene_exon_coverage_pearson_log1p	4	20260714	0.5681415230529214	0.6258210748668511	-0.0576795518139297
b_log1p_mse_auxiliary	B/paper	gene_exon_coverage_pearson_log1p	4	20260715	0.5687318636858175	0.620754371438129	-0.05202250775231143
b_log1p_mse_auxiliary	B/paper	gene_exon_coverage_pearson_log1p	4	20260716	0.580256507289592	0.6241148559503502	-0.04385834866075822
b_log1p_mse_auxiliary	B/paper	gene_exon_coverage_pearson_log1p	5	20260714	0.5324214172399718	0.5721912771713819	-0.03976985993141002
b_log1p_mse_auxiliary	B/paper	gene_exon_coverage_pearson_log1p	5	20260715	0.5355885228415833	0.5773114218882818	-0.04172289904669846
b_log1p_mse_auxiliary	B/paper	gene_exon_coverage_pearson_log1p	5	20260716	0.5390358458007416	0.5804570345096315	-0.04142118870888989
b_log1p_mse_auxiliary	B/paper	per_track_pearson_128bp_log1p	1	20260714	0.6769489648693613	0.6374838091790339	0.03946515569032738
b_log1p_mse_auxiliary	B/paper	per_track_pearson_128bp_log1p	1	20260715	0.6766862961862896	0.6422652447174331	0.034421051468856545
b_log1p_mse_auxiliary	B/paper	per_track_pearson_128bp_log1p	1	20260716	0.6751625908907483	0.6344992105684951	0.04066338032225314
b_log1p_mse_auxiliary	B/paper	per_track_pearson_128bp_log1p	2	20260714	0.6730969106406807	0.6457285722374568	0.027368338403223835
b_log1p_mse_auxiliary	B/paper	per_track_pearson_128bp_log1p	2	20260715	0.6751090388842541	0.6527829500546014	0.0223260888296527
b_log1p_mse_auxiliary	B/paper	per_track_pearson_128bp_log1p	2	20260716	0.6732426115888431	0.6485046073211861	0.024738004267657043
b_log1p_mse_auxiliary	B/paper	per_track_pearson_128bp_log1p	3	20260714	0.6762662993650318	0.6502972378368398	0.025969061528192006
b_log1p_mse_auxiliary	B/paper	per_track_pearson_128bp_log1p	3	20260715	0.673579475956294	0.6534369920176625	0.020142483938631495
b_log1p_mse_auxiliary	B/paper	per_track_pearson_128bp_log1p	3	20260716	0.673633890743533	0.6556749685167446	0.01795892222678841
b_log1p_mse_auxiliary	B/paper	per_track_pearson_128bp_log1p	4	20260714	0.6966624547075446	0.6805860355203934	0.016076419187151192
b_log1p_mse_auxiliary	B/paper	per_track_pearson_128bp_log1p	4	20260715	0.6953508743711254	0.6728573682552602	0.022493506115865203
b_log1p_mse_auxiliary	B/paper	per_track_pearson_128bp_log1p	4	20260716	0.699314081514713	0.6833979484782525	0.015916133036460445
b_log1p_mse_auxiliary	B/paper	per_track_pearson_128bp_log1p	5	20260714	0.673055568151343	0.6434265892429905	0.029628978908352588
b_log1p_mse_auxiliary	B/paper	per_track_pearson_128bp_log1p	5	20260715	0.6754514086336028	0.6502751185554589	0.025176290078143815
b_log1p_mse_auxiliary	B/paper	per_track_pearson_128bp_log1p	5	20260716	0.6762852643813423	0.6561729828311254	0.020112281550216937
b_log1p_mse_auxiliary	B/paper	paper_loss	1	20260714	18.965081887072827	18.625285053827678	0.3397968332451491
b_log1p_mse_auxiliary	B/paper	paper_loss	1	20260715	18.985643168529833	18.62142756473587	0.3642156037939621
b_log1p_mse_auxiliary	B/paper	paper_loss	1	20260716	19.00947332382202	18.632620610386493	0.37685271343552884
b_log1p_mse_auxiliary	B/paper	paper_loss	2	20260714	16.579358908067267	16.273638748260865	0.3057201598064019
b_log1p_mse_auxiliary	B/paper	paper_loss	2	20260715	16.592722005154712	16.272408025810517	0.3203139793441956
b_log1p_mse_auxiliary	B/paper	paper_loss	2	20260716	16.593415102326727	16.276762603277184	0.3166524990495425
b_log1p_mse_auxiliary	B/paper	paper_loss	3	20260714	18.501408628670568	18.088820514908758	0.41258811376181015
b_log1p_mse_auxiliary	B/paper	paper_loss	3	20260715	18.47671300819121	18.089835034795556	0.38687797339565577
b_log1p_mse_auxiliary	B/paper	paper_loss	3	20260716	18.54602496595268	18.085366576550953	0.46065838940172554
b_log1p_mse_auxiliary	B/paper	paper_loss	4	20260714	20.518748941909838	20.052995759320545	0.46575318258929244
b_log1p_mse_auxiliary	B/paper	paper_loss	4	20260715	20.50057019167636	20.057811388768346	0.4427588029080134
b_log1p_mse_auxiliary	B/paper	paper_loss	4	20260716	20.56285501029118	20.032782507948127	0.530072502343053
b_log1p_mse_auxiliary	B/paper	paper_loss	5	20260714	16.50614111107516	16.2383768070175	0.2677643040576605
b_log1p_mse_auxiliary	B/paper	paper_loss	5	20260715	16.566487777664	16.212074555546405	0.3544132221175964
b_log1p_mse_auxiliary	B/paper	paper_loss	5	20260716	16.587643617607025	16.20330957045038	0.38433404715664565
b_log1p_mse_auxiliary	B/paper	log1p_mse	1	20260714	2.616029400423349	4.190256380173097	-1.5742269797497483
b_log1p_mse_auxiliary	B/paper	log1p_mse	1	20260715	2.5057708542030976	3.6143431491162406	-1.108572294913143
b_log1p_mse_auxiliary	B/paper	log1p_mse	1	20260716	2.508366036127849	3.94689794046333	-1.4385319043354814
b_log1p_mse_auxiliary	B/paper	log1p_mse	2	20260714	2.380953965416874	3.7865126535116906	-1.4055586880948168
b_log1p_mse_auxiliary	B/paper	log1p_mse	2	20260715	2.308814606034612	3.4336063344794585	-1.1247917284448463
b_log1p_mse_auxiliary	B/paper	log1p_mse	2	20260716	2.318873982831656	3.4528813864811356	-1.1340074036494796
b_log1p_mse_auxiliary	B/paper	log1p_mse	3	20260714	2.46153591196221	4.0056027734136	-1.5440668614513902
b_log1p_mse_auxiliary	B/paper	log1p_mse	3	20260715	2.5951014685343545	3.747033288679927	-1.1519318201455726
b_log1p_mse_auxiliary	B/paper	log1p_mse	3	20260716	2.464842487530536	3.4169086605669503	-0.9520661730364144
b_log1p_mse_auxiliary	B/paper	log1p_mse	4	20260714	2.338852913982897	3.222745731652501	-0.8838928176696039
b_log1p_mse_auxiliary	B/paper	log1p_mse	4	20260715	2.389110832329256	3.9015539870204696	-1.5124431546912138
b_log1p_mse_auxiliary	B/paper	log1p_mse	4	20260716	2.354683518409729	3.2965538918253885	-0.9418703734156595
b_log1p_mse_auxiliary	B/paper	log1p_mse	5	20260714	2.437607413314911	4.361928247543703	-1.9243208342287916
b_log1p_mse_auxiliary	B/paper	log1p_mse	5	20260715	2.3249845777649476	3.8483596594936875	-1.52337508172874
b_log1p_mse_auxiliary	B/paper	log1p_mse	5	20260716	2.3357616921505295	3.267550972570856	-0.9317892804203263
b_log1p_mse_auxiliary	B/paper	spearman_128bp	1	20260714	0.6183014281811919	0.5882640635182539	0.03003736466293805
b_log1p_mse_auxiliary	B/paper	spearman_128bp	1	20260715	0.616292362532499	0.5868274693844941	0.029464893148004823
b_log1p_mse_auxiliary	B/paper	spearman_128bp	1	20260716	0.6153694295258603	0.5844207518209757	0.03094867770488452
b_log1p_mse_auxiliary	B/paper	spearman_128bp	2	20260714	0.6118978238553194	0.5908055042837407	0.021092319571578755
b_log1p_mse_auxiliary	B/paper	spearman_128bp	2	20260715	0.6109727918751847	0.5909767463586564	0.019996045516528338
b_log1p_mse_auxiliary	B/paper	spearman_128bp	2	20260716	0.6094170467996189	0.5897996239660589	0.01961742283356005
b_log1p_mse_auxiliary	B/paper	spearman_128bp	3	20260714	0.6186664660044451	0.5978359675841531	0.020830498420291943
b_log1p_mse_auxiliary	B/paper	spearman_128bp	3	20260715	0.6169907028046954	0.5956146248385025	0.021376077966192897
b_log1p_mse_auxiliary	B/paper	spearman_128bp	3	20260716	0.6162104868065647	0.5970248843314966	0.019185602475068064
b_log1p_mse_auxiliary	B/paper	spearman_128bp	4	20260714	0.6165968561249998	0.605117167119305	0.011479689005694849
b_log1p_mse_auxiliary	B/paper	spearman_128bp	4	20260715	0.6160326653365941	0.6026487177305107	0.013383947606083413
b_log1p_mse_auxiliary	B/paper	spearman_128bp	4	20260716	0.6183786680761123	0.6082537422446508	0.010124925831461518
b_log1p_mse_auxiliary	B/paper	spearman_128bp	5	20260714	0.6073058337233784	0.5906418857304895	0.01666394799288895
b_log1p_mse_auxiliary	B/paper	spearman_128bp	5	20260715	0.6083255699343408	0.5887782778797443	0.019547292054596488
b_log1p_mse_auxiliary	B/paper	spearman_128bp	5	20260716	0.6094682142013299	0.5900695852736506	0.019398628927679296
b_log1p_mse_auxiliary	B/paper	top1_mse_128bp	1	20260714	109525159.48187147	103999474.93963604	5525684.542235434
b_log1p_mse_auxiliary	B/paper	top1_mse_128bp	1	20260715	110127310.00121175	104741306.94776279	5386003.05344896
b_log1p_mse_auxiliary	B/paper	top1_mse_128bp	1	20260716	110445297.36884618	105412655.53603396	5032641.83281222
b_log1p_mse_auxiliary	B/paper	top1_mse_128bp	2	20260714	83673667.37896514	79907884.6453524	3765782.733612746
b_log1p_mse_auxiliary	B/paper	top1_mse_128bp	2	20260715	83989842.17659734	80273751.77482152	3716090.401775822
b_log1p_mse_auxiliary	B/paper	top1_mse_128bp	2	20260716	84062631.4942805	80709447.81439054	3353183.679889962
b_log1p_mse_auxiliary	B/paper	top1_mse_128bp	3	20260714	117043414.40369593	110638018.08512923	6405396.318566695
b_log1p_mse_auxiliary	B/paper	top1_mse_128bp	3	20260715	116695486.40004809	110605186.30868745	6090300.0913606435
b_log1p_mse_auxiliary	B/paper	top1_mse_128bp	3	20260716	117452488.90198575	111566118.50562206	5886370.3963636905
b_log1p_mse_auxiliary	B/paper	top1_mse_128bp	4	20260714	13027290621.712727	13019256725.220913	8033896.49181366
b_log1p_mse_auxiliary	B/paper	top1_mse_128bp	4	20260715	13026937277.187235	13016632288.260124	10304988.927110672
b_log1p_mse_auxiliary	B/paper	top1_mse_128bp	4	20260716	13027875797.800167	13016746098.330252	11129699.46991539
b_log1p_mse_auxiliary	B/paper	top1_mse_128bp	5	20260714	100351260.75867939	96251315.37658355	4099945.3820958436
b_log1p_mse_auxiliary	B/paper	top1_mse_128bp	5	20260715	100911478.15721379	95725093.30064341	5186384.856570378
b_log1p_mse_auxiliary	B/paper	top1_mse_128bp	5	20260716	101056912.2695208	96768306.67445064	4288605.595070168
b_log1p_mse_auxiliary	B/paper	top1_calibration_ratio_128bp	1	20260714	0.03614636984144792	0.10634304788630795	-0.07019667804486003
b_log1p_mse_auxiliary	B/paper	top1_calibration_ratio_128bp	1	20260715	0.026941235359343875	0.09197079106800354	-0.06502955570865968
b_log1p_mse_auxiliary	B/paper	top1_calibration_ratio_128bp	1	20260716	0.024474408608737612	0.08744640993300679	-0.06297200132426917
b_log1p_mse_auxiliary	B/paper	top1_calibration_ratio_128bp	2	20260714	0.03161480693173221	0.10924724946104546	-0.07763244252931326
b_log1p_mse_auxiliary	B/paper	top1_calibration_ratio_128bp	2	20260715	0.024673573738424884	0.10089947997082864	-0.07622590623240376
b_log1p_mse_auxiliary	B/paper	top1_calibration_ratio_128bp	2	20260716	0.023809540704548045	0.09264494437869797	-0.06883540367414992
b_log1p_mse_auxiliary	B/paper	top1_calibration_ratio_128bp	3	20260714	0.029987213615311415	0.11528857588376958	-0.08530136226845816
b_log1p_mse_auxiliary	B/paper	top1_calibration_ratio_128bp	3	20260715	0.03613903044045139	0.11597659878784554	-0.07983756834739414
b_log1p_mse_auxiliary	B/paper	top1_calibration_ratio_128bp	3	20260716	0.024466469536400217	0.10099665726817011	-0.0765301877317699
b_log1p_mse_auxiliary	B/paper	top1_calibration_ratio_128bp	4	20260714	0.023373836410616654	0.07697146172761071	-0.05359762531699406
b_log1p_mse_auxiliary	B/paper	top1_calibration_ratio_128bp	4	20260715	0.02590591637327595	0.09532448293895875	-0.0694185665656828
b_log1p_mse_auxiliary	B/paper	top1_calibration_ratio_128bp	4	20260716	0.018493807028926057	0.09371237627225536	-0.0752185692433293
b_log1p_mse_auxiliary	B/paper	top1_calibration_ratio_128bp	5	20260714	0.03963296976655953	0.1290142422236923	-0.08938127245713276
b_log1p_mse_auxiliary	B/paper	top1_calibration_ratio_128bp	5	20260715	0.024539727622214704	0.1373210172621095	-0.11278128963989478
b_log1p_mse_auxiliary	B/paper	top1_calibration_ratio_128bp	5	20260716	0.021564807240412272	0.11162339249573944	-0.09005858525532717
b_log1p_mse_auxiliary	B/paper	gene_body_mse_log1p_1bp	1	20260714	0.2811296500338917	0.26863387471288597	0.012495775321005709
b_log1p_mse_auxiliary	B/paper	gene_body_mse_log1p_1bp	1	20260715	0.28123282535773425	0.2625151561358003	0.018717669221933964
b_log1p_mse_auxiliary	B/paper	gene_body_mse_log1p_1bp	1	20260716	0.2843987315479232	0.26943675297720143	0.01496197857072179
b_log1p_mse_auxiliary	B/paper	gene_body_mse_log1p_1bp	2	20260714	0.2542855691016965	0.2377600231806648	0.01652554592103167
b_log1p_mse_auxiliary	B/paper	gene_body_mse_log1p_1bp	2	20260715	0.25353325560260076	0.23384965503659502	0.019683600566005738
b_log1p_mse_auxiliary	B/paper	gene_body_mse_log1p_1bp	2	20260716	0.2534902148206286	0.23888373526365647	0.01460647955697214
b_log1p_mse_auxiliary	B/paper	gene_body_mse_log1p_1bp	3	20260714	0.28112063397769926	0.260622200321601	0.02049843365609827
b_log1p_mse_auxiliary	B/paper	gene_body_mse_log1p_1bp	3	20260715	0.28245909088357607	0.26138928577800646	0.021069805105569606
b_log1p_mse_auxiliary	B/paper	gene_body_mse_log1p_1bp	3	20260716	0.2843756505630737	0.25869009560875766	0.025685554954316014
b_log1p_mse_auxiliary	B/paper	gene_body_mse_log1p_1bp	4	20260714	0.27504028760207677	0.24147016396304513	0.03357012363903164
b_log1p_mse_auxiliary	B/paper	gene_body_mse_log1p_1bp	4	20260715	0.27423283903618495	0.25323644983852855	0.020996389197656395
b_log1p_mse_auxiliary	B/paper	gene_body_mse_log1p_1bp	4	20260716	0.2738170056523146	0.2501912463769399	0.02362575927537469
b_log1p_mse_auxiliary	B/paper	gene_body_mse_log1p_1bp	5	20260714	0.2524950493416611	0.2774568363546268	-0.024961787012965697
b_log1p_mse_auxiliary	B/paper	gene_body_mse_log1p_1bp	5	20260715	0.2507824112223808	0.26539842068871605	-0.014616009466335234
b_log1p_mse_auxiliary	B/paper	gene_body_mse_log1p_1bp	5	20260716	0.25079340831463537	0.243989124825078	0.006804283489557361
b_log1p_mse_auxiliary	B/paper	exon_mse_log1p_1bp	1	20260714	0.4987700611144972	0.47974413827252194	0.01902592284197524
b_log1p_mse_auxiliary	B/paper	exon_mse_log1p_1bp	1	20260715	0.5053332008757215	0.4738212442155977	0.03151195666012385
b_log1p_mse_auxiliary	B/paper	exon_mse_log1p_1bp	1	20260716	0.5139688051468845	0.4797808258767902	0.03418797927009426
b_log1p_mse_auxiliary	B/paper	exon_mse_log1p_1bp	2	20260714	0.4891081494375954	0.4596418403776406	0.029466309059954787
b_log1p_mse_auxiliary	B/paper	exon_mse_log1p_1bp	2	20260715	0.4914447305623415	0.45488972821777307	0.03655500234456843
b_log1p_mse_auxiliary	B/paper	exon_mse_log1p_1bp	2	20260716	0.4917225447588362	0.4623633069099435	0.029359237848892716
b_log1p_mse_auxiliary	B/paper	exon_mse_log1p_1bp	3	20260714	0.5166739148045553	0.4799653426505462	0.03670857215400908
b_log1p_mse_auxiliary	B/paper	exon_mse_log1p_1bp	3	20260715	0.5157472976777667	0.4812664950131987	0.034480802664568044
b_log1p_mse_auxiliary	B/paper	exon_mse_log1p_1bp	3	20260716	0.5294696795178073	0.4789321374005493	0.05053754211725803
b_log1p_mse_auxiliary	B/paper	exon_mse_log1p_1bp	4	20260714	0.5813049436495651	0.5096457909624341	0.07165915268713097
b_log1p_mse_auxiliary	B/paper	exon_mse_log1p_1bp	4	20260715	0.5735052279409572	0.5246331279116226	0.04887210002933451
b_log1p_mse_auxiliary	B/paper	exon_mse_log1p_1bp	4	20260716	0.5839828820824695	0.521484266244628	0.062498615837841553
b_log1p_mse_auxiliary	B/paper	exon_mse_log1p_1bp	5	20260714	0.4769662877540044	0.5226045263967686	-0.04563823864276417
b_log1p_mse_auxiliary	B/paper	exon_mse_log1p_1bp	5	20260715	0.48723554295067134	0.5104378876392546	-0.023202344688583232
b_log1p_mse_auxiliary	B/paper	exon_mse_log1p_1bp	5	20260716	0.4910974420836244	0.4751265607814496	0.015970881302174778
b_log1p_mse_auxiliary	B/paper	local_gradient_mse_log1p_1bp	1	20260714	0.0029890697063523083	0.0023673126724178687	0.0006217570339344396
b_log1p_mse_auxiliary	B/paper	local_gradient_mse_log1p_1bp	1	20260715	0.002644869437287858	0.0023519499396598875	0.0002929194976279705
b_log1p_mse_auxiliary	B/paper	local_gradient_mse_log1p_1bp	1	20260716	0.0026259253008615356	0.0023424300515455065	0.0002834952493160291
b_log1p_mse_auxiliary	B/paper	local_gradient_mse_log1p_1bp	2	20260714	0.002414386870890804	0.0020183687268450776	0.00039601814404572645
b_log1p_mse_auxiliary	B/paper	local_gradient_mse_log1p_1bp	2	20260715	0.002267132274771156	0.0020224011935294113	0.00024473108124174487
b_log1p_mse_auxiliary	B/paper	local_gradient_mse_log1p_1bp	2	20260716	0.002225145961950563	0.0020165778936395767	0.00020856806831098633
b_log1p_mse_auxiliary	B/paper	local_gradient_mse_log1p_1bp	3	20260714	0.002655635300725819	0.0022449999358511424	0.0004106353648746768
b_log1p_mse_auxiliary	B/paper	local_gradient_mse_log1p_1bp	3	20260715	0.002632992373658143	0.002301413343407672	0.0003315790302504708
b_log1p_mse_auxiliary	B/paper	local_gradient_mse_log1p_1bp	3	20260716	0.002486133567993608	0.0022382195756609764	0.00024791399233263164
b_log1p_mse_auxiliary	B/paper	local_gradient_mse_log1p_1bp	4	20260714	0.0025587987815836773	0.0021687234899034256	0.0003900752916802517
b_log1p_mse_auxiliary	B/paper	local_gradient_mse_log1p_1bp	4	20260715	0.0025720841163351686	0.002253845590169986	0.00031823852616518237
b_log1p_mse_auxiliary	B/paper	local_gradient_mse_log1p_1bp	4	20260716	0.0024563293119935665	0.0021837783577128493	0.00027255095428071726
b_log1p_mse_auxiliary	B/paper	local_gradient_mse_log1p_1bp	5	20260714	0.0025232295116314404	0.00218776717104773	0.00033546234058371045
b_log1p_mse_auxiliary	B/paper	local_gradient_mse_log1p_1bp	5	20260715	0.0023896938349391205	0.0021577634523312905	0.00023193038260782995
b_log1p_mse_auxiliary	B/paper	local_gradient_mse_log1p_1bp	5	20260716	0.0022931804215014545	0.002062584290199542	0.0002305961313019125
frozen_no_worm_no_lora	B/paper	primary_biological_score	1	20260714	0.4912216839867019	0.6021613239424768	-0.11093963995577488
frozen_no_worm_no_lora	B/paper	primary_biological_score	1	20260715	0.4918415797678709	0.6070022195873526	-0.11516063981948166
frozen_no_worm_no_lora	B/paper	primary_biological_score	1	20260716	0.4910716487404101	0.5981991823783411	-0.10712753363793104
frozen_no_worm_no_lora	B/paper	primary_biological_score	2	20260714	0.5248374713592775	0.6323913307014781	-0.10755385934220063
frozen_no_worm_no_lora	B/paper	primary_biological_score	2	20260715	0.5256711773502227	0.6367538764629266	-0.11108269911270385
frozen_no_worm_no_lora	B/paper	primary_biological_score	2	20260716	0.5247608498712506	0.6318748534432563	-0.10711400357200573
frozen_no_worm_no_lora	B/paper	primary_biological_score	3	20260714	0.5271665684631843	0.6297095589777587	-0.10254299051457438
frozen_no_worm_no_lora	B/paper	primary_biological_score	3	20260715	0.5245796464568911	0.6331977273986742	-0.10861808094178305
frozen_no_worm_no_lora	B/paper	primary_biological_score	3	20260716	0.5266027576584877	0.634051270411608	-0.10744851275312028
frozen_no_worm_no_lora	B/paper	primary_biological_score	4	20260714	0.5325168905560225	0.6532035551936223	-0.1206866646375998
frozen_no_worm_no_lora	B/paper	primary_biological_score	4	20260715	0.5294747726291728	0.6468058698466945	-0.11733109721752177
frozen_no_worm_no_lora	B/paper	primary_biological_score	4	20260716	0.530716729850193	0.6537564022143014	-0.1230396723641084
frozen_no_worm_no_lora	B/paper	primary_biological_score	5	20260714	0.5043316950258301	0.6078089332071861	-0.10347723818135601
frozen_no_worm_no_lora	B/paper	primary_biological_score	5	20260715	0.5026242547387754	0.6137932702218704	-0.11116901548309499
frozen_no_worm_no_lora	B/paper	primary_biological_score	5	20260716	0.5039013310796141	0.6183150086703784	-0.11441367759076426
frozen_no_worm_no_lora	B/paper	gene_exon_coverage_pearson_log1p	1	20260714	0.42200196287289116	0.5668388387059197	-0.1448368758330285
frozen_no_worm_no_lora	B/paper	gene_exon_coverage_pearson_log1p	1	20260715	0.4227823909789661	0.5717391944572721	-0.14895680347830598
frozen_no_worm_no_lora	B/paper	gene_exon_coverage_pearson_log1p	1	20260716	0.42137937561200683	0.5618991541881871	-0.1405197785761803
frozen_no_worm_no_lora	B/paper	gene_exon_coverage_pearson_log1p	2	20260714	0.4784493358110316	0.6190540891654995	-0.14060475335446793
frozen_no_worm_no_lora	B/paper	gene_exon_coverage_pearson_log1p	2	20260715	0.48108626419960565	0.6207248028712516	-0.139638538671646
frozen_no_worm_no_lora	B/paper	gene_exon_coverage_pearson_log1p	2	20260716	0.4788184741116817	0.6152450995653267	-0.13642662545364498
frozen_no_worm_no_lora	B/paper	gene_exon_coverage_pearson_log1p	3	20260714	0.47852242917526566	0.6091218801186776	-0.13059945094341197
frozen_no_worm_no_lora	B/paper	gene_exon_coverage_pearson_log1p	3	20260715	0.4781025026141356	0.612958462779686	-0.1348559601655504
frozen_no_worm_no_lora	B/paper	gene_exon_coverage_pearson_log1p	3	20260716	0.4791024357026069	0.6124275723064715	-0.13332513660386458
frozen_no_worm_no_lora	B/paper	gene_exon_coverage_pearson_log1p	4	20260714	0.4654917903416684	0.6258210748668511	-0.16032928452518275
frozen_no_worm_no_lora	B/paper	gene_exon_coverage_pearson_log1p	4	20260715	0.46484769911134877	0.620754371438129	-0.15590667232678018
frozen_no_worm_no_lora	B/paper	gene_exon_coverage_pearson_log1p	4	20260716	0.463844383812461	0.6241148559503502	-0.1602704721378892
frozen_no_worm_no_lora	B/paper	gene_exon_coverage_pearson_log1p	5	20260714	0.43247530574794174	0.5721912771713819	-0.1397159714234401
frozen_no_worm_no_lora	B/paper	gene_exon_coverage_pearson_log1p	5	20260715	0.4316776755973135	0.5773114218882818	-0.14563374629096826
frozen_no_worm_no_lora	B/paper	gene_exon_coverage_pearson_log1p	5	20260716	0.43146535639425365	0.5804570345096315	-0.14899167811537783
frozen_no_worm_no_lora	B/paper	per_track_pearson_128bp_log1p	1	20260714	0.5604414051005127	0.6374838091790339	-0.07704240407852125
frozen_no_worm_no_lora	B/paper	per_track_pearson_128bp_log1p	1	20260715	0.5609007685567757	0.6422652447174331	-0.08136447616065734
frozen_no_worm_no_lora	B/paper	per_track_pearson_128bp_log1p	1	20260716	0.5607639218688134	0.6344992105684951	-0.07373528869968171
frozen_no_worm_no_lora	B/paper	per_track_pearson_128bp_log1p	2	20260714	0.5712256069075234	0.6457285722374568	-0.07450296532993339
frozen_no_worm_no_lora	B/paper	per_track_pearson_128bp_log1p	2	20260715	0.5702560905008397	0.6527829500546014	-0.08252685955376171
frozen_no_worm_no_lora	B/paper	per_track_pearson_128bp_log1p	2	20260716	0.5707032256308194	0.6485046073211861	-0.07780138169036666
frozen_no_worm_no_lora	B/paper	per_track_pearson_128bp_log1p	3	20260714	0.575810707751103	0.6502972378368398	-0.0744865300857368
frozen_no_worm_no_lora	B/paper	per_track_pearson_128bp_log1p	3	20260715	0.5710567902996467	0.6534369920176625	-0.08238020171801574
frozen_no_worm_no_lora	B/paper	per_track_pearson_128bp_log1p	3	20260716	0.5741030796143685	0.6556749685167446	-0.0815718889023761
frozen_no_worm_no_lora	B/paper	per_track_pearson_128bp_log1p	4	20260714	0.5995419907703765	0.6805860355203934	-0.08104404475001692
frozen_no_worm_no_lora	B/paper	per_track_pearson_128bp_log1p	4	20260715	0.5941018461469967	0.6728573682552602	-0.07875552210826353
frozen_no_worm_no_lora	B/paper	per_track_pearson_128bp_log1p	4	20260716	0.597589075887925	0.6833979484782525	-0.08580887259032755
frozen_no_worm_no_lora	B/paper	per_track_pearson_128bp_log1p	5	20260714	0.5761880843037184	0.6434265892429905	-0.06723850493927208
frozen_no_worm_no_lora	B/paper	per_track_pearson_128bp_log1p	5	20260715	0.5735708338802373	0.6502751185554589	-0.07670428467522161
frozen_no_worm_no_lora	B/paper	per_track_pearson_128bp_log1p	5	20260716	0.5763373057649744	0.6561729828311254	-0.07983567706615091
frozen_no_worm_no_lora	B/paper	paper_loss	1	20260714	19.06536803762597	18.625285053827678	0.44008298379829114
frozen_no_worm_no_lora	B/paper	paper_loss	1	20260715	19.061131790459875	18.62142756473587	0.4397042257240038
frozen_no_worm_no_lora	B/paper	paper_loss	1	20260716	19.063471150685505	18.632620610386493	0.43085054029901215
frozen_no_worm_no_lora	B/paper	paper_loss	2	20260714	16.66486680938537	16.273638748260865	0.3912280611245045
frozen_no_worm_no_lora	B/paper	paper_loss	2	20260715	16.662129939320575	16.272408025810517	0.38972191351005847
frozen_no_worm_no_lora	B/paper	paper_loss	2	20260716	16.66472934240318	16.276762603277184	0.38796673912599644
frozen_no_worm_no_lora	B/paper	paper_loss	3	20260714	18.51387287622475	18.088820514908758	0.42505236131599133
frozen_no_worm_no_lora	B/paper	paper_loss	3	20260715	18.51284142574632	18.089835034795556	0.4230063909507642
frozen_no_worm_no_lora	B/paper	paper_loss	3	20260716	18.510934726301446	18.085366576550953	0.42556814975049306
frozen_no_worm_no_lora	B/paper	paper_loss	4	20260714	20.547360607658526	20.052995759320545	0.49436484833798033
frozen_no_worm_no_lora	B/paper	paper_loss	4	20260715	20.545844386859113	20.057811388768346	0.48803299809076606
frozen_no_worm_no_lora	B/paper	paper_loss	4	20260716	20.54106156869107	20.032782507948127	0.508279060742943
frozen_no_worm_no_lora	B/paper	paper_loss	5	20260714	16.603103833026196	16.2383768070175	0.36472702600869766
frozen_no_worm_no_lora	B/paper	paper_loss	5	20260715	16.60495698882873	16.212074555546405	0.392882433282324
frozen_no_worm_no_lora	B/paper	paper_loss	5	20260716	16.602046093308783	16.20330957045038	0.3987365228584032
frozen_no_worm_no_lora	B/paper	log1p_mse	1	20260714	5.101554456963597	4.190256380173097	0.9112980767904997
frozen_no_worm_no_lora	B/paper	log1p_mse	1	20260715	4.9112789573439635	3.6143431491162406	1.296935808227723
frozen_no_worm_no_lora	B/paper	log1p_mse	1	20260716	4.816278420298932	3.94689794046333	0.869380479835602
frozen_no_worm_no_lora	B/paper	log1p_mse	2	20260714	4.597070952495897	3.7865126535116906	0.8105582989842062
frozen_no_worm_no_lora	B/paper	log1p_mse	2	20260715	4.593833558530693	3.4336063344794585	1.1602272240512344
frozen_no_worm_no_lora	B/paper	log1p_mse	2	20260716	4.4035394134291685	3.4528813864811356	0.9506580269480329
frozen_no_worm_no_lora	B/paper	log1p_mse	3	20260714	4.7490349878747775	4.0056027734136	0.7434322144611771
frozen_no_worm_no_lora	B/paper	log1p_mse	3	20260715	5.059271571147873	3.747033288679927	1.3122382824679457
frozen_no_worm_no_lora	B/paper	log1p_mse	3	20260716	4.7443732640829435	3.4169086605669503	1.3274646035159932
frozen_no_worm_no_lora	B/paper	log1p_mse	4	20260714	4.534846618951085	3.222745731652501	1.312100887298584
frozen_no_worm_no_lora	B/paper	log1p_mse	4	20260715	5.018098842666809	3.9015539870204696	1.1165448556463398
frozen_no_worm_no_lora	B/paper	log1p_mse	4	20260716	4.683359824031232	3.2965538918253885	1.3868059322058435
frozen_no_worm_no_lora	B/paper	log1p_mse	5	20260714	4.527498187788998	4.361928247543703	0.16556994024529548
frozen_no_worm_no_lora	B/paper	log1p_mse	5	20260715	4.869975923055626	3.8483596594936875	1.0216162635619384
frozen_no_worm_no_lora	B/paper	log1p_mse	5	20260716	4.533453547810933	3.267550972570856	1.2659025752400774
frozen_no_worm_no_lora	B/paper	spearman_128bp	1	20260714	0.5248263664695261	0.5882640635182539	-0.06343769704872781
frozen_no_worm_no_lora	B/paper	spearman_128bp	1	20260715	0.5242195161091696	0.5868274693844941	-0.06260795327532453
frozen_no_worm_no_lora	B/paper	spearman_128bp	1	20260716	0.523397283058851	0.5844207518209757	-0.06102346876212472
frozen_no_worm_no_lora	B/paper	spearman_128bp	2	20260714	0.5321262301339879	0.5908055042837407	-0.058679274149752825
frozen_no_worm_no_lora	B/paper	spearman_128bp	2	20260715	0.5307726831347472	0.5909767463586564	-0.06020406322390914
frozen_no_worm_no_lora	B/paper	spearman_128bp	2	20260716	0.530362307262869	0.5897996239660589	-0.05943731670318986
frozen_no_worm_no_lora	B/paper	spearman_128bp	3	20260714	0.5394837015749102	0.5978359675841531	-0.058352266009242926
frozen_no_worm_no_lora	B/paper	spearman_128bp	3	20260715	0.5357897626834873	0.5956146248385025	-0.059824862155015146
frozen_no_worm_no_lora	B/paper	spearman_128bp	3	20260716	0.5373755296843274	0.5970248843314966	-0.05964935464716914
frozen_no_worm_no_lora	B/paper	spearman_128bp	4	20260714	0.5477125496697063	0.605117167119305	-0.05740461744959868
frozen_no_worm_no_lora	B/paper	spearman_128bp	4	20260715	0.5449776997277305	0.6026487177305107	-0.05767101800278018
frozen_no_worm_no_lora	B/paper	spearman_128bp	4	20260716	0.5464914261459904	0.6082537422446508	-0.06176231609866034
frozen_no_worm_no_lora	B/paper	spearman_128bp	5	20260714	0.5337339279748312	0.5906418857304895	-0.05690795775565827
frozen_no_worm_no_lora	B/paper	spearman_128bp	5	20260715	0.5327607451943546	0.5887782778797443	-0.05601753268538978
frozen_no_worm_no_lora	B/paper	spearman_128bp	5	20260716	0.5338172727958309	0.5900695852736506	-0.0562523124778197
frozen_no_worm_no_lora	B/paper	top1_mse_128bp	1	20260714	107729573.17183372	103999474.93963604	3730098.232197687
frozen_no_worm_no_lora	B/paper	top1_mse_128bp	1	20260715	107791191.15894319	104741306.94776279	3049884.211180404
frozen_no_worm_no_lora	B/paper	top1_mse_128bp	1	20260716	107962079.5472603	105412655.53603396	2549424.011226341
frozen_no_worm_no_lora	B/paper	top1_mse_128bp	2	20260714	82212758.45261718	79907884.6453524	2304873.80726479
frozen_no_worm_no_lora	B/paper	top1_mse_128bp	2	20260715	82124044.30488774	80273751.77482152	1850292.530066222
frozen_no_worm_no_lora	B/paper	top1_mse_128bp	2	20260716	82321008.95555802	80709447.81439054	1611561.1411674768
frozen_no_worm_no_lora	B/paper	top1_mse_128bp	3	20260714	114515505.22234228	110638018.08512923	3877487.1372130513
frozen_no_worm_no_lora	B/paper	top1_mse_128bp	3	20260715	113924034.08238731	110605186.30868745	3318847.7736998647
frozen_no_worm_no_lora	B/paper	top1_mse_128bp	3	20260716	114309687.42796774	111566118.50562206	2743568.922345683
frozen_no_worm_no_lora	B/paper	top1_mse_128bp	4	20260714	13023132034.683205	13019256725.220913	3875309.4622917175
frozen_no_worm_no_lora	B/paper	top1_mse_128bp	4	20260715	13021864134.462292	13016632288.260124	5231846.202167511
frozen_no_worm_no_lora	B/paper	top1_mse_128bp	4	20260716	13022544042.717604	13016746098.330252	5797944.38735199
frozen_no_worm_no_lora	B/paper	top1_mse_128bp	5	20260714	99220966.16688569	96251315.37658355	2969650.7903021425
frozen_no_worm_no_lora	B/paper	top1_mse_128bp	5	20260715	98853413.20973606	95725093.30064341	3128319.90909265
frozen_no_worm_no_lora	B/paper	top1_mse_128bp	5	20260716	99181771.01239783	96768306.67445064	2413464.33794719
frozen_no_worm_no_lora	B/paper	top1_calibration_ratio_128bp	1	20260714	0.05914597108995538	0.10634304788630795	-0.04719707679635257
frozen_no_worm_no_lora	B/paper	top1_calibration_ratio_128bp	1	20260715	0.05719653860794514	0.09197079106800354	-0.03477425246005841
frozen_no_worm_no_lora	B/paper	top1_calibration_ratio_128bp	1	20260716	0.0561506535789808	0.08744640993300679	-0.03129575635402598
frozen_no_worm_no_lora	B/paper	top1_calibration_ratio_128bp	2	20260714	0.0635743851489655	0.10924724946104546	-0.04567286431207995
frozen_no_worm_no_lora	B/paper	top1_calibration_ratio_128bp	2	20260715	0.06512345699970278	0.10089947997082864	-0.035776022971125865
frozen_no_worm_no_lora	B/paper	top1_calibration_ratio_128bp	2	20260716	0.06131096609003882	0.09264494437869797	-0.03133397828865915
frozen_no_worm_no_lora	B/paper	top1_calibration_ratio_128bp	3	20260714	0.061684454978850736	0.11528857588376958	-0.05360412090491884
frozen_no_worm_no_lora	B/paper	top1_calibration_ratio_128bp	3	20260715	0.07016051428794917	0.11597659878784554	-0.04581608449989637
frozen_no_worm_no_lora	B/paper	top1_calibration_ratio_128bp	3	20260716	0.06439947489064218	0.10099665726817011	-0.03659718237752793
frozen_no_worm_no_lora	B/paper	top1_calibration_ratio_128bp	4	20260714	0.04820414865457472	0.07697146172761071	-0.02876731307303599
frozen_no_worm_no_lora	B/paper	top1_calibration_ratio_128bp	4	20260715	0.05749133743200013	0.09532448293895875	-0.03783314550695862
frozen_no_worm_no_lora	B/paper	top1_calibration_ratio_128bp	4	20260716	0.051715640542643125	0.09371237627225536	-0.04199673572961223
frozen_no_worm_no_lora	B/paper	top1_calibration_ratio_128bp	5	20260714	0.06641093841557351	0.1290142422236923	-0.06260330380811878
frozen_no_worm_no_lora	B/paper	top1_calibration_ratio_128bp	5	20260715	0.0752125460432304	0.1373210172621095	-0.062108471218879094
frozen_no_worm_no_lora	B/paper	top1_calibration_ratio_128bp	5	20260716	0.067830562122612	0.11162339249573944	-0.04379283037312744
frozen_no_worm_no_lora	B/paper	gene_body_mse_log1p_1bp	1	20260714	0.32791243067439935	0.26863387471288597	0.05927855596151338
frozen_no_worm_no_lora	B/paper	gene_body_mse_log1p_1bp	1	20260715	0.328809227847017	0.2625151561358003	0.0662940717112167
frozen_no_worm_no_lora	B/paper	gene_body_mse_log1p_1bp	1	20260716	0.32731228733128626	0.26943675297720143	0.05787553435408482
frozen_no_worm_no_lora	B/paper	gene_body_mse_log1p_1bp	2	20260714	0.2931232968597634	0.2377600231806648	0.0553632736790986
frozen_no_worm_no_lora	B/paper	gene_body_mse_log1p_1bp	2	20260715	0.29478724716248356	0.23384965503659502	0.060937592125888534
frozen_no_worm_no_lora	B/paper	gene_body_mse_log1p_1bp	2	20260716	0.2925440576805978	0.23888373526365647	0.05366032241694135
frozen_no_worm_no_lora	B/paper	gene_body_mse_log1p_1bp	3	20260714	0.3138327236339006	0.260622200321601	0.053210523312299585
frozen_no_worm_no_lora	B/paper	gene_body_mse_log1p_1bp	3	20260715	0.3188506992723127	0.26138928577800646	0.057461413494306224
frozen_no_worm_no_lora	B/paper	gene_body_mse_log1p_1bp	3	20260716	0.3158422226015926	0.25869009560875766	0.05715212699283495
frozen_no_worm_no_lora	B/paper	gene_body_mse_log1p_1bp	4	20260714	0.3111035910522516	0.24147016396304513	0.06963342708920647
frozen_no_worm_no_lora	B/paper	gene_body_mse_log1p_1bp	4	20260715	0.31685873805787296	0.25323644983852855	0.0636222882193444
frozen_no_worm_no_lora	B/paper	gene_body_mse_log1p_1bp	4	20260716	0.314634070074367	0.2501912463769399	0.0644428236974271
frozen_no_worm_no_lora	B/paper	gene_body_mse_log1p_1bp	5	20260714	0.2907969966497924	0.2774568363546268	0.013340160295165604
frozen_no_worm_no_lora	B/paper	gene_body_mse_log1p_1bp	5	20260715	0.2973502873770105	0.26539842068871605	0.03195186668829447
frozen_no_worm_no_lora	B/paper	gene_body_mse_log1p_1bp	5	20260716	0.29400806725376577	0.243989124825078	0.05001894242868776
frozen_no_worm_no_lora	B/paper	exon_mse_log1p_1bp	1	20260714	0.5815938934123818	0.47974413827252194	0.10184975513985983
frozen_no_worm_no_lora	B/paper	exon_mse_log1p_1bp	1	20260715	0.5829685309320413	0.4738212442155977	0.10914728671644358
frozen_no_worm_no_lora	B/paper	exon_mse_log1p_1bp	1	20260716	0.582480327730021	0.4797808258767902	0.10269950185323079
frozen_no_worm_no_lora	B/paper	exon_mse_log1p_1bp	2	20260714	0.5556339715924151	0.4596418403776406	0.09599213121477451
frozen_no_worm_no_lora	B/paper	exon_mse_log1p_1bp	2	20260715	0.5554060076484825	0.45488972821777307	0.1005162794307094
frozen_no_worm_no_lora	B/paper	exon_mse_log1p_1bp	2	20260716	0.5555890857109135	0.4623633069099435	0.09322577880097
frozen_no_worm_no_lora	B/paper	exon_mse_log1p_1bp	3	20260714	0.5718206648060602	0.4799653426505462	0.09185532215551401
frozen_no_worm_no_lora	B/paper	exon_mse_log1p_1bp	3	20260715	0.5744825431590445	0.4812664950131987	0.09321604814584578
frozen_no_worm_no_lora	B/paper	exon_mse_log1p_1bp	3	20260716	0.5731468237156334	0.4789321374005493	0.09421468631508412
frozen_no_worm_no_lora	B/paper	exon_mse_log1p_1bp	4	20260714	0.643426364051473	0.5096457909624341	0.1337805730890389
frozen_no_worm_no_lora	B/paper	exon_mse_log1p_1bp	4	20260715	0.6453715725754774	0.5246331279116226	0.12073844466385475
frozen_no_worm_no_lora	B/paper	exon_mse_log1p_1bp	4	20260716	0.6450584928551655	0.521484266244628	0.12357422661053752
frozen_no_worm_no_lora	B/paper	exon_mse_log1p_1bp	5	20260714	0.557808538084469	0.5226045263967686	0.035204011687700376
frozen_no_worm_no_lora	B/paper	exon_mse_log1p_1bp	5	20260715	0.5640010867186134	0.5104378876392546	0.0535631990793588
frozen_no_worm_no_lora	B/paper	exon_mse_log1p_1bp	5	20260716	0.5614866979221521	0.4751265607814496	0.08636013714070251
frozen_no_worm_no_lora	B/paper	local_gradient_mse_log1p_1bp	1	20260714	0.0030747311628199774	0.0023673126724178687	0.0007074184904021087
frozen_no_worm_no_lora	B/paper	local_gradient_mse_log1p_1bp	1	20260715	0.003092140385352896	0.0023519499396598875	0.0007401904456930085
frozen_no_worm_no_lora	B/paper	local_gradient_mse_log1p_1bp	1	20260716	0.0030369947754560296	0.0023424300515455065	0.000694564723910523
frozen_no_worm_no_lora	B/paper	local_gradient_mse_log1p_1bp	2	20260714	0.002667161110218077	0.0020183687268450776	0.0006487923833729996
frozen_no_worm_no_lora	B/paper	local_gradient_mse_log1p_1bp	2	20260715	0.0027364527994510734	0.0020224011935294113	0.0007140516059216621
frozen_no_worm_no_lora	B/paper	local_gradient_mse_log1p_1bp	2	20260716	0.002689199313230166	0.0020165778936395767	0.0006726214195905893
frozen_no_worm_no_lora	B/paper	local_gradient_mse_log1p_1bp	3	20260714	0.0029494606209499634	0.0022449999358511424	0.0007044606850988211
frozen_no_worm_no_lora	B/paper	local_gradient_mse_log1p_1bp	3	20260715	0.00306567539681796	0.002301413343407672	0.0007642620534102878
frozen_no_worm_no_lora	B/paper	local_gradient_mse_log1p_1bp	3	20260716	0.00302104920121567	0.0022382195756609764	0.0007828296255546936
frozen_no_worm_no_lora	B/paper	local_gradient_mse_log1p_1bp	4	20260714	0.0029073151652369523	0.0021687234899034256	0.0007385916753335268
frozen_no_worm_no_lora	B/paper	local_gradient_mse_log1p_1bp	4	20260715	0.0030122586096516897	0.002253845590169986	0.0007584130194817035
frozen_no_worm_no_lora	B/paper	local_gradient_mse_log1p_1bp	4	20260716	0.002974290703638327	0.0021837783577128493	0.0007905123459254777
frozen_no_worm_no_lora	B/paper	local_gradient_mse_log1p_1bp	5	20260714	0.002734371973717034	0.00218776717104773	0.0005466048026693039
frozen_no_worm_no_lora	B/paper	local_gradient_mse_log1p_1bp	5	20260715	0.00285149049457693	0.0021577634523312905	0.0006937270422456396
frozen_no_worm_no_lora	B/paper	local_gradient_mse_log1p_1bp	5	20260716	0.0027902429664585877	0.002062584290199542	0.0007276586762590457
learned_1bp_head_only	B/paper	primary_biological_score	1	20260714	0.5998670316233005	0.6021613239424768	-0.0022942923191763276
learned_1bp_head_only	B/paper	primary_biological_score	1	20260715	0.6027991126320956	0.6070022195873526	-0.004203106955256941
learned_1bp_head_only	B/paper	primary_biological_score	1	20260716	0.5928088057737382	0.5981991823783411	-0.005390376604602953
learned_1bp_head_only	B/paper	primary_biological_score	2	20260714	0.6367008129754845	0.6323913307014781	0.004309482274006404
learned_1bp_head_only	B/paper	primary_biological_score	2	20260715	0.6353753438961862	0.6367538764629266	-0.0013785325667403647
learned_1bp_head_only	B/paper	primary_biological_score	2	20260716	0.6340322556452802	0.6318748534432563	0.0021574022020238726
learned_1bp_head_only	B/paper	primary_biological_score	3	20260714	0.6275012765478133	0.6297095589777587	-0.0022082824299454185
learned_1bp_head_only	B/paper	primary_biological_score	3	20260715	0.6266508077445372	0.6331977273986742	-0.006546919654137007
learned_1bp_head_only	B/paper	primary_biological_score	3	20260716	0.6289058280504691	0.634051270411608	-0.005145442361138897
learned_1bp_head_only	B/paper	primary_biological_score	4	20260714	0.6521250055967951	0.6532035551936223	-0.001078549596827183
learned_1bp_head_only	B/paper	primary_biological_score	4	20260715	0.646400874666442	0.6468058698466945	-0.0004049951802524987
learned_1bp_head_only	B/paper	primary_biological_score	4	20260716	0.6465151027186369	0.6537564022143014	-0.007241299495664544
learned_1bp_head_only	B/paper	primary_biological_score	5	20260714	0.6084987257000876	0.6078089332071861	0.0006897924929014643
learned_1bp_head_only	B/paper	primary_biological_score	5	20260715	0.6149442509583485	0.6137932702218704	0.0011509807364781244
learned_1bp_head_only	B/paper	primary_biological_score	5	20260716	0.6187840565576688	0.6183150086703784	0.00046904788729040803
learned_1bp_head_only	B/paper	gene_exon_coverage_pearson_log1p	1	20260714	0.5620420624686706	0.5668388387059197	-0.004796776237249056
learned_1bp_head_only	B/paper	gene_exon_coverage_pearson_log1p	1	20260715	0.5652135426701088	0.5717391944572721	-0.006525651787163245
learned_1bp_head_only	B/paper	gene_exon_coverage_pearson_log1p	1	20260716	0.5561833638214898	0.5618991541881871	-0.0057157903666973375
learned_1bp_head_only	B/paper	gene_exon_coverage_pearson_log1p	2	20260714	0.6201337428214961	0.6190540891654995	0.0010796536559966041
learned_1bp_head_only	B/paper	gene_exon_coverage_pearson_log1p	2	20260715	0.6174798454686274	0.6207248028712516	-0.0032449574026242045
learned_1bp_head_only	B/paper	gene_exon_coverage_pearson_log1p	2	20260716	0.6165731767500984	0.6152450995653267	0.001328077184771681
learned_1bp_head_only	B/paper	gene_exon_coverage_pearson_log1p	3	20260714	0.6044297562464579	0.6091218801186776	-0.004692123872219733
learned_1bp_head_only	B/paper	gene_exon_coverage_pearson_log1p	3	20260715	0.6032166913039727	0.612958462779686	-0.009741771475713312
learned_1bp_head_only	B/paper	gene_exon_coverage_pearson_log1p	3	20260716	0.6050793013585469	0.6124275723064715	-0.007348270947924562
learned_1bp_head_only	B/paper	gene_exon_coverage_pearson_log1p	4	20260714	0.6271302324568184	0.6258210748668511	0.0013091575899673025
learned_1bp_head_only	B/paper	gene_exon_coverage_pearson_log1p	4	20260715	0.6199521462837418	0.620754371438129	-0.000802225154387104
learned_1bp_head_only	B/paper	gene_exon_coverage_pearson_log1p	4	20260716	0.6179400329501348	0.6241148559503502	-0.006174823000215435
learned_1bp_head_only	B/paper	gene_exon_coverage_pearson_log1p	5	20260714	0.5718701996282892	0.5721912771713819	-0.00032107754309262937
learned_1bp_head_only	B/paper	gene_exon_coverage_pearson_log1p	5	20260715	0.5773751842431484	0.5773114218882818	6.376235486660331e-05
learned_1bp_head_only	B/paper	gene_exon_coverage_pearson_log1p	5	20260716	0.5795011886478816	0.5804570345096315	-0.0009558458617499044
learned_1bp_head_only	B/paper	per_track_pearson_128bp_log1p	1	20260714	0.6376920007779303	0.6374838091790339	0.00020819159889640115
learned_1bp_head_only	B/paper	per_track_pearson_128bp_log1p	1	20260715	0.6403846825940824	0.6422652447174331	-0.0018805621233506375
learned_1bp_head_only	B/paper	per_track_pearson_128bp_log1p	1	20260716	0.6294342477259864	0.6344992105684951	-0.00506496284250868
learned_1bp_head_only	B/paper	per_track_pearson_128bp_log1p	2	20260714	0.6532678831294728	0.6457285722374568	0.007539310892015982
learned_1bp_head_only	B/paper	per_track_pearson_128bp_log1p	2	20260715	0.6532708423237449	0.6527829500546014	0.00048789226914347505
learned_1bp_head_only	B/paper	per_track_pearson_128bp_log1p	2	20260716	0.651491334540462	0.6485046073211861	0.002986727219275953
learned_1bp_head_only	B/paper	per_track_pearson_128bp_log1p	3	20260714	0.6505727968491687	0.6502972378368398	0.00027555901232889646
learned_1bp_head_only	B/paper	per_track_pearson_128bp_log1p	3	20260715	0.6500849241851016	0.6534369920176625	-0.0033520678325609232
learned_1bp_head_only	B/paper	per_track_pearson_128bp_log1p	3	20260716	0.6527323547423912	0.6556749685167446	-0.002942613774353342
learned_1bp_head_only	B/paper	per_track_pearson_128bp_log1p	4	20260714	0.6771197787367719	0.6805860355203934	-0.0034662567836215574
learned_1bp_head_only	B/paper	per_track_pearson_128bp_log1p	4	20260715	0.6728496030491422	0.6728573682552602	-7.765206118004464e-06
learned_1bp_head_only	B/paper	per_track_pearson_128bp_log1p	4	20260716	0.6750901724871389	0.6833979484782525	-0.008307775991113653
learned_1bp_head_only	B/paper	per_track_pearson_128bp_log1p	5	20260714	0.6451272517718859	0.6434265892429905	0.0017006625288954469
learned_1bp_head_only	B/paper	per_track_pearson_128bp_log1p	5	20260715	0.6525133176735487	0.6502751185554589	0.0022381991180897565
learned_1bp_head_only	B/paper	per_track_pearson_128bp_log1p	5	20260716	0.658066924467456	0.6561729828311254	0.0018939416363306094
learned_1bp_head_only	B/paper	paper_loss	1	20260714	18.63689198551408	18.625285053827678	0.011606931686401367
learned_1bp_head_only	B/paper	paper_loss	1	20260715	18.641151482800403	18.62142756473587	0.019723918064531887
learned_1bp_head_only	B/paper	paper_loss	1	20260716	18.66029318556728	18.632620610386493	0.027672575180787362
learned_1bp_head_only	B/paper	paper_loss	2	20260714	16.284576892852783	16.273638748260865	0.01093814459191833
learned_1bp_head_only	B/paper	paper_loss	2	20260715	16.28187407930213	16.272408025810517	0.009466053491614446
learned_1bp_head_only	B/paper	paper_loss	2	20260716	16.290660091193324	16.276762603277184	0.01389748791613954
learned_1bp_head_only	B/paper	paper_loss	3	20260714	18.113590711570648	18.088820514908758	0.02477019666189051
learned_1bp_head_only	B/paper	paper_loss	3	20260715	18.109162727034235	18.089835034795556	0.01932769223867936
learned_1bp_head_only	B/paper	paper_loss	3	20260716	18.105254282434302	18.085366576550953	0.019887705883348872
learned_1bp_head_only	B/paper	paper_loss	4	20260714	20.08712016458971	20.052995759320545	0.03412440526916427
learned_1bp_head_only	B/paper	paper_loss	4	20260715	20.093028782361962	20.057811388768346	0.03521739359361575
learned_1bp_head_only	B/paper	paper_loss	4	20260716	20.09004900254399	20.032782507948127	0.05726649459586142
learned_1bp_head_only	B/paper	paper_loss	5	20260714	16.24972546244242	16.2383768070175	0.011348655424921361
learned_1bp_head_only	B/paper	paper_loss	5	20260715	16.22496108549187	16.212074555546405	0.012886529945465242
learned_1bp_head_only	B/paper	paper_loss	5	20260716	16.218529747193116	16.20330957045038	0.015220176742737124
learned_1bp_head_only	B/paper	log1p_mse	1	20260714	3.6986985034253226	4.190256380173097	-0.4915578767477746
learned_1bp_head_only	B/paper	log1p_mse	1	20260715	3.5066298648535486	3.6143431491162406	-0.107713284262692
learned_1bp_head_only	B/paper	log1p_mse	1	20260716	4.177111441830554	3.94689794046333	0.23021350136722418
learned_1bp_head_only	B/paper	log1p_mse	2	20260714	3.3491272495453615	3.7865126535116906	-0.4373854039663292
learned_1bp_head_only	B/paper	log1p_mse	2	20260715	3.4666790646242807	3.4336063344794585	0.03307273014482215
learned_1bp_head_only	B/paper	log1p_mse	2	20260716	3.3627307472458803	3.4528813864811356	-0.09015063923525535
learned_1bp_head_only	B/paper	log1p_mse	3	20260714	3.5939492748444337	4.0056027734136	-0.41165349856916666
learned_1bp_head_only	B/paper	log1p_mse	3	20260715	3.7493865633585366	3.747033288679927	0.0023532746786094627
learned_1bp_head_only	B/paper	log1p_mse	3	20260716	3.3617984157010734	3.4169086605669503	-0.0551102448658769
learned_1bp_head_only	B/paper	log1p_mse	4	20260714	3.0773734270808206	3.222745731652501	-0.14537230457168038
learned_1bp_head_only	B/paper	log1p_mse	4	20260715	3.7241017387573976	3.9015539870204696	-0.17745224826307204
learned_1bp_head_only	B/paper	log1p_mse	4	20260716	3.406993911927005	3.2965538918253885	0.11044002010161647
learned_1bp_head_only	B/paper	log1p_mse	5	20260714	4.132939143353198	4.361928247543703	-0.22898910419050456
learned_1bp_head_only	B/paper	log1p_mse	5	20260715	3.7848286255296455	3.8483596594936875	-0.06353103396404203
learned_1bp_head_only	B/paper	log1p_mse	5	20260716	3.2505734311528953	3.267550972570856	-0.016977541417960484
learned_1bp_head_only	B/paper	spearman_128bp	1	20260714	0.5811763689665609	0.5882640635182539	-0.007087694551693002
learned_1bp_head_only	B/paper	spearman_128bp	1	20260715	0.5809585615256916	0.5868274693844941	-0.005868907858802563
learned_1bp_head_only	B/paper	spearman_128bp	1	20260716	0.5778346224619659	0.5844207518209757	-0.006586129359009818
learned_1bp_head_only	B/paper	spearman_128bp	2	20260714	0.5938991663585945	0.5908055042837407	0.0030936620748538424
learned_1bp_head_only	B/paper	spearman_128bp	2	20260715	0.592722637865067	0.5909767463586564	0.0017458915064105796
learned_1bp_head_only	B/paper	spearman_128bp	2	20260716	0.5911714445225614	0.5897996239660589	0.0013718205565025343
learned_1bp_head_only	B/paper	spearman_128bp	3	20260714	0.5955854336320534	0.5978359675841531	-0.0022505339520997314
learned_1bp_head_only	B/paper	spearman_128bp	3	20260715	0.5939544434710438	0.5956146248385025	-0.001660181367458713
learned_1bp_head_only	B/paper	spearman_128bp	3	20260716	0.59328683597516	0.5970248843314966	-0.0037380483563366207
learned_1bp_head_only	B/paper	spearman_128bp	4	20260714	0.5977790947427332	0.605117167119305	-0.0073380723765718026
learned_1bp_head_only	B/paper	spearman_128bp	4	20260715	0.6005224259042887	0.6026487177305107	-0.0021262918262219266
learned_1bp_head_only	B/paper	spearman_128bp	4	20260716	0.6005925680849522	0.6082537422446508	-0.0076611741596985805
learned_1bp_head_only	B/paper	spearman_128bp	5	20260714	0.5886895036679997	0.5906418857304895	-0.0019523820624898214
learned_1bp_head_only	B/paper	spearman_128bp	5	20260715	0.5877152323748666	0.5887782778797443	-0.001063045504877791
learned_1bp_head_only	B/paper	spearman_128bp	5	20260716	0.5894984791352719	0.5900695852736506	-0.0005711061383787408
learned_1bp_head_only	B/paper	top1_mse_128bp	1	20260714	106315648.81739509	103999474.93963604	2316173.8777590543
learned_1bp_head_only	B/paper	top1_mse_128bp	1	20260715	106672387.05894822	104741306.94776279	1931080.1111854315
learned_1bp_head_only	B/paper	top1_mse_128bp	1	20260716	106412697.32641771	105412655.53603396	1000041.7903837562
learned_1bp_head_only	B/paper	top1_mse_128bp	2	20260714	81064368.86032765	79907884.6453524	1156484.2149752527
learned_1bp_head_only	B/paper	top1_mse_128bp	2	20260715	81066168.62105207	80273751.77482152	792416.8462305516
learned_1bp_head_only	B/paper	top1_mse_128bp	2	20260716	81358392.83665492	80709447.81439054	648945.0222643763
learned_1bp_head_only	B/paper	top1_mse_128bp	3	20260714	113313234.64095056	110638018.08512923	2675216.5558213294
learned_1bp_head_only	B/paper	top1_mse_128bp	3	20260715	112896793.76223436	110605186.30868745	2291607.4535469115
learned_1bp_head_only	B/paper	top1_mse_128bp	3	20260716	113281394.42268847	111566118.50562206	1715275.9170664102
learned_1bp_head_only	B/paper	top1_mse_128bp	4	20260714	13021993173.118551	13019256725.220913	2736447.897638321
learned_1bp_head_only	B/paper	top1_mse_128bp	4	20260715	13020696544.24577	13016632288.260124	4064255.985645294
learned_1bp_head_only	B/paper	top1_mse_128bp	4	20260716	13020841885.656967	13016746098.330252	4095787.3267154694
learned_1bp_head_only	B/paper	top1_mse_128bp	5	20260714	97219073.96630977	96251315.37658355	967758.5897262245
learned_1bp_head_only	B/paper	top1_mse_128bp	5	20260715	96942798.36568716	95725093.30064341	1217705.0650437474
learned_1bp_head_only	B/paper	top1_mse_128bp	5	20260716	97863594.65096353	96768306.67445064	1095287.976512894
learned_1bp_head_only	B/paper	top1_calibration_ratio_128bp	1	20260714	0.07848306375411579	0.10634304788630795	-0.027859984132192164
learned_1bp_head_only	B/paper	top1_calibration_ratio_128bp	1	20260715	0.0718815792415791	0.09197079106800354	-0.02008921182642444
learned_1bp_head_only	B/paper	top1_calibration_ratio_128bp	1	20260716	0.07950302857638082	0.08744640993300679	-0.007943381356625964
learned_1bp_head_only	B/paper	top1_calibration_ratio_128bp	2	20260714	0.08700036565417238	0.10924724946104546	-0.022246883806873077
learned_1bp_head_only	B/paper	top1_calibration_ratio_128bp	2	20260715	0.08851794796841822	0.10089947997082864	-0.01238153200241042
learned_1bp_head_only	B/paper	top1_calibration_ratio_128bp	2	20260716	0.08293161310604344	0.09264494437869797	-0.00971333127265453
learned_1bp_head_only	B/paper	top1_calibration_ratio_128bp	3	20260714	0.08008383790136069	0.11528857588376958	-0.03520473798240889
learned_1bp_head_only	B/paper	top1_calibration_ratio_128bp	3	20260715	0.08766004642767876	0.11597659878784554	-0.02831655236016678
learned_1bp_head_only	B/paper	top1_calibration_ratio_128bp	3	20260716	0.08071762583364285	0.10099665726817011	-0.020279031434527264
learned_1bp_head_only	B/paper	top1_calibration_ratio_128bp	4	20260714	0.06169798477255519	0.07697146172761071	-0.015273476955055522
learned_1bp_head_only	B/paper	top1_calibration_ratio_128bp	4	20260715	0.07393480719969002	0.09532448293895875	-0.021389675739268726
learned_1bp_head_only	B/paper	top1_calibration_ratio_128bp	4	20260716	0.07260900069402927	0.09371237627225536	-0.021103375578226086
learned_1bp_head_only	B/paper	top1_calibration_ratio_128bp	5	20260714	0.1140017308271155	0.1290142422236923	-0.015012511396576791
learned_1bp_head_only	B/paper	top1_calibration_ratio_128bp	5	20260715	0.11776737700806508	0.1373210172621095	-0.019553640254044408
learned_1bp_head_only	B/paper	top1_calibration_ratio_128bp	5	20260716	0.096075884749047	0.11162339249573944	-0.015547507746692432
learned_1bp_head_only	B/paper	gene_body_mse_log1p_1bp	1	20260714	0.27218586349434226	0.26863387471288597	0.0035519887814562945
learned_1bp_head_only	B/paper	gene_body_mse_log1p_1bp	1	20260715	0.2671654709907822	0.2625151561358003	0.004650314854981907
learned_1bp_head_only	B/paper	gene_body_mse_log1p_1bp	1	20260716	0.2793198352644941	0.26943675297720143	0.009883082287292677
learned_1bp_head_only	B/paper	gene_body_mse_log1p_1bp	2	20260714	0.24068456696396673	0.2377600231806648	0.002924543783301925
learned_1bp_head_only	B/paper	gene_body_mse_log1p_1bp	2	20260715	0.2422235615749149	0.23384965503659502	0.008373906538319875
learned_1bp_head_only	B/paper	gene_body_mse_log1p_1bp	2	20260716	0.2408007811354388	0.23888373526365647	0.0019170458717823191
learned_1bp_head_only	B/paper	gene_body_mse_log1p_1bp	3	20260714	0.26539507378729305	0.260622200321601	0.004772873465692051
learned_1bp_head_only	B/paper	gene_body_mse_log1p_1bp	3	20260715	0.27207147551068184	0.26138928577800646	0.010682189732675373
learned_1bp_head_only	B/paper	gene_body_mse_log1p_1bp	3	20260716	0.2629479380791443	0.25869009560875766	0.00425784247038663
learned_1bp_head_only	B/paper	gene_body_mse_log1p_1bp	4	20260714	0.24393547948513106	0.24147016396304513	0.0024653155220859257
learned_1bp_head_only	B/paper	gene_body_mse_log1p_1bp	4	20260715	0.25915833992701903	0.25323644983852855	0.005921890088490478
learned_1bp_head_only	B/paper	gene_body_mse_log1p_1bp	4	20260716	0.2568353975057459	0.2501912463769399	0.0066441511288060084
learned_1bp_head_only	B/paper	gene_body_mse_log1p_1bp	5	20260714	0.28552192902704915	0.2774568363546268	0.008065092672422336
learned_1bp_head_only	B/paper	gene_body_mse_log1p_1bp	5	20260715	0.2762911315515703	0.26539842068871605	0.01089271086285426
learned_1bp_head_only	B/paper	gene_body_mse_log1p_1bp	5	20260716	0.2492925884238983	0.243989124825078	0.005303463598820279
learned_1bp_head_only	B/paper	exon_mse_log1p_1bp	1	20260714	0.48480144508034667	0.47974413827252194	0.005057306807824735
learned_1bp_head_only	B/paper	exon_mse_log1p_1bp	1	20260715	0.4807577660922267	0.4738212442155977	0.00693652187662902
learned_1bp_head_only	B/paper	exon_mse_log1p_1bp	1	20260716	0.49124631389210394	0.4797808258767902	0.011465488015313718
learned_1bp_head_only	B/paper	exon_mse_log1p_1bp	2	20260714	0.46245733851634135	0.4596418403776406	0.002815498138700745
learned_1bp_head_only	B/paper	exon_mse_log1p_1bp	2	20260715	0.4643975366253898	0.45488972821777307	0.009507808407616725
learned_1bp_head_only	B/paper	exon_mse_log1p_1bp	2	20260716	0.46371250067983844	0.4623633069099435	0.0013491937698949519
learned_1bp_head_only	B/paper	exon_mse_log1p_1bp	3	20260714	0.48660665372126727	0.4799653426505462	0.006641311070721079
learned_1bp_head_only	B/paper	exon_mse_log1p_1bp	3	20260715	0.49515494062830956	0.4812664950131987	0.013888445615110878
learned_1bp_head_only	B/paper	exon_mse_log1p_1bp	3	20260716	0.4867381811124813	0.4789321374005493	0.007806043711931998
learned_1bp_head_only	B/paper	exon_mse_log1p_1bp	4	20260714	0.5135759193603542	0.5096457909624341	0.003930128397920063
learned_1bp_head_only	B/paper	exon_mse_log1p_1bp	4	20260715	0.5310355522445047	0.5246331279116226	0.006402424332882073
learned_1bp_head_only	B/paper	exon_mse_log1p_1bp	4	20260716	0.530961176593441	0.521484266244628	0.009476910348813039
learned_1bp_head_only	B/paper	exon_mse_log1p_1bp	5	20260714	0.5366348767651689	0.5226045263967686	0.01403035036840028
learned_1bp_head_only	B/paper	exon_mse_log1p_1bp	5	20260715	0.5278598158692754	0.5104378876392546	0.017421928230020867
learned_1bp_head_only	B/paper	exon_mse_log1p_1bp	5	20260716	0.48266498080661896	0.4751265607814496	0.007538420025169357
learned_1bp_head_only	B/paper	local_gradient_mse_log1p_1bp	1	20260714	0.002840524195424021	0.0023673126724178687	0.00047321152300615213
learned_1bp_head_only	B/paper	local_gradient_mse_log1p_1bp	1	20260715	0.0027401028709832832	0.0023519499396598875	0.0003881529313233957
learned_1bp_head_only	B/paper	local_gradient_mse_log1p_1bp	1	20260716	0.002781130470140705	0.0023424300515455065	0.00043870041859519864
learned_1bp_head_only	B/paper	local_gradient_mse_log1p_1bp	2	20260714	0.002450067953115692	0.0020183687268450776	0.00043169922627061446
learned_1bp_head_only	B/paper	local_gradient_mse_log1p_1bp	2	20260715	0.002459185328442274	0.0020224011935294113	0.0004367841349128625
learned_1bp_head_only	B/paper	local_gradient_mse_log1p_1bp	2	20260716	0.0024026342460413347	0.0020165778936395767	0.000386056352401758
learned_1bp_head_only	B/paper	local_gradient_mse_log1p_1bp	3	20260714	0.0026479289835142903	0.0022449999358511424	0.00040292904766314796
learned_1bp_head_only	B/paper	local_gradient_mse_log1p_1bp	3	20260715	0.002730479084088929	0.002301413343407672	0.00042906574068125695
learned_1bp_head_only	B/paper	local_gradient_mse_log1p_1bp	3	20260716	0.002601422107763579	0.0022382195756609764	0.0003632025321026024
learned_1bp_head_only	B/paper	local_gradient_mse_log1p_1bp	4	20260714	0.002566032650718522	0.0021687234899034256	0.00039730916081509625
learned_1bp_head_only	B/paper	local_gradient_mse_log1p_1bp	4	20260715	0.0026657466884405776	0.002253845590169986	0.0004119010982705914
learned_1bp_head_only	B/paper	local_gradient_mse_log1p_1bp	4	20260716	0.0025332200762905165	0.0021837783577128493	0.00034944171857766724
learned_1bp_head_only	B/paper	local_gradient_mse_log1p_1bp	5	20260714	0.0026778832712605638	0.00218776717104773	0.0004901161002128338
learned_1bp_head_only	B/paper	local_gradient_mse_log1p_1bp	5	20260715	0.002581169173402566	0.0021577634523312905	0.00042340572107127557
learned_1bp_head_only	B/paper	local_gradient_mse_log1p_1bp	5	20260716	0.0024603991494036638	0.002062584290199542	0.0003978148592041217
lora_only	B/paper	primary_biological_score	1	20260714	0.6019051677559728	0.6021613239424768	-0.0002561561865039863
lora_only	B/paper	primary_biological_score	1	20260715	0.6059581153836655	0.6070022195873526	-0.0010441042036870574
lora_only	B/paper	primary_biological_score	1	20260716	0.5962932994591661	0.5981991823783411	-0.0019058829191750393
lora_only	B/paper	primary_biological_score	2	20260714	0.6306525830641853	0.6323913307014781	-0.00173874763729287
lora_only	B/paper	primary_biological_score	2	20260715	0.6320034243214712	0.6367538764629266	-0.004750452141455419
lora_only	B/paper	primary_biological_score	2	20260716	0.6303652044882725	0.6318748534432563	-0.0015096489549838443
lora_only	B/paper	primary_biological_score	3	20260714	0.6283405418845062	0.6297095589777587	-0.0013690170932525447
lora_only	B/paper	primary_biological_score	3	20260715	0.6263325182271313	0.6331977273986742	-0.006865209171542874
lora_only	B/paper	primary_biological_score	3	20260716	0.6299303959568523	0.634051270411608	-0.00412087445475573
lora_only	B/paper	primary_biological_score	4	20260714	0.6495760367876848	0.6532035551936223	-0.0036275184059374466
lora_only	B/paper	primary_biological_score	4	20260715	0.6406661296540945	0.6468058698466945	-0.006139740192599996
lora_only	B/paper	primary_biological_score	4	20260716	0.6501642788943871	0.6537564022143014	-0.00359212331991432
lora_only	B/paper	primary_biological_score	5	20260714	0.6058541990334627	0.6078089332071861	-0.0019547341737233825
lora_only	B/paper	primary_biological_score	5	20260715	0.611069651629595	0.6137932702218704	-0.002723618592275323
lora_only	B/paper	primary_biological_score	5	20260716	0.6177319645379356	0.6183150086703784	-0.0005830441324428115
lora_only	B/paper	gene_exon_coverage_pearson_log1p	1	20260714	0.5660466379078554	0.5668388387059197	-0.000792200798064302
lora_only	B/paper	gene_exon_coverage_pearson_log1p	1	20260715	0.5701312423752931	0.5717391944572721	-0.0016079520819789472
lora_only	B/paper	gene_exon_coverage_pearson_log1p	1	20260716	0.5584514503547734	0.5618991541881871	-0.003447703833413751
lora_only	B/paper	gene_exon_coverage_pearson_log1p	2	20260714	0.6161060034299517	0.6190540891654995	-0.002948085735547834
lora_only	B/paper	gene_exon_coverage_pearson_log1p	2	20260715	0.6143122462629252	0.6207248028712516	-0.006412556608326403
lora_only	B/paper	gene_exon_coverage_pearson_log1p	2	20260716	0.6138191474810183	0.6152450995653267	-0.0014259520843084017
lora_only	B/paper	gene_exon_coverage_pearson_log1p	3	20260714	0.6064950121646573	0.6091218801186776	-0.00262686795402034
lora_only	B/paper	gene_exon_coverage_pearson_log1p	3	20260715	0.60399086688454	0.612958462779686	-0.008967595895146063
lora_only	B/paper	gene_exon_coverage_pearson_log1p	3	20260716	0.6071765996401423	0.6124275723064715	-0.005250972666329234
lora_only	B/paper	gene_exon_coverage_pearson_log1p	4	20260714	0.6206237954342715	0.6258210748668511	-0.005197279432579638
lora_only	B/paper	gene_exon_coverage_pearson_log1p	4	20260715	0.6141430423228902	0.620754371438129	-0.006611329115238762
lora_only	B/paper	gene_exon_coverage_pearson_log1p	4	20260716	0.6212367070567135	0.6241148559503502	-0.0028781488936366895
lora_only	B/paper	gene_exon_coverage_pearson_log1p	5	20260714	0.5700426939396813	0.5721912771713819	-0.0021485832317005293
lora_only	B/paper	gene_exon_coverage_pearson_log1p	5	20260715	0.5740532061905925	0.5773114218882818	-0.0032582156976892485
lora_only	B/paper	gene_exon_coverage_pearson_log1p	5	20260716	0.5790797872259421	0.5804570345096315	-0.0013772472836893757
lora_only	B/paper	per_track_pearson_128bp_log1p	1	20260714	0.6377636976040902	0.6374838091790339	0.0002798884250563294
lora_only	B/paper	per_track_pearson_128bp_log1p	1	20260715	0.6417849883920379	0.6422652447174331	-0.0004802563253951675
lora_only	B/paper	per_track_pearson_128bp_log1p	1	20260716	0.6341351485635589	0.6344992105684951	-0.00036406200493621643
lora_only	B/paper	per_track_pearson_128bp_log1p	2	20260714	0.6451991626984188	0.6457285722374568	-0.0005294095390380171
lora_only	B/paper	per_track_pearson_128bp_log1p	2	20260715	0.649694602380017	0.6527829500546014	-0.003088347674584435
lora_only	B/paper	per_track_pearson_128bp_log1p	2	20260716	0.6469112614955267	0.6485046073211861	-0.001593345825659398
lora_only	B/paper	per_track_pearson_128bp_log1p	3	20260714	0.650186071604355	0.6502972378368398	-0.00011116623248474955
lora_only	B/paper	per_track_pearson_128bp_log1p	3	20260715	0.6486741695697227	0.6534369920176625	-0.004762822447939796
lora_only	B/paper	per_track_pearson_128bp_log1p	3	20260716	0.6526841922735623	0.6556749685167446	-0.002990776243182225
lora_only	B/paper	per_track_pearson_128bp_log1p	4	20260714	0.6785282781410983	0.6805860355203934	-0.0020577573792951442
lora_only	B/paper	per_track_pearson_128bp_log1p	4	20260715	0.6671892169852988	0.6728573682552602	-0.005668151269961452
lora_only	B/paper	per_track_pearson_128bp_log1p	4	20260716	0.6790918507320607	0.6833979484782525	-0.004306097746191839
lora_only	B/paper	per_track_pearson_128bp_log1p	5	20260714	0.6416657041272442	0.6434265892429905	-0.0017608851157462357
lora_only	B/paper	per_track_pearson_128bp_log1p	5	20260715	0.6480860970685975	0.6502751185554589	-0.0021890214868613977
lora_only	B/paper	per_track_pearson_128bp_log1p	5	20260716	0.6563841418499291	0.6561729828311254	0.00021115901880375265
lora_only	B/paper	paper_loss	1	20260714	18.627724075891887	18.625285053827678	0.0024390220642089844
lora_only	B/paper	paper_loss	1	20260715	18.631682677441333	18.62142756473587	0.010255112705461755
lora_only	B/paper	paper_loss	1	20260716	18.640489087047346	18.632620610386493	0.007868476660853219
lora_only	B/paper	paper_loss	2	20260714	16.279463983443847	16.273638748260865	0.005825235182982169
lora_only	B/paper	paper_loss	2	20260715	16.285179003175482	16.272408025810517	0.012770977364965574
lora_only	B/paper	paper_loss	2	20260716	16.282094036240174	16.276762603277184	0.005331432962989879
lora_only	B/paper	paper_loss	3	20260714	18.094833937035986	18.088820514908758	0.0060134221272285515
lora_only	B/paper	paper_loss	3	20260715	18.10653396974127	18.089835034795556	0.016698934945715393
lora_only	B/paper	paper_loss	3	20260716	18.093555013817475	18.085366576550953	0.008188437266522186
lora_only	B/paper	paper_loss	4	20260714	20.061374719602515	20.052995759320545	0.008378960281969938
lora_only	B/paper	paper_loss	4	20260715	20.078147678490144	20.057811388768346	0.02033628972179713
lora_only	B/paper	paper_loss	4	20260716	20.043786018009644	20.032782507948127	0.011003510061517119
lora_only	B/paper	paper_loss	5	20260714	16.244489974286182	16.2383768070175	0.006113167268683384
lora_only	B/paper	paper_loss	5	20260715	16.220250020544213	16.212074555546405	0.008175464997808746
lora_only	B/paper	paper_loss	5	20260716	16.210648950324	16.20330957045038	0.007339379873620544
lora_only	B/paper	log1p_mse	1	20260714	4.180920468755515	4.190256380173097	-0.009335911417582388
lora_only	B/paper	log1p_mse	1	20260715	3.5905165069074516	3.6143431491162406	-0.02382664220878894
lora_only	B/paper	log1p_mse	1	20260716	3.93062015470252	3.94689794046333	-0.016277785760810293
lora_only	B/paper	log1p_mse	2	20260714	3.7808128839515778	3.7865126535116906	-0.005699769560112866
lora_only	B/paper	log1p_mse	2	20260715	3.595199640974941	3.4336063344794585	0.16159330649548265
lora_only	B/paper	log1p_mse	2	20260716	3.4999064767217063	3.4528813864811356	0.047025090240570666
lora_only	B/paper	log1p_mse	3	20260714	3.9864888306123665	4.0056027734136	-0.019113942801233907
lora_only	B/paper	log1p_mse	3	20260715	4.020852387669575	3.747033288679927	0.27381909898964807
lora_only	B/paper	log1p_mse	3	20260716	3.445880683071642	3.4169086605669503	0.028972022504691886
lora_only	B/paper	log1p_mse	4	20260714	3.2397688440529695	3.222745731652501	0.0170231124004685
lora_only	B/paper	log1p_mse	4	20260715	4.118646081671657	3.9015539870204696	0.2170920946511874
lora_only	B/paper	log1p_mse	4	20260716	3.3131989772061265	3.2965538918253885	0.016645085380738056
lora_only	B/paper	log1p_mse	5	20260714	4.392413087638028	4.361928247543703	0.030484840094325172
lora_only	B/paper	log1p_mse	5	20260715	3.889048271868602	3.8483596594936875	0.04068861237491461
lora_only	B/paper	log1p_mse	5	20260716	3.1230903734643776	3.267550972570856	-0.14446059910647824
lora_only	B/paper	spearman_128bp	1	20260714	0.5890934083385666	0.5882640635182539	0.0008293448203127163
lora_only	B/paper	spearman_128bp	1	20260715	0.5863750266265478	0.5868274693844941	-0.00045244275794631417
lora_only	B/paper	spearman_128bp	1	20260716	0.5844022536476101	0.5844207518209757	-1.8498173365633086e-05
lora_only	B/paper	spearman_128bp	2	20260714	0.5907255066898529	0.5908055042837407	-7.999759388777061e-05
lora_only	B/paper	spearman_128bp	2	20260715	0.5906418811544603	0.5909767463586564	-0.000334865204196122
lora_only	B/paper	spearman_128bp	2	20260716	0.5900241481219235	0.5897996239660589	0.00022452415586460273
lora_only	B/paper	spearman_128bp	3	20260714	0.5977318938035413	0.5978359675841531	-0.00010407378061183525
lora_only	B/paper	spearman_128bp	3	20260715	0.5947674327197779	0.5956146248385025	-0.0008471921187245268
lora_only	B/paper	spearman_128bp	3	20260716	0.5954982844636622	0.5970248843314966	-0.0015265998678344328
lora_only	B/paper	spearman_128bp	4	20260714	0.6033205706108943	0.605117167119305	-0.001796596508410686
lora_only	B/paper	spearman_128bp	4	20260715	0.6005209810251861	0.6026487177305107	-0.002127736705324512
lora_only	B/paper	spearman_128bp	4	20260716	0.6042525415683664	0.6082537422446508	-0.0040012006762844
lora_only	B/paper	spearman_128bp	5	20260714	0.5899405208889694	0.5906418857304895	-0.000701364841520058
lora_only	B/paper	spearman_128bp	5	20260715	0.5864289701587891	0.5887782778797443	-0.002349307720955207
lora_only	B/paper	spearman_128bp	5	20260716	0.5884892842221867	0.5900695852736506	-0.0015803010514638949
lora_only	B/paper	top1_mse_128bp	1	20260714	103876431.30265206	103999474.93963604	-123043.63698397577
lora_only	B/paper	top1_mse_128bp	1	20260715	104920472.18910936	104741306.94776279	179165.24134656787
lora_only	B/paper	top1_mse_128bp	1	20260716	105506993.59064454	105412655.53603396	94338.0546105802
lora_only	B/paper	top1_mse_128bp	2	20260714	79987908.9914973	79907884.6453524	80024.34614489973
lora_only	B/paper	top1_mse_128bp	2	20260715	80191651.10580209	80273751.77482152	-82100.66901943088
lora_only	B/paper	top1_mse_128bp	2	20260716	80860717.52850887	80709447.81439054	151269.71411833167
lora_only	B/paper	top1_mse_128bp	3	20260714	110586679.88705109	110638018.08512923	-51338.19807814062
lora_only	B/paper	top1_mse_128bp	3	20260715	110733625.546654	110605186.30868745	128439.23796655238
lora_only	B/paper	top1_mse_128bp	3	20260716	111730390.2880161	111566118.50562206	164271.78239403665
lora_only	B/paper	top1_mse_128bp	4	20260714	13019241605.59886	13019256725.220913	-15119.622053146362
lora_only	B/paper	top1_mse_128bp	4	20260715	13016502104.343817	13016632288.260124	-130183.91630744934
lora_only	B/paper	top1_mse_128bp	4	20260716	13017218158.43289	13016746098.330252	472060.1026382446
lora_only	B/paper	top1_mse_128bp	5	20260714	96261734.71655042	96251315.37658355	10419.339966878295
lora_only	B/paper	top1_mse_128bp	5	20260715	95737212.23014177	95725093.30064341	12118.929498359561
lora_only	B/paper	top1_mse_128bp	5	20260716	97188419.52294342	96768306.67445064	420112.8484927863
lora_only	B/paper	top1_calibration_ratio_128bp	1	20260714	0.108354262960366	0.10634304788630795	0.002011215074058048
lora_only	B/paper	top1_calibration_ratio_128bp	1	20260715	0.08970055003793538	0.09197079106800354	-0.0022702410300681625
lora_only	B/paper	top1_calibration_ratio_128bp	1	20260716	0.08671821340148259	0.08744640993300679	-0.0007281965315242
lora_only	B/paper	top1_calibration_ratio_128bp	2	20260714	0.10853087347362315	0.10924724946104546	-0.0007163759874223019
lora_only	B/paper	top1_calibration_ratio_128bp	2	20260715	0.10460277537177368	0.10089947997082864	0.0037032954009450364
lora_only	B/paper	top1_calibration_ratio_128bp	2	20260716	0.09105906753721252	0.09264494437869797	-0.0015858768414854507
lora_only	B/paper	top1_calibration_ratio_128bp	3	20260714	0.115832382684088	0.11528857588376958	0.0005438068003184304
lora_only	B/paper	top1_calibration_ratio_128bp	3	20260715	0.11571682023485359	0.11597659878784554	-0.0002597785529919461
lora_only	B/paper	top1_calibration_ratio_128bp	3	20260716	0.09891070673103139	0.10099665726817011	-0.0020859505371387255
lora_only	B/paper	top1_calibration_ratio_128bp	4	20260714	0.07716244877792601	0.07697146172761071	0.00019098705031529717
lora_only	B/paper	top1_calibration_ratio_128bp	4	20260715	0.09715357953820357	0.09532448293895875	0.0018290965992448227
lora_only	B/paper	top1_calibration_ratio_128bp	4	20260716	0.09003204784465012	0.09371237627225536	-0.0036803284276052395
lora_only	B/paper	top1_calibration_ratio_128bp	5	20260714	0.13041703013386577	0.1290142422236923	0.0014027879101734808
lora_only	B/paper	top1_calibration_ratio_128bp	5	20260715	0.13808323043419363	0.1373210172621095	0.0007622131720841363
lora_only	B/paper	top1_calibration_ratio_128bp	5	20260716	0.10336506316932802	0.11162339249573944	-0.00825832932641142
lora_only	B/paper	gene_body_mse_log1p_1bp	1	20260714	0.2706022570855553	0.26863387471288597	0.0019683823726693306
lora_only	B/paper	gene_body_mse_log1p_1bp	1	20260715	0.26274152582431454	0.2625151561358003	0.00022636968851424966
lora_only	B/paper	gene_body_mse_log1p_1bp	1	20260716	0.27159080222112447	0.26943675297720143	0.0021540492439230396
lora_only	B/paper	gene_body_mse_log1p_1bp	2	20260714	0.2389734684290883	0.2377600231806648	0.0012134452484234837
lora_only	B/paper	gene_body_mse_log1p_1bp	2	20260715	0.23853775108817002	0.23384965503659502	0.004688096051574997
lora_only	B/paper	gene_body_mse_log1p_1bp	2	20260716	0.24002633175931617	0.23888373526365647	0.0011425964956597034
lora_only	B/paper	gene_body_mse_log1p_1bp	3	20260714	0.26298406771758526	0.260622200321601	0.002361867395984263
lora_only	B/paper	gene_body_mse_log1p_1bp	3	20260715	0.26762332440836273	0.26138928577800646	0.0062340386303562645
lora_only	B/paper	gene_body_mse_log1p_1bp	3	20260716	0.2612121753486171	0.25869009560875766	0.002522079739859462
lora_only	B/paper	gene_body_mse_log1p_1bp	4	20260714	0.24394751581897525	0.24147016396304513	0.002477351855930121
lora_only	B/paper	gene_body_mse_log1p_1bp	4	20260715	0.25889479987812014	0.25323644983852855	0.0056583500395915864
lora_only	B/paper	gene_body_mse_log1p_1bp	4	20260716	0.24936657640605134	0.2501912463769399	-0.0008246699708885641
lora_only	B/paper	gene_body_mse_log1p_1bp	5	20260714	0.277733730487029	0.2774568363546268	0.0002768941324021723
lora_only	B/paper	gene_body_mse_log1p_1bp	5	20260715	0.2675324080109785	0.26539842068871605	0.002133987322262443
lora_only	B/paper	gene_body_mse_log1p_1bp	5	20260716	0.24033213337639217	0.243989124825078	-0.003656991448685837
lora_only	B/paper	exon_mse_log1p_1bp	1	20260714	0.48194366833560265	0.47974413827252194	0.0021995300630807124
lora_only	B/paper	exon_mse_log1p_1bp	1	20260715	0.47453689790238	0.4738212442155977	0.000715653686782336
lora_only	B/paper	exon_mse_log1p_1bp	1	20260716	0.48288491896481106	0.4797808258767902	0.003104093088020843
lora_only	B/paper	exon_mse_log1p_1bp	2	20260714	0.4619976306502019	0.4596418403776406	0.0023557902725612756
lora_only	B/paper	exon_mse_log1p_1bp	2	20260715	0.46136034182923236	0.45488972821777307	0.006470613611459286
lora_only	B/paper	exon_mse_log1p_1bp	2	20260716	0.46381192262647186	0.4623633069099435	0.0014486157165283786
lora_only	B/paper	exon_mse_log1p_1bp	3	20260714	0.4846030675642513	0.4799653426505462	0.004637724913705121
lora_only	B/paper	exon_mse_log1p_1bp	3	20260715	0.49004797607681333	0.4812664950131987	0.008781481063614649
lora_only	B/paper	exon_mse_log1p_1bp	3	20260716	0.4835512140489575	0.4789321374005493	0.004619076648408216
lora_only	B/paper	exon_mse_log1p_1bp	4	20260714	0.5145716674708709	0.5096457909624341	0.004925876508436788
lora_only	B/paper	exon_mse_log1p_1bp	4	20260715	0.5341914566393161	0.5246331279116226	0.009558328727693466
lora_only	B/paper	exon_mse_log1p_1bp	4	20260716	0.5217678700620643	0.521484266244628	0.00028360381743630647
lora_only	B/paper	exon_mse_log1p_1bp	5	20260714	0.5223220797989679	0.5226045263967686	-0.0002824465978006341
lora_only	B/paper	exon_mse_log1p_1bp	5	20260715	0.5142841121250011	0.5104378876392546	0.0038462244857465633
lora_only	B/paper	exon_mse_log1p_1bp	5	20260716	0.4701016034425271	0.4751265607814496	-0.005024957338922498
lora_only	B/paper	local_gradient_mse_log1p_1bp	1	20260714	0.0023785661854093627	0.0023673126724178687	1.1253512991494033e-05
lora_only	B/paper	local_gradient_mse_log1p_1bp	1	20260715	0.0023473928360798965	0.0023519499396598875	-4.557103579991024e-06
lora_only	B/paper	local_gradient_mse_log1p_1bp	1	20260716	0.00235637902522115	0.0023424300515455065	1.3948973675643322e-05
lora_only	B/paper	local_gradient_mse_log1p_1bp	2	20260714	0.00200753768780859	0.0020183687268450776	-1.0831039036487793e-05
lora_only	B/paper	local_gradient_mse_log1p_1bp	2	20260715	0.0020364978205547448	0.0020224011935294113	1.4096627025333465e-05
lora_only	B/paper	local_gradient_mse_log1p_1bp	2	20260716	0.002023346457660373	0.0020165778936395767	6.768564020796092e-06
lora_only	B/paper	local_gradient_mse_log1p_1bp	3	20260714	0.002268676591408827	0.0022449999358511424	2.3676655557684778e-05
lora_only	B/paper	local_gradient_mse_log1p_1bp	3	20260715	0.0023339911871445808	0.002301413343407672	3.257784373690868e-05
lora_only	B/paper	local_gradient_mse_log1p_1bp	3	20260716	0.002246948987353017	0.0022382195756609764	8.729411692040556e-06
lora_only	B/paper	local_gradient_mse_log1p_1bp	4	20260714	0.0021958080522433113	0.0021687234899034256	2.708456233988573e-05
lora_only	B/paper	local_gradient_mse_log1p_1bp	4	20260715	0.0022906208462835326	0.002253845590169986	3.6775256113546345e-05
lora_only	B/paper	local_gradient_mse_log1p_1bp	4	20260716	0.0021920262433503396	0.0021837783577128493	8.247885637490283e-06
lora_only	B/paper	local_gradient_mse_log1p_1bp	5	20260714	0.0022281721599229595	0.00218776717104773	4.040498887522949e-05
lora_only	B/paper	local_gradient_mse_log1p_1bp	5	20260715	0.0021714343046947584	0.0021577634523312905	1.3670852363467916e-05
lora_only	B/paper	local_gradient_mse_log1p_1bp	5	20260716	0.002050946959533883	0.002062584290199542	-1.1637330665659022e-05
no_lora	B/paper	primary_biological_score	1	20260714	0.5095671113661905	0.6021613239424768	-0.0925942125762863
no_lora	B/paper	primary_biological_score	1	20260715	0.5101027542735991	0.6070022195873526	-0.09689946531375349
no_lora	B/paper	primary_biological_score	1	20260716	0.5094708956417192	0.5981991823783411	-0.08872828673662192
no_lora	B/paper	primary_biological_score	2	20260714	0.5413142224485121	0.6323913307014781	-0.091077108252966
no_lora	B/paper	primary_biological_score	2	20260715	0.5419420889696531	0.6367538764629266	-0.09481178749327346
no_lora	B/paper	primary_biological_score	2	20260716	0.5409410484626694	0.6318748534432563	-0.0909338049805869
no_lora	B/paper	primary_biological_score	3	20260714	0.542410723080659	0.6297095589777587	-0.08729883589709975
no_lora	B/paper	primary_biological_score	3	20260715	0.5396307452062533	0.6331977273986742	-0.09356698219242088
no_lora	B/paper	primary_biological_score	3	20260716	0.5418871505382835	0.634051270411608	-0.09216411987332451
no_lora	B/paper	primary_biological_score	4	20260714	0.5513577733368679	0.6532035551936223	-0.10184578185675441
no_lora	B/paper	primary_biological_score	4	20260715	0.5479633174188983	0.6468058698466945	-0.09884255242779627
no_lora	B/paper	primary_biological_score	4	20260716	0.5499454670315411	0.6537564022143014	-0.1038109351827603
no_lora	B/paper	primary_biological_score	5	20260714	0.5192972383349015	0.6078089332071861	-0.08851169487228461
no_lora	B/paper	primary_biological_score	5	20260715	0.5176922756920207	0.6137932702218704	-0.09610099452984966
no_lora	B/paper	primary_biological_score	5	20260716	0.5196243091204463	0.6183150086703784	-0.09869069954993204
no_lora	B/paper	gene_exon_coverage_pearson_log1p	1	20260714	0.44359594404032654	0.5668388387059197	-0.12324289466559313
no_lora	B/paper	gene_exon_coverage_pearson_log1p	1	20260715	0.44457434252339706	0.5717391944572721	-0.127164851933875
no_lora	B/paper	gene_exon_coverage_pearson_log1p	1	20260716	0.44339928440772675	0.5618991541881871	-0.1184998697804604
no_lora	B/paper	gene_exon_coverage_pearson_log1p	2	20260714	0.49847728557599175	0.6190540891654995	-0.12057680358950779
no_lora	B/paper	gene_exon_coverage_pearson_log1p	2	20260715	0.500507349386239	0.6207248028712516	-0.12021745348501267
no_lora	B/paper	gene_exon_coverage_pearson_log1p	2	20260716	0.49822501746209474	0.6152450995653267	-0.11702008210323195
no_lora	B/paper	gene_exon_coverage_pearson_log1p	3	20260714	0.4960115144624763	0.6091218801186776	-0.1131103656562013
no_lora	B/paper	gene_exon_coverage_pearson_log1p	3	20260715	0.49533887132386983	0.612958462779686	-0.11761959145581619
no_lora	B/paper	gene_exon_coverage_pearson_log1p	3	20260716	0.4965416457389418	0.6124275723064715	-0.11588592656752972
no_lora	B/paper	gene_exon_coverage_pearson_log1p	4	20260714	0.4905218476825254	0.6258210748668511	-0.13529922718432574
no_lora	B/paper	gene_exon_coverage_pearson_log1p	4	20260715	0.4892314722435411	0.620754371438129	-0.13152289919458787
no_lora	B/paper	gene_exon_coverage_pearson_log1p	4	20260716	0.48927070420971475	0.6241148559503502	-0.13484415174063547
no_lora	B/paper	gene_exon_coverage_pearson_log1p	5	20260714	0.4511080916004194	0.5721912771713819	-0.12108318557096243
no_lora	B/paper	gene_exon_coverage_pearson_log1p	5	20260715	0.45055288324255366	0.5773114218882818	-0.1267585386457281
no_lora	B/paper	gene_exon_coverage_pearson_log1p	5	20260716	0.4510920789166423	0.5804570345096315	-0.12936495559298916
no_lora	B/paper	per_track_pearson_128bp_log1p	1	20260714	0.5755382786920544	0.6374838091790339	-0.06194553048697948
no_lora	B/paper	per_track_pearson_128bp_log1p	1	20260715	0.5756311660238012	0.6422652447174331	-0.06663407869363192
no_lora	B/paper	per_track_pearson_128bp_log1p	1	20260716	0.5755425068757116	0.6344992105684951	-0.058956703692783496
no_lora	B/paper	per_track_pearson_128bp_log1p	2	20260714	0.5841511593210326	0.6457285722374568	-0.06157741291642427
no_lora	B/paper	per_track_pearson_128bp_log1p	2	20260715	0.5833768285530672	0.6527829500546014	-0.06940612150153425
no_lora	B/paper	per_track_pearson_128bp_log1p	2	20260716	0.5836570794632442	0.6485046073211861	-0.0648475278579419
no_lora	B/paper	per_track_pearson_128bp_log1p	3	20260714	0.5888099316988415	0.6502972378368398	-0.06148730613799824
no_lora	B/paper	per_track_pearson_128bp_log1p	3	20260715	0.5839226190886367	0.6534369920176625	-0.06951437292902574
no_lora	B/paper	per_track_pearson_128bp_log1p	3	20260716	0.5872326553376253	0.6556749685167446	-0.06844231317911931
no_lora	B/paper	per_track_pearson_128bp_log1p	4	20260714	0.6121936989912103	0.6805860355203934	-0.06839233652918308
no_lora	B/paper	per_track_pearson_128bp_log1p	4	20260715	0.6066951625942555	0.6728573682552602	-0.06616220566100472
no_lora	B/paper	per_track_pearson_128bp_log1p	4	20260716	0.6106202298533676	0.6833979484782525	-0.07277771862488491
no_lora	B/paper	per_track_pearson_128bp_log1p	5	20260714	0.5874863850693836	0.6434265892429905	-0.0559402041736069
no_lora	B/paper	per_track_pearson_128bp_log1p	5	20260715	0.5848316681414877	0.6502751185554589	-0.06544345041397126
no_lora	B/paper	per_track_pearson_128bp_log1p	5	20260716	0.5881565393242504	0.6561729828311254	-0.06801644350687497
no_lora	B/paper	paper_loss	1	20260714	19.010219999106532	18.625285053827678	0.38493494527885375
no_lora	B/paper	paper_loss	1	20260715	19.006938193217817	18.62142756473587	0.3855106284819456
no_lora	B/paper	paper_loss	1	20260716	19.009596758578198	18.632620610386493	0.3769761481917051
no_lora	B/paper	paper_loss	2	20260714	16.61742423241397	16.273638748260865	0.3437854841531056
no_lora	B/paper	paper_loss	2	20260715	16.61472290108003	16.272408025810517	0.342314875269512
no_lora	B/paper	paper_loss	2	20260716	16.618701891726758	16.276762603277184	0.34193928844957355
no_lora	B/paper	paper_loss	3	20260714	18.46724152277751	18.088820514908758	0.3784210078687522
no_lora	B/paper	paper_loss	3	20260715	18.46679417483778	18.089835034795556	0.3769591400422243
no_lora	B/paper	paper_loss	3	20260716	18.46532385033297	18.085366576550953	0.3799572737820185
no_lora	B/paper	paper_loss	4	20260714	20.482100485319116	20.052995759320545	0.4291047259985703
no_lora	B/paper	paper_loss	4	20260715	20.480487607329724	20.057811388768346	0.42267621856137794
no_lora	B/paper	paper_loss	4	20260716	20.47518629697432	20.032782507948127	0.44240378902619426
no_lora	B/paper	paper_loss	5	20260714	16.559078371668438	16.2383768070175	0.320701564650939
no_lora	B/paper	paper_loss	5	20260715	16.56144002546747	16.212074555546405	0.34936546992106443
no_lora	B/paper	paper_loss	5	20260716	16.55772547549512	16.20330957045038	0.3544159050447391
no_lora	B/paper	log1p_mse	1	20260714	4.850339935486575	4.190256380173097	0.6600835553134781
no_lora	B/paper	log1p_mse	1	20260715	4.629384468836957	3.6143431491162406	1.0150413197207162
no_lora	B/paper	log1p_mse	1	20260716	4.60595598852778	3.94689794046333	0.6590580480644501
no_lora	B/paper	log1p_mse	2	20260714	4.408882052065378	3.7865126535116906	0.6223693985536873
no_lora	B/paper	log1p_mse	2	20260715	4.354925801955074	3.4336063344794585	0.9213194674756151
no_lora	B/paper	log1p_mse	2	20260716	4.211527249899255	3.4528813864811356	0.7586458634181197
no_lora	B/paper	log1p_mse	3	20260714	4.597198650061366	4.0056027734136	0.5915958766477658
no_lora	B/paper	log1p_mse	3	20260715	4.857650150735695	3.747033288679927	1.1106168620557675
no_lora	B/paper	log1p_mse	3	20260716	4.55974742590663	3.4169086605669503	1.1428387653396794
no_lora	B/paper	log1p_mse	4	20260714	4.384910434125418	3.222745731652501	1.162164702472917
no_lora	B/paper	log1p_mse	4	20260715	4.859881073595529	3.9015539870204696	0.9583270865750597
no_lora	B/paper	log1p_mse	4	20260716	4.506201448210751	3.2965538918253885	1.2096475563853626
no_lora	B/paper	log1p_mse	5	20260714	4.389829569552318	4.361928247543703	0.02790132200861528
no_lora	B/paper	log1p_mse	5	20260715	4.708888863942709	3.8483596594936875	0.8605292044490218
no_lora	B/paper	log1p_mse	5	20260716	4.362199254782803	3.267550972570856	1.0946482822119474
no_lora	B/paper	spearman_128bp	1	20260714	0.538502295674838	0.5882640635182539	-0.049761767843415905
no_lora	B/paper	spearman_128bp	1	20260715	0.5372346388767777	0.5868274693844941	-0.04959283050771646
no_lora	B/paper	spearman_128bp	1	20260716	0.5368662089634751	0.5844207518209757	-0.047554542857500604
no_lora	B/paper	spearman_128bp	2	20260714	0.5438005796657999	0.5908055042837407	-0.04700492461794081
no_lora	B/paper	spearman_128bp	2	20260715	0.5422932234188195	0.5909767463586564	-0.04868352293983691
no_lora	B/paper	spearman_128bp	2	20260716	0.541981486790088	0.5897996239660589	-0.04781813717597094
no_lora	B/paper	spearman_128bp	3	20260714	0.5512150084224167	0.5978359675841531	-0.046620959161736475
no_lora	B/paper	spearman_128bp	3	20260715	0.5471116126624218	0.5956146248385025	-0.04850301217608066
no_lora	B/paper	spearman_128bp	3	20260716	0.5491271580559329	0.5970248843314966	-0.04789772627556366
no_lora	B/paper	spearman_128bp	4	20260714	0.5582762167601888	0.605117167119305	-0.046840950359116174
no_lora	B/paper	spearman_128bp	4	20260715	0.5555508064861132	0.6026487177305107	-0.04709791124439744
no_lora	B/paper	spearman_128bp	4	20260716	0.5573697492139442	0.6082537422446508	-0.050883993030706565
no_lora	B/paper	spearman_128bp	5	20260714	0.5437747953738966	0.5906418857304895	-0.046867090356592866
no_lora	B/paper	spearman_128bp	5	20260715	0.5426968914100158	0.5887782778797443	-0.04608138646972859
no_lora	B/paper	spearman_128bp	5	20260716	0.5442507302821886	0.5900695852736506	-0.04581885499146199
no_lora	B/paper	top1_mse_128bp	1	20260714	107485972.98355201	103999474.93963604	3486498.043915972
no_lora	B/paper	top1_mse_128bp	1	20260715	107563656.3788483	104741306.94776279	2822349.431085512
no_lora	B/paper	top1_mse_128bp	1	20260716	107689228.8705067	105412655.53603396	2276573.3344727457
no_lora	B/paper	top1_mse_128bp	2	20260714	82073277.8838982	79907884.6453524	2165393.238545805
no_lora	B/paper	top1_mse_128bp	2	20260715	81996030.00547488	80273751.77482152	1722278.2306533605
no_lora	B/paper	top1_mse_128bp	2	20260716	82186049.33008626	80709447.81439054	1476601.515695721
no_lora	B/paper	top1_mse_128bp	3	20260714	114222551.98269884	110638018.08512923	3584533.8975696117
no_lora	B/paper	top1_mse_128bp	3	20260715	113603487.82584786	110605186.30868745	2998301.5171604156
no_lora	B/paper	top1_mse_128bp	3	20260716	114031412.57053	111566118.50562206	2465294.0649079382
no_lora	B/paper	top1_mse_128bp	4	20260714	13022729780.298872	13019256725.220913	3473055.0779590607
no_lora	B/paper	top1_mse_128bp	4	20260715	13021363249.995436	13016632288.260124	4730961.735311508
no_lora	B/paper	top1_mse_128bp	4	20260716	13022132905.443745	13016746098.330252	5386807.113492966
no_lora	B/paper	top1_mse_128bp	5	20260714	99063444.80133225	96251315.37658355	2812129.424748704
no_lora	B/paper	top1_mse_128bp	5	20260715	98687157.1511466	95725093.30064341	2962063.8505031914
no_lora	B/paper	top1_mse_128bp	5	20260716	99048583.36786316	96768306.67445064	2280276.6934125274
no_lora	B/paper	top1_calibration_ratio_128bp	1	20260714	0.06118187119783026	0.10634304788630795	-0.045161176688477696
no_lora	B/paper	top1_calibration_ratio_128bp	1	20260715	0.05887279111056653	0.09197079106800354	-0.033097999957437015
no_lora	B/paper	top1_calibration_ratio_128bp	1	20260716	0.058571374078956503	0.08744640993300679	-0.028875035854050282
no_lora	B/paper	top1_calibration_ratio_128bp	2	20260714	0.06652717354868064	0.10924724946104546	-0.04272007591236482
no_lora	B/paper	top1_calibration_ratio_128bp	2	20260715	0.06767290638873007	0.10089947997082864	-0.03322657358209857
no_lora	B/paper	top1_calibration_ratio_128bp	2	20260716	0.06426969041106226	0.09264494437869797	-0.02837525396763571
no_lora	B/paper	top1_calibration_ratio_128bp	3	20260714	0.06582079409601235	0.11528857588376958	-0.04946778178775722
no_lora	B/paper	top1_calibration_ratio_128bp	3	20260715	0.0748296992844657	0.11597659878784554	-0.04114689950337984
no_lora	B/paper	top1_calibration_ratio_128bp	3	20260716	0.06833732611775889	0.10099665726817011	-0.032659331150411225
no_lora	B/paper	top1_calibration_ratio_128bp	4	20260714	0.0507549699956391	0.07697146172761071	-0.02621649173197161
no_lora	B/paper	top1_calibration_ratio_128bp	4	20260715	0.06079438969943331	0.09532448293895875	-0.03453009323952544
no_lora	B/paper	top1_calibration_ratio_128bp	4	20260716	0.05429688946454681	0.09371237627225536	-0.039415486807708545
no_lora	B/paper	top1_calibration_ratio_128bp	5	20260714	0.0700673436140709	0.1290142422236923	-0.05894689860962139
no_lora	B/paper	top1_calibration_ratio_128bp	5	20260715	0.07921921896626226	0.1373210172621095	-0.05810179829584723
no_lora	B/paper	top1_calibration_ratio_128bp	5	20260716	0.07096649399486546	0.11162339249573944	-0.04065689850087398
no_lora	B/paper	gene_body_mse_log1p_1bp	1	20260714	0.3258148064412853	0.26863387471288597	0.05718093172839933
no_lora	B/paper	gene_body_mse_log1p_1bp	1	20260715	0.32609432969037655	0.2625151561358003	0.06357917355457626
no_lora	B/paper	gene_body_mse_log1p_1bp	1	20260716	0.3247189618926052	0.26943675297720143	0.05528220891540375
no_lora	B/paper	gene_body_mse_log1p_1bp	2	20260714	0.2906495542528619	0.2377600231806648	0.05288953107219707
no_lora	B/paper	gene_body_mse_log1p_1bp	2	20260715	0.29275562547608314	0.23384965503659502	0.058905970439488115
no_lora	B/paper	gene_body_mse_log1p_1bp	2	20260716	0.2901825936391003	0.23888373526365647	0.051298858375443845
no_lora	B/paper	gene_body_mse_log1p_1bp	3	20260714	0.3129587249415062	0.260622200321601	0.05233652461990518
no_lora	B/paper	gene_body_mse_log1p_1bp	3	20260715	0.3211137092030085	0.26138928577800646	0.05972442342500206
no_lora	B/paper	gene_body_mse_log1p_1bp	3	20260716	0.31640527029898574	0.25869009560875766	0.05771517469022808
no_lora	B/paper	gene_body_mse_log1p_1bp	4	20260714	0.30631856705991695	0.24147016396304513	0.06484840309687182
no_lora	B/paper	gene_body_mse_log1p_1bp	4	20260715	0.31602756122252024	0.25323644983852855	0.06279111138399168
no_lora	B/paper	gene_body_mse_log1p_1bp	4	20260716	0.31150004596227365	0.2501912463769399	0.06130879958533375
no_lora	B/paper	gene_body_mse_log1p_1bp	5	20260714	0.2924157866161245	0.2774568363546268	0.014958950261497683
no_lora	B/paper	gene_body_mse_log1p_1bp	5	20260715	0.3019831972594459	0.26539842068871605	0.03658477657072984
no_lora	B/paper	gene_body_mse_log1p_1bp	5	20260716	0.29627228987682763	0.243989124825078	0.052283165051749625
no_lora	B/paper	exon_mse_log1p_1bp	1	20260714	0.5785940905107623	0.47974413827252194	0.09884995223824034
no_lora	B/paper	exon_mse_log1p_1bp	1	20260715	0.5805224669275643	0.4738212442155977	0.10670122271196658
no_lora	B/paper	exon_mse_log1p_1bp	1	20260716	0.5787184150171255	0.4797808258767902	0.09893758914033529
no_lora	B/paper	exon_mse_log1p_1bp	2	20260714	0.5518461243811065	0.4596418403776406	0.09220428400346586
no_lora	B/paper	exon_mse_log1p_1bp	2	20260715	0.554305239474349	0.45488972821777307	0.09941551125657588
no_lora	B/paper	exon_mse_log1p_1bp	2	20260716	0.5526756012125636	0.4623633069099435	0.09031229430262017
no_lora	B/paper	exon_mse_log1p_1bp	3	20260714	0.5714800661688929	0.4799653426505462	0.09151472351834672
no_lora	B/paper	exon_mse_log1p_1bp	3	20260715	0.5802834222360691	0.4812664950131987	0.09901692722287042
no_lora	B/paper	exon_mse_log1p_1bp	3	20260716	0.5754630269479134	0.4789321374005493	0.09653088954736411
no_lora	B/paper	exon_mse_log1p_1bp	4	20260714	0.635292425418094	0.5096457909624341	0.12564663445565993
no_lora	B/paper	exon_mse_log1p_1bp	4	20260715	0.6441843465749629	0.5246331279116226	0.11955121866334029
no_lora	B/paper	exon_mse_log1p_1bp	4	20260716	0.6399610488342634	0.521484266244628	0.11847678258963545
no_lora	B/paper	exon_mse_log1p_1bp	5	20260714	0.5614563639011495	0.5226045263967686	0.038851837504380926
no_lora	B/paper	exon_mse_log1p_1bp	5	20260715	0.5732900848762662	0.5104378876392546	0.06285219723701163
no_lora	B/paper	exon_mse_log1p_1bp	5	20260716	0.5667197974277943	0.4751265607814496	0.09159323664634472
no_lora	B/paper	local_gradient_mse_log1p_1bp	1	20260714	0.003035229106284881	0.0023673126724178687	0.0006679164338670124
no_lora	B/paper	local_gradient_mse_log1p_1bp	1	20260715	0.0030462179179622	0.0023519499396598875	0.0006942679783023126
no_lora	B/paper	local_gradient_mse_log1p_1bp	1	20260716	0.0030020235071651197	0.0023424300515455065	0.0006595934556196132
no_lora	B/paper	local_gradient_mse_log1p_1bp	2	20260714	0.0026343380284912683	0.0020183687268450776	0.0006159693016461907
no_lora	B/paper	local_gradient_mse_log1p_1bp	2	20260715	0.002685868031267235	0.0020224011935294113	0.0006634668377378237
no_lora	B/paper	local_gradient_mse_log1p_1bp	2	20260716	0.002645581884556779	0.0020165778936395767	0.0006290039909172024
no_lora	B/paper	local_gradient_mse_log1p_1bp	3	20260714	0.0029255420089274167	0.0022449999358511424	0.0006805420730762743
no_lora	B/paper	local_gradient_mse_log1p_1bp	3	20260715	0.0030386510311322212	0.002301413343407672	0.0007372376877245491
no_lora	B/paper	local_gradient_mse_log1p_1bp	3	20260716	0.003006690020967323	0.0022382195756609764	0.0007684704453063467
no_lora	B/paper	local_gradient_mse_log1p_1bp	4	20260714	0.002878149886763846	0.0021687234899034256	0.0007094263968604204
no_lora	B/paper	local_gradient_mse_log1p_1bp	4	20260715	0.0029723605745553727	0.002253845590169986	0.0007185149843853865
no_lora	B/paper	local_gradient_mse_log1p_1bp	4	20260716	0.0029380965531101574	0.0021837783577128493	0.0007543181953973081
no_lora	B/paper	local_gradient_mse_log1p_1bp	5	20260714	0.002744239603059361	0.00218776717104773	0.000556472432011631
no_lora	B/paper	local_gradient_mse_log1p_1bp	5	20260715	0.002848426532412931	0.0021577634523312905	0.0006906630800816403
no_lora	B/paper	local_gradient_mse_log1p_1bp	5	20260716	0.0027840252100870336	0.002062584290199542	0.0007214409198874915
size_matched_scratch	B/paper	primary_biological_score	1	20260714	0.5112853991341456	0.6021613239424768	-0.09087592480833118
size_matched_scratch	B/paper	primary_biological_score	1	20260715	0.5035750322217845	0.6070022195873526	-0.10342718736556811
size_matched_scratch	B/paper	primary_biological_score	1	20260716	0.5037239137523477	0.5981991823783411	-0.09447526862599342
size_matched_scratch	B/paper	primary_biological_score	2	20260714	0.5431869799113762	0.6323913307014781	-0.08920435079010192
size_matched_scratch	B/paper	primary_biological_score	2	20260715	0.5550496858038525	0.6367538764629266	-0.08170419065907408
size_matched_scratch	B/paper	primary_biological_score	2	20260716	0.5555833602581699	0.6318748534432563	-0.07629149318508643
size_matched_scratch	B/paper	primary_biological_score	3	20260714	0.5357071847130535	0.6297095589777587	-0.09400237426470526
size_matched_scratch	B/paper	primary_biological_score	3	20260715	0.5431564779173639	0.6331977273986742	-0.09004124948131031
size_matched_scratch	B/paper	primary_biological_score	3	20260716	0.5435121207020615	0.634051270411608	-0.09053914970954657
size_matched_scratch	B/paper	primary_biological_score	4	20260714	0.5269412289337707	0.6532035551936223	-0.12626232625985156
size_matched_scratch	B/paper	primary_biological_score	4	20260715	0.5598914273564342	0.6468058698466945	-0.08691444249026037
size_matched_scratch	B/paper	primary_biological_score	4	20260716	0.5803785484173146	0.6537564022143014	-0.0733778537969868
size_matched_scratch	B/paper	primary_biological_score	5	20260714	0.5053880892687761	0.6078089332071861	-0.10242084393841
size_matched_scratch	B/paper	primary_biological_score	5	20260715	0.5171041861139551	0.6137932702218704	-0.09668908410791521
size_matched_scratch	B/paper	primary_biological_score	5	20260716	0.5342897025502082	0.6183150086703784	-0.08402530612017012
size_matched_scratch	B/paper	gene_exon_coverage_pearson_log1p	1	20260714	0.484411171266894	0.5668388387059197	-0.08242766743902569
size_matched_scratch	B/paper	gene_exon_coverage_pearson_log1p	1	20260715	0.463897708257641	0.5717391944572721	-0.10784148619963108
size_matched_scratch	B/paper	gene_exon_coverage_pearson_log1p	1	20260716	0.47083733358026714	0.5618991541881871	-0.09106182060792001
size_matched_scratch	B/paper	gene_exon_coverage_pearson_log1p	2	20260714	0.5443788671620191	0.6190540891654995	-0.07467522200348042
size_matched_scratch	B/paper	gene_exon_coverage_pearson_log1p	2	20260715	0.5497721289859611	0.6207248028712516	-0.07095267388529058
size_matched_scratch	B/paper	gene_exon_coverage_pearson_log1p	2	20260716	0.5585516387767536	0.6152450995653267	-0.05669346078857307
size_matched_scratch	B/paper	gene_exon_coverage_pearson_log1p	3	20260714	0.521713259140949	0.6091218801186776	-0.08740862097772861
size_matched_scratch	B/paper	gene_exon_coverage_pearson_log1p	3	20260715	0.5351630239261134	0.612958462779686	-0.07779543885357265
size_matched_scratch	B/paper	gene_exon_coverage_pearson_log1p	3	20260716	0.5327751359366106	0.6124275723064715	-0.07965243636986086
size_matched_scratch	B/paper	gene_exon_coverage_pearson_log1p	4	20260714	0.5056485158432226	0.6258210748668511	-0.12017255902362856
size_matched_scratch	B/paper	gene_exon_coverage_pearson_log1p	4	20260715	0.5449565800243855	0.620754371438129	-0.07579779141374343
size_matched_scratch	B/paper	gene_exon_coverage_pearson_log1p	4	20260716	0.5674994143829499	0.6241148559503502	-0.05661544156740028
size_matched_scratch	B/paper	gene_exon_coverage_pearson_log1p	5	20260714	0.4622510658565998	0.5721912771713819	-0.10994021131478204
size_matched_scratch	B/paper	gene_exon_coverage_pearson_log1p	5	20260715	0.47752337908386266	0.5773114218882818	-0.09978804280441911
size_matched_scratch	B/paper	gene_exon_coverage_pearson_log1p	5	20260716	0.4955985329264739	0.5804570345096315	-0.08485850158315761
size_matched_scratch	B/paper	per_track_pearson_128bp_log1p	1	20260714	0.5381596270013972	0.6374838091790339	-0.09932418217763672
size_matched_scratch	B/paper	per_track_pearson_128bp_log1p	1	20260715	0.5432523561859279	0.6422652447174331	-0.09901288853150514
size_matched_scratch	B/paper	per_track_pearson_128bp_log1p	1	20260716	0.5366104939244283	0.6344992105684951	-0.09788871664406684
size_matched_scratch	B/paper	per_track_pearson_128bp_log1p	2	20260714	0.5419950926607333	0.6457285722374568	-0.10373347957672352
size_matched_scratch	B/paper	per_track_pearson_128bp_log1p	2	20260715	0.560327242621744	0.6527829500546014	-0.09245570743285736
size_matched_scratch	B/paper	per_track_pearson_128bp_log1p	2	20260716	0.5526150817395862	0.6485046073211861	-0.09588952558159991
size_matched_scratch	B/paper	per_track_pearson_128bp_log1p	3	20260714	0.5497011102851579	0.6502972378368398	-0.1005961275516819
size_matched_scratch	B/paper	per_track_pearson_128bp_log1p	3	20260715	0.5511499319086143	0.6534369920176625	-0.1022870601090482
size_matched_scratch	B/paper	per_track_pearson_128bp_log1p	3	20260716	0.5542491054675124	0.6556749685167446	-0.10142586304923218
size_matched_scratch	B/paper	per_track_pearson_128bp_log1p	4	20260714	0.548233942024319	0.6805860355203934	-0.13235209349607446
size_matched_scratch	B/paper	per_track_pearson_128bp_log1p	4	20260715	0.5748262746884827	0.6728573682552602	-0.09803109356677753
size_matched_scratch	B/paper	per_track_pearson_128bp_log1p	4	20260716	0.5932576824516793	0.6833979484782525	-0.09014026602657321
size_matched_scratch	B/paper	per_track_pearson_128bp_log1p	5	20260714	0.5485251126809525	0.6434265892429905	-0.09490147656203796
size_matched_scratch	B/paper	per_track_pearson_128bp_log1p	5	20260715	0.5566849931440476	0.6502751185554589	-0.09359012541141132
size_matched_scratch	B/paper	per_track_pearson_128bp_log1p	5	20260716	0.5729808721739427	0.6561729828311254	-0.08319211065718268
size_matched_scratch	B/paper	paper_loss	1	20260714	18.9397109416594	18.625285053827678	0.314425887831721
size_matched_scratch	B/paper	paper_loss	1	20260715	19.02644498376961	18.62142756473587	0.4050174190337401
size_matched_scratch	B/paper	paper_loss	1	20260716	19.037193249507123	18.632620610386493	0.40457263912063013
size_matched_scratch	B/paper	paper_loss	2	20260714	16.588490891169354	16.273638748260865	0.31485214290848873
size_matched_scratch	B/paper	paper_loss	2	20260715	16.592699093991016	16.272408025810517	0.3202910681804987
size_matched_scratch	B/paper	paper_loss	2	20260716	16.588775861694153	16.276762603277184	0.31201325841696814
size_matched_scratch	B/paper	paper_loss	3	20260714	18.411457601800024	18.088820514908758	0.322637086891266
size_matched_scratch	B/paper	paper_loss	3	20260715	18.42503481600658	18.089835034795556	0.3351997812110241
size_matched_scratch	B/paper	paper_loss	3	20260716	18.461566683757734	18.085366576550953	0.3762001072067811
size_matched_scratch	B/paper	paper_loss	4	20260714	20.519277737801332	20.052995759320545	0.46628197848078656
size_matched_scratch	B/paper	paper_loss	4	20260715	20.46810178225299	20.057811388768346	0.4102903934846438
size_matched_scratch	B/paper	paper_loss	4	20260716	20.473314693175166	20.032782507948127	0.4405321852270383
size_matched_scratch	B/paper	paper_loss	5	20260714	16.571348942906024	16.2383768070175	0.33297213588852514
size_matched_scratch	B/paper	paper_loss	5	20260715	16.53848474571504	16.212074555546405	0.3264101901686338
size_matched_scratch	B/paper	paper_loss	5	20260716	16.526913091360804	16.20330957045038	0.32360352091042444
size_matched_scratch	B/paper	log1p_mse	1	20260714	4.980525996311601	4.190256380173097	0.7902696161385041
size_matched_scratch	B/paper	log1p_mse	1	20260715	3.8153202160295234	3.6143431491162406	0.20097706691328288
size_matched_scratch	B/paper	log1p_mse	1	20260716	4.271392770560391	3.94689794046333	0.3244948300970609
size_matched_scratch	B/paper	log1p_mse	2	20260714	4.742342506546572	3.7865126535116906	0.955829853034881
size_matched_scratch	B/paper	log1p_mse	2	20260715	3.6429805755615234	3.4336063344794585	0.20937424108206493
size_matched_scratch	B/paper	log1p_mse	2	20260716	4.043179670012141	3.4528813864811356	0.5902982835310056
size_matched_scratch	B/paper	log1p_mse	3	20260714	4.75908986344395	4.0056027734136	0.7534870900303492
size_matched_scratch	B/paper	log1p_mse	3	20260715	3.842971075012023	3.747033288679927	0.09593778633209604
size_matched_scratch	B/paper	log1p_mse	3	20260716	4.039294725441071	3.4169086605669503	0.6223860648741204
size_matched_scratch	B/paper	log1p_mse	4	20260714	5.1514870775751325	3.222745731652501	1.9287413459226315
size_matched_scratch	B/paper	log1p_mse	4	20260715	4.114639147218451	3.9015539870204696	0.21308516019798152
size_matched_scratch	B/paper	log1p_mse	4	20260716	3.640930201633867	3.2965538918253885	0.34437630980847844
size_matched_scratch	B/paper	log1p_mse	5	20260714	4.093723199453699	4.361928247543703	-0.268205048090004
size_matched_scratch	B/paper	log1p_mse	5	20260715	4.216711173574608	3.8483596594936875	0.3683515140809206
size_matched_scratch	B/paper	log1p_mse	5	20260716	3.6826707512499337	3.267550972570856	0.4151197786790779
size_matched_scratch	B/paper	spearman_128bp	1	20260714	0.49481760188039897	0.5882640635182539	-0.09344646163785492
size_matched_scratch	B/paper	spearman_128bp	1	20260715	0.4901223958114231	0.5868274693844941	-0.09670507357307107
size_matched_scratch	B/paper	spearman_128bp	1	20260716	0.48818885175514515	0.5844207518209757	-0.0962319000658306
size_matched_scratch	B/paper	spearman_128bp	2	20260714	0.4961425638243858	0.5908055042837407	-0.09466294045935486
size_matched_scratch	B/paper	spearman_128bp	2	20260715	0.5020026866829124	0.5909767463586564	-0.08897405967574401
size_matched_scratch	B/paper	spearman_128bp	2	20260716	0.4966314160705002	0.5897996239660589	-0.09316820789555869
size_matched_scratch	B/paper	spearman_128bp	3	20260714	0.5018933586542115	0.5978359675841531	-0.09594260892994166
size_matched_scratch	B/paper	spearman_128bp	3	20260715	0.49874308173540566	0.5956146248385025	-0.09687154310309681
size_matched_scratch	B/paper	spearman_128bp	3	20260716	0.49789736440430665	0.5970248843314966	-0.09912751992718993
size_matched_scratch	B/paper	spearman_128bp	4	20260714	0.5054810041609882	0.605117167119305	-0.09963616295831679
size_matched_scratch	B/paper	spearman_128bp	4	20260715	0.5107141111792377	0.6026487177305107	-0.09193460655127295
size_matched_scratch	B/paper	spearman_128bp	4	20260716	0.5151898929493659	0.6082537422446508	-0.09306384929528488
size_matched_scratch	B/paper	spearman_128bp	5	20260714	0.4991656367655129	0.5906418857304895	-0.09147624896497658
size_matched_scratch	B/paper	spearman_128bp	5	20260715	0.5052544072413552	0.5887782778797443	-0.08352387063838917
size_matched_scratch	B/paper	spearman_128bp	5	20260716	0.509947804728938	0.5900695852736506	-0.08012178054471264
size_matched_scratch	B/paper	top1_mse_128bp	1	20260714	104145514.6042383	103999474.93963604	146039.66460226476
size_matched_scratch	B/paper	top1_mse_128bp	1	20260715	106281804.39274673	104741306.94776279	1540497.4449839443
size_matched_scratch	B/paper	top1_mse_128bp	1	20260716	104336957.61924952	105412655.53603396	-1075697.9167844355
size_matched_scratch	B/paper	top1_mse_128bp	2	20260714	79334124.65627117	79907884.6453524	-573759.9890812188
size_matched_scratch	B/paper	top1_mse_128bp	2	20260715	80778580.13090853	80273751.77482152	504828.3560870141
size_matched_scratch	B/paper	top1_mse_128bp	2	20260716	78446912.90225759	80709447.81439054	-2262534.9121329486
size_matched_scratch	B/paper	top1_mse_128bp	3	20260714	108497468.55274335	110638018.08512923	-2140549.5323858857
size_matched_scratch	B/paper	top1_mse_128bp	3	20260715	112569596.67252506	110605186.30868745	1964410.3638376147
size_matched_scratch	B/paper	top1_mse_128bp	3	20260716	111233169.46974342	111566118.50562206	-332949.0358786434
size_matched_scratch	B/paper	top1_mse_128bp	4	20260714	13020419477.229124	13019256725.220913	1162752.0082111359
size_matched_scratch	B/paper	top1_mse_128bp	4	20260715	13019914904.567232	13016632288.260124	3282616.3071079254
size_matched_scratch	B/paper	top1_mse_128bp	4	20260716	13016855347.81632	13016746098.330252	109249.48606872559
size_matched_scratch	B/paper	top1_mse_128bp	5	20260714	97774339.44862115	96251315.37658355	1523024.0720376074
size_matched_scratch	B/paper	top1_mse_128bp	5	20260715	96689419.88918988	95725093.30064341	964326.5885464698
size_matched_scratch	B/paper	top1_mse_128bp	5	20260716	96355379.88321805	96768306.67445064	-412926.7912325859
size_matched_scratch	B/paper	top1_calibration_ratio_128bp	1	20260714	0.08816457490930338	0.10634304788630795	-0.018178472977004576
size_matched_scratch	B/paper	top1_calibration_ratio_128bp	1	20260715	0.06132792689515069	0.09197079106800354	-0.030642864172852856
size_matched_scratch	B/paper	top1_calibration_ratio_128bp	1	20260716	0.08059993121152165	0.08744640993300679	-0.006846478721485139
size_matched_scratch	B/paper	top1_calibration_ratio_128bp	2	20260714	0.1039997324278676	0.10924724946104546	-0.0052475170331778564
size_matched_scratch	B/paper	top1_calibration_ratio_128bp	2	20260715	0.07512884348432262	0.10089947997082864	-0.025770636486506016
size_matched_scratch	B/paper	top1_calibration_ratio_128bp	2	20260716	0.1083034895627679	0.09264494437869797	0.015658545184069936
size_matched_scratch	B/paper	top1_calibration_ratio_128bp	3	20260714	0.12933400601826586	0.11528857588376958	0.014045430134496287
size_matched_scratch	B/paper	top1_calibration_ratio_128bp	3	20260715	0.07550467992029658	0.11597659878784554	-0.04047191886754896
size_matched_scratch	B/paper	top1_calibration_ratio_128bp	3	20260716	0.09618534166531229	0.10099665726817011	-0.00481131560285783
size_matched_scratch	B/paper	top1_calibration_ratio_128bp	4	20260714	0.06690097755523604	0.07697146172761071	-0.010070484172374675
size_matched_scratch	B/paper	top1_calibration_ratio_128bp	4	20260715	0.06991410659285838	0.09532448293895875	-0.02541037634610037
size_matched_scratch	B/paper	top1_calibration_ratio_128bp	4	20260716	0.08377178352442825	0.09371237627225536	-0.009940592747827104
size_matched_scratch	B/paper	top1_calibration_ratio_128bp	5	20260714	0.07423033765448347	0.1290142422236923	-0.05478390456920881
size_matched_scratch	B/paper	top1_calibration_ratio_128bp	5	20260715	0.08198131976542998	0.1373210172621095	-0.05533969749667951
size_matched_scratch	B/paper	top1_calibration_ratio_128bp	5	20260716	0.08931405917656118	0.11162339249573944	-0.022309333319178254
size_matched_scratch	B/paper	gene_body_mse_log1p_1bp	1	20260714	0.3256946600033567	0.26863387471288597	0.057060785290470706
size_matched_scratch	B/paper	gene_body_mse_log1p_1bp	1	20260715	0.3196722546423025	0.2625151561358003	0.05715709850650219
size_matched_scratch	B/paper	gene_body_mse_log1p_1bp	1	20260716	0.32582694359891695	0.26943675297720143	0.05639019062171552
size_matched_scratch	B/paper	gene_body_mse_log1p_1bp	2	20260714	0.29814833343339714	0.2377600231806648	0.060388310252732336
size_matched_scratch	B/paper	gene_body_mse_log1p_1bp	2	20260715	0.2789196032581212	0.23384965503659502	0.045069948221526185
size_matched_scratch	B/paper	gene_body_mse_log1p_1bp	2	20260716	0.2872219405933671	0.23888373526365647	0.048338205329710615
size_matched_scratch	B/paper	gene_body_mse_log1p_1bp	3	20260714	0.32570359023562334	0.260622200321601	0.06508138991402235
size_matched_scratch	B/paper	gene_body_mse_log1p_1bp	3	20260715	0.30228444794622533	0.26138928577800646	0.04089516216821887
size_matched_scratch	B/paper	gene_body_mse_log1p_1bp	3	20260716	0.30977716642662173	0.25869009560875766	0.051087070817864066
size_matched_scratch	B/paper	gene_body_mse_log1p_1bp	4	20260714	0.32344584079729694	0.24147016396304513	0.0819756768342518
size_matched_scratch	B/paper	gene_body_mse_log1p_1bp	4	20260715	0.3043397576029539	0.25323644983852855	0.05110330776442534
size_matched_scratch	B/paper	gene_body_mse_log1p_1bp	4	20260716	0.29985725761930004	0.2501912463769399	0.04966601124236014
size_matched_scratch	B/paper	gene_body_mse_log1p_1bp	5	20260714	0.2891669892592699	0.2774568363546268	0.011710152904643112
size_matched_scratch	B/paper	gene_body_mse_log1p_1bp	5	20260715	0.28353597679166115	0.26539842068871605	0.018137556102945096
size_matched_scratch	B/paper	gene_body_mse_log1p_1bp	5	20260716	0.2854620883096763	0.243989124825078	0.04147296348459828
size_matched_scratch	B/paper	exon_mse_log1p_1bp	1	20260714	0.5704974836089685	0.47974413827252194	0.09075334533644652
size_matched_scratch	B/paper	exon_mse_log1p_1bp	1	20260715	0.5752838572425305	0.4738212442155977	0.10146261302693282
size_matched_scratch	B/paper	exon_mse_log1p_1bp	1	20260716	0.5915094745618943	0.4797808258767902	0.11172864868510407
size_matched_scratch	B/paper	exon_mse_log1p_1bp	2	20260714	0.5507710351550378	0.4596418403776406	0.09112919477739717
size_matched_scratch	B/paper	exon_mse_log1p_1bp	2	20260715	0.5357224970863371	0.45488972821777307	0.08083276886856405
size_matched_scratch	B/paper	exon_mse_log1p_1bp	2	20260716	0.5520575248863937	0.4623633069099435	0.08969421797645022
size_matched_scratch	B/paper	exon_mse_log1p_1bp	3	20260714	0.583631023048558	0.4799653426505462	0.10366568039801177
size_matched_scratch	B/paper	exon_mse_log1p_1bp	3	20260715	0.5598434484939917	0.4812664950131987	0.07857695348079302
size_matched_scratch	B/paper	exon_mse_log1p_1bp	3	20260716	0.5736950748050241	0.4789321374005493	0.09476293740447483
size_matched_scratch	B/paper	exon_mse_log1p_1bp	4	20260714	0.6434397667742181	0.5096457909624341	0.13379397581178398
size_matched_scratch	B/paper	exon_mse_log1p_1bp	4	20260715	0.6294778830903351	0.5246331279116226	0.1048447551787125
size_matched_scratch	B/paper	exon_mse_log1p_1bp	4	20260716	0.6323806273258259	0.521484266244628	0.11089636108119794
size_matched_scratch	B/paper	exon_mse_log1p_1bp	5	20260714	0.5559980140319435	0.5226045263967686	0.03339348763517491
size_matched_scratch	B/paper	exon_mse_log1p_1bp	5	20260715	0.5486638343078365	0.5104378876392546	0.03822594666858192
size_matched_scratch	B/paper	exon_mse_log1p_1bp	5	20260716	0.5548579274675031	0.4751265607814496	0.07973136668605346
size_matched_scratch	B/paper	local_gradient_mse_log1p_1bp	1	20260714	0.010991216768068243	0.0023673126724178687	0.008623904095650375
size_matched_scratch	B/paper	local_gradient_mse_log1p_1bp	1	20260715	0.008763585354200746	0.0023519499396598875	0.006411635414540859
size_matched_scratch	B/paper	local_gradient_mse_log1p_1bp	1	20260716	0.009015742183381576	0.0023424300515455065	0.006673312131836069
size_matched_scratch	B/paper	local_gradient_mse_log1p_1bp	2	20260714	0.010136085253815626	0.0020183687268450776	0.008117716526970548
size_matched_scratch	B/paper	local_gradient_mse_log1p_1bp	2	20260715	0.008150599974822701	0.0020224011935294113	0.00612819878129329
size_matched_scratch	B/paper	local_gradient_mse_log1p_1bp	2	20260716	0.009095146698510973	0.0020165778936395767	0.0070785688048713965
size_matched_scratch	B/paper	local_gradient_mse_log1p_1bp	3	20260714	0.01053674994055753	0.0022449999358511424	0.008291750004706387
size_matched_scratch	B/paper	local_gradient_mse_log1p_1bp	3	20260715	0.008682866506277314	0.002301413343407672	0.006381453162869642
size_matched_scratch	B/paper	local_gradient_mse_log1p_1bp	3	20260716	0.009882197253185253	0.0022382195756609764	0.007643977677524276
size_matched_scratch	B/paper	local_gradient_mse_log1p_1bp	4	20260714	0.009850442019251941	0.0021687234899034256	0.007681718529348515
size_matched_scratch	B/paper	local_gradient_mse_log1p_1bp	4	20260715	0.010280828050891295	0.002253845590169986	0.008026982460721309
size_matched_scratch	B/paper	local_gradient_mse_log1p_1bp	4	20260716	0.009749360064497397	0.0021837783577128493	0.007565581706784548
size_matched_scratch	B/paper	local_gradient_mse_log1p_1bp	5	20260714	0.008309750859372288	0.00218776717104773	0.006121983688324558
size_matched_scratch	B/paper	local_gradient_mse_log1p_1bp	5	20260715	0.009404956243893071	0.0021577634523312905	0.007247192791561781
size_matched_scratch	B/paper	local_gradient_mse_log1p_1bp	5	20260716	0.009835139635453393	0.002062584290199542	0.00777255534525385
