sample_uid	field	value	source_type	source_locator	evidence_status
rna_seq:SRR10882545	stage	Embryo	local_project_metadata	sharepoint_2026-07-13_new439	source_reported
rna_seq:SRR10882545	tissue	embryo	ena_sample	shared/metadata_sources/v2/ena_samples/chunk_003.xml	source_reported
rna_seq:SRR10882545	genotype	WT	provided_batch_table	sharepoint_2026-07-13_new439	source_reported
rna_seq:SRR10882545	data_source	PRJNA601008	provided_batch_table	sharepoint_2026-07-13_new439	source_reported
rna_seq:SRR10882545	study_title	The basic-helix-loop-helix transcription factor ngn-1/neurogenin activates transcription of multiple terminal selector transcription factors in the Caenorhabditis elegans nervous system	ena_study	shared/metadata_sources/v2/ena_studies/chunk_000.xml	source_reported
rna_seq:SRR10882545	library_strategy	RNA-Seq	ena_read_run	ENA read_run:SRR10882545; sample:SAMN13840505; study:SRP241835	source_reported
rna_seq:SRR10882545	library_layout	SINGLE	ena_read_run	ENA read_run:SRR10882545; sample:SAMN13840505; study:SRP241835	source_reported
rna_seq:SRR10882546	stage	Embryo	local_project_metadata	sharepoint_2026-07-13_new439	source_reported
rna_seq:SRR10882546	tissue	embryo	ena_sample	shared/metadata_sources/v2/ena_samples/chunk_003.xml	source_reported
rna_seq:SRR10882546	genotype	WT	provided_batch_table	sharepoint_2026-07-13_new439	source_reported
rna_seq:SRR10882546	data_source	PRJNA601008	provided_batch_table	sharepoint_2026-07-13_new439	source_reported
rna_seq:SRR10882546	study_title	The basic-helix-loop-helix transcription factor ngn-1/neurogenin activates transcription of multiple terminal selector transcription factors in the Caenorhabditis elegans nervous system	ena_study	shared/metadata_sources/v2/ena_studies/chunk_000.xml	source_reported
rna_seq:SRR10882546	library_strategy	RNA-Seq	ena_read_run	ENA read_run:SRR10882546; sample:SAMN13840504; study:SRP241835	source_reported
rna_seq:SRR10882546	library_layout	SINGLE	ena_read_run	ENA read_run:SRR10882546; sample:SAMN13840504; study:SRP241835	source_reported
rna_seq:SRR10882547	stage	Embryo	local_project_metadata	sharepoint_2026-07-13_new439	source_reported
rna_seq:SRR10882547	tissue	embryo	ena_sample	shared/metadata_sources/v2/ena_samples/chunk_003.xml	source_reported
rna_seq:SRR10882547	genotype	WT	provided_batch_table	sharepoint_2026-07-13_new439	source_reported
rna_seq:SRR10882547	data_source	PRJNA601008	provided_batch_table	sharepoint_2026-07-13_new439	source_reported
rna_seq:SRR10882547	study_title	The basic-helix-loop-helix transcription factor ngn-1/neurogenin activates transcription of multiple terminal selector transcription factors in the Caenorhabditis elegans nervous system	ena_study	shared/metadata_sources/v2/ena_studies/chunk_000.xml	source_reported
rna_seq:SRR10882547	library_strategy	RNA-Seq	ena_read_run	ENA read_run:SRR10882547; sample:SAMN13840502; study:SRP241835	source_reported
rna_seq:SRR10882547	library_layout	SINGLE	ena_read_run	ENA read_run:SRR10882547; sample:SAMN13840502; study:SRP241835	source_reported
rna_seq:SRR10882548	stage	Embryo	local_project_metadata	sharepoint_2026-07-13_new439	source_reported
rna_seq:SRR10882548	tissue	embryo	ena_sample	shared/metadata_sources/v2/ena_samples/chunk_003.xml	source_reported
rna_seq:SRR10882548	genotype	WT	provided_batch_table	sharepoint_2026-07-13_new439	source_reported
rna_seq:SRR10882548	data_source	PRJNA601008	provided_batch_table	sharepoint_2026-07-13_new439	source_reported
rna_seq:SRR10882548	study_title	The basic-helix-loop-helix transcription factor ngn-1/neurogenin activates transcription of multiple terminal selector transcription factors in the Caenorhabditis elegans nervous system	ena_study	shared/metadata_sources/v2/ena_studies/chunk_000.xml	source_reported
rna_seq:SRR10882548	library_strategy	RNA-Seq	ena_read_run	ENA read_run:SRR10882548; sample:SAMN13840501; study:SRP241835	source_reported
rna_seq:SRR10882548	library_layout	SINGLE	ena_read_run	ENA read_run:SRR10882548; sample:SAMN13840501; study:SRP241835	source_reported
rna_seq:SRR10882549	stage	Embryo	local_project_metadata	sharepoint_2026-07-13_new439	source_reported
rna_seq:SRR10882549	tissue	embryo	ena_sample	shared/metadata_sources/v2/ena_samples/chunk_003.xml	source_reported
rna_seq:SRR10882549	genotype	mutated	provided_batch_table	sharepoint_2026-07-13_new439	source_reported
rna_seq:SRR10882549	data_source	PRJNA601008	provided_batch_table	sharepoint_2026-07-13_new439	source_reported
rna_seq:SRR10882549	study_title	The basic-helix-loop-helix transcription factor ngn-1/neurogenin activates transcription of multiple terminal selector transcription factors in the Caenorhabditis elegans nervous system	ena_study	shared/metadata_sources/v2/ena_studies/chunk_000.xml	source_reported
rna_seq:SRR10882549	library_strategy	RNA-Seq	ena_read_run	ENA read_run:SRR10882549; sample:SAMN13840499; study:SRP241835	source_reported
rna_seq:SRR10882549	library_layout	SINGLE	ena_read_run	ENA read_run:SRR10882549; sample:SAMN13840499; study:SRP241835	source_reported
rna_seq:SRR10882550	stage	Embryo	local_project_metadata	sharepoint_2026-07-13_new439	source_reported
rna_seq:SRR10882550	tissue	embryo	ena_sample	shared/metadata_sources/v2/ena_samples/chunk_003.xml	source_reported
rna_seq:SRR10882550	genotype	mutated	provided_batch_table	sharepoint_2026-07-13_new439	source_reported
rna_seq:SRR10882550	data_source	PRJNA601008	provided_batch_table	sharepoint_2026-07-13_new439	source_reported
rna_seq:SRR10882550	study_title	The basic-helix-loop-helix transcription factor ngn-1/neurogenin activates transcription of multiple terminal selector transcription factors in the Caenorhabditis elegans nervous system	ena_study	shared/metadata_sources/v2/ena_studies/chunk_000.xml	source_reported
rna_seq:SRR10882550	library_strategy	RNA-Seq	ena_read_run	ENA read_run:SRR10882550; sample:SAMN13840498; study:SRP241835	source_reported
rna_seq:SRR10882550	library_layout	SINGLE	ena_read_run	ENA read_run:SRR10882550; sample:SAMN13840498; study:SRP241835	source_reported
rna_seq:SRR10882551	stage	Embryo	local_project_metadata	sharepoint_2026-07-13_new439	source_reported
rna_seq:SRR10882551	tissue	embryo	ena_sample	shared/metadata_sources/v2/ena_samples/chunk_003.xml	source_reported
rna_seq:SRR10882551	genotype	mutated	provided_batch_table	sharepoint_2026-07-13_new439	source_reported
rna_seq:SRR10882551	data_source	PRJNA601008	provided_batch_table	sharepoint_2026-07-13_new439	source_reported
rna_seq:SRR10882551	study_title	The basic-helix-loop-helix transcription factor ngn-1/neurogenin activates transcription of multiple terminal selector transcription factors in the Caenorhabditis elegans nervous system	ena_study	shared/metadata_sources/v2/ena_studies/chunk_000.xml	source_reported
rna_seq:SRR10882551	library_strategy	RNA-Seq	ena_read_run	ENA read_run:SRR10882551; sample:SAMN13840506; study:SRP241835	source_reported
rna_seq:SRR10882551	library_layout	SINGLE	ena_read_run	ENA read_run:SRR10882551; sample:SAMN13840506; study:SRP241835	source_reported
rna_seq:SRR10882552	stage	Embryo	local_project_metadata	sharepoint_2026-07-13_new439	source_reported
rna_seq:SRR10882552	tissue	embryo	ena_sample	shared/metadata_sources/v2/ena_samples/chunk_003.xml	source_reported
rna_seq:SRR10882552	genotype	mutated	provided_batch_table	sharepoint_2026-07-13_new439	source_reported
rna_seq:SRR10882552	data_source	PRJNA601008	provided_batch_table	sharepoint_2026-07-13_new439	source_reported
rna_seq:SRR10882552	study_title	The basic-helix-loop-helix transcription factor ngn-1/neurogenin activates transcription of multiple terminal selector transcription factors in the Caenorhabditis elegans nervous system	ena_study	shared/metadata_sources/v2/ena_studies/chunk_000.xml	source_reported
rna_seq:SRR10882552	library_strategy	RNA-Seq	ena_read_run	ENA read_run:SRR10882552; sample:SAMN13840497; study:SRP241835	source_reported
rna_seq:SRR10882552	library_layout	SINGLE	ena_read_run	ENA read_run:SRR10882552; sample:SAMN13840497; study:SRP241835	source_reported
rna_seq:SRR12483327	stage	Embryo	local_project_metadata	sharepoint_2026-07-13_new439	source_reported
rna_seq:SRR12483327	tissue	early embryo	ena_sample	shared/metadata_sources/v2/ena_samples/chunk_003.xml	source_reported
rna_seq:SRR12483327	strain	N2 (Bristol)	ena_sample	shared/metadata_sources/v2/ena_samples/chunk_003.xml	source_reported
rna_seq:SRR12483327	genotype	WT	provided_batch_table	sharepoint_2026-07-13_new439	source_reported
rna_seq:SRR12483327	data_source	PRJNA658329	provided_batch_table	sharepoint_2026-07-13_new439	source_reported
rna_seq:SRR12483327	study_title	Two parallel pathways recruit the H3K9me3 HMT in somatic cells, requiring the Argonaut NRDE-3, or the MBT-domain protein, LIN-61 (RNA-seq)	ena_study	shared/metadata_sources/v2/ena_studies/chunk_000.xml	source_reported
rna_seq:SRR12483327	library_strategy	RNA-Seq	ena_read_run	ENA read_run:SRR12483327; sample:SAMN15866067; study:SRP278203	source_reported
rna_seq:SRR12483327	library_layout	SINGLE	ena_read_run	ENA read_run:SRR12483327; sample:SAMN15866067; study:SRP278203	source_reported
rna_seq:SRR12483328	stage	Embryo	local_project_metadata	sharepoint_2026-07-13_new439	source_reported
rna_seq:SRR12483328	tissue	early embryo	ena_sample	shared/metadata_sources/v2/ena_samples/chunk_003.xml	source_reported
rna_seq:SRR12483328	strain	N2 (Bristol)	ena_sample	shared/metadata_sources/v2/ena_samples/chunk_003.xml	source_reported
rna_seq:SRR12483328	genotype	WT	provided_batch_table	sharepoint_2026-07-13_new439	source_reported
rna_seq:SRR12483328	data_source	PRJNA658329	provided_batch_table	sharepoint_2026-07-13_new439	source_reported
rna_seq:SRR12483328	study_title	Two parallel pathways recruit the H3K9me3 HMT in somatic cells, requiring the Argonaut NRDE-3, or the MBT-domain protein, LIN-61 (RNA-seq)	ena_study	shared/metadata_sources/v2/ena_studies/chunk_000.xml	source_reported
rna_seq:SRR12483328	library_strategy	RNA-Seq	ena_read_run	ENA read_run:SRR12483328; sample:SAMN15866066; study:SRP278203	source_reported
rna_seq:SRR12483328	library_layout	SINGLE	ena_read_run	ENA read_run:SRR12483328; sample:SAMN15866066; study:SRP278203	source_reported
rna_seq:SRR12483329	stage	Embryo	local_project_metadata	sharepoint_2026-07-13_new439	source_reported
rna_seq:SRR12483329	tissue	early embryo	ena_sample	shared/metadata_sources/v2/ena_samples/chunk_003.xml	source_reported
rna_seq:SRR12483329	strain	N2 (Bristol)	ena_sample	shared/metadata_sources/v2/ena_samples/chunk_003.xml	source_reported
rna_seq:SRR12483329	genotype	WT	provided_batch_table	sharepoint_2026-07-13_new439	source_reported
rna_seq:SRR12483329	data_source	PRJNA658329	provided_batch_table	sharepoint_2026-07-13_new439	source_reported
rna_seq:SRR12483329	study_title	Two parallel pathways recruit the H3K9me3 HMT in somatic cells, requiring the Argonaut NRDE-3, or the MBT-domain protein, LIN-61 (RNA-seq)	ena_study	shared/metadata_sources/v2/ena_studies/chunk_000.xml	source_reported
rna_seq:SRR12483329	library_strategy	RNA-Seq	ena_read_run	ENA read_run:SRR12483329; sample:SAMN15866065; study:SRP278203	source_reported
rna_seq:SRR12483329	library_layout	SINGLE	ena_read_run	ENA read_run:SRR12483329; sample:SAMN15866065; study:SRP278203	source_reported
rna_seq:SRR12483330	stage	Embryo	local_project_metadata	sharepoint_2026-07-13_new439	source_reported
rna_seq:SRR12483330	tissue	early embryo	ena_sample	shared/metadata_sources/v2/ena_samples/chunk_003.xml	source_reported
rna_seq:SRR12483330	strain	nrde-3(tm1116) X	ena_sample	shared/metadata_sources/v2/ena_samples/chunk_003.xml	source_reported
rna_seq:SRR12483330	genotype	mutated	provided_batch_table	sharepoint_2026-07-13_new439	source_reported
rna_seq:SRR12483330	data_source	PRJNA658329	provided_batch_table	sharepoint_2026-07-13_new439	source_reported
rna_seq:SRR12483330	study_title	Two parallel pathways recruit the H3K9me3 HMT in somatic cells, requiring the Argonaut NRDE-3, or the MBT-domain protein, LIN-61 (RNA-seq)	ena_study	shared/metadata_sources/v2/ena_studies/chunk_000.xml	source_reported
rna_seq:SRR12483330	library_strategy	RNA-Seq	ena_read_run	ENA read_run:SRR12483330; sample:SAMN15866064; study:SRP278203	source_reported
rna_seq:SRR12483330	library_layout	SINGLE	ena_read_run	ENA read_run:SRR12483330; sample:SAMN15866064; study:SRP278203	source_reported
rna_seq:SRR12483331	stage	Embryo	local_project_metadata	sharepoint_2026-07-13_new439	source_reported
rna_seq:SRR12483331	tissue	early embryo	ena_sample	shared/metadata_sources/v2/ena_samples/chunk_003.xml	source_reported
rna_seq:SRR12483331	strain	nrde-3(tm1116) X	ena_sample	shared/metadata_sources/v2/ena_samples/chunk_003.xml	source_reported
rna_seq:SRR12483331	genotype	mutated	provided_batch_table	sharepoint_2026-07-13_new439	source_reported
rna_seq:SRR12483331	data_source	PRJNA658329	provided_batch_table	sharepoint_2026-07-13_new439	source_reported
rna_seq:SRR12483331	study_title	Two parallel pathways recruit the H3K9me3 HMT in somatic cells, requiring the Argonaut NRDE-3, or the MBT-domain protein, LIN-61 (RNA-seq)	ena_study	shared/metadata_sources/v2/ena_studies/chunk_000.xml	source_reported
rna_seq:SRR12483331	library_strategy	RNA-Seq	ena_read_run	ENA read_run:SRR12483331; sample:SAMN15866063; study:SRP278203	source_reported
rna_seq:SRR12483331	library_layout	SINGLE	ena_read_run	ENA read_run:SRR12483331; sample:SAMN15866063; study:SRP278203	source_reported
rna_seq:SRR12483332	stage	Embryo	local_project_metadata	sharepoint_2026-07-13_new439	source_reported
rna_seq:SRR12483332	tissue	early embryo	ena_sample	shared/metadata_sources/v2/ena_samples/chunk_003.xml	source_reported
rna_seq:SRR12483332	strain	nrde-3(tm1116) X	ena_sample	shared/metadata_sources/v2/ena_samples/chunk_003.xml	source_reported
rna_seq:SRR12483332	genotype	mutated	provided_batch_table	sharepoint_2026-07-13_new439	source_reported
rna_seq:SRR12483332	data_source	PRJNA658329	provided_batch_table	sharepoint_2026-07-13_new439	source_reported
rna_seq:SRR12483332	study_title	Two parallel pathways recruit the H3K9me3 HMT in somatic cells, requiring the Argonaut NRDE-3, or the MBT-domain protein, LIN-61 (RNA-seq)	ena_study	shared/metadata_sources/v2/ena_studies/chunk_000.xml	source_reported
rna_seq:SRR12483332	library_strategy	RNA-Seq	ena_read_run	ENA read_run:SRR12483332; sample:SAMN15866062; study:SRP278203	source_reported
rna_seq:SRR12483332	library_layout	SINGLE	ena_read_run	ENA read_run:SRR12483332; sample:SAMN15866062; study:SRP278203	source_reported
rna_seq:SRR12483333	stage	Embryo	local_project_metadata	sharepoint_2026-07-13_new439	source_reported
rna_seq:SRR12483333	tissue	early embryo	ena_sample	shared/metadata_sources/v2/ena_samples/chunk_003.xml	source_reported
rna_seq:SRR12483333	strain	met-2(n4256) III; nrde-3(tm1116) X	ena_sample	shared/metadata_sources/v2/ena_samples/chunk_003.xml	source_reported
rna_seq:SRR12483333	genotype	mutated	provided_batch_table	sharepoint_2026-07-13_new439	source_reported
rna_seq:SRR12483333	data_source	PRJNA658329	provided_batch_table	sharepoint_2026-07-13_new439	source_reported
rna_seq:SRR12483333	study_title	Two parallel pathways recruit the H3K9me3 HMT in somatic cells, requiring the Argonaut NRDE-3, or the MBT-domain protein, LIN-61 (RNA-seq)	ena_study	shared/metadata_sources/v2/ena_studies/chunk_000.xml	source_reported
rna_seq:SRR12483333	library_strategy	RNA-Seq	ena_read_run	ENA read_run:SRR12483333; sample:SAMN15866061; study:SRP278203	source_reported
rna_seq:SRR12483333	library_layout	SINGLE	ena_read_run	ENA read_run:SRR12483333; sample:SAMN15866061; study:SRP278203	source_reported
rna_seq:SRR12483334	stage	Embryo	local_project_metadata	sharepoint_2026-07-13_new439	source_reported
rna_seq:SRR12483334	tissue	early embryo	ena_sample	shared/metadata_sources/v2/ena_samples/chunk_003.xml	source_reported
rna_seq:SRR12483334	strain	met-2(n4256) III; nrde-3(tm1116) X	ena_sample	shared/metadata_sources/v2/ena_samples/chunk_003.xml	source_reported
rna_seq:SRR12483334	genotype	mutated	provided_batch_table	sharepoint_2026-07-13_new439	source_reported
rna_seq:SRR12483334	data_source	PRJNA658329	provided_batch_table	sharepoint_2026-07-13_new439	source_reported
rna_seq:SRR12483334	study_title	Two parallel pathways recruit the H3K9me3 HMT in somatic cells, requiring the Argonaut NRDE-3, or the MBT-domain protein, LIN-61 (RNA-seq)	ena_study	shared/metadata_sources/v2/ena_studies/chunk_000.xml	source_reported
rna_seq:SRR12483334	library_strategy	RNA-Seq	ena_read_run	ENA read_run:SRR12483334; sample:SAMN15866059; study:SRP278203	source_reported
rna_seq:SRR12483334	library_layout	SINGLE	ena_read_run	ENA read_run:SRR12483334; sample:SAMN15866059; study:SRP278203	source_reported
rna_seq:SRR12483335	stage	Embryo	local_project_metadata	sharepoint_2026-07-13_new439	source_reported
rna_seq:SRR12483335	tissue	early embryo	ena_sample	shared/metadata_sources/v2/ena_samples/chunk_003.xml	source_reported
rna_seq:SRR12483335	strain	met-2(n4256) III; nrde-3(tm1116) X	ena_sample	shared/metadata_sources/v2/ena_samples/chunk_003.xml	source_reported
rna_seq:SRR12483335	genotype	mutated	provided_batch_table	sharepoint_2026-07-13_new439	source_reported
rna_seq:SRR12483335	data_source	PRJNA658329	provided_batch_table	sharepoint_2026-07-13_new439	source_reported
rna_seq:SRR12483335	study_title	Two parallel pathways recruit the H3K9me3 HMT in somatic cells, requiring the Argonaut NRDE-3, or the MBT-domain protein, LIN-61 (RNA-seq)	ena_study	shared/metadata_sources/v2/ena_studies/chunk_000.xml	source_reported
rna_seq:SRR12483335	library_strategy	RNA-Seq	ena_read_run	ENA read_run:SRR12483335; sample:SAMN15866058; study:SRP278203	source_reported
rna_seq:SRR12483335	library_layout	SINGLE	ena_read_run	ENA read_run:SRR12483335; sample:SAMN15866058; study:SRP278203	source_reported
rna_seq:SRR12483336	stage	Embryo	local_project_metadata	sharepoint_2026-07-13_new439	source_reported
rna_seq:SRR12483336	tissue	early embryo	ena_sample	shared/metadata_sources/v2/ena_samples/chunk_003.xml	source_reported
rna_seq:SRR12483336	strain	set-25(n5021) III; nrde-3(tm1116) X	ena_sample	shared/metadata_sources/v2/ena_samples/chunk_003.xml	source_reported
rna_seq:SRR12483336	genotype	mutated	provided_batch_table	sharepoint_2026-07-13_new439	source_reported
rna_seq:SRR12483336	data_source	PRJNA658329	provided_batch_table	sharepoint_2026-07-13_new439	source_reported
rna_seq:SRR12483336	study_title	Two parallel pathways recruit the H3K9me3 HMT in somatic cells, requiring the Argonaut NRDE-3, or the MBT-domain protein, LIN-61 (RNA-seq)	ena_study	shared/metadata_sources/v2/ena_studies/chunk_000.xml	source_reported
rna_seq:SRR12483336	library_strategy	RNA-Seq	ena_read_run	ENA read_run:SRR12483336; sample:SAMN15866057; study:SRP278203	source_reported
rna_seq:SRR12483336	library_layout	SINGLE	ena_read_run	ENA read_run:SRR12483336; sample:SAMN15866057; study:SRP278203	source_reported
rna_seq:SRR12483337	stage	Embryo	local_project_metadata	sharepoint_2026-07-13_new439	source_reported
rna_seq:SRR12483337	tissue	early embryo	ena_sample	shared/metadata_sources/v2/ena_samples/chunk_003.xml	source_reported
rna_seq:SRR12483337	strain	set-25(n5021) III; nrde-3(tm1116) X	ena_sample	shared/metadata_sources/v2/ena_samples/chunk_003.xml	source_reported
rna_seq:SRR12483337	genotype	mutated	provided_batch_table	sharepoint_2026-07-13_new439	source_reported
rna_seq:SRR12483337	data_source	PRJNA658329	provided_batch_table	sharepoint_2026-07-13_new439	source_reported
rna_seq:SRR12483337	study_title	Two parallel pathways recruit the H3K9me3 HMT in somatic cells, requiring the Argonaut NRDE-3, or the MBT-domain protein, LIN-61 (RNA-seq)	ena_study	shared/metadata_sources/v2/ena_studies/chunk_000.xml	source_reported
rna_seq:SRR12483337	library_strategy	RNA-Seq	ena_read_run	ENA read_run:SRR12483337; sample:SAMN15866056; study:SRP278203	source_reported
rna_seq:SRR12483337	library_layout	SINGLE	ena_read_run	ENA read_run:SRR12483337; sample:SAMN15866056; study:SRP278203	source_reported
rna_seq:SRR12483338	stage	Embryo	local_project_metadata	sharepoint_2026-07-13_new439	source_reported
rna_seq:SRR12483338	tissue	early embryo	ena_sample	shared/metadata_sources/v2/ena_samples/chunk_003.xml	source_reported
rna_seq:SRR12483338	strain	set-25(n5021) III; nrde-3(tm1116) X	ena_sample	shared/metadata_sources/v2/ena_samples/chunk_003.xml	source_reported
rna_seq:SRR12483338	genotype	mutated	provided_batch_table	sharepoint_2026-07-13_new439	source_reported
rna_seq:SRR12483338	data_source	PRJNA658329	provided_batch_table	sharepoint_2026-07-13_new439	source_reported
rna_seq:SRR12483338	study_title	Two parallel pathways recruit the H3K9me3 HMT in somatic cells, requiring the Argonaut NRDE-3, or the MBT-domain protein, LIN-61 (RNA-seq)	ena_study	shared/metadata_sources/v2/ena_studies/chunk_000.xml	source_reported
rna_seq:SRR12483338	library_strategy	RNA-Seq	ena_read_run	ENA read_run:SRR12483338; sample:SAMN15866055; study:SRP278203	source_reported
rna_seq:SRR12483338	library_layout	SINGLE	ena_read_run	ENA read_run:SRR12483338; sample:SAMN15866055; study:SRP278203	source_reported
rna_seq:SRR12483339	stage	Embryo	local_project_metadata	sharepoint_2026-07-13_new439	source_reported
rna_seq:SRR12483339	tissue	early embryo	ena_sample	shared/metadata_sources/v2/ena_samples/chunk_003.xml	source_reported
rna_seq:SRR12483339	strain	lin-61(tm2649) I	ena_sample	shared/metadata_sources/v2/ena_samples/chunk_003.xml	source_reported
rna_seq:SRR12483339	genotype	mutated	provided_batch_table	sharepoint_2026-07-13_new439	source_reported
rna_seq:SRR12483339	data_source	PRJNA658329	provided_batch_table	sharepoint_2026-07-13_new439	source_reported
rna_seq:SRR12483339	study_title	Two parallel pathways recruit the H3K9me3 HMT in somatic cells, requiring the Argonaut NRDE-3, or the MBT-domain protein, LIN-61 (RNA-seq)	ena_study	shared/metadata_sources/v2/ena_studies/chunk_000.xml	source_reported
rna_seq:SRR12483339	library_strategy	RNA-Seq	ena_read_run	ENA read_run:SRR12483339; sample:SAMN15866054; study:SRP278203	source_reported
rna_seq:SRR12483339	library_layout	SINGLE	ena_read_run	ENA read_run:SRR12483339; sample:SAMN15866054; study:SRP278203	source_reported
rna_seq:SRR12483340	stage	Embryo	local_project_metadata	sharepoint_2026-07-13_new439	source_reported
rna_seq:SRR12483340	tissue	early embryo	ena_sample	shared/metadata_sources/v2/ena_samples/chunk_003.xml	source_reported
rna_seq:SRR12483340	strain	lin-61(tm2649) I	ena_sample	shared/metadata_sources/v2/ena_samples/chunk_003.xml	source_reported
rna_seq:SRR12483340	genotype	mutated	provided_batch_table	sharepoint_2026-07-13_new439	source_reported
rna_seq:SRR12483340	data_source	PRJNA658329	provided_batch_table	sharepoint_2026-07-13_new439	source_reported
rna_seq:SRR12483340	study_title	Two parallel pathways recruit the H3K9me3 HMT in somatic cells, requiring the Argonaut NRDE-3, or the MBT-domain protein, LIN-61 (RNA-seq)	ena_study	shared/metadata_sources/v2/ena_studies/chunk_000.xml	source_reported
rna_seq:SRR12483340	library_strategy	RNA-Seq	ena_read_run	ENA read_run:SRR12483340; sample:SAMN15866053; study:SRP278203	source_reported
rna_seq:SRR12483340	library_layout	SINGLE	ena_read_run	ENA read_run:SRR12483340; sample:SAMN15866053; study:SRP278203	source_reported
rna_seq:SRR12483341	stage	Embryo	local_project_metadata	sharepoint_2026-07-13_new439	source_reported
rna_seq:SRR12483341	tissue	early embryo	ena_sample	shared/metadata_sources/v2/ena_samples/chunk_003.xml	source_reported
rna_seq:SRR12483341	strain	lin-61(tm2649) I	ena_sample	shared/metadata_sources/v2/ena_samples/chunk_003.xml	source_reported
rna_seq:SRR12483341	genotype	mutated	provided_batch_table	sharepoint_2026-07-13_new439	source_reported
rna_seq:SRR12483341	data_source	PRJNA658329	provided_batch_table	sharepoint_2026-07-13_new439	source_reported
rna_seq:SRR12483341	study_title	Two parallel pathways recruit the H3K9me3 HMT in somatic cells, requiring the Argonaut NRDE-3, or the MBT-domain protein, LIN-61 (RNA-seq)	ena_study	shared/metadata_sources/v2/ena_studies/chunk_000.xml	source_reported
rna_seq:SRR12483341	library_strategy	RNA-Seq	ena_read_run	ENA read_run:SRR12483341; sample:SAMN15866052; study:SRP278203	source_reported
rna_seq:SRR12483341	library_layout	SINGLE	ena_read_run	ENA read_run:SRR12483341; sample:SAMN15866052; study:SRP278203	source_reported
rna_seq:SRR12483342	stage	Embryo	local_project_metadata	sharepoint_2026-07-13_new439	source_reported
rna_seq:SRR12483342	tissue	early embryo	ena_sample	shared/metadata_sources/v2/ena_samples/chunk_003.xml	source_reported
rna_seq:SRR12483342	strain	met-2(n4256) III; lin-61(tm2649) I	ena_sample	shared/metadata_sources/v2/ena_samples/chunk_003.xml	source_reported
rna_seq:SRR12483342	genotype	mutated	provided_batch_table	sharepoint_2026-07-13_new439	source_reported
rna_seq:SRR12483342	data_source	PRJNA658329	provided_batch_table	sharepoint_2026-07-13_new439	source_reported
rna_seq:SRR12483342	study_title	Two parallel pathways recruit the H3K9me3 HMT in somatic cells, requiring the Argonaut NRDE-3, or the MBT-domain protein, LIN-61 (RNA-seq)	ena_study	shared/metadata_sources/v2/ena_studies/chunk_000.xml	source_reported
rna_seq:SRR12483342	library_strategy	RNA-Seq	ena_read_run	ENA read_run:SRR12483342; sample:SAMN15866051; study:SRP278203	source_reported
rna_seq:SRR12483342	library_layout	SINGLE	ena_read_run	ENA read_run:SRR12483342; sample:SAMN15866051; study:SRP278203	source_reported
rna_seq:SRR12483343	stage	Embryo	local_project_metadata	sharepoint_2026-07-13_new439	source_reported
rna_seq:SRR12483343	tissue	early embryo	ena_sample	shared/metadata_sources/v2/ena_samples/chunk_003.xml	source_reported
rna_seq:SRR12483343	strain	met-2(n4256) III; lin-61(tm2649) I	ena_sample	shared/metadata_sources/v2/ena_samples/chunk_003.xml	source_reported
rna_seq:SRR12483343	genotype	mutated	provided_batch_table	sharepoint_2026-07-13_new439	source_reported
rna_seq:SRR12483343	data_source	PRJNA658329	provided_batch_table	sharepoint_2026-07-13_new439	source_reported
rna_seq:SRR12483343	study_title	Two parallel pathways recruit the H3K9me3 HMT in somatic cells, requiring the Argonaut NRDE-3, or the MBT-domain protein, LIN-61 (RNA-seq)	ena_study	shared/metadata_sources/v2/ena_studies/chunk_000.xml	source_reported
rna_seq:SRR12483343	library_strategy	RNA-Seq	ena_read_run	ENA read_run:SRR12483343; sample:SAMN15866087; study:SRP278203	source_reported
rna_seq:SRR12483343	library_layout	SINGLE	ena_read_run	ENA read_run:SRR12483343; sample:SAMN15866087; study:SRP278203	source_reported
rna_seq:SRR12483344	stage	Embryo	local_project_metadata	sharepoint_2026-07-13_new439	source_reported
rna_seq:SRR12483344	tissue	early embryo	ena_sample	shared/metadata_sources/v2/ena_samples/chunk_003.xml	source_reported
rna_seq:SRR12483344	strain	met-2(n4256) III; lin-61(tm2649) I	ena_sample	shared/metadata_sources/v2/ena_samples/chunk_003.xml	source_reported
rna_seq:SRR12483344	genotype	mutated	provided_batch_table	sharepoint_2026-07-13_new439	source_reported
rna_seq:SRR12483344	data_source	PRJNA658329	provided_batch_table	sharepoint_2026-07-13_new439	source_reported
rna_seq:SRR12483344	study_title	Two parallel pathways recruit the H3K9me3 HMT in somatic cells, requiring the Argonaut NRDE-3, or the MBT-domain protein, LIN-61 (RNA-seq)	ena_study	shared/metadata_sources/v2/ena_studies/chunk_000.xml	source_reported
rna_seq:SRR12483344	library_strategy	RNA-Seq	ena_read_run	ENA read_run:SRR12483344; sample:SAMN15866086; study:SRP278203	source_reported
rna_seq:SRR12483344	library_layout	SINGLE	ena_read_run	ENA read_run:SRR12483344; sample:SAMN15866086; study:SRP278203	source_reported
rna_seq:SRR12483345	stage	Embryo	local_project_metadata	sharepoint_2026-07-13_new439	source_reported
rna_seq:SRR12483345	tissue	early embryo	ena_sample	shared/metadata_sources/v2/ena_samples/chunk_003.xml	source_reported
rna_seq:SRR12483345	strain	set-25(n5021) III; lin-61(tm2649) I	ena_sample	shared/metadata_sources/v2/ena_samples/chunk_003.xml	source_reported
rna_seq:SRR12483345	genotype	mutated	provided_batch_table	sharepoint_2026-07-13_new439	source_reported
rna_seq:SRR12483345	data_source	PRJNA658329	provided_batch_table	sharepoint_2026-07-13_new439	source_reported
rna_seq:SRR12483345	study_title	Two parallel pathways recruit the H3K9me3 HMT in somatic cells, requiring the Argonaut NRDE-3, or the MBT-domain protein, LIN-61 (RNA-seq)	ena_study	shared/metadata_sources/v2/ena_studies/chunk_000.xml	source_reported
rna_seq:SRR12483345	library_strategy	RNA-Seq	ena_read_run	ENA read_run:SRR12483345; sample:SAMN15866085; study:SRP278203	source_reported
rna_seq:SRR12483345	library_layout	SINGLE	ena_read_run	ENA read_run:SRR12483345; sample:SAMN15866085; study:SRP278203	source_reported
rna_seq:SRR12483346	stage	Embryo	local_project_metadata	sharepoint_2026-07-13_new439	source_reported
rna_seq:SRR12483346	tissue	early embryo	ena_sample	shared/metadata_sources/v2/ena_samples/chunk_003.xml	source_reported
rna_seq:SRR12483346	strain	set-25(n5021) III; lin-61(tm2649) I	ena_sample	shared/metadata_sources/v2/ena_samples/chunk_003.xml	source_reported
rna_seq:SRR12483346	genotype	mutated	provided_batch_table	sharepoint_2026-07-13_new439	source_reported
rna_seq:SRR12483346	data_source	PRJNA658329	provided_batch_table	sharepoint_2026-07-13_new439	source_reported
rna_seq:SRR12483346	study_title	Two parallel pathways recruit the H3K9me3 HMT in somatic cells, requiring the Argonaut NRDE-3, or the MBT-domain protein, LIN-61 (RNA-seq)	ena_study	shared/metadata_sources/v2/ena_studies/chunk_000.xml	source_reported
rna_seq:SRR12483346	library_strategy	RNA-Seq	ena_read_run	ENA read_run:SRR12483346; sample:SAMN15866084; study:SRP278203	source_reported
rna_seq:SRR12483346	library_layout	SINGLE	ena_read_run	ENA read_run:SRR12483346; sample:SAMN15866084; study:SRP278203	source_reported
rna_seq:SRR12483347	stage	Embryo	local_project_metadata	sharepoint_2026-07-13_new439	source_reported
rna_seq:SRR12483347	tissue	early embryo	ena_sample	shared/metadata_sources/v2/ena_samples/chunk_003.xml	source_reported
rna_seq:SRR12483347	strain	set-25(n5021) III; lin-61(tm2649) I	ena_sample	shared/metadata_sources/v2/ena_samples/chunk_003.xml	source_reported
rna_seq:SRR12483347	genotype	mutated	provided_batch_table	sharepoint_2026-07-13_new439	source_reported
rna_seq:SRR12483347	data_source	PRJNA658329	provided_batch_table	sharepoint_2026-07-13_new439	source_reported
rna_seq:SRR12483347	study_title	Two parallel pathways recruit the H3K9me3 HMT in somatic cells, requiring the Argonaut NRDE-3, or the MBT-domain protein, LIN-61 (RNA-seq)	ena_study	shared/metadata_sources/v2/ena_studies/chunk_000.xml	source_reported
rna_seq:SRR12483347	library_strategy	RNA-Seq	ena_read_run	ENA read_run:SRR12483347; sample:SAMN15866083; study:SRP278203	source_reported
rna_seq:SRR12483347	library_layout	SINGLE	ena_read_run	ENA read_run:SRR12483347; sample:SAMN15866083; study:SRP278203	source_reported
rna_seq:SRR13757744	stage	L3	local_project_metadata	sharepoint_2026-07-13_new439	source_reported
rna_seq:SRR13757744	tissue	L3 body wall muscle	ena_sample	shared/metadata_sources/v2/ena_samples/chunk_003.xml	source_reported
rna_seq:SRR13757744	genotype	WT	provided_batch_table	sharepoint_2026-07-13_new439	source_reported
rna_seq:SRR13757744	data_source	PRJNA703543	provided_batch_table	sharepoint_2026-07-13_new439	source_reported
rna_seq:SRR13757744	study_title	H3K9me blocks transcription factor activity in differentiated cells to ensure tissue integrity [RNA-seq]	ena_study	shared/metadata_sources/v2/ena_studies/chunk_000.xml	source_reported
rna_seq:SRR13757744	library_strategy	RNA-Seq	ena_read_run	ENA read_run:SRR13757744; sample:SAMN18021484; study:SRP307349	source_reported
rna_seq:SRR13757744	library_layout	SINGLE	ena_read_run	ENA read_run:SRR13757744; sample:SAMN18021484; study:SRP307349	source_reported
rna_seq:SRR13757745	stage	L3	local_project_metadata	sharepoint_2026-07-13_new439	source_reported
rna_seq:SRR13757745	tissue	L3 body wall muscle	ena_sample	shared/metadata_sources/v2/ena_samples/chunk_004.xml	source_reported
rna_seq:SRR13757745	genotype	WT	provided_batch_table	sharepoint_2026-07-13_new439	source_reported
rna_seq:SRR13757745	data_source	PRJNA703543	provided_batch_table	sharepoint_2026-07-13_new439	source_reported
rna_seq:SRR13757745	study_title	H3K9me blocks transcription factor activity in differentiated cells to ensure tissue integrity [RNA-seq]	ena_study	shared/metadata_sources/v2/ena_studies/chunk_000.xml	source_reported
rna_seq:SRR13757745	library_strategy	RNA-Seq	ena_read_run	ENA read_run:SRR13757745; sample:SAMN18021510; study:SRP307349	source_reported
rna_seq:SRR13757745	library_layout	SINGLE	ena_read_run	ENA read_run:SRR13757745; sample:SAMN18021510; study:SRP307349	source_reported
rna_seq:SRR13757746	stage	L3	local_project_metadata	sharepoint_2026-07-13_new439	source_reported
rna_seq:SRR13757746	tissue	L3 body wall muscle	ena_sample	shared/metadata_sources/v2/ena_samples/chunk_004.xml	source_reported
rna_seq:SRR13757746	genotype	WT	provided_batch_table	sharepoint_2026-07-13_new439	source_reported
rna_seq:SRR13757746	data_source	PRJNA703543	provided_batch_table	sharepoint_2026-07-13_new439	source_reported
rna_seq:SRR13757746	study_title	H3K9me blocks transcription factor activity in differentiated cells to ensure tissue integrity [RNA-seq]	ena_study	shared/metadata_sources/v2/ena_studies/chunk_000.xml	source_reported
rna_seq:SRR13757746	library_strategy	RNA-Seq	ena_read_run	ENA read_run:SRR13757746; sample:SAMN18021509; study:SRP307349	source_reported
rna_seq:SRR13757746	library_layout	SINGLE	ena_read_run	ENA read_run:SRR13757746; sample:SAMN18021509; study:SRP307349	source_reported
rna_seq:SRR13757747	stage	L3	local_project_metadata	sharepoint_2026-07-13_new439	source_reported
rna_seq:SRR13757747	tissue	L3 body wall muscle	ena_sample	shared/metadata_sources/v2/ena_samples/chunk_004.xml	source_reported
rna_seq:SRR13757747	genotype	WT	provided_batch_table	sharepoint_2026-07-13_new439	source_reported
rna_seq:SRR13757747	data_source	PRJNA703543	provided_batch_table	sharepoint_2026-07-13_new439	source_reported
rna_seq:SRR13757747	study_title	H3K9me blocks transcription factor activity in differentiated cells to ensure tissue integrity [RNA-seq]	ena_study	shared/metadata_sources/v2/ena_studies/chunk_000.xml	source_reported
rna_seq:SRR13757747	library_strategy	RNA-Seq	ena_read_run	ENA read_run:SRR13757747; sample:SAMN18021508; study:SRP307349	source_reported
rna_seq:SRR13757747	library_layout	SINGLE	ena_read_run	ENA read_run:SRR13757747; sample:SAMN18021508; study:SRP307349	source_reported
rna_seq:SRR13757748	stage	L3	local_project_metadata	sharepoint_2026-07-13_new439	source_reported
rna_seq:SRR13757748	tissue	L3 body wall muscle	ena_sample	shared/metadata_sources/v2/ena_samples/chunk_004.xml	source_reported
rna_seq:SRR13757748	genotype	mutated	provided_batch_table	sharepoint_2026-07-13_new439	source_reported
rna_seq:SRR13757748	data_source	PRJNA703543	provided_batch_table	sharepoint_2026-07-13_new439	source_reported
rna_seq:SRR13757748	study_title	H3K9me blocks transcription factor activity in differentiated cells to ensure tissue integrity [RNA-seq]	ena_study	shared/metadata_sources/v2/ena_studies/chunk_000.xml	source_reported
rna_seq:SRR13757748	library_strategy	RNA-Seq	ena_read_run	ENA read_run:SRR13757748; sample:SAMN18021507; study:SRP307349	source_reported
rna_seq:SRR13757748	library_layout	SINGLE	ena_read_run	ENA read_run:SRR13757748; sample:SAMN18021507; study:SRP307349	source_reported
rna_seq:SRR13757749	stage	L3	local_project_metadata	sharepoint_2026-07-13_new439	source_reported
rna_seq:SRR13757749	tissue	L3 body wall muscle	ena_sample	shared/metadata_sources/v2/ena_samples/chunk_004.xml	source_reported
rna_seq:SRR13757749	genotype	mutated	provided_batch_table	sharepoint_2026-07-13_new439	source_reported
rna_seq:SRR13757749	data_source	PRJNA703543	provided_batch_table	sharepoint_2026-07-13_new439	source_reported
rna_seq:SRR13757749	study_title	H3K9me blocks transcription factor activity in differentiated cells to ensure tissue integrity [RNA-seq]	ena_study	shared/metadata_sources/v2/ena_studies/chunk_000.xml	source_reported
rna_seq:SRR13757749	library_strategy	RNA-Seq	ena_read_run	ENA read_run:SRR13757749; sample:SAMN18021506; study:SRP307349	source_reported
rna_seq:SRR13757749	library_layout	SINGLE	ena_read_run	ENA read_run:SRR13757749; sample:SAMN18021506; study:SRP307349	source_reported
rna_seq:SRR13757750	stage	L3	local_project_metadata	sharepoint_2026-07-13_new439	source_reported
rna_seq:SRR13757750	tissue	L3 body wall muscle	ena_sample	shared/metadata_sources/v2/ena_samples/chunk_004.xml	source_reported
rna_seq:SRR13757750	genotype	mutated	provided_batch_table	sharepoint_2026-07-13_new439	source_reported
rna_seq:SRR13757750	data_source	PRJNA703543	provided_batch_table	sharepoint_2026-07-13_new439	source_reported
rna_seq:SRR13757750	study_title	H3K9me blocks transcription factor activity in differentiated cells to ensure tissue integrity [RNA-seq]	ena_study	shared/metadata_sources/v2/ena_studies/chunk_000.xml	source_reported
rna_seq:SRR13757750	library_strategy	RNA-Seq	ena_read_run	ENA read_run:SRR13757750; sample:SAMN18021504; study:SRP307349	source_reported
rna_seq:SRR13757750	library_layout	SINGLE	ena_read_run	ENA read_run:SRR13757750; sample:SAMN18021504; study:SRP307349	source_reported
rna_seq:SRR13757751	stage	L3	local_project_metadata	sharepoint_2026-07-13_new439	source_reported
rna_seq:SRR13757751	tissue	L3 body wall muscle	ena_sample	shared/metadata_sources/v2/ena_samples/chunk_004.xml	source_reported
rna_seq:SRR13757751	genotype	mutated	provided_batch_table	sharepoint_2026-07-13_new439	source_reported
rna_seq:SRR13757751	data_source	PRJNA703543	provided_batch_table	sharepoint_2026-07-13_new439	source_reported
rna_seq:SRR13757751	study_title	H3K9me blocks transcription factor activity in differentiated cells to ensure tissue integrity [RNA-seq]	ena_study	shared/metadata_sources/v2/ena_studies/chunk_000.xml	source_reported
rna_seq:SRR13757751	library_strategy	RNA-Seq	ena_read_run	ENA read_run:SRR13757751; sample:SAMN18021503; study:SRP307349	source_reported
rna_seq:SRR13757751	library_layout	SINGLE	ena_read_run	ENA read_run:SRR13757751; sample:SAMN18021503; study:SRP307349	source_reported
rna_seq:SRR13757752	stage	L3	local_project_metadata	sharepoint_2026-07-13_new439	source_reported
rna_seq:SRR13757752	tissue	L3 body wall muscle	ena_sample	shared/metadata_sources/v2/ena_samples/chunk_003.xml	source_reported
rna_seq:SRR13757752	genotype	mutated	provided_batch_table	sharepoint_2026-07-13_new439	source_reported
rna_seq:SRR13757752	data_source	PRJNA703543	provided_batch_table	sharepoint_2026-07-13_new439	source_reported
rna_seq:SRR13757752	study_title	H3K9me blocks transcription factor activity in differentiated cells to ensure tissue integrity [RNA-seq]	ena_study	shared/metadata_sources/v2/ena_studies/chunk_000.xml	source_reported
rna_seq:SRR13757752	library_strategy	RNA-Seq	ena_read_run	ENA read_run:SRR13757752; sample:SAMN18021498; study:SRP307349	source_reported
rna_seq:SRR13757752	library_layout	SINGLE	ena_read_run	ENA read_run:SRR13757752; sample:SAMN18021498; study:SRP307349	source_reported
rna_seq:SRR13757753	stage	L3	local_project_metadata	sharepoint_2026-07-13_new439	source_reported
rna_seq:SRR13757753	tissue	L3 body wall muscle	ena_sample	shared/metadata_sources/v2/ena_samples/chunk_004.xml	source_reported
rna_seq:SRR13757753	genotype	mutated	provided_batch_table	sharepoint_2026-07-13_new439	source_reported
rna_seq:SRR13757753	data_source	PRJNA703543	provided_batch_table	sharepoint_2026-07-13_new439	source_reported
rna_seq:SRR13757753	study_title	H3K9me blocks transcription factor activity in differentiated cells to ensure tissue integrity [RNA-seq]	ena_study	shared/metadata_sources/v2/ena_studies/chunk_000.xml	source_reported
rna_seq:SRR13757753	library_strategy	RNA-Seq	ena_read_run	ENA read_run:SRR13757753; sample:SAMN18021502; study:SRP307349	source_reported
rna_seq:SRR13757753	library_layout	SINGLE	ena_read_run	ENA read_run:SRR13757753; sample:SAMN18021502; study:SRP307349	source_reported
rna_seq:SRR13757754	stage	L3	local_project_metadata	sharepoint_2026-07-13_new439	source_reported
rna_seq:SRR13757754	tissue	L3 seamcell	ena_sample	shared/metadata_sources/v2/ena_samples/chunk_003.xml	source_reported
rna_seq:SRR13757754	genotype	WT	provided_batch_table	sharepoint_2026-07-13_new439	source_reported
rna_seq:SRR13757754	data_source	PRJNA703543	provided_batch_table	sharepoint_2026-07-13_new439	source_reported
rna_seq:SRR13757754	study_title	H3K9me blocks transcription factor activity in differentiated cells to ensure tissue integrity [RNA-seq]	ena_study	shared/metadata_sources/v2/ena_studies/chunk_000.xml	source_reported
rna_seq:SRR13757754	library_strategy	RNA-Seq	ena_read_run	ENA read_run:SRR13757754; sample:SAMN18021501; study:SRP307349	source_reported
rna_seq:SRR13757754	library_layout	SINGLE	ena_read_run	ENA read_run:SRR13757754; sample:SAMN18021501; study:SRP307349	source_reported
rna_seq:SRR13757755	stage	L3	local_project_metadata	sharepoint_2026-07-13_new439	source_reported
rna_seq:SRR13757755	tissue	L3 seamcell	ena_sample	shared/metadata_sources/v2/ena_samples/chunk_003.xml	source_reported
rna_seq:SRR13757755	genotype	WT	provided_batch_table	sharepoint_2026-07-13_new439	source_reported
rna_seq:SRR13757755	data_source	PRJNA703543	provided_batch_table	sharepoint_2026-07-13_new439	source_reported
rna_seq:SRR13757755	study_title	H3K9me blocks transcription factor activity in differentiated cells to ensure tissue integrity [RNA-seq]	ena_study	shared/metadata_sources/v2/ena_studies/chunk_000.xml	source_reported
rna_seq:SRR13757755	library_strategy	RNA-Seq	ena_read_run	ENA read_run:SRR13757755; sample:SAMN18021501; study:SRP307349	source_reported
rna_seq:SRR13757755	library_layout	SINGLE	ena_read_run	ENA read_run:SRR13757755; sample:SAMN18021501; study:SRP307349	source_reported
rna_seq:SRR13757756	stage	L3	local_project_metadata	sharepoint_2026-07-13_new439	source_reported
rna_seq:SRR13757756	tissue	L3 seamcell	ena_sample	shared/metadata_sources/v2/ena_samples/chunk_003.xml	source_reported
rna_seq:SRR13757756	genotype	WT	provided_batch_table	sharepoint_2026-07-13_new439	source_reported
rna_seq:SRR13757756	data_source	PRJNA703543	provided_batch_table	sharepoint_2026-07-13_new439	source_reported
rna_seq:SRR13757756	study_title	H3K9me blocks transcription factor activity in differentiated cells to ensure tissue integrity [RNA-seq]	ena_study	shared/metadata_sources/v2/ena_studies/chunk_000.xml	source_reported
rna_seq:SRR13757756	library_strategy	RNA-Seq	ena_read_run	ENA read_run:SRR13757756; sample:SAMN18021500; study:SRP307349	source_reported
rna_seq:SRR13757756	library_layout	SINGLE	ena_read_run	ENA read_run:SRR13757756; sample:SAMN18021500; study:SRP307349	source_reported
rna_seq:SRR13757757	stage	L3	local_project_metadata	sharepoint_2026-07-13_new439	source_reported
rna_seq:SRR13757757	tissue	L3 seamcell	ena_sample	shared/metadata_sources/v2/ena_samples/chunk_003.xml	source_reported
rna_seq:SRR13757757	genotype	WT	provided_batch_table	sharepoint_2026-07-13_new439	source_reported
rna_seq:SRR13757757	data_source	PRJNA703543	provided_batch_table	sharepoint_2026-07-13_new439	source_reported
rna_seq:SRR13757757	study_title	H3K9me blocks transcription factor activity in differentiated cells to ensure tissue integrity [RNA-seq]	ena_study	shared/metadata_sources/v2/ena_studies/chunk_000.xml	source_reported
rna_seq:SRR13757757	library_strategy	RNA-Seq	ena_read_run	ENA read_run:SRR13757757; sample:SAMN18021500; study:SRP307349	source_reported
rna_seq:SRR13757757	library_layout	SINGLE	ena_read_run	ENA read_run:SRR13757757; sample:SAMN18021500; study:SRP307349	source_reported
rna_seq:SRR13757758	stage	L3	local_project_metadata	sharepoint_2026-07-13_new439	source_reported
rna_seq:SRR13757758	tissue	L3 seamcell	ena_sample	shared/metadata_sources/v2/ena_samples/chunk_004.xml	source_reported
rna_seq:SRR13757758	genotype	mutated	provided_batch_table	sharepoint_2026-07-13_new439	source_reported
rna_seq:SRR13757758	data_source	PRJNA703543	provided_batch_table	sharepoint_2026-07-13_new439	source_reported
rna_seq:SRR13757758	study_title	H3K9me blocks transcription factor activity in differentiated cells to ensure tissue integrity [RNA-seq]	ena_study	shared/metadata_sources/v2/ena_studies/chunk_000.xml	source_reported
rna_seq:SRR13757758	library_strategy	RNA-Seq	ena_read_run	ENA read_run:SRR13757758; sample:SAMN18021505; study:SRP307349	source_reported
rna_seq:SRR13757758	library_layout	SINGLE	ena_read_run	ENA read_run:SRR13757758; sample:SAMN18021505; study:SRP307349	source_reported
rna_seq:SRR13757759	stage	L3	local_project_metadata	sharepoint_2026-07-13_new439	source_reported
rna_seq:SRR13757759	tissue	L3 seamcell	ena_sample	shared/metadata_sources/v2/ena_samples/chunk_004.xml	source_reported
rna_seq:SRR13757759	genotype	mutated	provided_batch_table	sharepoint_2026-07-13_new439	source_reported
rna_seq:SRR13757759	data_source	PRJNA703543	provided_batch_table	sharepoint_2026-07-13_new439	source_reported
rna_seq:SRR13757759	study_title	H3K9me blocks transcription factor activity in differentiated cells to ensure tissue integrity [RNA-seq]	ena_study	shared/metadata_sources/v2/ena_studies/chunk_000.xml	source_reported
rna_seq:SRR13757759	library_strategy	RNA-Seq	ena_read_run	ENA read_run:SRR13757759; sample:SAMN18021505; study:SRP307349	source_reported
rna_seq:SRR13757759	library_layout	SINGLE	ena_read_run	ENA read_run:SRR13757759; sample:SAMN18021505; study:SRP307349	source_reported
rna_seq:SRR13757760	stage	L3	local_project_metadata	sharepoint_2026-07-13_new439	source_reported
rna_seq:SRR13757760	tissue	L3 seamcell	ena_sample	shared/metadata_sources/v2/ena_samples/chunk_003.xml	source_reported
rna_seq:SRR13757760	genotype	mutated	provided_batch_table	sharepoint_2026-07-13_new439	source_reported
rna_seq:SRR13757760	data_source	PRJNA703543	provided_batch_table	sharepoint_2026-07-13_new439	source_reported
rna_seq:SRR13757760	study_title	H3K9me blocks transcription factor activity in differentiated cells to ensure tissue integrity [RNA-seq]	ena_study	shared/metadata_sources/v2/ena_studies/chunk_000.xml	source_reported
rna_seq:SRR13757760	library_strategy	RNA-Seq	ena_read_run	ENA read_run:SRR13757760; sample:SAMN18021499; study:SRP307349	source_reported
rna_seq:SRR13757760	library_layout	SINGLE	ena_read_run	ENA read_run:SRR13757760; sample:SAMN18021499; study:SRP307349	source_reported
rna_seq:SRR13757761	stage	L3	local_project_metadata	sharepoint_2026-07-13_new439	source_reported
rna_seq:SRR13757761	tissue	L3 seamcell	ena_sample	shared/metadata_sources/v2/ena_samples/chunk_003.xml	source_reported
rna_seq:SRR13757761	genotype	mutated	provided_batch_table	sharepoint_2026-07-13_new439	source_reported
rna_seq:SRR13757761	data_source	PRJNA703543	provided_batch_table	sharepoint_2026-07-13_new439	source_reported
rna_seq:SRR13757761	study_title	H3K9me blocks transcription factor activity in differentiated cells to ensure tissue integrity [RNA-seq]	ena_study	shared/metadata_sources/v2/ena_studies/chunk_000.xml	source_reported
rna_seq:SRR13757761	library_strategy	RNA-Seq	ena_read_run	ENA read_run:SRR13757761; sample:SAMN18021499; study:SRP307349	source_reported
rna_seq:SRR13757761	library_layout	SINGLE	ena_read_run	ENA read_run:SRR13757761; sample:SAMN18021499; study:SRP307349	source_reported
rna_seq:SRR13757762	stage	L3	local_project_metadata	sharepoint_2026-07-13_new439	source_reported
rna_seq:SRR13757762	tissue	L3 seamcell	ena_sample	shared/metadata_sources/v2/ena_samples/chunk_004.xml	source_reported
rna_seq:SRR13757762	genotype	mutated	provided_batch_table	sharepoint_2026-07-13_new439	source_reported
rna_seq:SRR13757762	data_source	PRJNA703543	provided_batch_table	sharepoint_2026-07-13_new439	source_reported
rna_seq:SRR13757762	study_title	H3K9me blocks transcription factor activity in differentiated cells to ensure tissue integrity [RNA-seq]	ena_study	shared/metadata_sources/v2/ena_studies/chunk_000.xml	source_reported
rna_seq:SRR13757762	library_strategy	RNA-Seq	ena_read_run	ENA read_run:SRR13757762; sample:SAMN18021518; study:SRP307349	source_reported
rna_seq:SRR13757762	library_layout	SINGLE	ena_read_run	ENA read_run:SRR13757762; sample:SAMN18021518; study:SRP307349	source_reported
rna_seq:SRR13757763	stage	L3	local_project_metadata	sharepoint_2026-07-13_new439	source_reported
rna_seq:SRR13757763	tissue	L3 seamcell	ena_sample	shared/metadata_sources/v2/ena_samples/chunk_004.xml	source_reported
rna_seq:SRR13757763	genotype	mutated	provided_batch_table	sharepoint_2026-07-13_new439	source_reported
rna_seq:SRR13757763	data_source	PRJNA703543	provided_batch_table	sharepoint_2026-07-13_new439	source_reported
rna_seq:SRR13757763	study_title	H3K9me blocks transcription factor activity in differentiated cells to ensure tissue integrity [RNA-seq]	ena_study	shared/metadata_sources/v2/ena_studies/chunk_000.xml	source_reported
rna_seq:SRR13757763	library_strategy	RNA-Seq	ena_read_run	ENA read_run:SRR13757763; sample:SAMN18021518; study:SRP307349	source_reported
rna_seq:SRR13757763	library_layout	SINGLE	ena_read_run	ENA read_run:SRR13757763; sample:SAMN18021518; study:SRP307349	source_reported
rna_seq:SRR13757764	stage	L3	local_project_metadata	sharepoint_2026-07-13_new439	source_reported
rna_seq:SRR13757764	tissue	L3 seamcell	ena_sample	shared/metadata_sources/v2/ena_samples/chunk_004.xml	source_reported
rna_seq:SRR13757764	genotype	mutated	provided_batch_table	sharepoint_2026-07-13_new439	source_reported
rna_seq:SRR13757764	data_source	PRJNA703543	provided_batch_table	sharepoint_2026-07-13_new439	source_reported
rna_seq:SRR13757764	study_title	H3K9me blocks transcription factor activity in differentiated cells to ensure tissue integrity [RNA-seq]	ena_study	shared/metadata_sources/v2/ena_studies/chunk_000.xml	source_reported
rna_seq:SRR13757764	library_strategy	RNA-Seq	ena_read_run	ENA read_run:SRR13757764; sample:SAMN18021517; study:SRP307349	source_reported
rna_seq:SRR13757764	library_layout	SINGLE	ena_read_run	ENA read_run:SRR13757764; sample:SAMN18021517; study:SRP307349	source_reported
rna_seq:SRR13757765	stage	L3	local_project_metadata	sharepoint_2026-07-13_new439	source_reported
rna_seq:SRR13757765	tissue	L3 seamcell	ena_sample	shared/metadata_sources/v2/ena_samples/chunk_004.xml	source_reported
rna_seq:SRR13757765	genotype	mutated	provided_batch_table	sharepoint_2026-07-13_new439	source_reported
rna_seq:SRR13757765	data_source	PRJNA703543	provided_batch_table	sharepoint_2026-07-13_new439	source_reported
rna_seq:SRR13757765	study_title	H3K9me blocks transcription factor activity in differentiated cells to ensure tissue integrity [RNA-seq]	ena_study	shared/metadata_sources/v2/ena_studies/chunk_000.xml	source_reported
rna_seq:SRR13757765	library_strategy	RNA-Seq	ena_read_run	ENA read_run:SRR13757765; sample:SAMN18021517; study:SRP307349	source_reported
rna_seq:SRR13757765	library_layout	SINGLE	ena_read_run	ENA read_run:SRR13757765; sample:SAMN18021517; study:SRP307349	source_reported
rna_seq:SRR13757766	stage	L3	local_project_metadata	sharepoint_2026-07-13_new439	source_reported
rna_seq:SRR13757766	tissue	L3 seamcell	ena_sample	shared/metadata_sources/v2/ena_samples/chunk_004.xml	source_reported
rna_seq:SRR13757766	genotype	mutated	provided_batch_table	sharepoint_2026-07-13_new439	source_reported
rna_seq:SRR13757766	data_source	PRJNA703543	provided_batch_table	sharepoint_2026-07-13_new439	source_reported
rna_seq:SRR13757766	study_title	H3K9me blocks transcription factor activity in differentiated cells to ensure tissue integrity [RNA-seq]	ena_study	shared/metadata_sources/v2/ena_studies/chunk_000.xml	source_reported
rna_seq:SRR13757766	library_strategy	RNA-Seq	ena_read_run	ENA read_run:SRR13757766; sample:SAMN18021516; study:SRP307349	source_reported
rna_seq:SRR13757766	library_layout	SINGLE	ena_read_run	ENA read_run:SRR13757766; sample:SAMN18021516; study:SRP307349	source_reported
rna_seq:SRR13757767	stage	L3	local_project_metadata	sharepoint_2026-07-13_new439	source_reported
rna_seq:SRR13757767	tissue	L3 seamcell	ena_sample	shared/metadata_sources/v2/ena_samples/chunk_004.xml	source_reported
rna_seq:SRR13757767	genotype	mutated	provided_batch_table	sharepoint_2026-07-13_new439	source_reported
rna_seq:SRR13757767	data_source	PRJNA703543	provided_batch_table	sharepoint_2026-07-13_new439	source_reported
rna_seq:SRR13757767	study_title	H3K9me blocks transcription factor activity in differentiated cells to ensure tissue integrity [RNA-seq]	ena_study	shared/metadata_sources/v2/ena_studies/chunk_000.xml	source_reported
rna_seq:SRR13757767	library_strategy	RNA-Seq	ena_read_run	ENA read_run:SRR13757767; sample:SAMN18021516; study:SRP307349	source_reported
rna_seq:SRR13757767	library_layout	SINGLE	ena_read_run	ENA read_run:SRR13757767; sample:SAMN18021516; study:SRP307349	source_reported
rna_seq:SRR13757768	stage	L3	local_project_metadata	sharepoint_2026-07-13_new439	source_reported
rna_seq:SRR13757768	tissue	L3 seamcell	ena_sample	shared/metadata_sources/v2/ena_samples/chunk_004.xml	source_reported
rna_seq:SRR13757768	genotype	mutated	provided_batch_table	sharepoint_2026-07-13_new439	source_reported
rna_seq:SRR13757768	data_source	PRJNA703543	provided_batch_table	sharepoint_2026-07-13_new439	source_reported
rna_seq:SRR13757768	study_title	H3K9me blocks transcription factor activity in differentiated cells to ensure tissue integrity [RNA-seq]	ena_study	shared/metadata_sources/v2/ena_studies/chunk_000.xml	source_reported
rna_seq:SRR13757768	library_strategy	RNA-Seq	ena_read_run	ENA read_run:SRR13757768; sample:SAMN18021515; study:SRP307349	source_reported
rna_seq:SRR13757768	library_layout	SINGLE	ena_read_run	ENA read_run:SRR13757768; sample:SAMN18021515; study:SRP307349	source_reported
rna_seq:SRR13757769	stage	L3	local_project_metadata	sharepoint_2026-07-13_new439	source_reported
rna_seq:SRR13757769	tissue	L3 seamcell	ena_sample	shared/metadata_sources/v2/ena_samples/chunk_004.xml	source_reported
rna_seq:SRR13757769	genotype	mutated	provided_batch_table	sharepoint_2026-07-13_new439	source_reported
rna_seq:SRR13757769	data_source	PRJNA703543	provided_batch_table	sharepoint_2026-07-13_new439	source_reported
rna_seq:SRR13757769	study_title	H3K9me blocks transcription factor activity in differentiated cells to ensure tissue integrity [RNA-seq]	ena_study	shared/metadata_sources/v2/ena_studies/chunk_000.xml	source_reported
rna_seq:SRR13757769	library_strategy	RNA-Seq	ena_read_run	ENA read_run:SRR13757769; sample:SAMN18021515; study:SRP307349	source_reported
rna_seq:SRR13757769	library_layout	SINGLE	ena_read_run	ENA read_run:SRR13757769; sample:SAMN18021515; study:SRP307349	source_reported
rna_seq:SRR13757770	stage	L3	local_project_metadata	sharepoint_2026-07-13_new439	source_reported
rna_seq:SRR13757770	tissue	L3 body wall muscle	ena_sample	shared/metadata_sources/v2/ena_samples/chunk_004.xml	source_reported
rna_seq:SRR13757770	genotype	mutated	provided_batch_table	sharepoint_2026-07-13_new439	source_reported
rna_seq:SRR13757770	data_source	PRJNA703543	provided_batch_table	sharepoint_2026-07-13_new439	source_reported
rna_seq:SRR13757770	study_title	H3K9me blocks transcription factor activity in differentiated cells to ensure tissue integrity [RNA-seq]	ena_study	shared/metadata_sources/v2/ena_studies/chunk_000.xml	source_reported
rna_seq:SRR13757770	library_strategy	RNA-Seq	ena_read_run	ENA read_run:SRR13757770; sample:SAMN18021514; study:SRP307349	source_reported
rna_seq:SRR13757770	library_layout	SINGLE	ena_read_run	ENA read_run:SRR13757770; sample:SAMN18021514; study:SRP307349	source_reported
rna_seq:SRR13757771	stage	L3	local_project_metadata	sharepoint_2026-07-13_new439	source_reported
rna_seq:SRR13757771	tissue	L3 body wall muscle	ena_sample	shared/metadata_sources/v2/ena_samples/chunk_004.xml	source_reported
rna_seq:SRR13757771	genotype	mutated	provided_batch_table	sharepoint_2026-07-13_new439	source_reported
rna_seq:SRR13757771	data_source	PRJNA703543	provided_batch_table	sharepoint_2026-07-13_new439	source_reported
rna_seq:SRR13757771	study_title	H3K9me blocks transcription factor activity in differentiated cells to ensure tissue integrity [RNA-seq]	ena_study	shared/metadata_sources/v2/ena_studies/chunk_000.xml	source_reported
rna_seq:SRR13757771	library_strategy	RNA-Seq	ena_read_run	ENA read_run:SRR13757771; sample:SAMN18021513; study:SRP307349	source_reported
rna_seq:SRR13757771	library_layout	SINGLE	ena_read_run	ENA read_run:SRR13757771; sample:SAMN18021513; study:SRP307349	source_reported
rna_seq:SRR13757772	stage	L3	local_project_metadata	sharepoint_2026-07-13_new439	source_reported
rna_seq:SRR13757772	tissue	L3 body wall muscle	ena_sample	shared/metadata_sources/v2/ena_samples/chunk_004.xml	source_reported
rna_seq:SRR13757772	genotype	mutated+treated	provided_batch_table	sharepoint_2026-07-13_new439	source_reported
rna_seq:SRR13757772	data_source	PRJNA703543	provided_batch_table	sharepoint_2026-07-13_new439	source_reported
rna_seq:SRR13757772	study_title	H3K9me blocks transcription factor activity in differentiated cells to ensure tissue integrity [RNA-seq]	ena_study	shared/metadata_sources/v2/ena_studies/chunk_000.xml	source_reported
rna_seq:SRR13757772	library_strategy	RNA-Seq	ena_read_run	ENA read_run:SRR13757772; sample:SAMN18021512; study:SRP307349	source_reported
rna_seq:SRR13757772	library_layout	SINGLE	ena_read_run	ENA read_run:SRR13757772; sample:SAMN18021512; study:SRP307349	source_reported
rna_seq:SRR13757773	stage	L3	local_project_metadata	sharepoint_2026-07-13_new439	source_reported
rna_seq:SRR13757773	tissue	L3 body wall muscle	ena_sample	shared/metadata_sources/v2/ena_samples/chunk_004.xml	source_reported
rna_seq:SRR13757773	genotype	mutated+treated	provided_batch_table	sharepoint_2026-07-13_new439	source_reported
rna_seq:SRR13757773	data_source	PRJNA703543	provided_batch_table	sharepoint_2026-07-13_new439	source_reported
rna_seq:SRR13757773	study_title	H3K9me blocks transcription factor activity in differentiated cells to ensure tissue integrity [RNA-seq]	ena_study	shared/metadata_sources/v2/ena_studies/chunk_000.xml	source_reported
rna_seq:SRR13757773	library_strategy	RNA-Seq	ena_read_run	ENA read_run:SRR13757773; sample:SAMN18021511; study:SRP307349	source_reported
rna_seq:SRR13757773	library_layout	SINGLE	ena_read_run	ENA read_run:SRR13757773; sample:SAMN18021511; study:SRP307349	source_reported
rna_seq:SRR13964554	stage	Embryo	local_project_metadata	sharepoint_2026-07-13_new439	source_reported
rna_seq:SRR13964554	tissue	early embryo	ena_sample	shared/metadata_sources/v2/ena_samples/chunk_004.xml	source_reported
rna_seq:SRR13964554	strain	N2 (Bristol)	ena_sample	shared/metadata_sources/v2/ena_samples/chunk_004.xml	source_reported
rna_seq:SRR13964554	genotype	WT	provided_batch_table	sharepoint_2026-07-13_new439	source_reported
rna_seq:SRR13964554	data_source	PRJNA714608	provided_batch_table	sharepoint_2026-07-13_new439	source_reported
rna_seq:SRR13964554	study_title	A structural role for histone methyltransferase MET-2 represses transcription independent of H3K9me catalysis [RNA-seq]	ena_study	shared/metadata_sources/v2/ena_studies/chunk_000.xml	source_reported
rna_seq:SRR13964554	library_strategy	RNA-Seq	ena_read_run	ENA read_run:SRR13964554; sample:SAMN18313039; study:SRP310676	source_reported
rna_seq:SRR13964554	library_layout	SINGLE	ena_read_run	ENA read_run:SRR13964554; sample:SAMN18313039; study:SRP310676	source_reported
rna_seq:SRR13964555	stage	Embryo	local_project_metadata	sharepoint_2026-07-13_new439	source_reported
rna_seq:SRR13964555	tissue	early embryo	ena_sample	shared/metadata_sources/v2/ena_samples/chunk_004.xml	source_reported
rna_seq:SRR13964555	strain	N2 (Bristol)	ena_sample	shared/metadata_sources/v2/ena_samples/chunk_004.xml	source_reported
rna_seq:SRR13964555	genotype	WT	provided_batch_table	sharepoint_2026-07-13_new439	source_reported
rna_seq:SRR13964555	data_source	PRJNA714608	provided_batch_table	sharepoint_2026-07-13_new439	source_reported
rna_seq:SRR13964555	study_title	A structural role for histone methyltransferase MET-2 represses transcription independent of H3K9me catalysis [RNA-seq]	ena_study	shared/metadata_sources/v2/ena_studies/chunk_000.xml	source_reported
rna_seq:SRR13964555	library_strategy	RNA-Seq	ena_read_run	ENA read_run:SRR13964555; sample:SAMN18313038; study:SRP310676	source_reported
rna_seq:SRR13964555	library_layout	SINGLE	ena_read_run	ENA read_run:SRR13964555; sample:SAMN18313038; study:SRP310676	source_reported
rna_seq:SRR13964556	stage	Embryo	local_project_metadata	sharepoint_2026-07-13_new439	source_reported
rna_seq:SRR13964556	tissue	early embryo	ena_sample	shared/metadata_sources/v2/ena_samples/chunk_004.xml	source_reported
rna_seq:SRR13964556	strain	N2 (Bristol)	ena_sample	shared/metadata_sources/v2/ena_samples/chunk_004.xml	source_reported
rna_seq:SRR13964556	genotype	WT	provided_batch_table	sharepoint_2026-07-13_new439	source_reported
rna_seq:SRR13964556	data_source	PRJNA714608	provided_batch_table	sharepoint_2026-07-13_new439	source_reported
rna_seq:SRR13964556	study_title	A structural role for histone methyltransferase MET-2 represses transcription independent of H3K9me catalysis [RNA-seq]	ena_study	shared/metadata_sources/v2/ena_studies/chunk_000.xml	source_reported
rna_seq:SRR13964556	library_strategy	RNA-Seq	ena_read_run	ENA read_run:SRR13964556; sample:SAMN18313037; study:SRP310676	source_reported
rna_seq:SRR13964556	library_layout	SINGLE	ena_read_run	ENA read_run:SRR13964556; sample:SAMN18313037; study:SRP310676	source_reported
rna_seq:SRR13964557	stage	Embryo	local_project_metadata	sharepoint_2026-07-13_new439	source_reported
rna_seq:SRR13964557	tissue	early embryo	ena_sample	shared/metadata_sources/v2/ena_samples/chunk_004.xml	source_reported
rna_seq:SRR13964557	strain	N2 (Bristol)	ena_sample	shared/metadata_sources/v2/ena_samples/chunk_004.xml	source_reported
rna_seq:SRR13964557	genotype	treated	provided_batch_table	sharepoint_2026-07-13_new439	source_reported
rna_seq:SRR13964557	data_source	PRJNA714608	provided_batch_table	sharepoint_2026-07-13_new439	source_reported
rna_seq:SRR13964557	study_title	A structural role for histone methyltransferase MET-2 represses transcription independent of H3K9me catalysis [RNA-seq]	ena_study	shared/metadata_sources/v2/ena_studies/chunk_000.xml	source_reported
rna_seq:SRR13964557	library_strategy	RNA-Seq	ena_read_run	ENA read_run:SRR13964557; sample:SAMN18313036; study:SRP310676	source_reported
rna_seq:SRR13964557	library_layout	SINGLE	ena_read_run	ENA read_run:SRR13964557; sample:SAMN18313036; study:SRP310676	source_reported
rna_seq:SRR13964558	stage	Embryo	local_project_metadata	sharepoint_2026-07-13_new439	source_reported
rna_seq:SRR13964558	tissue	early embryo	ena_sample	shared/metadata_sources/v2/ena_samples/chunk_004.xml	source_reported
rna_seq:SRR13964558	strain	N2 (Bristol)	ena_sample	shared/metadata_sources/v2/ena_samples/chunk_004.xml	source_reported
rna_seq:SRR13964558	genotype	treated	provided_batch_table	sharepoint_2026-07-13_new439	source_reported
rna_seq:SRR13964558	data_source	PRJNA714608	provided_batch_table	sharepoint_2026-07-13_new439	source_reported
rna_seq:SRR13964558	study_title	A structural role for histone methyltransferase MET-2 represses transcription independent of H3K9me catalysis [RNA-seq]	ena_study	shared/metadata_sources/v2/ena_studies/chunk_000.xml	source_reported
rna_seq:SRR13964558	library_strategy	RNA-Seq	ena_read_run	ENA read_run:SRR13964558; sample:SAMN18313036; study:SRP310676	source_reported
rna_seq:SRR13964558	library_layout	SINGLE	ena_read_run	ENA read_run:SRR13964558; sample:SAMN18313036; study:SRP310676	source_reported
rna_seq:SRR13964559	stage	Embryo	local_project_metadata	sharepoint_2026-07-13_new439	source_reported
rna_seq:SRR13964559	tissue	early embryo	ena_sample	shared/metadata_sources/v2/ena_samples/chunk_004.xml	source_reported
rna_seq:SRR13964559	strain	N2 (Bristol)	ena_sample	shared/metadata_sources/v2/ena_samples/chunk_004.xml	source_reported
rna_seq:SRR13964559	genotype	treated	provided_batch_table	sharepoint_2026-07-13_new439	source_reported
rna_seq:SRR13964559	data_source	PRJNA714608	provided_batch_table	sharepoint_2026-07-13_new439	source_reported
rna_seq:SRR13964559	study_title	A structural role for histone methyltransferase MET-2 represses transcription independent of H3K9me catalysis [RNA-seq]	ena_study	shared/metadata_sources/v2/ena_studies/chunk_000.xml	source_reported
rna_seq:SRR13964559	library_strategy	RNA-Seq	ena_read_run	ENA read_run:SRR13964559; sample:SAMN18313035; study:SRP310676	source_reported
rna_seq:SRR13964559	library_layout	SINGLE	ena_read_run	ENA read_run:SRR13964559; sample:SAMN18313035; study:SRP310676	source_reported
rna_seq:SRR13964560	stage	Embryo	local_project_metadata	sharepoint_2026-07-13_new439	source_reported
rna_seq:SRR13964560	tissue	early embryo	ena_sample	shared/metadata_sources/v2/ena_samples/chunk_004.xml	source_reported
rna_seq:SRR13964560	strain	N2 (Bristol)	ena_sample	shared/metadata_sources/v2/ena_samples/chunk_004.xml	source_reported
rna_seq:SRR13964560	genotype	treated	provided_batch_table	sharepoint_2026-07-13_new439	source_reported
rna_seq:SRR13964560	data_source	PRJNA714608	provided_batch_table	sharepoint_2026-07-13_new439	source_reported
rna_seq:SRR13964560	study_title	A structural role for histone methyltransferase MET-2 represses transcription independent of H3K9me catalysis [RNA-seq]	ena_study	shared/metadata_sources/v2/ena_studies/chunk_000.xml	source_reported
rna_seq:SRR13964560	library_strategy	RNA-Seq	ena_read_run	ENA read_run:SRR13964560; sample:SAMN18313035; study:SRP310676	source_reported
rna_seq:SRR13964560	library_layout	SINGLE	ena_read_run	ENA read_run:SRR13964560; sample:SAMN18313035; study:SRP310676	source_reported
rna_seq:SRR13964561	stage	Embryo	local_project_metadata	sharepoint_2026-07-13_new439	source_reported
rna_seq:SRR13964561	tissue	early embryo	ena_sample	shared/metadata_sources/v2/ena_samples/chunk_004.xml	source_reported
rna_seq:SRR13964561	strain	N2 (Bristol)	ena_sample	shared/metadata_sources/v2/ena_samples/chunk_004.xml	source_reported
rna_seq:SRR13964561	genotype	treated	provided_batch_table	sharepoint_2026-07-13_new439	source_reported
rna_seq:SRR13964561	data_source	PRJNA714608	provided_batch_table	sharepoint_2026-07-13_new439	source_reported
rna_seq:SRR13964561	study_title	A structural role for histone methyltransferase MET-2 represses transcription independent of H3K9me catalysis [RNA-seq]	ena_study	shared/metadata_sources/v2/ena_studies/chunk_000.xml	source_reported
rna_seq:SRR13964561	library_strategy	RNA-Seq	ena_read_run	ENA read_run:SRR13964561; sample:SAMN18313034; study:SRP310676	source_reported
rna_seq:SRR13964561	library_layout	SINGLE	ena_read_run	ENA read_run:SRR13964561; sample:SAMN18313034; study:SRP310676	source_reported
rna_seq:SRR13964562	stage	Embryo	local_project_metadata	sharepoint_2026-07-13_new439	source_reported
rna_seq:SRR13964562	tissue	early embryo	ena_sample	shared/metadata_sources/v2/ena_samples/chunk_004.xml	source_reported
rna_seq:SRR13964562	strain	N2 (Bristol)	ena_sample	shared/metadata_sources/v2/ena_samples/chunk_004.xml	source_reported
rna_seq:SRR13964562	genotype	treated	provided_batch_table	sharepoint_2026-07-13_new439	source_reported
rna_seq:SRR13964562	data_source	PRJNA714608	provided_batch_table	sharepoint_2026-07-13_new439	source_reported
rna_seq:SRR13964562	study_title	A structural role for histone methyltransferase MET-2 represses transcription independent of H3K9me catalysis [RNA-seq]	ena_study	shared/metadata_sources/v2/ena_studies/chunk_000.xml	source_reported
rna_seq:SRR13964562	library_strategy	RNA-Seq	ena_read_run	ENA read_run:SRR13964562; sample:SAMN18313034; study:SRP310676	source_reported
rna_seq:SRR13964562	library_layout	SINGLE	ena_read_run	ENA read_run:SRR13964562; sample:SAMN18313034; study:SRP310676	source_reported
rna_seq:SRR13964563	stage	Embryo	local_project_metadata	sharepoint_2026-07-13_new439	source_reported
rna_seq:SRR13964563	tissue	early embryo	ena_sample	shared/metadata_sources/v2/ena_samples/chunk_004.xml	source_reported
rna_seq:SRR13964563	strain	met-2(n4256) III	ena_sample	shared/metadata_sources/v2/ena_samples/chunk_004.xml	source_reported
rna_seq:SRR13964563	genotype	mutated	provided_batch_table	sharepoint_2026-07-13_new439	source_reported
rna_seq:SRR13964563	data_source	PRJNA714608	provided_batch_table	sharepoint_2026-07-13_new439	source_reported
rna_seq:SRR13964563	study_title	A structural role for histone methyltransferase MET-2 represses transcription independent of H3K9me catalysis [RNA-seq]	ena_study	shared/metadata_sources/v2/ena_studies/chunk_000.xml	source_reported
rna_seq:SRR13964563	library_strategy	RNA-Seq	ena_read_run	ENA read_run:SRR13964563; sample:SAMN18313033; study:SRP310676	source_reported
rna_seq:SRR13964563	library_layout	SINGLE	ena_read_run	ENA read_run:SRR13964563; sample:SAMN18313033; study:SRP310676	source_reported
rna_seq:SRR13964564	stage	Embryo	local_project_metadata	sharepoint_2026-07-13_new439	source_reported
rna_seq:SRR13964564	tissue	early embryo	ena_sample	shared/metadata_sources/v2/ena_samples/chunk_004.xml	source_reported
rna_seq:SRR13964564	strain	met-2(n4256) III	ena_sample	shared/metadata_sources/v2/ena_samples/chunk_004.xml	source_reported
rna_seq:SRR13964564	genotype	mutated	provided_batch_table	sharepoint_2026-07-13_new439	source_reported
rna_seq:SRR13964564	data_source	PRJNA714608	provided_batch_table	sharepoint_2026-07-13_new439	source_reported
rna_seq:SRR13964564	study_title	A structural role for histone methyltransferase MET-2 represses transcription independent of H3K9me catalysis [RNA-seq]	ena_study	shared/metadata_sources/v2/ena_studies/chunk_000.xml	source_reported
rna_seq:SRR13964564	library_strategy	RNA-Seq	ena_read_run	ENA read_run:SRR13964564; sample:SAMN18313033; study:SRP310676	source_reported
rna_seq:SRR13964564	library_layout	SINGLE	ena_read_run	ENA read_run:SRR13964564; sample:SAMN18313033; study:SRP310676	source_reported
rna_seq:SRR13964565	stage	Embryo	local_project_metadata	sharepoint_2026-07-13_new439	source_reported
rna_seq:SRR13964565	tissue	early embryo	ena_sample	shared/metadata_sources/v2/ena_samples/chunk_004.xml	source_reported
rna_seq:SRR13964565	strain	met-2(n4256) III	ena_sample	shared/metadata_sources/v2/ena_samples/chunk_004.xml	source_reported
rna_seq:SRR13964565	genotype	mutated	provided_batch_table	sharepoint_2026-07-13_new439	source_reported
rna_seq:SRR13964565	data_source	PRJNA714608	provided_batch_table	sharepoint_2026-07-13_new439	source_reported
rna_seq:SRR13964565	study_title	A structural role for histone methyltransferase MET-2 represses transcription independent of H3K9me catalysis [RNA-seq]	ena_study	shared/metadata_sources/v2/ena_studies/chunk_000.xml	source_reported
rna_seq:SRR13964565	library_strategy	RNA-Seq	ena_read_run	ENA read_run:SRR13964565; sample:SAMN18313032; study:SRP310676	source_reported
rna_seq:SRR13964565	library_layout	SINGLE	ena_read_run	ENA read_run:SRR13964565; sample:SAMN18313032; study:SRP310676	source_reported
rna_seq:SRR13964566	stage	Embryo	local_project_metadata	sharepoint_2026-07-13_new439	source_reported
rna_seq:SRR13964566	tissue	early embryo	ena_sample	shared/metadata_sources/v2/ena_samples/chunk_004.xml	source_reported
rna_seq:SRR13964566	strain	met-2(n4256) III	ena_sample	shared/metadata_sources/v2/ena_samples/chunk_004.xml	source_reported
rna_seq:SRR13964566	genotype	mutated	provided_batch_table	sharepoint_2026-07-13_new439	source_reported
rna_seq:SRR13964566	data_source	PRJNA714608	provided_batch_table	sharepoint_2026-07-13_new439	source_reported
rna_seq:SRR13964566	study_title	A structural role for histone methyltransferase MET-2 represses transcription independent of H3K9me catalysis [RNA-seq]	ena_study	shared/metadata_sources/v2/ena_studies/chunk_000.xml	source_reported
rna_seq:SRR13964566	library_strategy	RNA-Seq	ena_read_run	ENA read_run:SRR13964566; sample:SAMN18313032; study:SRP310676	source_reported
rna_seq:SRR13964566	library_layout	SINGLE	ena_read_run	ENA read_run:SRR13964566; sample:SAMN18313032; study:SRP310676	source_reported
rna_seq:SRR13964567	stage	Embryo	local_project_metadata	sharepoint_2026-07-13_new439	source_reported
rna_seq:SRR13964567	tissue	early embryo	ena_sample	shared/metadata_sources/v2/ena_samples/chunk_004.xml	source_reported
rna_seq:SRR13964567	strain	met-2(n4256) III	ena_sample	shared/metadata_sources/v2/ena_samples/chunk_004.xml	source_reported
rna_seq:SRR13964567	genotype	mutated	provided_batch_table	sharepoint_2026-07-13_new439	source_reported
rna_seq:SRR13964567	data_source	PRJNA714608	provided_batch_table	sharepoint_2026-07-13_new439	source_reported
rna_seq:SRR13964567	study_title	A structural role for histone methyltransferase MET-2 represses transcription independent of H3K9me catalysis [RNA-seq]	ena_study	shared/metadata_sources/v2/ena_studies/chunk_000.xml	source_reported
rna_seq:SRR13964567	library_strategy	RNA-Seq	ena_read_run	ENA read_run:SRR13964567; sample:SAMN18313031; study:SRP310676	source_reported
rna_seq:SRR13964567	library_layout	SINGLE	ena_read_run	ENA read_run:SRR13964567; sample:SAMN18313031; study:SRP310676	source_reported
rna_seq:SRR13964568	stage	Embryo	local_project_metadata	sharepoint_2026-07-13_new439	source_reported
rna_seq:SRR13964568	tissue	early embryo	ena_sample	shared/metadata_sources/v2/ena_samples/chunk_004.xml	source_reported
rna_seq:SRR13964568	strain	met-2(n4256) III	ena_sample	shared/metadata_sources/v2/ena_samples/chunk_004.xml	source_reported
rna_seq:SRR13964568	genotype	mutated	provided_batch_table	sharepoint_2026-07-13_new439	source_reported
rna_seq:SRR13964568	data_source	PRJNA714608	provided_batch_table	sharepoint_2026-07-13_new439	source_reported
rna_seq:SRR13964568	study_title	A structural role for histone methyltransferase MET-2 represses transcription independent of H3K9me catalysis [RNA-seq]	ena_study	shared/metadata_sources/v2/ena_studies/chunk_000.xml	source_reported
rna_seq:SRR13964568	library_strategy	RNA-Seq	ena_read_run	ENA read_run:SRR13964568; sample:SAMN18313031; study:SRP310676	source_reported
rna_seq:SRR13964568	library_layout	SINGLE	ena_read_run	ENA read_run:SRR13964568; sample:SAMN18313031; study:SRP310676	source_reported
rna_seq:SRR13964569	stage	Embryo	local_project_metadata	sharepoint_2026-07-13_new439	source_reported
rna_seq:SRR13964569	tissue	early embryo	ena_sample	shared/metadata_sources/v2/ena_samples/chunk_004.xml	source_reported
rna_seq:SRR13964569	strain	met-2(n4256) III	ena_sample	shared/metadata_sources/v2/ena_samples/chunk_004.xml	source_reported
rna_seq:SRR13964569	genotype	mutated+treated	provided_batch_table	sharepoint_2026-07-13_new439	source_reported
rna_seq:SRR13964569	data_source	PRJNA714608	provided_batch_table	sharepoint_2026-07-13_new439	source_reported
rna_seq:SRR13964569	study_title	A structural role for histone methyltransferase MET-2 represses transcription independent of H3K9me catalysis [RNA-seq]	ena_study	shared/metadata_sources/v2/ena_studies/chunk_000.xml	source_reported
rna_seq:SRR13964569	library_strategy	RNA-Seq	ena_read_run	ENA read_run:SRR13964569; sample:SAMN18313030; study:SRP310676	source_reported
rna_seq:SRR13964569	library_layout	SINGLE	ena_read_run	ENA read_run:SRR13964569; sample:SAMN18313030; study:SRP310676	source_reported
rna_seq:SRR13964570	stage	Embryo	local_project_metadata	sharepoint_2026-07-13_new439	source_reported
rna_seq:SRR13964570	tissue	early embryo	ena_sample	shared/metadata_sources/v2/ena_samples/chunk_004.xml	source_reported
rna_seq:SRR13964570	strain	met-2(n4256) III	ena_sample	shared/metadata_sources/v2/ena_samples/chunk_004.xml	source_reported
rna_seq:SRR13964570	genotype	mutated+treated	provided_batch_table	sharepoint_2026-07-13_new439	source_reported
rna_seq:SRR13964570	data_source	PRJNA714608	provided_batch_table	sharepoint_2026-07-13_new439	source_reported
rna_seq:SRR13964570	study_title	A structural role for histone methyltransferase MET-2 represses transcription independent of H3K9me catalysis [RNA-seq]	ena_study	shared/metadata_sources/v2/ena_studies/chunk_000.xml	source_reported
rna_seq:SRR13964570	library_strategy	RNA-Seq	ena_read_run	ENA read_run:SRR13964570; sample:SAMN18313030; study:SRP310676	source_reported
rna_seq:SRR13964570	library_layout	SINGLE	ena_read_run	ENA read_run:SRR13964570; sample:SAMN18313030; study:SRP310676	source_reported
rna_seq:SRR13964571	stage	Embryo	local_project_metadata	sharepoint_2026-07-13_new439	source_reported
rna_seq:SRR13964571	tissue	early embryo	ena_sample	shared/metadata_sources/v2/ena_samples/chunk_004.xml	source_reported
rna_seq:SRR13964571	strain	met-2(n4256) III	ena_sample	shared/metadata_sources/v2/ena_samples/chunk_004.xml	source_reported
rna_seq:SRR13964571	genotype	mutated+treated	provided_batch_table	sharepoint_2026-07-13_new439	source_reported
rna_seq:SRR13964571	data_source	PRJNA714608	provided_batch_table	sharepoint_2026-07-13_new439	source_reported
rna_seq:SRR13964571	study_title	A structural role for histone methyltransferase MET-2 represses transcription independent of H3K9me catalysis [RNA-seq]	ena_study	shared/metadata_sources/v2/ena_studies/chunk_000.xml	source_reported
rna_seq:SRR13964571	library_strategy	RNA-Seq	ena_read_run	ENA read_run:SRR13964571; sample:SAMN18313029; study:SRP310676	source_reported
rna_seq:SRR13964571	library_layout	SINGLE	ena_read_run	ENA read_run:SRR13964571; sample:SAMN18313029; study:SRP310676	source_reported
rna_seq:SRR13964572	stage	Embryo	local_project_metadata	sharepoint_2026-07-13_new439	source_reported
rna_seq:SRR13964572	tissue	early embryo	ena_sample	shared/metadata_sources/v2/ena_samples/chunk_004.xml	source_reported
rna_seq:SRR13964572	strain	met-2(n4256) III	ena_sample	shared/metadata_sources/v2/ena_samples/chunk_004.xml	source_reported
rna_seq:SRR13964572	genotype	mutated+treated	provided_batch_table	sharepoint_2026-07-13_new439	source_reported
rna_seq:SRR13964572	data_source	PRJNA714608	provided_batch_table	sharepoint_2026-07-13_new439	source_reported
rna_seq:SRR13964572	study_title	A structural role for histone methyltransferase MET-2 represses transcription independent of H3K9me catalysis [RNA-seq]	ena_study	shared/metadata_sources/v2/ena_studies/chunk_000.xml	source_reported
rna_seq:SRR13964572	library_strategy	RNA-Seq	ena_read_run	ENA read_run:SRR13964572; sample:SAMN18313029; study:SRP310676	source_reported
rna_seq:SRR13964572	library_layout	SINGLE	ena_read_run	ENA read_run:SRR13964572; sample:SAMN18313029; study:SRP310676	source_reported
rna_seq:SRR13964573	stage	Embryo	local_project_metadata	sharepoint_2026-07-13_new439	source_reported
rna_seq:SRR13964573	tissue	early embryo	ena_sample	shared/metadata_sources/v2/ena_samples/chunk_004.xml	source_reported
rna_seq:SRR13964573	strain	met-2(n4256) III	ena_sample	shared/metadata_sources/v2/ena_samples/chunk_004.xml	source_reported
rna_seq:SRR13964573	genotype	mutated+treated	provided_batch_table	sharepoint_2026-07-13_new439	source_reported
rna_seq:SRR13964573	data_source	PRJNA714608	provided_batch_table	sharepoint_2026-07-13_new439	source_reported
rna_seq:SRR13964573	study_title	A structural role for histone methyltransferase MET-2 represses transcription independent of H3K9me catalysis [RNA-seq]	ena_study	shared/metadata_sources/v2/ena_studies/chunk_000.xml	source_reported
rna_seq:SRR13964573	library_strategy	RNA-Seq	ena_read_run	ENA read_run:SRR13964573; sample:SAMN18313028; study:SRP310676	source_reported
rna_seq:SRR13964573	library_layout	SINGLE	ena_read_run	ENA read_run:SRR13964573; sample:SAMN18313028; study:SRP310676	source_reported
rna_seq:SRR13964574	stage	Embryo	local_project_metadata	sharepoint_2026-07-13_new439	source_reported
rna_seq:SRR13964574	tissue	early embryo	ena_sample	shared/metadata_sources/v2/ena_samples/chunk_004.xml	source_reported
rna_seq:SRR13964574	strain	met-2(n4256) III	ena_sample	shared/metadata_sources/v2/ena_samples/chunk_004.xml	source_reported
rna_seq:SRR13964574	genotype	mutated+treated	provided_batch_table	sharepoint_2026-07-13_new439	source_reported
rna_seq:SRR13964574	data_source	PRJNA714608	provided_batch_table	sharepoint_2026-07-13_new439	source_reported
rna_seq:SRR13964574	study_title	A structural role for histone methyltransferase MET-2 represses transcription independent of H3K9me catalysis [RNA-seq]	ena_study	shared/metadata_sources/v2/ena_studies/chunk_000.xml	source_reported
rna_seq:SRR13964574	library_strategy	RNA-Seq	ena_read_run	ENA read_run:SRR13964574; sample:SAMN18313028; study:SRP310676	source_reported
rna_seq:SRR13964574	library_layout	SINGLE	ena_read_run	ENA read_run:SRR13964574; sample:SAMN18313028; study:SRP310676	source_reported
rna_seq:SRR13964575	stage	Embryo	local_project_metadata	sharepoint_2026-07-13_new439	source_reported
rna_seq:SRR13964575	tissue	early embryo	ena_sample	shared/metadata_sources/v2/ena_samples/chunk_004.xml	source_reported
rna_seq:SRR13964575	strain	met-2(gw1660) III	ena_sample	shared/metadata_sources/v2/ena_samples/chunk_004.xml	source_reported
rna_seq:SRR13964575	genotype	mutated	provided_batch_table	sharepoint_2026-07-13_new439	source_reported
rna_seq:SRR13964575	data_source	PRJNA714608	provided_batch_table	sharepoint_2026-07-13_new439	source_reported
rna_seq:SRR13964575	study_title	A structural role for histone methyltransferase MET-2 represses transcription independent of H3K9me catalysis [RNA-seq]	ena_study	shared/metadata_sources/v2/ena_studies/chunk_000.xml	source_reported
rna_seq:SRR13964575	library_strategy	RNA-Seq	ena_read_run	ENA read_run:SRR13964575; sample:SAMN18313027; study:SRP310676	source_reported
rna_seq:SRR13964575	library_layout	SINGLE	ena_read_run	ENA read_run:SRR13964575; sample:SAMN18313027; study:SRP310676	source_reported
rna_seq:SRR13964576	stage	Embryo	local_project_metadata	sharepoint_2026-07-13_new439	source_reported
rna_seq:SRR13964576	tissue	early embryo	ena_sample	shared/metadata_sources/v2/ena_samples/chunk_004.xml	source_reported
rna_seq:SRR13964576	strain	met-2(gw1660) III	ena_sample	shared/metadata_sources/v2/ena_samples/chunk_004.xml	source_reported
rna_seq:SRR13964576	genotype	mutated	provided_batch_table	sharepoint_2026-07-13_new439	source_reported
rna_seq:SRR13964576	data_source	PRJNA714608	provided_batch_table	sharepoint_2026-07-13_new439	source_reported
rna_seq:SRR13964576	study_title	A structural role for histone methyltransferase MET-2 represses transcription independent of H3K9me catalysis [RNA-seq]	ena_study	shared/metadata_sources/v2/ena_studies/chunk_000.xml	source_reported
rna_seq:SRR13964576	library_strategy	RNA-Seq	ena_read_run	ENA read_run:SRR13964576; sample:SAMN18313027; study:SRP310676	source_reported
rna_seq:SRR13964576	library_layout	SINGLE	ena_read_run	ENA read_run:SRR13964576; sample:SAMN18313027; study:SRP310676	source_reported
rna_seq:SRR13964577	stage	Embryo	local_project_metadata	sharepoint_2026-07-13_new439	source_reported
rna_seq:SRR13964577	tissue	early embryo	ena_sample	shared/metadata_sources/v2/ena_samples/chunk_004.xml	source_reported
rna_seq:SRR13964577	strain	met-2(gw1660) III	ena_sample	shared/metadata_sources/v2/ena_samples/chunk_004.xml	source_reported
rna_seq:SRR13964577	genotype	mutated	provided_batch_table	sharepoint_2026-07-13_new439	source_reported
rna_seq:SRR13964577	data_source	PRJNA714608	provided_batch_table	sharepoint_2026-07-13_new439	source_reported
rna_seq:SRR13964577	study_title	A structural role for histone methyltransferase MET-2 represses transcription independent of H3K9me catalysis [RNA-seq]	ena_study	shared/metadata_sources/v2/ena_studies/chunk_000.xml	source_reported
rna_seq:SRR13964577	library_strategy	RNA-Seq	ena_read_run	ENA read_run:SRR13964577; sample:SAMN18313027; study:SRP310676	source_reported
rna_seq:SRR13964577	library_layout	SINGLE	ena_read_run	ENA read_run:SRR13964577; sample:SAMN18313027; study:SRP310676	source_reported
rna_seq:SRR13964578	stage	Embryo	local_project_metadata	sharepoint_2026-07-13_new439	source_reported
rna_seq:SRR13964578	tissue	early embryo	ena_sample	shared/metadata_sources/v2/ena_samples/chunk_004.xml	source_reported
rna_seq:SRR13964578	strain	met-2(gw1660) III	ena_sample	shared/metadata_sources/v2/ena_samples/chunk_004.xml	source_reported
rna_seq:SRR13964578	genotype	mutated	provided_batch_table	sharepoint_2026-07-13_new439	source_reported
rna_seq:SRR13964578	data_source	PRJNA714608	provided_batch_table	sharepoint_2026-07-13_new439	source_reported
rna_seq:SRR13964578	study_title	A structural role for histone methyltransferase MET-2 represses transcription independent of H3K9me catalysis [RNA-seq]	ena_study	shared/metadata_sources/v2/ena_studies/chunk_000.xml	source_reported
rna_seq:SRR13964578	library_strategy	RNA-Seq	ena_read_run	ENA read_run:SRR13964578; sample:SAMN18313027; study:SRP310676	source_reported
rna_seq:SRR13964578	library_layout	SINGLE	ena_read_run	ENA read_run:SRR13964578; sample:SAMN18313027; study:SRP310676	source_reported
rna_seq:SRR13964579	stage	Embryo	local_project_metadata	sharepoint_2026-07-13_new439	source_reported
rna_seq:SRR13964579	tissue	early embryo	ena_sample	shared/metadata_sources/v2/ena_samples/chunk_004.xml	source_reported
rna_seq:SRR13964579	strain	met-2(gw1660) III	ena_sample	shared/metadata_sources/v2/ena_samples/chunk_004.xml	source_reported
rna_seq:SRR13964579	genotype	mutated	provided_batch_table	sharepoint_2026-07-13_new439	source_reported
rna_seq:SRR13964579	data_source	PRJNA714608	provided_batch_table	sharepoint_2026-07-13_new439	source_reported
rna_seq:SRR13964579	study_title	A structural role for histone methyltransferase MET-2 represses transcription independent of H3K9me catalysis [RNA-seq]	ena_study	shared/metadata_sources/v2/ena_studies/chunk_000.xml	source_reported
rna_seq:SRR13964579	library_strategy	RNA-Seq	ena_read_run	ENA read_run:SRR13964579; sample:SAMN18313026; study:SRP310676	source_reported
rna_seq:SRR13964579	library_layout	SINGLE	ena_read_run	ENA read_run:SRR13964579; sample:SAMN18313026; study:SRP310676	source_reported
rna_seq:SRR13964580	stage	Embryo	local_project_metadata	sharepoint_2026-07-13_new439	source_reported
rna_seq:SRR13964580	tissue	early embryo	ena_sample	shared/metadata_sources/v2/ena_samples/chunk_004.xml	source_reported
rna_seq:SRR13964580	strain	met-2(gw1660) III	ena_sample	shared/metadata_sources/v2/ena_samples/chunk_004.xml	source_reported
rna_seq:SRR13964580	genotype	mutated	provided_batch_table	sharepoint_2026-07-13_new439	source_reported
rna_seq:SRR13964580	data_source	PRJNA714608	provided_batch_table	sharepoint_2026-07-13_new439	source_reported
rna_seq:SRR13964580	study_title	A structural role for histone methyltransferase MET-2 represses transcription independent of H3K9me catalysis [RNA-seq]	ena_study	shared/metadata_sources/v2/ena_studies/chunk_000.xml	source_reported
rna_seq:SRR13964580	library_strategy	RNA-Seq	ena_read_run	ENA read_run:SRR13964580; sample:SAMN18313026; study:SRP310676	source_reported
rna_seq:SRR13964580	library_layout	SINGLE	ena_read_run	ENA read_run:SRR13964580; sample:SAMN18313026; study:SRP310676	source_reported
rna_seq:SRR13964581	stage	Embryo	local_project_metadata	sharepoint_2026-07-13_new439	source_reported
rna_seq:SRR13964581	tissue	early embryo	ena_sample	shared/metadata_sources/v2/ena_samples/chunk_004.xml	source_reported
rna_seq:SRR13964581	strain	met-2(gw1660) III	ena_sample	shared/metadata_sources/v2/ena_samples/chunk_004.xml	source_reported
rna_seq:SRR13964581	genotype	mutated	provided_batch_table	sharepoint_2026-07-13_new439	source_reported
rna_seq:SRR13964581	data_source	PRJNA714608	provided_batch_table	sharepoint_2026-07-13_new439	source_reported
rna_seq:SRR13964581	study_title	A structural role for histone methyltransferase MET-2 represses transcription independent of H3K9me catalysis [RNA-seq]	ena_study	shared/metadata_sources/v2/ena_studies/chunk_000.xml	source_reported
rna_seq:SRR13964581	library_strategy	RNA-Seq	ena_read_run	ENA read_run:SRR13964581; sample:SAMN18313026; study:SRP310676	source_reported
rna_seq:SRR13964581	library_layout	SINGLE	ena_read_run	ENA read_run:SRR13964581; sample:SAMN18313026; study:SRP310676	source_reported
rna_seq:SRR13964582	stage	Embryo	local_project_metadata	sharepoint_2026-07-13_new439	source_reported
rna_seq:SRR13964582	tissue	early embryo	ena_sample	shared/metadata_sources/v2/ena_samples/chunk_004.xml	source_reported
rna_seq:SRR13964582	strain	met-2(gw1660) III	ena_sample	shared/metadata_sources/v2/ena_samples/chunk_004.xml	source_reported
rna_seq:SRR13964582	genotype	mutated	provided_batch_table	sharepoint_2026-07-13_new439	source_reported
rna_seq:SRR13964582	data_source	PRJNA714608	provided_batch_table	sharepoint_2026-07-13_new439	source_reported
rna_seq:SRR13964582	study_title	A structural role for histone methyltransferase MET-2 represses transcription independent of H3K9me catalysis [RNA-seq]	ena_study	shared/metadata_sources/v2/ena_studies/chunk_000.xml	source_reported
rna_seq:SRR13964582	library_strategy	RNA-Seq	ena_read_run	ENA read_run:SRR13964582; sample:SAMN18313026; study:SRP310676	source_reported
rna_seq:SRR13964582	library_layout	SINGLE	ena_read_run	ENA read_run:SRR13964582; sample:SAMN18313026; study:SRP310676	source_reported
rna_seq:SRR13964583	stage	Embryo	local_project_metadata	sharepoint_2026-07-13_new439	source_reported
rna_seq:SRR13964583	tissue	early embryo	ena_sample	shared/metadata_sources/v2/ena_samples/chunk_004.xml	source_reported
rna_seq:SRR13964583	strain	met-2(gw1660) III	ena_sample	shared/metadata_sources/v2/ena_samples/chunk_004.xml	source_reported
rna_seq:SRR13964583	genotype	mutated	provided_batch_table	sharepoint_2026-07-13_new439	source_reported
rna_seq:SRR13964583	data_source	PRJNA714608	provided_batch_table	sharepoint_2026-07-13_new439	source_reported
rna_seq:SRR13964583	study_title	A structural role for histone methyltransferase MET-2 represses transcription independent of H3K9me catalysis [RNA-seq]	ena_study	shared/metadata_sources/v2/ena_studies/chunk_000.xml	source_reported
rna_seq:SRR13964583	library_strategy	RNA-Seq	ena_read_run	ENA read_run:SRR13964583; sample:SAMN18313025; study:SRP310676	source_reported
rna_seq:SRR13964583	library_layout	SINGLE	ena_read_run	ENA read_run:SRR13964583; sample:SAMN18313025; study:SRP310676	source_reported
rna_seq:SRR13964584	stage	Embryo	local_project_metadata	sharepoint_2026-07-13_new439	source_reported
rna_seq:SRR13964584	tissue	early embryo	ena_sample	shared/metadata_sources/v2/ena_samples/chunk_004.xml	source_reported
rna_seq:SRR13964584	strain	met-2(gw1660) III	ena_sample	shared/metadata_sources/v2/ena_samples/chunk_004.xml	source_reported
rna_seq:SRR13964584	genotype	mutated	provided_batch_table	sharepoint_2026-07-13_new439	source_reported
rna_seq:SRR13964584	data_source	PRJNA714608	provided_batch_table	sharepoint_2026-07-13_new439	source_reported
rna_seq:SRR13964584	study_title	A structural role for histone methyltransferase MET-2 represses transcription independent of H3K9me catalysis [RNA-seq]	ena_study	shared/metadata_sources/v2/ena_studies/chunk_000.xml	source_reported
rna_seq:SRR13964584	library_strategy	RNA-Seq	ena_read_run	ENA read_run:SRR13964584; sample:SAMN18313025; study:SRP310676	source_reported
rna_seq:SRR13964584	library_layout	SINGLE	ena_read_run	ENA read_run:SRR13964584; sample:SAMN18313025; study:SRP310676	source_reported
rna_seq:SRR13964585	stage	Embryo	local_project_metadata	sharepoint_2026-07-13_new439	source_reported
rna_seq:SRR13964585	tissue	early embryo	ena_sample	shared/metadata_sources/v2/ena_samples/chunk_004.xml	source_reported
rna_seq:SRR13964585	strain	met-2(gw1660) III	ena_sample	shared/metadata_sources/v2/ena_samples/chunk_004.xml	source_reported
rna_seq:SRR13964585	genotype	mutated	provided_batch_table	sharepoint_2026-07-13_new439	source_reported
rna_seq:SRR13964585	data_source	PRJNA714608	provided_batch_table	sharepoint_2026-07-13_new439	source_reported
rna_seq:SRR13964585	study_title	A structural role for histone methyltransferase MET-2 represses transcription independent of H3K9me catalysis [RNA-seq]	ena_study	shared/metadata_sources/v2/ena_studies/chunk_000.xml	source_reported
rna_seq:SRR13964585	library_strategy	RNA-Seq	ena_read_run	ENA read_run:SRR13964585; sample:SAMN18313025; study:SRP310676	source_reported
rna_seq:SRR13964585	library_layout	SINGLE	ena_read_run	ENA read_run:SRR13964585; sample:SAMN18313025; study:SRP310676	source_reported
rna_seq:SRR13964586	stage	Embryo	local_project_metadata	sharepoint_2026-07-13_new439	source_reported
rna_seq:SRR13964586	tissue	early embryo	ena_sample	shared/metadata_sources/v2/ena_samples/chunk_004.xml	source_reported
rna_seq:SRR13964586	strain	met-2(gw1660) III	ena_sample	shared/metadata_sources/v2/ena_samples/chunk_004.xml	source_reported
rna_seq:SRR13964586	genotype	mutated	provided_batch_table	sharepoint_2026-07-13_new439	source_reported
rna_seq:SRR13964586	data_source	PRJNA714608	provided_batch_table	sharepoint_2026-07-13_new439	source_reported
rna_seq:SRR13964586	study_title	A structural role for histone methyltransferase MET-2 represses transcription independent of H3K9me catalysis [RNA-seq]	ena_study	shared/metadata_sources/v2/ena_studies/chunk_000.xml	source_reported
rna_seq:SRR13964586	library_strategy	RNA-Seq	ena_read_run	ENA read_run:SRR13964586; sample:SAMN18313025; study:SRP310676	source_reported
rna_seq:SRR13964586	library_layout	SINGLE	ena_read_run	ENA read_run:SRR13964586; sample:SAMN18313025; study:SRP310676	source_reported
rna_seq:SRR14191081	stage	L4	local_project_metadata	sharepoint_2026-07-13_new439	source_reported
rna_seq:SRR14191081	stage	mid L4	ena_sample	shared/metadata_sources/v2/ena_samples/chunk_005.xml	source_reported
rna_seq:SRR14191081	strain	lin-41(tn1541)	ena_sample	shared/metadata_sources/v2/ena_samples/chunk_005.xml	source_reported
rna_seq:SRR14191081	genotype	mutated	provided_batch_table	sharepoint_2026-07-13_new439	source_reported
rna_seq:SRR14191081	data_source	PRJNA720677	provided_batch_table	sharepoint_2026-07-13_new439	source_reported
rna_seq:SRR14191081	study_title	Critical contribution of 3' non-seed base pairing to the in vivo function of the evolutionarily conserved let-7a microRNA [RNA-seq]	ena_study	shared/metadata_sources/v2/ena_studies/chunk_000.xml	source_reported
rna_seq:SRR14191081	library_strategy	RNA-Seq	ena_read_run	ENA read_run:SRR14191081; sample:SAMN18675570; study:SRP314086	source_reported
rna_seq:SRR14191081	library_layout	SINGLE	ena_read_run	ENA read_run:SRR14191081; sample:SAMN18675570; study:SRP314086	source_reported
rna_seq:SRR14191082	stage	L4	local_project_metadata	sharepoint_2026-07-13_new439	source_reported
rna_seq:SRR14191082	stage	mid L4	ena_sample	shared/metadata_sources/v2/ena_samples/chunk_005.xml	source_reported
rna_seq:SRR14191082	strain	lin-41(tn1541)	ena_sample	shared/metadata_sources/v2/ena_samples/chunk_005.xml	source_reported
rna_seq:SRR14191082	genotype	mutated	provided_batch_table	sharepoint_2026-07-13_new439	source_reported
rna_seq:SRR14191082	data_source	PRJNA720677	provided_batch_table	sharepoint_2026-07-13_new439	source_reported
rna_seq:SRR14191082	study_title	Critical contribution of 3' non-seed base pairing to the in vivo function of the evolutionarily conserved let-7a microRNA [RNA-seq]	ena_study	shared/metadata_sources/v2/ena_studies/chunk_000.xml	source_reported
rna_seq:SRR14191082	library_strategy	RNA-Seq	ena_read_run	ENA read_run:SRR14191082; sample:SAMN18675569; study:SRP314086	source_reported
rna_seq:SRR14191082	library_layout	SINGLE	ena_read_run	ENA read_run:SRR14191082; sample:SAMN18675569; study:SRP314086	source_reported
rna_seq:SRR14191083	stage	L4	local_project_metadata	sharepoint_2026-07-13_new439	source_reported
rna_seq:SRR14191083	stage	mid L4	ena_sample	shared/metadata_sources/v2/ena_samples/chunk_005.xml	source_reported
rna_seq:SRR14191083	strain	lin-41(tn1541)	ena_sample	shared/metadata_sources/v2/ena_samples/chunk_005.xml	source_reported
rna_seq:SRR14191083	genotype	mutated	provided_batch_table	sharepoint_2026-07-13_new439	source_reported
rna_seq:SRR14191083	data_source	PRJNA720677	provided_batch_table	sharepoint_2026-07-13_new439	source_reported
rna_seq:SRR14191083	study_title	Critical contribution of 3' non-seed base pairing to the in vivo function of the evolutionarily conserved let-7a microRNA [RNA-seq]	ena_study	shared/metadata_sources/v2/ena_studies/chunk_000.xml	source_reported
rna_seq:SRR14191083	library_strategy	RNA-Seq	ena_read_run	ENA read_run:SRR14191083; sample:SAMN18675568; study:SRP314086	source_reported
rna_seq:SRR14191083	library_layout	SINGLE	ena_read_run	ENA read_run:SRR14191083; sample:SAMN18675568; study:SRP314086	source_reported
rna_seq:SRR14191084	stage	L4	local_project_metadata	sharepoint_2026-07-13_new439	source_reported
rna_seq:SRR14191084	stage	mid L4	ena_sample	shared/metadata_sources/v2/ena_samples/chunk_005.xml	source_reported
rna_seq:SRR14191084	strain	lin-41(tn1541ma480);let-7(ma432)	ena_sample	shared/metadata_sources/v2/ena_samples/chunk_005.xml	source_reported
rna_seq:SRR14191084	genotype	mutated	provided_batch_table	sharepoint_2026-07-13_new439	source_reported
rna_seq:SRR14191084	data_source	PRJNA720677	provided_batch_table	sharepoint_2026-07-13_new439	source_reported
rna_seq:SRR14191084	study_title	Critical contribution of 3' non-seed base pairing to the in vivo function of the evolutionarily conserved let-7a microRNA [RNA-seq]	ena_study	shared/metadata_sources/v2/ena_studies/chunk_000.xml	source_reported
rna_seq:SRR14191084	library_strategy	RNA-Seq	ena_read_run	ENA read_run:SRR14191084; sample:SAMN18675567; study:SRP314086	source_reported
rna_seq:SRR14191084	library_layout	SINGLE	ena_read_run	ENA read_run:SRR14191084; sample:SAMN18675567; study:SRP314086	source_reported
rna_seq:SRR14191085	stage	L4	local_project_metadata	sharepoint_2026-07-13_new439	source_reported
rna_seq:SRR14191085	stage	mid L4	ena_sample	shared/metadata_sources/v2/ena_samples/chunk_004.xml	source_reported
rna_seq:SRR14191085	strain	lin-41(tn1541ma480);let-7(ma432)	ena_sample	shared/metadata_sources/v2/ena_samples/chunk_004.xml	source_reported
rna_seq:SRR14191085	genotype	mutated	provided_batch_table	sharepoint_2026-07-13_new439	source_reported
rna_seq:SRR14191085	data_source	PRJNA720677	provided_batch_table	sharepoint_2026-07-13_new439	source_reported
rna_seq:SRR14191085	study_title	Critical contribution of 3' non-seed base pairing to the in vivo function of the evolutionarily conserved let-7a microRNA [RNA-seq]	ena_study	shared/metadata_sources/v2/ena_studies/chunk_000.xml	source_reported
rna_seq:SRR14191085	library_strategy	RNA-Seq	ena_read_run	ENA read_run:SRR14191085; sample:SAMN18675566; study:SRP314086	source_reported
rna_seq:SRR14191085	library_layout	SINGLE	ena_read_run	ENA read_run:SRR14191085; sample:SAMN18675566; study:SRP314086	source_reported
rna_seq:SRR14191086	stage	L4	local_project_metadata	sharepoint_2026-07-13_new439	source_reported
rna_seq:SRR14191086	stage	mid L4	ena_sample	shared/metadata_sources/v2/ena_samples/chunk_004.xml	source_reported
rna_seq:SRR14191086	strain	lin-41(tn1541ma480);let-7(ma432)	ena_sample	shared/metadata_sources/v2/ena_samples/chunk_004.xml	source_reported
rna_seq:SRR14191086	genotype	mutated	provided_batch_table	sharepoint_2026-07-13_new439	source_reported
rna_seq:SRR14191086	data_source	PRJNA720677	provided_batch_table	sharepoint_2026-07-13_new439	source_reported
rna_seq:SRR14191086	study_title	Critical contribution of 3' non-seed base pairing to the in vivo function of the evolutionarily conserved let-7a microRNA [RNA-seq]	ena_study	shared/metadata_sources/v2/ena_studies/chunk_000.xml	source_reported
rna_seq:SRR14191086	library_strategy	RNA-Seq	ena_read_run	ENA read_run:SRR14191086; sample:SAMN18675565; study:SRP314086	source_reported
rna_seq:SRR14191086	library_layout	SINGLE	ena_read_run	ENA read_run:SRR14191086; sample:SAMN18675565; study:SRP314086	source_reported
rna_seq:SRR14191087	stage	L4	local_project_metadata	sharepoint_2026-07-13_new439	source_reported
rna_seq:SRR14191087	stage	mid L4	ena_sample	shared/metadata_sources/v2/ena_samples/chunk_004.xml	source_reported
rna_seq:SRR14191087	strain	maIs105	ena_sample	shared/metadata_sources/v2/ena_samples/chunk_004.xml	source_reported
rna_seq:SRR14191087	genotype	WT	provided_batch_table	sharepoint_2026-07-13_new439	source_reported
rna_seq:SRR14191087	data_source	PRJNA720677	provided_batch_table	sharepoint_2026-07-13_new439	source_reported
rna_seq:SRR14191087	study_title	Critical contribution of 3' non-seed base pairing to the in vivo function of the evolutionarily conserved let-7a microRNA [RNA-seq]	ena_study	shared/metadata_sources/v2/ena_studies/chunk_000.xml	source_reported
rna_seq:SRR14191087	library_strategy	RNA-Seq	ena_read_run	ENA read_run:SRR14191087; sample:SAMN18675564; study:SRP314086	source_reported
rna_seq:SRR14191087	library_layout	SINGLE	ena_read_run	ENA read_run:SRR14191087; sample:SAMN18675564; study:SRP314086	source_reported
rna_seq:SRR14191088	stage	L4	local_project_metadata	sharepoint_2026-07-13_new439	source_reported
rna_seq:SRR14191088	stage	mid L4	ena_sample	shared/metadata_sources/v2/ena_samples/chunk_004.xml	source_reported
rna_seq:SRR14191088	strain	maIs105	ena_sample	shared/metadata_sources/v2/ena_samples/chunk_004.xml	source_reported
rna_seq:SRR14191088	genotype	WT	provided_batch_table	sharepoint_2026-07-13_new439	source_reported
rna_seq:SRR14191088	data_source	PRJNA720677	provided_batch_table	sharepoint_2026-07-13_new439	source_reported
rna_seq:SRR14191088	study_title	Critical contribution of 3' non-seed base pairing to the in vivo function of the evolutionarily conserved let-7a microRNA [RNA-seq]	ena_study	shared/metadata_sources/v2/ena_studies/chunk_000.xml	source_reported
rna_seq:SRR14191088	library_strategy	RNA-Seq	ena_read_run	ENA read_run:SRR14191088; sample:SAMN18675563; study:SRP314086	source_reported
rna_seq:SRR14191088	library_layout	SINGLE	ena_read_run	ENA read_run:SRR14191088; sample:SAMN18675563; study:SRP314086	source_reported
rna_seq:SRR14191089	stage	L4	local_project_metadata	sharepoint_2026-07-13_new439	source_reported
rna_seq:SRR14191089	stage	mid L4	ena_sample	shared/metadata_sources/v2/ena_samples/chunk_004.xml	source_reported
rna_seq:SRR14191089	strain	maIs105	ena_sample	shared/metadata_sources/v2/ena_samples/chunk_004.xml	source_reported
rna_seq:SRR14191089	genotype	WT	provided_batch_table	sharepoint_2026-07-13_new439	source_reported
rna_seq:SRR14191089	data_source	PRJNA720677	provided_batch_table	sharepoint_2026-07-13_new439	source_reported
rna_seq:SRR14191089	study_title	Critical contribution of 3' non-seed base pairing to the in vivo function of the evolutionarily conserved let-7a microRNA [RNA-seq]	ena_study	shared/metadata_sources/v2/ena_studies/chunk_000.xml	source_reported
rna_seq:SRR14191089	library_strategy	RNA-Seq	ena_read_run	ENA read_run:SRR14191089; sample:SAMN18675562; study:SRP314086	source_reported
rna_seq:SRR14191089	library_layout	SINGLE	ena_read_run	ENA read_run:SRR14191089; sample:SAMN18675562; study:SRP314086	source_reported
rna_seq:SRR14191090	stage	L4	local_project_metadata	sharepoint_2026-07-13_new439	source_reported
rna_seq:SRR14191090	stage	mid L4	ena_sample	shared/metadata_sources/v2/ena_samples/chunk_004.xml	source_reported
rna_seq:SRR14191090	strain	maIs105;let-7(ma435)	ena_sample	shared/metadata_sources/v2/ena_samples/chunk_004.xml	source_reported
rna_seq:SRR14191090	genotype	mutated	provided_batch_table	sharepoint_2026-07-13_new439	source_reported
rna_seq:SRR14191090	data_source	PRJNA720677	provided_batch_table	sharepoint_2026-07-13_new439	source_reported
rna_seq:SRR14191090	study_title	Critical contribution of 3' non-seed base pairing to the in vivo function of the evolutionarily conserved let-7a microRNA [RNA-seq]	ena_study	shared/metadata_sources/v2/ena_studies/chunk_000.xml	source_reported
rna_seq:SRR14191090	library_strategy	RNA-Seq	ena_read_run	ENA read_run:SRR14191090; sample:SAMN18675561; study:SRP314086	source_reported
rna_seq:SRR14191090	library_layout	SINGLE	ena_read_run	ENA read_run:SRR14191090; sample:SAMN18675561; study:SRP314086	source_reported
rna_seq:SRR14191091	stage	L4	local_project_metadata	sharepoint_2026-07-13_new439	source_reported
rna_seq:SRR14191091	stage	mid L4	ena_sample	shared/metadata_sources/v2/ena_samples/chunk_004.xml	source_reported
rna_seq:SRR14191091	strain	maIs105;let-7(ma435)	ena_sample	shared/metadata_sources/v2/ena_samples/chunk_004.xml	source_reported
rna_seq:SRR14191091	genotype	mutated	provided_batch_table	sharepoint_2026-07-13_new439	source_reported
rna_seq:SRR14191091	data_source	PRJNA720677	provided_batch_table	sharepoint_2026-07-13_new439	source_reported
rna_seq:SRR14191091	study_title	Critical contribution of 3' non-seed base pairing to the in vivo function of the evolutionarily conserved let-7a microRNA [RNA-seq]	ena_study	shared/metadata_sources/v2/ena_studies/chunk_000.xml	source_reported
rna_seq:SRR14191091	library_strategy	RNA-Seq	ena_read_run	ENA read_run:SRR14191091; sample:SAMN18675560; study:SRP314086	source_reported
rna_seq:SRR14191091	library_layout	SINGLE	ena_read_run	ENA read_run:SRR14191091; sample:SAMN18675560; study:SRP314086	source_reported
rna_seq:SRR14191092	stage	L4	local_project_metadata	sharepoint_2026-07-13_new439	source_reported
rna_seq:SRR14191092	stage	mid L4	ena_sample	shared/metadata_sources/v2/ena_samples/chunk_004.xml	source_reported
rna_seq:SRR14191092	strain	maIs105;let-7(ma435)	ena_sample	shared/metadata_sources/v2/ena_samples/chunk_004.xml	source_reported
rna_seq:SRR14191092	genotype	mutated	provided_batch_table	sharepoint_2026-07-13_new439	source_reported
rna_seq:SRR14191092	data_source	PRJNA720677	provided_batch_table	sharepoint_2026-07-13_new439	source_reported
rna_seq:SRR14191092	study_title	Critical contribution of 3' non-seed base pairing to the in vivo function of the evolutionarily conserved let-7a microRNA [RNA-seq]	ena_study	shared/metadata_sources/v2/ena_studies/chunk_000.xml	source_reported
rna_seq:SRR14191092	library_strategy	RNA-Seq	ena_read_run	ENA read_run:SRR14191092; sample:SAMN18675559; study:SRP314086	source_reported
rna_seq:SRR14191092	library_layout	SINGLE	ena_read_run	ENA read_run:SRR14191092; sample:SAMN18675559; study:SRP314086	source_reported
rna_seq:SRR14701359	stage	Young Adult	local_project_metadata	sharepoint_2026-07-13_new439	source_reported
rna_seq:SRR14701359	genotype	treated	provided_batch_table	sharepoint_2026-07-13_new439	source_reported
rna_seq:SRR14701359	data_source	PRJNA734302	provided_batch_table	sharepoint_2026-07-13_new439	source_reported
rna_seq:SRR14701359	study_title	A deleterious impact on the C. elegans fertility over generation after a chronic exposure to ionizing irradiation: A multigenerational transcriptomic evidence	ena_study	shared/metadata_sources/v2/ena_studies/chunk_000.xml	source_reported
rna_seq:SRR14701359	library_strategy	RNA-Seq	ena_read_run	ENA read_run:SRR14701359; sample:SAMN19488777; study:SRP322151	source_reported
rna_seq:SRR14701359	library_layout	PAIRED	ena_read_run	ENA read_run:SRR14701359; sample:SAMN19488777; study:SRP322151	source_reported
rna_seq:SRR14701360	stage	Young Adult	local_project_metadata	sharepoint_2026-07-13_new439	source_reported
rna_seq:SRR14701360	genotype	treated	provided_batch_table	sharepoint_2026-07-13_new439	source_reported
rna_seq:SRR14701360	data_source	PRJNA734302	provided_batch_table	sharepoint_2026-07-13_new439	source_reported
rna_seq:SRR14701360	study_title	A deleterious impact on the C. elegans fertility over generation after a chronic exposure to ionizing irradiation: A multigenerational transcriptomic evidence	ena_study	shared/metadata_sources/v2/ena_studies/chunk_000.xml	source_reported
rna_seq:SRR14701360	library_strategy	RNA-Seq	ena_read_run	ENA read_run:SRR14701360; sample:SAMN19488776; study:SRP322151	source_reported
rna_seq:SRR14701360	library_layout	PAIRED	ena_read_run	ENA read_run:SRR14701360; sample:SAMN19488776; study:SRP322151	source_reported
rna_seq:SRR14701361	stage	Young Adult	local_project_metadata	sharepoint_2026-07-13_new439	source_reported
rna_seq:SRR14701361	genotype	treated	provided_batch_table	sharepoint_2026-07-13_new439	source_reported
rna_seq:SRR14701361	data_source	PRJNA734302	provided_batch_table	sharepoint_2026-07-13_new439	source_reported
rna_seq:SRR14701361	study_title	A deleterious impact on the C. elegans fertility over generation after a chronic exposure to ionizing irradiation: A multigenerational transcriptomic evidence	ena_study	shared/metadata_sources/v2/ena_studies/chunk_000.xml	source_reported
rna_seq:SRR14701361	library_strategy	RNA-Seq	ena_read_run	ENA read_run:SRR14701361; sample:SAMN19488775; study:SRP322151	source_reported
rna_seq:SRR14701361	library_layout	PAIRED	ena_read_run	ENA read_run:SRR14701361; sample:SAMN19488775; study:SRP322151	source_reported
rna_seq:SRR14701362	stage	Young Adult	local_project_metadata	sharepoint_2026-07-13_new439	source_reported
rna_seq:SRR14701362	genotype	WT	provided_batch_table	sharepoint_2026-07-13_new439	source_reported
rna_seq:SRR14701362	data_source	PRJNA734302	provided_batch_table	sharepoint_2026-07-13_new439	source_reported
rna_seq:SRR14701362	study_title	A deleterious impact on the C. elegans fertility over generation after a chronic exposure to ionizing irradiation: A multigenerational transcriptomic evidence	ena_study	shared/metadata_sources/v2/ena_studies/chunk_000.xml	source_reported
rna_seq:SRR14701362	library_strategy	RNA-Seq	ena_read_run	ENA read_run:SRR14701362; sample:SAMN19488774; study:SRP322151	source_reported
rna_seq:SRR14701362	library_layout	PAIRED	ena_read_run	ENA read_run:SRR14701362; sample:SAMN19488774; study:SRP322151	source_reported
rna_seq:SRR14701363	stage	Young Adult	local_project_metadata	sharepoint_2026-07-13_new439	source_reported
rna_seq:SRR14701363	genotype	WT	provided_batch_table	sharepoint_2026-07-13_new439	source_reported
rna_seq:SRR14701363	data_source	PRJNA734302	provided_batch_table	sharepoint_2026-07-13_new439	source_reported
rna_seq:SRR14701363	study_title	A deleterious impact on the C. elegans fertility over generation after a chronic exposure to ionizing irradiation: A multigenerational transcriptomic evidence	ena_study	shared/metadata_sources/v2/ena_studies/chunk_000.xml	source_reported
rna_seq:SRR14701363	library_strategy	RNA-Seq	ena_read_run	ENA read_run:SRR14701363; sample:SAMN19488773; study:SRP322151	source_reported
rna_seq:SRR14701363	library_layout	PAIRED	ena_read_run	ENA read_run:SRR14701363; sample:SAMN19488773; study:SRP322151	source_reported
rna_seq:SRR14701364	stage	Young Adult	local_project_metadata	sharepoint_2026-07-13_new439	source_reported
rna_seq:SRR14701364	genotype	WT	provided_batch_table	sharepoint_2026-07-13_new439	source_reported
rna_seq:SRR14701364	data_source	PRJNA734302	provided_batch_table	sharepoint_2026-07-13_new439	source_reported
rna_seq:SRR14701364	study_title	A deleterious impact on the C. elegans fertility over generation after a chronic exposure to ionizing irradiation: A multigenerational transcriptomic evidence	ena_study	shared/metadata_sources/v2/ena_studies/chunk_000.xml	source_reported
rna_seq:SRR14701364	library_strategy	RNA-Seq	ena_read_run	ENA read_run:SRR14701364; sample:SAMN19488772; study:SRP322151	source_reported
rna_seq:SRR14701364	library_layout	PAIRED	ena_read_run	ENA read_run:SRR14701364; sample:SAMN19488772; study:SRP322151	source_reported
rna_seq:SRR14701365	stage	Young Adult	local_project_metadata	sharepoint_2026-07-13_new439	source_reported
rna_seq:SRR14701365	genotype	treated	provided_batch_table	sharepoint_2026-07-13_new439	source_reported
rna_seq:SRR14701365	data_source	PRJNA734302	provided_batch_table	sharepoint_2026-07-13_new439	source_reported
rna_seq:SRR14701365	study_title	A deleterious impact on the C. elegans fertility over generation after a chronic exposure to ionizing irradiation: A multigenerational transcriptomic evidence	ena_study	shared/metadata_sources/v2/ena_studies/chunk_000.xml	source_reported
rna_seq:SRR14701365	library_strategy	RNA-Seq	ena_read_run	ENA read_run:SRR14701365; sample:SAMN19488800; study:SRP322151	source_reported
rna_seq:SRR14701365	library_layout	PAIRED	ena_read_run	ENA read_run:SRR14701365; sample:SAMN19488800; study:SRP322151	source_reported
rna_seq:SRR14701366	stage	Young Adult	local_project_metadata	sharepoint_2026-07-13_new439	source_reported
rna_seq:SRR14701366	genotype	treated	provided_batch_table	sharepoint_2026-07-13_new439	source_reported
rna_seq:SRR14701366	data_source	PRJNA734302	provided_batch_table	sharepoint_2026-07-13_new439	source_reported
rna_seq:SRR14701366	study_title	A deleterious impact on the C. elegans fertility over generation after a chronic exposure to ionizing irradiation: A multigenerational transcriptomic evidence	ena_study	shared/metadata_sources/v2/ena_studies/chunk_000.xml	source_reported
rna_seq:SRR14701366	library_strategy	RNA-Seq	ena_read_run	ENA read_run:SRR14701366; sample:SAMN19488799; study:SRP322151	source_reported
rna_seq:SRR14701366	library_layout	PAIRED	ena_read_run	ENA read_run:SRR14701366; sample:SAMN19488799; study:SRP322151	source_reported
rna_seq:SRR14701367	stage	Young Adult	local_project_metadata	sharepoint_2026-07-13_new439	source_reported
rna_seq:SRR14701367	genotype	treated	provided_batch_table	sharepoint_2026-07-13_new439	source_reported
rna_seq:SRR14701367	data_source	PRJNA734302	provided_batch_table	sharepoint_2026-07-13_new439	source_reported
rna_seq:SRR14701367	study_title	A deleterious impact on the C. elegans fertility over generation after a chronic exposure to ionizing irradiation: A multigenerational transcriptomic evidence	ena_study	shared/metadata_sources/v2/ena_studies/chunk_000.xml	source_reported
rna_seq:SRR14701367	library_strategy	RNA-Seq	ena_read_run	ENA read_run:SRR14701367; sample:SAMN19488798; study:SRP322151	source_reported
rna_seq:SRR14701367	library_layout	PAIRED	ena_read_run	ENA read_run:SRR14701367; sample:SAMN19488798; study:SRP322151	source_reported
rna_seq:SRR14701368	stage	Young Adult	local_project_metadata	sharepoint_2026-07-13_new439	source_reported
rna_seq:SRR14701368	genotype	treated	provided_batch_table	sharepoint_2026-07-13_new439	source_reported
rna_seq:SRR14701368	data_source	PRJNA734302	provided_batch_table	sharepoint_2026-07-13_new439	source_reported
rna_seq:SRR14701368	study_title	A deleterious impact on the C. elegans fertility over generation after a chronic exposure to ionizing irradiation: A multigenerational transcriptomic evidence	ena_study	shared/metadata_sources/v2/ena_studies/chunk_000.xml	source_reported
rna_seq:SRR14701368	library_strategy	RNA-Seq	ena_read_run	ENA read_run:SRR14701368; sample:SAMN19488797; study:SRP322151	source_reported
rna_seq:SRR14701368	library_layout	PAIRED	ena_read_run	ENA read_run:SRR14701368; sample:SAMN19488797; study:SRP322151	source_reported
rna_seq:SRR14701369	stage	Young Adult	local_project_metadata	sharepoint_2026-07-13_new439	source_reported
rna_seq:SRR14701369	genotype	treated	provided_batch_table	sharepoint_2026-07-13_new439	source_reported
rna_seq:SRR14701369	data_source	PRJNA734302	provided_batch_table	sharepoint_2026-07-13_new439	source_reported
rna_seq:SRR14701369	study_title	A deleterious impact on the C. elegans fertility over generation after a chronic exposure to ionizing irradiation: A multigenerational transcriptomic evidence	ena_study	shared/metadata_sources/v2/ena_studies/chunk_000.xml	source_reported
rna_seq:SRR14701369	library_strategy	RNA-Seq	ena_read_run	ENA read_run:SRR14701369; sample:SAMN19488796; study:SRP322151	source_reported
rna_seq:SRR14701369	library_layout	PAIRED	ena_read_run	ENA read_run:SRR14701369; sample:SAMN19488796; study:SRP322151	source_reported
rna_seq:SRR14701370	stage	Young Adult	local_project_metadata	sharepoint_2026-07-13_new439	source_reported
rna_seq:SRR14701370	genotype	treated	provided_batch_table	sharepoint_2026-07-13_new439	source_reported
rna_seq:SRR14701370	data_source	PRJNA734302	provided_batch_table	sharepoint_2026-07-13_new439	source_reported
rna_seq:SRR14701370	study_title	A deleterious impact on the C. elegans fertility over generation after a chronic exposure to ionizing irradiation: A multigenerational transcriptomic evidence	ena_study	shared/metadata_sources/v2/ena_studies/chunk_000.xml	source_reported
rna_seq:SRR14701370	library_strategy	RNA-Seq	ena_read_run	ENA read_run:SRR14701370; sample:SAMN19488795; study:SRP322151	source_reported
rna_seq:SRR14701370	library_layout	PAIRED	ena_read_run	ENA read_run:SRR14701370; sample:SAMN19488795; study:SRP322151	source_reported
rna_seq:SRR14701371	stage	Young Adult	local_project_metadata	sharepoint_2026-07-13_new439	source_reported
rna_seq:SRR14701371	genotype	WT	provided_batch_table	sharepoint_2026-07-13_new439	source_reported
rna_seq:SRR14701371	data_source	PRJNA734302	provided_batch_table	sharepoint_2026-07-13_new439	source_reported
rna_seq:SRR14701371	study_title	A deleterious impact on the C. elegans fertility over generation after a chronic exposure to ionizing irradiation: A multigenerational transcriptomic evidence	ena_study	shared/metadata_sources/v2/ena_studies/chunk_000.xml	source_reported
rna_seq:SRR14701371	library_strategy	RNA-Seq	ena_read_run	ENA read_run:SRR14701371; sample:SAMN19488794; study:SRP322151	source_reported
rna_seq:SRR14701371	library_layout	PAIRED	ena_read_run	ENA read_run:SRR14701371; sample:SAMN19488794; study:SRP322151	source_reported
rna_seq:SRR14701372	stage	Young Adult	local_project_metadata	sharepoint_2026-07-13_new439	source_reported
rna_seq:SRR14701372	genotype	WT	provided_batch_table	sharepoint_2026-07-13_new439	source_reported
rna_seq:SRR14701372	data_source	PRJNA734302	provided_batch_table	sharepoint_2026-07-13_new439	source_reported
rna_seq:SRR14701372	study_title	A deleterious impact on the C. elegans fertility over generation after a chronic exposure to ionizing irradiation: A multigenerational transcriptomic evidence	ena_study	shared/metadata_sources/v2/ena_studies/chunk_000.xml	source_reported
rna_seq:SRR14701372	library_strategy	RNA-Seq	ena_read_run	ENA read_run:SRR14701372; sample:SAMN19488793; study:SRP322151	source_reported
rna_seq:SRR14701372	library_layout	PAIRED	ena_read_run	ENA read_run:SRR14701372; sample:SAMN19488793; study:SRP322151	source_reported
rna_seq:SRR14701373	stage	Young Adult	local_project_metadata	sharepoint_2026-07-13_new439	source_reported
rna_seq:SRR14701373	genotype	WT	provided_batch_table	sharepoint_2026-07-13_new439	source_reported
rna_seq:SRR14701373	data_source	PRJNA734302	provided_batch_table	sharepoint_2026-07-13_new439	source_reported
rna_seq:SRR14701373	study_title	A deleterious impact on the C. elegans fertility over generation after a chronic exposure to ionizing irradiation: A multigenerational transcriptomic evidence	ena_study	shared/metadata_sources/v2/ena_studies/chunk_000.xml	source_reported
rna_seq:SRR14701373	library_strategy	RNA-Seq	ena_read_run	ENA read_run:SRR14701373; sample:SAMN19488771; study:SRP322151	source_reported
rna_seq:SRR14701373	library_layout	PAIRED	ena_read_run	ENA read_run:SRR14701373; sample:SAMN19488771; study:SRP322151	source_reported
rna_seq:SRR14701374	stage	Young Adult	local_project_metadata	sharepoint_2026-07-13_new439	source_reported
rna_seq:SRR14701374	genotype	treated	provided_batch_table	sharepoint_2026-07-13_new439	source_reported
rna_seq:SRR14701374	data_source	PRJNA734302	provided_batch_table	sharepoint_2026-07-13_new439	source_reported
rna_seq:SRR14701374	study_title	A deleterious impact on the C. elegans fertility over generation after a chronic exposure to ionizing irradiation: A multigenerational transcriptomic evidence	ena_study	shared/metadata_sources/v2/ena_studies/chunk_000.xml	source_reported
rna_seq:SRR14701374	library_strategy	RNA-Seq	ena_read_run	ENA read_run:SRR14701374; sample:SAMN19488782; study:SRP322151	source_reported
rna_seq:SRR14701374	library_layout	PAIRED	ena_read_run	ENA read_run:SRR14701374; sample:SAMN19488782; study:SRP322151	source_reported
rna_seq:SRR14701375	stage	Young Adult	local_project_metadata	sharepoint_2026-07-13_new439	source_reported
rna_seq:SRR14701375	genotype	treated	provided_batch_table	sharepoint_2026-07-13_new439	source_reported
rna_seq:SRR14701375	data_source	PRJNA734302	provided_batch_table	sharepoint_2026-07-13_new439	source_reported
rna_seq:SRR14701375	study_title	A deleterious impact on the C. elegans fertility over generation after a chronic exposure to ionizing irradiation: A multigenerational transcriptomic evidence	ena_study	shared/metadata_sources/v2/ena_studies/chunk_000.xml	source_reported
rna_seq:SRR14701375	library_strategy	RNA-Seq	ena_read_run	ENA read_run:SRR14701375; sample:SAMN19488781; study:SRP322151	source_reported
rna_seq:SRR14701375	library_layout	PAIRED	ena_read_run	ENA read_run:SRR14701375; sample:SAMN19488781; study:SRP322151	source_reported
rna_seq:SRR14701376	stage	Young Adult	local_project_metadata	sharepoint_2026-07-13_new439	source_reported
rna_seq:SRR14701376	genotype	treated	provided_batch_table	sharepoint_2026-07-13_new439	source_reported
rna_seq:SRR14701376	data_source	PRJNA734302	provided_batch_table	sharepoint_2026-07-13_new439	source_reported
rna_seq:SRR14701376	study_title	A deleterious impact on the C. elegans fertility over generation after a chronic exposure to ionizing irradiation: A multigenerational transcriptomic evidence	ena_study	shared/metadata_sources/v2/ena_studies/chunk_000.xml	source_reported
rna_seq:SRR14701376	library_strategy	RNA-Seq	ena_read_run	ENA read_run:SRR14701376; sample:SAMN19488780; study:SRP322151	source_reported
rna_seq:SRR14701376	library_layout	PAIRED	ena_read_run	ENA read_run:SRR14701376; sample:SAMN19488780; study:SRP322151	source_reported
rna_seq:SRR14701377	stage	Young Adult	local_project_metadata	sharepoint_2026-07-13_new439	source_reported
rna_seq:SRR14701377	genotype	treated	provided_batch_table	sharepoint_2026-07-13_new439	source_reported
rna_seq:SRR14701377	data_source	PRJNA734302	provided_batch_table	sharepoint_2026-07-13_new439	source_reported
rna_seq:SRR14701377	study_title	A deleterious impact on the C. elegans fertility over generation after a chronic exposure to ionizing irradiation: A multigenerational transcriptomic evidence	ena_study	shared/metadata_sources/v2/ena_studies/chunk_000.xml	source_reported
rna_seq:SRR14701377	library_strategy	RNA-Seq	ena_read_run	ENA read_run:SRR14701377; sample:SAMN19488779; study:SRP322151	source_reported
rna_seq:SRR14701377	library_layout	PAIRED	ena_read_run	ENA read_run:SRR14701377; sample:SAMN19488779; study:SRP322151	source_reported
rna_seq:SRR14701378	stage	Young Adult	local_project_metadata	sharepoint_2026-07-13_new439	source_reported
rna_seq:SRR14701378	genotype	treated	provided_batch_table	sharepoint_2026-07-13_new439	source_reported
rna_seq:SRR14701378	data_source	PRJNA734302	provided_batch_table	sharepoint_2026-07-13_new439	source_reported
rna_seq:SRR14701378	study_title	A deleterious impact on the C. elegans fertility over generation after a chronic exposure to ionizing irradiation: A multigenerational transcriptomic evidence	ena_study	shared/metadata_sources/v2/ena_studies/chunk_000.xml	source_reported
rna_seq:SRR14701378	library_strategy	RNA-Seq	ena_read_run	ENA read_run:SRR14701378; sample:SAMN19488778; study:SRP322151	source_reported
rna_seq:SRR14701378	library_layout	PAIRED	ena_read_run	ENA read_run:SRR14701378; sample:SAMN19488778; study:SRP322151	source_reported
rna_seq:SRR14701379	stage	Young Adult	local_project_metadata	sharepoint_2026-07-13_new439	source_reported
rna_seq:SRR14701379	genotype	treated	provided_batch_table	sharepoint_2026-07-13_new439	source_reported
rna_seq:SRR14701379	data_source	PRJNA734302	provided_batch_table	sharepoint_2026-07-13_new439	source_reported
rna_seq:SRR14701379	study_title	A deleterious impact on the C. elegans fertility over generation after a chronic exposure to ionizing irradiation: A multigenerational transcriptomic evidence	ena_study	shared/metadata_sources/v2/ena_studies/chunk_000.xml	source_reported
rna_seq:SRR14701379	library_strategy	RNA-Seq	ena_read_run	ENA read_run:SRR14701379; sample:SAMN19488792; study:SRP322151	source_reported
rna_seq:SRR14701379	library_layout	PAIRED	ena_read_run	ENA read_run:SRR14701379; sample:SAMN19488792; study:SRP322151	source_reported
rna_seq:SRR14701380	stage	Young Adult	local_project_metadata	sharepoint_2026-07-13_new439	source_reported
rna_seq:SRR14701380	genotype	WT	provided_batch_table	sharepoint_2026-07-13_new439	source_reported
rna_seq:SRR14701380	data_source	PRJNA734302	provided_batch_table	sharepoint_2026-07-13_new439	source_reported
rna_seq:SRR14701380	study_title	A deleterious impact on the C. elegans fertility over generation after a chronic exposure to ionizing irradiation: A multigenerational transcriptomic evidence	ena_study	shared/metadata_sources/v2/ena_studies/chunk_000.xml	source_reported
rna_seq:SRR14701380	library_strategy	RNA-Seq	ena_read_run	ENA read_run:SRR14701380; sample:SAMN19488791; study:SRP322151	source_reported
rna_seq:SRR14701380	library_layout	PAIRED	ena_read_run	ENA read_run:SRR14701380; sample:SAMN19488791; study:SRP322151	source_reported
rna_seq:SRR14701381	stage	Young Adult	local_project_metadata	sharepoint_2026-07-13_new439	source_reported
rna_seq:SRR14701381	genotype	WT	provided_batch_table	sharepoint_2026-07-13_new439	source_reported
rna_seq:SRR14701381	data_source	PRJNA734302	provided_batch_table	sharepoint_2026-07-13_new439	source_reported
rna_seq:SRR14701381	study_title	A deleterious impact on the C. elegans fertility over generation after a chronic exposure to ionizing irradiation: A multigenerational transcriptomic evidence	ena_study	shared/metadata_sources/v2/ena_studies/chunk_000.xml	source_reported
rna_seq:SRR14701381	library_strategy	RNA-Seq	ena_read_run	ENA read_run:SRR14701381; sample:SAMN19488790; study:SRP322151	source_reported
rna_seq:SRR14701381	library_layout	PAIRED	ena_read_run	ENA read_run:SRR14701381; sample:SAMN19488790; study:SRP322151	source_reported
rna_seq:SRR14701382	stage	Young Adult	local_project_metadata	sharepoint_2026-07-13_new439	source_reported
rna_seq:SRR14701382	genotype	WT	provided_batch_table	sharepoint_2026-07-13_new439	source_reported
rna_seq:SRR14701382	data_source	PRJNA734302	provided_batch_table	sharepoint_2026-07-13_new439	source_reported
rna_seq:SRR14701382	study_title	A deleterious impact on the C. elegans fertility over generation after a chronic exposure to ionizing irradiation: A multigenerational transcriptomic evidence	ena_study	shared/metadata_sources/v2/ena_studies/chunk_000.xml	source_reported
rna_seq:SRR14701382	library_strategy	RNA-Seq	ena_read_run	ENA read_run:SRR14701382; sample:SAMN19488789; study:SRP322151	source_reported
rna_seq:SRR14701382	library_layout	PAIRED	ena_read_run	ENA read_run:SRR14701382; sample:SAMN19488789; study:SRP322151	source_reported
rna_seq:SRR14701383	stage	Young Adult	local_project_metadata	sharepoint_2026-07-13_new439	source_reported
rna_seq:SRR14701383	genotype	treated	provided_batch_table	sharepoint_2026-07-13_new439	source_reported
rna_seq:SRR14701383	data_source	PRJNA734302	provided_batch_table	sharepoint_2026-07-13_new439	source_reported
rna_seq:SRR14701383	study_title	A deleterious impact on the C. elegans fertility over generation after a chronic exposure to ionizing irradiation: A multigenerational transcriptomic evidence	ena_study	shared/metadata_sources/v2/ena_studies/chunk_000.xml	source_reported
rna_seq:SRR14701383	library_strategy	RNA-Seq	ena_read_run	ENA read_run:SRR14701383; sample:SAMN19488788; study:SRP322151	source_reported
rna_seq:SRR14701383	library_layout	PAIRED	ena_read_run	ENA read_run:SRR14701383; sample:SAMN19488788; study:SRP322151	source_reported
rna_seq:SRR14701384	stage	Young Adult	local_project_metadata	sharepoint_2026-07-13_new439	source_reported
rna_seq:SRR14701384	genotype	treated	provided_batch_table	sharepoint_2026-07-13_new439	source_reported
rna_seq:SRR14701384	data_source	PRJNA734302	provided_batch_table	sharepoint_2026-07-13_new439	source_reported
rna_seq:SRR14701384	study_title	A deleterious impact on the C. elegans fertility over generation after a chronic exposure to ionizing irradiation: A multigenerational transcriptomic evidence	ena_study	shared/metadata_sources/v2/ena_studies/chunk_000.xml	source_reported
rna_seq:SRR14701384	library_strategy	RNA-Seq	ena_read_run	ENA read_run:SRR14701384; sample:SAMN19488787; study:SRP322151	source_reported
rna_seq:SRR14701384	library_layout	PAIRED	ena_read_run	ENA read_run:SRR14701384; sample:SAMN19488787; study:SRP322151	source_reported
rna_seq:SRR14701385	stage	Young Adult	local_project_metadata	sharepoint_2026-07-13_new439	source_reported
rna_seq:SRR14701385	genotype	treated	provided_batch_table	sharepoint_2026-07-13_new439	source_reported
rna_seq:SRR14701385	data_source	PRJNA734302	provided_batch_table	sharepoint_2026-07-13_new439	source_reported
rna_seq:SRR14701385	study_title	A deleterious impact on the C. elegans fertility over generation after a chronic exposure to ionizing irradiation: A multigenerational transcriptomic evidence	ena_study	shared/metadata_sources/v2/ena_studies/chunk_000.xml	source_reported
rna_seq:SRR14701385	library_strategy	RNA-Seq	ena_read_run	ENA read_run:SRR14701385; sample:SAMN19488786; study:SRP322151	source_reported
rna_seq:SRR14701385	library_layout	PAIRED	ena_read_run	ENA read_run:SRR14701385; sample:SAMN19488786; study:SRP322151	source_reported
rna_seq:SRR14701386	stage	Young Adult	local_project_metadata	sharepoint_2026-07-13_new439	source_reported
rna_seq:SRR14701386	genotype	treated	provided_batch_table	sharepoint_2026-07-13_new439	source_reported
rna_seq:SRR14701386	data_source	PRJNA734302	provided_batch_table	sharepoint_2026-07-13_new439	source_reported
rna_seq:SRR14701386	study_title	A deleterious impact on the C. elegans fertility over generation after a chronic exposure to ionizing irradiation: A multigenerational transcriptomic evidence	ena_study	shared/metadata_sources/v2/ena_studies/chunk_000.xml	source_reported
rna_seq:SRR14701386	library_strategy	RNA-Seq	ena_read_run	ENA read_run:SRR14701386; sample:SAMN19488785; study:SRP322151	source_reported
rna_seq:SRR14701386	library_layout	PAIRED	ena_read_run	ENA read_run:SRR14701386; sample:SAMN19488785; study:SRP322151	source_reported
rna_seq:SRR14701387	stage	Young Adult	local_project_metadata	sharepoint_2026-07-13_new439	source_reported
rna_seq:SRR14701387	genotype	treated	provided_batch_table	sharepoint_2026-07-13_new439	source_reported
rna_seq:SRR14701387	data_source	PRJNA734302	provided_batch_table	sharepoint_2026-07-13_new439	source_reported
rna_seq:SRR14701387	study_title	A deleterious impact on the C. elegans fertility over generation after a chronic exposure to ionizing irradiation: A multigenerational transcriptomic evidence	ena_study	shared/metadata_sources/v2/ena_studies/chunk_000.xml	source_reported
rna_seq:SRR14701387	library_strategy	RNA-Seq	ena_read_run	ENA read_run:SRR14701387; sample:SAMN19488784; study:SRP322151	source_reported
rna_seq:SRR14701387	library_layout	PAIRED	ena_read_run	ENA read_run:SRR14701387; sample:SAMN19488784; study:SRP322151	source_reported
rna_seq:SRR14701388	stage	Young Adult	local_project_metadata	sharepoint_2026-07-13_new439	source_reported
rna_seq:SRR14701388	genotype	treated	provided_batch_table	sharepoint_2026-07-13_new439	source_reported
rna_seq:SRR14701388	data_source	PRJNA734302	provided_batch_table	sharepoint_2026-07-13_new439	source_reported
rna_seq:SRR14701388	study_title	A deleterious impact on the C. elegans fertility over generation after a chronic exposure to ionizing irradiation: A multigenerational transcriptomic evidence	ena_study	shared/metadata_sources/v2/ena_studies/chunk_000.xml	source_reported
rna_seq:SRR14701388	library_strategy	RNA-Seq	ena_read_run	ENA read_run:SRR14701388; sample:SAMN19488783; study:SRP322151	source_reported
rna_seq:SRR14701388	library_layout	PAIRED	ena_read_run	ENA read_run:SRR14701388; sample:SAMN19488783; study:SRP322151	source_reported
rna_seq:SRR14701389	stage	Young Adult	local_project_metadata	sharepoint_2026-07-13_new439	source_reported
rna_seq:SRR14701389	genotype	WT	provided_batch_table	sharepoint_2026-07-13_new439	source_reported
rna_seq:SRR14701389	data_source	PRJNA734302	provided_batch_table	sharepoint_2026-07-13_new439	source_reported
rna_seq:SRR14701389	study_title	A deleterious impact on the C. elegans fertility over generation after a chronic exposure to ionizing irradiation: A multigenerational transcriptomic evidence	ena_study	shared/metadata_sources/v2/ena_studies/chunk_000.xml	source_reported
rna_seq:SRR14701389	library_strategy	RNA-Seq	ena_read_run	ENA read_run:SRR14701389; sample:SAMN19488873; study:SRP322151	source_reported
rna_seq:SRR14701389	library_layout	PAIRED	ena_read_run	ENA read_run:SRR14701389; sample:SAMN19488873; study:SRP322151	source_reported
rna_seq:SRR14701390	stage	Young Adult	local_project_metadata	sharepoint_2026-07-13_new439	source_reported
rna_seq:SRR14701390	genotype	WT	provided_batch_table	sharepoint_2026-07-13_new439	source_reported
rna_seq:SRR14701390	data_source	PRJNA734302	provided_batch_table	sharepoint_2026-07-13_new439	source_reported
rna_seq:SRR14701390	study_title	A deleterious impact on the C. elegans fertility over generation after a chronic exposure to ionizing irradiation: A multigenerational transcriptomic evidence	ena_study	shared/metadata_sources/v2/ena_studies/chunk_000.xml	source_reported
rna_seq:SRR14701390	library_strategy	RNA-Seq	ena_read_run	ENA read_run:SRR14701390; sample:SAMN19488872; study:SRP322151	source_reported
rna_seq:SRR14701390	library_layout	PAIRED	ena_read_run	ENA read_run:SRR14701390; sample:SAMN19488872; study:SRP322151	source_reported
rna_seq:SRR14701391	stage	Young Adult	local_project_metadata	sharepoint_2026-07-13_new439	source_reported
rna_seq:SRR14701391	genotype	WT	provided_batch_table	sharepoint_2026-07-13_new439	source_reported
rna_seq:SRR14701391	data_source	PRJNA734302	provided_batch_table	sharepoint_2026-07-13_new439	source_reported
rna_seq:SRR14701391	study_title	A deleterious impact on the C. elegans fertility over generation after a chronic exposure to ionizing irradiation: A multigenerational transcriptomic evidence	ena_study	shared/metadata_sources/v2/ena_studies/chunk_000.xml	source_reported
rna_seq:SRR14701391	library_strategy	RNA-Seq	ena_read_run	ENA read_run:SRR14701391; sample:SAMN19488871; study:SRP322151	source_reported
rna_seq:SRR14701391	library_layout	PAIRED	ena_read_run	ENA read_run:SRR14701391; sample:SAMN19488871; study:SRP322151	source_reported
rna_seq:SRR1956641	stage	L3	local_project_metadata	sharepoint_2026-07-13_new439	source_reported
rna_seq:SRR1956641	stage	L3	ena_sample	shared/metadata_sources/v2/ena_samples/chunk_000.xml	source_reported
rna_seq:SRR1956641	strain	N2	ena_sample	shared/metadata_sources/v2/ena_samples/chunk_000.xml	source_reported
rna_seq:SRR1956641	genotype	WT	provided_batch_table	sharepoint_2026-07-13_new439	source_reported
rna_seq:SRR1956641	data_source	PRJNA280541	provided_batch_table	sharepoint_2026-07-13_new439	source_reported
rna_seq:SRR1956641	study_title	Developmental dynamics of C. elegans dosage compensation	ena_study	shared/metadata_sources/v2/ena_studies/chunk_000.xml	source_reported
rna_seq:SRR1956641	library_strategy	RNA-Seq	ena_read_run	ENA read_run:SRR1956641; sample:SAMN03464648; study:SRP056941	source_reported
rna_seq:SRR1956641	library_layout	SINGLE	ena_read_run	ENA read_run:SRR1956641; sample:SAMN03464648; study:SRP056941	source_reported
rna_seq:SRR1956642	stage	L3	local_project_metadata	sharepoint_2026-07-13_new439	source_reported
rna_seq:SRR1956642	stage	L3	ena_sample	shared/metadata_sources/v2/ena_samples/chunk_000.xml	source_reported
rna_seq:SRR1956642	strain	N2	ena_sample	shared/metadata_sources/v2/ena_samples/chunk_000.xml	source_reported
rna_seq:SRR1956642	genotype	WT	provided_batch_table	sharepoint_2026-07-13_new439	source_reported
rna_seq:SRR1956642	data_source	PRJNA280541	provided_batch_table	sharepoint_2026-07-13_new439	source_reported
rna_seq:SRR1956642	study_title	Developmental dynamics of C. elegans dosage compensation	ena_study	shared/metadata_sources/v2/ena_studies/chunk_000.xml	source_reported
rna_seq:SRR1956642	library_strategy	RNA-Seq	ena_read_run	ENA read_run:SRR1956642; sample:SAMN03464648; study:SRP056941	source_reported
rna_seq:SRR1956642	library_layout	SINGLE	ena_read_run	ENA read_run:SRR1956642; sample:SAMN03464648; study:SRP056941	source_reported
rna_seq:SRR1956643	stage	L3	local_project_metadata	sharepoint_2026-07-13_new439	source_reported
rna_seq:SRR1956643	stage	L3	ena_sample	shared/metadata_sources/v2/ena_samples/chunk_000.xml	source_reported
rna_seq:SRR1956643	strain	N2	ena_sample	shared/metadata_sources/v2/ena_samples/chunk_000.xml	source_reported
rna_seq:SRR1956643	genotype	WT	provided_batch_table	sharepoint_2026-07-13_new439	source_reported
rna_seq:SRR1956643	data_source	PRJNA280541	provided_batch_table	sharepoint_2026-07-13_new439	source_reported
rna_seq:SRR1956643	study_title	Developmental dynamics of C. elegans dosage compensation	ena_study	shared/metadata_sources/v2/ena_studies/chunk_000.xml	source_reported
rna_seq:SRR1956643	library_strategy	RNA-Seq	ena_read_run	ENA read_run:SRR1956643; sample:SAMN03464648; study:SRP056941	source_reported
rna_seq:SRR1956643	library_layout	SINGLE	ena_read_run	ENA read_run:SRR1956643; sample:SAMN03464648; study:SRP056941	source_reported
rna_seq:SRR1956644	stage	L3	local_project_metadata	sharepoint_2026-07-13_new439	source_reported
rna_seq:SRR1956644	stage	L3	ena_sample	shared/metadata_sources/v2/ena_samples/chunk_000.xml	source_reported
rna_seq:SRR1956644	strain	N2	ena_sample	shared/metadata_sources/v2/ena_samples/chunk_000.xml	source_reported
rna_seq:SRR1956644	genotype	WT	provided_batch_table	sharepoint_2026-07-13_new439	source_reported
rna_seq:SRR1956644	data_source	PRJNA280541	provided_batch_table	sharepoint_2026-07-13_new439	source_reported
rna_seq:SRR1956644	study_title	Developmental dynamics of C. elegans dosage compensation	ena_study	shared/metadata_sources/v2/ena_studies/chunk_000.xml	source_reported
rna_seq:SRR1956644	library_strategy	RNA-Seq	ena_read_run	ENA read_run:SRR1956644; sample:SAMN03464649; study:SRP056941	source_reported
rna_seq:SRR1956644	library_layout	SINGLE	ena_read_run	ENA read_run:SRR1956644; sample:SAMN03464649; study:SRP056941	source_reported
rna_seq:SRR1956645	stage	L3	local_project_metadata	sharepoint_2026-07-13_new439	source_reported
rna_seq:SRR1956645	stage	L3	ena_sample	shared/metadata_sources/v2/ena_samples/chunk_000.xml	source_reported
rna_seq:SRR1956645	strain	N2	ena_sample	shared/metadata_sources/v2/ena_samples/chunk_000.xml	source_reported
rna_seq:SRR1956645	genotype	WT	provided_batch_table	sharepoint_2026-07-13_new439	source_reported
rna_seq:SRR1956645	data_source	PRJNA280541	provided_batch_table	sharepoint_2026-07-13_new439	source_reported
rna_seq:SRR1956645	study_title	Developmental dynamics of C. elegans dosage compensation	ena_study	shared/metadata_sources/v2/ena_studies/chunk_000.xml	source_reported
rna_seq:SRR1956645	library_strategy	RNA-Seq	ena_read_run	ENA read_run:SRR1956645; sample:SAMN03464649; study:SRP056941	source_reported
rna_seq:SRR1956645	library_layout	SINGLE	ena_read_run	ENA read_run:SRR1956645; sample:SAMN03464649; study:SRP056941	source_reported
rna_seq:SRR1956646	stage	L3	local_project_metadata	sharepoint_2026-07-13_new439	source_reported
rna_seq:SRR1956646	stage	L3	ena_sample	shared/metadata_sources/v2/ena_samples/chunk_000.xml	source_reported
rna_seq:SRR1956646	strain	N2	ena_sample	shared/metadata_sources/v2/ena_samples/chunk_000.xml	source_reported
rna_seq:SRR1956646	genotype	WT	provided_batch_table	sharepoint_2026-07-13_new439	source_reported
rna_seq:SRR1956646	data_source	PRJNA280541	provided_batch_table	sharepoint_2026-07-13_new439	source_reported
rna_seq:SRR1956646	study_title	Developmental dynamics of C. elegans dosage compensation	ena_study	shared/metadata_sources/v2/ena_studies/chunk_000.xml	source_reported
rna_seq:SRR1956646	library_strategy	RNA-Seq	ena_read_run	ENA read_run:SRR1956646; sample:SAMN03464650; study:SRP056941	source_reported
rna_seq:SRR1956646	library_layout	SINGLE	ena_read_run	ENA read_run:SRR1956646; sample:SAMN03464650; study:SRP056941	source_reported
rna_seq:SRR1956647	stage	L3	local_project_metadata	sharepoint_2026-07-13_new439	source_reported
rna_seq:SRR1956647	stage	L3	ena_sample	shared/metadata_sources/v2/ena_samples/chunk_000.xml	source_reported
rna_seq:SRR1956647	strain	N2	ena_sample	shared/metadata_sources/v2/ena_samples/chunk_000.xml	source_reported
rna_seq:SRR1956647	genotype	WT	provided_batch_table	sharepoint_2026-07-13_new439	source_reported
rna_seq:SRR1956647	data_source	PRJNA280541	provided_batch_table	sharepoint_2026-07-13_new439	source_reported
rna_seq:SRR1956647	study_title	Developmental dynamics of C. elegans dosage compensation	ena_study	shared/metadata_sources/v2/ena_studies/chunk_000.xml	source_reported
rna_seq:SRR1956647	library_strategy	RNA-Seq	ena_read_run	ENA read_run:SRR1956647; sample:SAMN03464650; study:SRP056941	source_reported
rna_seq:SRR1956647	library_layout	SINGLE	ena_read_run	ENA read_run:SRR1956647; sample:SAMN03464650; study:SRP056941	source_reported
rna_seq:SRR1956659	stage	L3	local_project_metadata	sharepoint_2026-07-13_new439	source_reported
rna_seq:SRR1956659	stage	L3	ena_sample	shared/metadata_sources/v2/ena_samples/chunk_000.xml	source_reported
rna_seq:SRR1956659	strain	N2	ena_sample	shared/metadata_sources/v2/ena_samples/chunk_000.xml	source_reported
rna_seq:SRR1956659	genotype	WT	provided_batch_table	sharepoint_2026-07-13_new439	source_reported
rna_seq:SRR1956659	data_source	PRJNA280541	provided_batch_table	sharepoint_2026-07-13_new439	source_reported
rna_seq:SRR1956659	study_title	Developmental dynamics of C. elegans dosage compensation	ena_study	shared/metadata_sources/v2/ena_studies/chunk_000.xml	source_reported
rna_seq:SRR1956659	library_strategy	RNA-Seq	ena_read_run	ENA read_run:SRR1956659; sample:SAMN03464659; study:SRP056941	source_reported
rna_seq:SRR1956659	library_layout	SINGLE	ena_read_run	ENA read_run:SRR1956659; sample:SAMN03464659; study:SRP056941	source_reported
rna_seq:SRR1956660	stage	L3	local_project_metadata	sharepoint_2026-07-13_new439	source_reported
rna_seq:SRR1956660	stage	L3	ena_sample	shared/metadata_sources/v2/ena_samples/chunk_000.xml	source_reported
rna_seq:SRR1956660	strain	N2	ena_sample	shared/metadata_sources/v2/ena_samples/chunk_000.xml	source_reported
rna_seq:SRR1956660	genotype	WT	provided_batch_table	sharepoint_2026-07-13_new439	source_reported
rna_seq:SRR1956660	data_source	PRJNA280541	provided_batch_table	sharepoint_2026-07-13_new439	source_reported
rna_seq:SRR1956660	study_title	Developmental dynamics of C. elegans dosage compensation	ena_study	shared/metadata_sources/v2/ena_studies/chunk_000.xml	source_reported
rna_seq:SRR1956660	library_strategy	RNA-Seq	ena_read_run	ENA read_run:SRR1956660; sample:SAMN03464660; study:SRP056941	source_reported
rna_seq:SRR1956660	library_layout	SINGLE	ena_read_run	ENA read_run:SRR1956660; sample:SAMN03464660; study:SRP056941	source_reported
rna_seq:SRR1956661	stage	L3	local_project_metadata	sharepoint_2026-07-13_new439	source_reported
rna_seq:SRR1956661	stage	L3	ena_sample	shared/metadata_sources/v2/ena_samples/chunk_000.xml	source_reported
rna_seq:SRR1956661	strain	N2	ena_sample	shared/metadata_sources/v2/ena_samples/chunk_000.xml	source_reported
rna_seq:SRR1956661	genotype	WT	provided_batch_table	sharepoint_2026-07-13_new439	source_reported
rna_seq:SRR1956661	data_source	PRJNA280541	provided_batch_table	sharepoint_2026-07-13_new439	source_reported
rna_seq:SRR1956661	study_title	Developmental dynamics of C. elegans dosage compensation	ena_study	shared/metadata_sources/v2/ena_studies/chunk_000.xml	source_reported
rna_seq:SRR1956661	library_strategy	RNA-Seq	ena_read_run	ENA read_run:SRR1956661; sample:SAMN03464660; study:SRP056941	source_reported
rna_seq:SRR1956661	library_layout	SINGLE	ena_read_run	ENA read_run:SRR1956661; sample:SAMN03464660; study:SRP056941	source_reported
rna_seq:SRR1956662	stage	L3	local_project_metadata	sharepoint_2026-07-13_new439	source_reported
rna_seq:SRR1956662	stage	L3	ena_sample	shared/metadata_sources/v2/ena_samples/chunk_000.xml	source_reported
rna_seq:SRR1956662	strain	N2	ena_sample	shared/metadata_sources/v2/ena_samples/chunk_000.xml	source_reported
rna_seq:SRR1956662	genotype	WT	provided_batch_table	sharepoint_2026-07-13_new439	source_reported
rna_seq:SRR1956662	data_source	PRJNA280541	provided_batch_table	sharepoint_2026-07-13_new439	source_reported
rna_seq:SRR1956662	study_title	Developmental dynamics of C. elegans dosage compensation	ena_study	shared/metadata_sources/v2/ena_studies/chunk_000.xml	source_reported
rna_seq:SRR1956662	library_strategy	RNA-Seq	ena_read_run	ENA read_run:SRR1956662; sample:SAMN03464661; study:SRP056941	source_reported
rna_seq:SRR1956662	library_layout	SINGLE	ena_read_run	ENA read_run:SRR1956662; sample:SAMN03464661; study:SRP056941	source_reported
rna_seq:SRR1956663	stage	L3	local_project_metadata	sharepoint_2026-07-13_new439	source_reported
rna_seq:SRR1956663	stage	L3	ena_sample	shared/metadata_sources/v2/ena_samples/chunk_001.xml	source_reported
rna_seq:SRR1956663	strain	N2	ena_sample	shared/metadata_sources/v2/ena_samples/chunk_001.xml	source_reported
rna_seq:SRR1956663	genotype	WT	provided_batch_table	sharepoint_2026-07-13_new439	source_reported
rna_seq:SRR1956663	data_source	PRJNA280541	provided_batch_table	sharepoint_2026-07-13_new439	source_reported
rna_seq:SRR1956663	study_title	Developmental dynamics of C. elegans dosage compensation	ena_study	shared/metadata_sources/v2/ena_studies/chunk_000.xml	source_reported
rna_seq:SRR1956663	library_strategy	RNA-Seq	ena_read_run	ENA read_run:SRR1956663; sample:SAMN03464662; study:SRP056941	source_reported
rna_seq:SRR1956663	library_layout	SINGLE	ena_read_run	ENA read_run:SRR1956663; sample:SAMN03464662; study:SRP056941	source_reported
rna_seq:SRR1956664	stage	L3	local_project_metadata	sharepoint_2026-07-13_new439	source_reported
rna_seq:SRR1956664	stage	L3	ena_sample	shared/metadata_sources/v2/ena_samples/chunk_001.xml	source_reported
rna_seq:SRR1956664	strain	CB428	ena_sample	shared/metadata_sources/v2/ena_samples/chunk_001.xml	source_reported
rna_seq:SRR1956664	genotype	mutated	provided_batch_table	sharepoint_2026-07-13_new439	source_reported
rna_seq:SRR1956664	data_source	PRJNA280541	provided_batch_table	sharepoint_2026-07-13_new439	source_reported
rna_seq:SRR1956664	study_title	Developmental dynamics of C. elegans dosage compensation	ena_study	shared/metadata_sources/v2/ena_studies/chunk_000.xml	source_reported
rna_seq:SRR1956664	library_strategy	RNA-Seq	ena_read_run	ENA read_run:SRR1956664; sample:SAMN03464663; study:SRP056941	source_reported
rna_seq:SRR1956664	library_layout	SINGLE	ena_read_run	ENA read_run:SRR1956664; sample:SAMN03464663; study:SRP056941	source_reported
rna_seq:SRR1956665	stage	L3	local_project_metadata	sharepoint_2026-07-13_new439	source_reported
rna_seq:SRR1956665	stage	L3	ena_sample	shared/metadata_sources/v2/ena_samples/chunk_001.xml	source_reported
rna_seq:SRR1956665	strain	CB428	ena_sample	shared/metadata_sources/v2/ena_samples/chunk_001.xml	source_reported
rna_seq:SRR1956665	genotype	mutated	provided_batch_table	sharepoint_2026-07-13_new439	source_reported
rna_seq:SRR1956665	data_source	PRJNA280541	provided_batch_table	sharepoint_2026-07-13_new439	source_reported
rna_seq:SRR1956665	study_title	Developmental dynamics of C. elegans dosage compensation	ena_study	shared/metadata_sources/v2/ena_studies/chunk_000.xml	source_reported
rna_seq:SRR1956665	library_strategy	RNA-Seq	ena_read_run	ENA read_run:SRR1956665; sample:SAMN03464663; study:SRP056941	source_reported
rna_seq:SRR1956665	library_layout	SINGLE	ena_read_run	ENA read_run:SRR1956665; sample:SAMN03464663; study:SRP056941	source_reported
rna_seq:SRR1956666	stage	L3	local_project_metadata	sharepoint_2026-07-13_new439	source_reported
rna_seq:SRR1956666	stage	L3	ena_sample	shared/metadata_sources/v2/ena_samples/chunk_001.xml	source_reported
rna_seq:SRR1956666	strain	CB428	ena_sample	shared/metadata_sources/v2/ena_samples/chunk_001.xml	source_reported
rna_seq:SRR1956666	genotype	mutated	provided_batch_table	sharepoint_2026-07-13_new439	source_reported
rna_seq:SRR1956666	data_source	PRJNA280541	provided_batch_table	sharepoint_2026-07-13_new439	source_reported
rna_seq:SRR1956666	study_title	Developmental dynamics of C. elegans dosage compensation	ena_study	shared/metadata_sources/v2/ena_studies/chunk_000.xml	source_reported
rna_seq:SRR1956666	library_strategy	RNA-Seq	ena_read_run	ENA read_run:SRR1956666; sample:SAMN03464664; study:SRP056941	source_reported
rna_seq:SRR1956666	library_layout	SINGLE	ena_read_run	ENA read_run:SRR1956666; sample:SAMN03464664; study:SRP056941	source_reported
rna_seq:SRR1956667	stage	L3	local_project_metadata	sharepoint_2026-07-13_new439	source_reported
rna_seq:SRR1956667	stage	L3	ena_sample	shared/metadata_sources/v2/ena_samples/chunk_001.xml	source_reported
rna_seq:SRR1956667	strain	CB428	ena_sample	shared/metadata_sources/v2/ena_samples/chunk_001.xml	source_reported
rna_seq:SRR1956667	genotype	mutated	provided_batch_table	sharepoint_2026-07-13_new439	source_reported
rna_seq:SRR1956667	data_source	PRJNA280541	provided_batch_table	sharepoint_2026-07-13_new439	source_reported
rna_seq:SRR1956667	study_title	Developmental dynamics of C. elegans dosage compensation	ena_study	shared/metadata_sources/v2/ena_studies/chunk_000.xml	source_reported
rna_seq:SRR1956667	library_strategy	RNA-Seq	ena_read_run	ENA read_run:SRR1956667; sample:SAMN03464664; study:SRP056941	source_reported
rna_seq:SRR1956667	library_layout	SINGLE	ena_read_run	ENA read_run:SRR1956667; sample:SAMN03464664; study:SRP056941	source_reported
rna_seq:SRR1956668	stage	L3	local_project_metadata	sharepoint_2026-07-13_new439	source_reported
rna_seq:SRR1956668	stage	L3	ena_sample	shared/metadata_sources/v2/ena_samples/chunk_001.xml	source_reported
rna_seq:SRR1956668	strain	CB428	ena_sample	shared/metadata_sources/v2/ena_samples/chunk_001.xml	source_reported
rna_seq:SRR1956668	genotype	mutated	provided_batch_table	sharepoint_2026-07-13_new439	source_reported
rna_seq:SRR1956668	data_source	PRJNA280541	provided_batch_table	sharepoint_2026-07-13_new439	source_reported
rna_seq:SRR1956668	study_title	Developmental dynamics of C. elegans dosage compensation	ena_study	shared/metadata_sources/v2/ena_studies/chunk_000.xml	source_reported
rna_seq:SRR1956668	library_strategy	RNA-Seq	ena_read_run	ENA read_run:SRR1956668; sample:SAMN03464665; study:SRP056941	source_reported
rna_seq:SRR1956668	library_layout	SINGLE	ena_read_run	ENA read_run:SRR1956668; sample:SAMN03464665; study:SRP056941	source_reported
rna_seq:SRR1956669	stage	L3	local_project_metadata	sharepoint_2026-07-13_new439	source_reported
rna_seq:SRR1956669	stage	L3	ena_sample	shared/metadata_sources/v2/ena_samples/chunk_001.xml	source_reported
rna_seq:SRR1956669	strain	CB428	ena_sample	shared/metadata_sources/v2/ena_samples/chunk_001.xml	source_reported
rna_seq:SRR1956669	genotype	mutated	provided_batch_table	sharepoint_2026-07-13_new439	source_reported
rna_seq:SRR1956669	data_source	PRJNA280541	provided_batch_table	sharepoint_2026-07-13_new439	source_reported
rna_seq:SRR1956669	study_title	Developmental dynamics of C. elegans dosage compensation	ena_study	shared/metadata_sources/v2/ena_studies/chunk_000.xml	source_reported
rna_seq:SRR1956669	library_strategy	RNA-Seq	ena_read_run	ENA read_run:SRR1956669; sample:SAMN03464666; study:SRP056941	source_reported
rna_seq:SRR1956669	library_layout	SINGLE	ena_read_run	ENA read_run:SRR1956669; sample:SAMN03464666; study:SRP056941	source_reported
rna_seq:SRR1956670	stage	L3	local_project_metadata	sharepoint_2026-07-13_new439	source_reported
rna_seq:SRR1956670	stage	L3	ena_sample	shared/metadata_sources/v2/ena_samples/chunk_001.xml	source_reported
rna_seq:SRR1956670	strain	MT14911	ena_sample	shared/metadata_sources/v2/ena_samples/chunk_001.xml	source_reported
rna_seq:SRR1956670	genotype	mutated	provided_batch_table	sharepoint_2026-07-13_new439	source_reported
rna_seq:SRR1956670	data_source	PRJNA280541	provided_batch_table	sharepoint_2026-07-13_new439	source_reported
rna_seq:SRR1956670	study_title	Developmental dynamics of C. elegans dosage compensation	ena_study	shared/metadata_sources/v2/ena_studies/chunk_000.xml	source_reported
rna_seq:SRR1956670	library_strategy	RNA-Seq	ena_read_run	ENA read_run:SRR1956670; sample:SAMN03464670; study:SRP056941	source_reported
rna_seq:SRR1956670	library_layout	SINGLE	ena_read_run	ENA read_run:SRR1956670; sample:SAMN03464670; study:SRP056941	source_reported
rna_seq:SRR1956671	stage	L3	local_project_metadata	sharepoint_2026-07-13_new439	source_reported
rna_seq:SRR1956671	stage	L3	ena_sample	shared/metadata_sources/v2/ena_samples/chunk_001.xml	source_reported
rna_seq:SRR1956671	strain	MT14911	ena_sample	shared/metadata_sources/v2/ena_samples/chunk_001.xml	source_reported
rna_seq:SRR1956671	genotype	mutated	provided_batch_table	sharepoint_2026-07-13_new439	source_reported
rna_seq:SRR1956671	data_source	PRJNA280541	provided_batch_table	sharepoint_2026-07-13_new439	source_reported
rna_seq:SRR1956671	study_title	Developmental dynamics of C. elegans dosage compensation	ena_study	shared/metadata_sources/v2/ena_studies/chunk_000.xml	source_reported
rna_seq:SRR1956671	library_strategy	RNA-Seq	ena_read_run	ENA read_run:SRR1956671; sample:SAMN03464671; study:SRP056941	source_reported
rna_seq:SRR1956671	library_layout	SINGLE	ena_read_run	ENA read_run:SRR1956671; sample:SAMN03464671; study:SRP056941	source_reported
rna_seq:SRR1956672	stage	L3	local_project_metadata	sharepoint_2026-07-13_new439	source_reported
rna_seq:SRR1956672	stage	L3	ena_sample	shared/metadata_sources/v2/ena_samples/chunk_001.xml	source_reported
rna_seq:SRR1956672	strain	MT14911	ena_sample	shared/metadata_sources/v2/ena_samples/chunk_001.xml	source_reported
rna_seq:SRR1956672	genotype	mutated	provided_batch_table	sharepoint_2026-07-13_new439	source_reported
rna_seq:SRR1956672	data_source	PRJNA280541	provided_batch_table	sharepoint_2026-07-13_new439	source_reported
rna_seq:SRR1956672	study_title	Developmental dynamics of C. elegans dosage compensation	ena_study	shared/metadata_sources/v2/ena_studies/chunk_000.xml	source_reported
rna_seq:SRR1956672	library_strategy	RNA-Seq	ena_read_run	ENA read_run:SRR1956672; sample:SAMN03464672; study:SRP056941	source_reported
rna_seq:SRR1956672	library_layout	SINGLE	ena_read_run	ENA read_run:SRR1956672; sample:SAMN03464672; study:SRP056941	source_reported
rna_seq:SRR1956673	stage	L3	local_project_metadata	sharepoint_2026-07-13_new439	source_reported
rna_seq:SRR1956673	stage	L3	ena_sample	shared/metadata_sources/v2/ena_samples/chunk_001.xml	source_reported
rna_seq:SRR1956673	strain	MT14911	ena_sample	shared/metadata_sources/v2/ena_samples/chunk_001.xml	source_reported
rna_seq:SRR1956673	genotype	mutated	provided_batch_table	sharepoint_2026-07-13_new439	source_reported
rna_seq:SRR1956673	data_source	PRJNA280541	provided_batch_table	sharepoint_2026-07-13_new439	source_reported
rna_seq:SRR1956673	study_title	Developmental dynamics of C. elegans dosage compensation	ena_study	shared/metadata_sources/v2/ena_studies/chunk_000.xml	source_reported
rna_seq:SRR1956673	library_strategy	RNA-Seq	ena_read_run	ENA read_run:SRR1956673; sample:SAMN03464673; study:SRP056941	source_reported
rna_seq:SRR1956673	library_layout	SINGLE	ena_read_run	ENA read_run:SRR1956673; sample:SAMN03464673; study:SRP056941	source_reported
rna_seq:SRR1956674	stage	L3	local_project_metadata	sharepoint_2026-07-13_new439	source_reported
rna_seq:SRR1956674	stage	L3	ena_sample	shared/metadata_sources/v2/ena_samples/chunk_001.xml	source_reported
rna_seq:SRR1956674	strain	MT14911	ena_sample	shared/metadata_sources/v2/ena_samples/chunk_001.xml	source_reported
rna_seq:SRR1956674	genotype	mutated	provided_batch_table	sharepoint_2026-07-13_new439	source_reported
rna_seq:SRR1956674	data_source	PRJNA280541	provided_batch_table	sharepoint_2026-07-13_new439	source_reported
rna_seq:SRR1956674	study_title	Developmental dynamics of C. elegans dosage compensation	ena_study	shared/metadata_sources/v2/ena_studies/chunk_000.xml	source_reported
rna_seq:SRR1956674	library_strategy	RNA-Seq	ena_read_run	ENA read_run:SRR1956674; sample:SAMN03464673; study:SRP056941	source_reported
rna_seq:SRR1956674	library_layout	SINGLE	ena_read_run	ENA read_run:SRR1956674; sample:SAMN03464673; study:SRP056941	source_reported
rna_seq:SRR1956694	stage	L3	local_project_metadata	sharepoint_2026-07-13_new439	source_reported
rna_seq:SRR1956694	stage	L3	ena_sample	shared/metadata_sources/v2/ena_samples/chunk_000.xml	source_reported
rna_seq:SRR1956694	strain	N2, DPY-27 RNAi	ena_sample	shared/metadata_sources/v2/ena_samples/chunk_000.xml	source_reported
rna_seq:SRR1956694	genotype	WT+treated	provided_batch_table	sharepoint_2026-07-13_new439	source_reported
rna_seq:SRR1956694	data_source	PRJNA280541	provided_batch_table	sharepoint_2026-07-13_new439	source_reported
rna_seq:SRR1956694	study_title	Developmental dynamics of C. elegans dosage compensation	ena_study	shared/metadata_sources/v2/ena_studies/chunk_000.xml	source_reported
rna_seq:SRR1956694	library_strategy	RNA-Seq	ena_read_run	ENA read_run:SRR1956694; sample:SAMN03464629; study:SRP056941	source_reported
rna_seq:SRR1956694	library_layout	SINGLE	ena_read_run	ENA read_run:SRR1956694; sample:SAMN03464629; study:SRP056941	source_reported
rna_seq:SRR1956695	stage	L3	local_project_metadata	sharepoint_2026-07-13_new439	source_reported
rna_seq:SRR1956695	stage	L3	ena_sample	shared/metadata_sources/v2/ena_samples/chunk_000.xml	source_reported
rna_seq:SRR1956695	strain	N2, DPY-27 RNAi	ena_sample	shared/metadata_sources/v2/ena_samples/chunk_000.xml	source_reported
rna_seq:SRR1956695	genotype	WT+treated	provided_batch_table	sharepoint_2026-07-13_new439	source_reported
rna_seq:SRR1956695	data_source	PRJNA280541	provided_batch_table	sharepoint_2026-07-13_new439	source_reported
rna_seq:SRR1956695	study_title	Developmental dynamics of C. elegans dosage compensation	ena_study	shared/metadata_sources/v2/ena_studies/chunk_000.xml	source_reported
rna_seq:SRR1956695	library_strategy	RNA-Seq	ena_read_run	ENA read_run:SRR1956695; sample:SAMN03464630; study:SRP056941	source_reported
rna_seq:SRR1956695	library_layout	SINGLE	ena_read_run	ENA read_run:SRR1956695; sample:SAMN03464630; study:SRP056941	source_reported
rna_seq:SRR1956696	stage	L3	local_project_metadata	sharepoint_2026-07-13_new439	source_reported
rna_seq:SRR1956696	stage	L3	ena_sample	shared/metadata_sources/v2/ena_samples/chunk_000.xml	source_reported
rna_seq:SRR1956696	strain	N2, DPY-27 RNAi	ena_sample	shared/metadata_sources/v2/ena_samples/chunk_000.xml	source_reported
rna_seq:SRR1956696	genotype	WT+treated	provided_batch_table	sharepoint_2026-07-13_new439	source_reported
rna_seq:SRR1956696	data_source	PRJNA280541	provided_batch_table	sharepoint_2026-07-13_new439	source_reported
rna_seq:SRR1956696	study_title	Developmental dynamics of C. elegans dosage compensation	ena_study	shared/metadata_sources/v2/ena_studies/chunk_000.xml	source_reported
rna_seq:SRR1956696	library_strategy	RNA-Seq	ena_read_run	ENA read_run:SRR1956696; sample:SAMN03464631; study:SRP056941	source_reported
rna_seq:SRR1956696	library_layout	SINGLE	ena_read_run	ENA read_run:SRR1956696; sample:SAMN03464631; study:SRP056941	source_reported
rna_seq:SRR1956697	stage	L3	local_project_metadata	sharepoint_2026-07-13_new439	source_reported
rna_seq:SRR1956697	stage	L3	ena_sample	shared/metadata_sources/v2/ena_samples/chunk_000.xml	source_reported
rna_seq:SRR1956697	strain	N2, DPY-27 RNAi	ena_sample	shared/metadata_sources/v2/ena_samples/chunk_000.xml	source_reported
rna_seq:SRR1956697	genotype	WT+treated	provided_batch_table	sharepoint_2026-07-13_new439	source_reported
rna_seq:SRR1956697	data_source	PRJNA280541	provided_batch_table	sharepoint_2026-07-13_new439	source_reported
rna_seq:SRR1956697	study_title	Developmental dynamics of C. elegans dosage compensation	ena_study	shared/metadata_sources/v2/ena_studies/chunk_000.xml	source_reported
rna_seq:SRR1956697	library_strategy	RNA-Seq	ena_read_run	ENA read_run:SRR1956697; sample:SAMN03464632; study:SRP056941	source_reported
rna_seq:SRR1956697	library_layout	SINGLE	ena_read_run	ENA read_run:SRR1956697; sample:SAMN03464632; study:SRP056941	source_reported
rna_seq:SRR1956698	stage	L3	local_project_metadata	sharepoint_2026-07-13_new439	source_reported
rna_seq:SRR1956698	stage	L3	ena_sample	shared/metadata_sources/v2/ena_samples/chunk_000.xml	source_reported
rna_seq:SRR1956698	strain	N2, Vector RNAi	ena_sample	shared/metadata_sources/v2/ena_samples/chunk_000.xml	source_reported
rna_seq:SRR1956698	genotype	WT+treated	provided_batch_table	sharepoint_2026-07-13_new439	source_reported
rna_seq:SRR1956698	data_source	PRJNA280541	provided_batch_table	sharepoint_2026-07-13_new439	source_reported
rna_seq:SRR1956698	study_title	Developmental dynamics of C. elegans dosage compensation	ena_study	shared/metadata_sources/v2/ena_studies/chunk_000.xml	source_reported
rna_seq:SRR1956698	library_strategy	RNA-Seq	ena_read_run	ENA read_run:SRR1956698; sample:SAMN03464633; study:SRP056941	source_reported
rna_seq:SRR1956698	library_layout	SINGLE	ena_read_run	ENA read_run:SRR1956698; sample:SAMN03464633; study:SRP056941	source_reported
rna_seq:SRR1956699	stage	L3	local_project_metadata	sharepoint_2026-07-13_new439	source_reported
rna_seq:SRR1956699	stage	L3	ena_sample	shared/metadata_sources/v2/ena_samples/chunk_000.xml	source_reported
rna_seq:SRR1956699	strain	N2, Vector RNAi	ena_sample	shared/metadata_sources/v2/ena_samples/chunk_000.xml	source_reported
rna_seq:SRR1956699	genotype	WT+treated	provided_batch_table	sharepoint_2026-07-13_new439	source_reported
rna_seq:SRR1956699	data_source	PRJNA280541	provided_batch_table	sharepoint_2026-07-13_new439	source_reported
rna_seq:SRR1956699	study_title	Developmental dynamics of C. elegans dosage compensation	ena_study	shared/metadata_sources/v2/ena_studies/chunk_000.xml	source_reported
rna_seq:SRR1956699	library_strategy	RNA-Seq	ena_read_run	ENA read_run:SRR1956699; sample:SAMN03464634; study:SRP056941	source_reported
rna_seq:SRR1956699	library_layout	SINGLE	ena_read_run	ENA read_run:SRR1956699; sample:SAMN03464634; study:SRP056941	source_reported
rna_seq:SRR1956700	stage	L3	local_project_metadata	sharepoint_2026-07-13_new439	source_reported
rna_seq:SRR1956700	stage	L3	ena_sample	shared/metadata_sources/v2/ena_samples/chunk_000.xml	source_reported
rna_seq:SRR1956700	strain	N2, Vector RNAi	ena_sample	shared/metadata_sources/v2/ena_samples/chunk_000.xml	source_reported
rna_seq:SRR1956700	genotype	WT+treated	provided_batch_table	sharepoint_2026-07-13_new439	source_reported
rna_seq:SRR1956700	data_source	PRJNA280541	provided_batch_table	sharepoint_2026-07-13_new439	source_reported
rna_seq:SRR1956700	study_title	Developmental dynamics of C. elegans dosage compensation	ena_study	shared/metadata_sources/v2/ena_studies/chunk_000.xml	source_reported
rna_seq:SRR1956700	library_strategy	RNA-Seq	ena_read_run	ENA read_run:SRR1956700; sample:SAMN03464635; study:SRP056941	source_reported
rna_seq:SRR1956700	library_layout	SINGLE	ena_read_run	ENA read_run:SRR1956700; sample:SAMN03464635; study:SRP056941	source_reported
rna_seq:SRR1956701	stage	L3	local_project_metadata	sharepoint_2026-07-13_new439	source_reported
rna_seq:SRR1956701	stage	L3	ena_sample	shared/metadata_sources/v2/ena_samples/chunk_000.xml	source_reported
rna_seq:SRR1956701	strain	N2, Vector RNAi	ena_sample	shared/metadata_sources/v2/ena_samples/chunk_000.xml	source_reported
rna_seq:SRR1956701	genotype	WT+treated	provided_batch_table	sharepoint_2026-07-13_new439	source_reported
rna_seq:SRR1956701	data_source	PRJNA280541	provided_batch_table	sharepoint_2026-07-13_new439	source_reported
rna_seq:SRR1956701	study_title	Developmental dynamics of C. elegans dosage compensation	ena_study	shared/metadata_sources/v2/ena_studies/chunk_000.xml	source_reported
rna_seq:SRR1956701	library_strategy	RNA-Seq	ena_read_run	ENA read_run:SRR1956701; sample:SAMN03464636; study:SRP056941	source_reported
rna_seq:SRR1956701	library_layout	SINGLE	ena_read_run	ENA read_run:SRR1956701; sample:SAMN03464636; study:SRP056941	source_reported
rna_seq:SRR23049895	stage	Young Adult	local_project_metadata	sharepoint_2026-07-13_new439	source_reported
rna_seq:SRR23049895	stage	young adult	ena_sample	shared/metadata_sources/v2/ena_samples/chunk_006.xml	source_reported
rna_seq:SRR23049895	tissue	whole animal	ena_sample	shared/metadata_sources/v2/ena_samples/chunk_006.xml	source_reported
rna_seq:SRR23049895	sex	hermaphrodite	ena_sample	shared/metadata_sources/v2/ena_samples/chunk_006.xml	source_reported
rna_seq:SRR23049895	strain	MCJ275	ena_sample	shared/metadata_sources/v2/ena_samples/chunk_006.xml	source_reported
rna_seq:SRR23049895	genotype	mutated	provided_batch_table	sharepoint_2026-07-13_new439	source_reported
rna_seq:SRR23049895	biological_replicate	alg-1(AEDH); alg-2(AEDH) young adult experiment 1rep2	ena_sample	shared/metadata_sources/v2/ena_samples/chunk_006.xml	source_reported
rna_seq:SRR23049895	data_source	PRJNA922944	provided_batch_table	sharepoint_2026-07-13_new439	source_reported
rna_seq:SRR23049895	study_title	The catalytic activity of microRNA Argonautes plays a modest role in miRNA star strand cleavage in C. elegans	ena_study	shared/metadata_sources/v2/ena_studies/chunk_000.xml	source_reported
rna_seq:SRR23049895	library_strategy	RNA-Seq	ena_read_run	ENA read_run:SRR23049895; sample:SAMN32677660; study:SRP417015	source_reported
rna_seq:SRR23049895	library_layout	PAIRED	ena_read_run	ENA read_run:SRR23049895; sample:SAMN32677660; study:SRP417015	source_reported
rna_seq:SRR23049906	stage	Young Adult	local_project_metadata	sharepoint_2026-07-13_new439	source_reported
rna_seq:SRR23049906	stage	young adult	ena_sample	shared/metadata_sources/v2/ena_samples/chunk_006.xml	source_reported
rna_seq:SRR23049906	tissue	whole animal	ena_sample	shared/metadata_sources/v2/ena_samples/chunk_006.xml	source_reported
rna_seq:SRR23049906	sex	hermaphrodite	ena_sample	shared/metadata_sources/v2/ena_samples/chunk_006.xml	source_reported
rna_seq:SRR23049906	strain	N2	ena_sample	shared/metadata_sources/v2/ena_samples/chunk_006.xml	source_reported
rna_seq:SRR23049906	genotype	WT	provided_batch_table	sharepoint_2026-07-13_new439	source_reported
rna_seq:SRR23049906	biological_replicate	wild type young adult experiment 1rep2	ena_sample	shared/metadata_sources/v2/ena_samples/chunk_006.xml	source_reported
rna_seq:SRR23049906	data_source	PRJNA922944	provided_batch_table	sharepoint_2026-07-13_new439	source_reported
rna_seq:SRR23049906	study_title	The catalytic activity of microRNA Argonautes plays a modest role in miRNA star strand cleavage in C. elegans	ena_study	shared/metadata_sources/v2/ena_studies/chunk_000.xml	source_reported
rna_seq:SRR23049906	library_strategy	RNA-Seq	ena_read_run	ENA read_run:SRR23049906; sample:SAMN32677659; study:SRP417015	source_reported
rna_seq:SRR23049906	library_layout	PAIRED	ena_read_run	ENA read_run:SRR23049906; sample:SAMN32677659; study:SRP417015	source_reported
rna_seq:SRR23049917	stage	Embryo	local_project_metadata	sharepoint_2026-07-13_new439	source_reported
rna_seq:SRR23049917	stage	mixed embryos	ena_sample	shared/metadata_sources/v2/ena_samples/chunk_006.xml	source_reported
rna_seq:SRR23049917	tissue	whole animal	ena_sample	shared/metadata_sources/v2/ena_samples/chunk_006.xml	source_reported
rna_seq:SRR23049917	sex	hermaphrodite	ena_sample	shared/metadata_sources/v2/ena_samples/chunk_006.xml	source_reported
rna_seq:SRR23049917	strain	MCJ275	ena_sample	shared/metadata_sources/v2/ena_samples/chunk_006.xml	source_reported
rna_seq:SRR23049917	genotype	mutated	provided_batch_table	sharepoint_2026-07-13_new439	source_reported
rna_seq:SRR23049917	biological_replicate	alg-1(AEDH); alg-2(AEDH) mixed embryos experiment 1rep1	ena_sample	shared/metadata_sources/v2/ena_samples/chunk_006.xml	source_reported
rna_seq:SRR23049917	data_source	PRJNA922944	provided_batch_table	sharepoint_2026-07-13_new439	source_reported
rna_seq:SRR23049917	study_title	The catalytic activity of microRNA Argonautes plays a modest role in miRNA star strand cleavage in C. elegans	ena_study	shared/metadata_sources/v2/ena_studies/chunk_000.xml	source_reported
rna_seq:SRR23049917	library_strategy	RNA-Seq	ena_read_run	ENA read_run:SRR23049917; sample:SAMN32677658; study:SRP417015	source_reported
rna_seq:SRR23049917	library_layout	PAIRED	ena_read_run	ENA read_run:SRR23049917; sample:SAMN32677658; study:SRP417015	source_reported
rna_seq:SRR23049928	stage	Embryo	local_project_metadata	sharepoint_2026-07-13_new439	source_reported
rna_seq:SRR23049928	stage	mixed embryos	ena_sample	shared/metadata_sources/v2/ena_samples/chunk_005.xml	source_reported
rna_seq:SRR23049928	tissue	whole animal	ena_sample	shared/metadata_sources/v2/ena_samples/chunk_005.xml	source_reported
rna_seq:SRR23049928	sex	hermaphrodite	ena_sample	shared/metadata_sources/v2/ena_samples/chunk_005.xml	source_reported
rna_seq:SRR23049928	strain	N2	ena_sample	shared/metadata_sources/v2/ena_samples/chunk_005.xml	source_reported
rna_seq:SRR23049928	genotype	WT	provided_batch_table	sharepoint_2026-07-13_new439	source_reported
rna_seq:SRR23049928	biological_replicate	wild type mixed embryos experiment 1rep1	ena_sample	shared/metadata_sources/v2/ena_samples/chunk_005.xml	source_reported
rna_seq:SRR23049928	data_source	PRJNA922944	provided_batch_table	sharepoint_2026-07-13_new439	source_reported
rna_seq:SRR23049928	study_title	The catalytic activity of microRNA Argonautes plays a modest role in miRNA star strand cleavage in C. elegans	ena_study	shared/metadata_sources/v2/ena_studies/chunk_000.xml	source_reported
rna_seq:SRR23049928	library_strategy	RNA-Seq	ena_read_run	ENA read_run:SRR23049928; sample:SAMN32677657; study:SRP417015	source_reported
rna_seq:SRR23049928	library_layout	PAIRED	ena_read_run	ENA read_run:SRR23049928; sample:SAMN32677657; study:SRP417015	source_reported
rna_seq:SRR23049936	stage	Young Adult	local_project_metadata	sharepoint_2026-07-13_new439	source_reported
rna_seq:SRR23049936	stage	young adult	ena_sample	shared/metadata_sources/v2/ena_samples/chunk_006.xml	source_reported
rna_seq:SRR23049936	tissue	whole animal	ena_sample	shared/metadata_sources/v2/ena_samples/chunk_006.xml	source_reported
rna_seq:SRR23049936	sex	hermaphrodite	ena_sample	shared/metadata_sources/v2/ena_samples/chunk_006.xml	source_reported
rna_seq:SRR23049936	strain	MCJ275	ena_sample	shared/metadata_sources/v2/ena_samples/chunk_006.xml	source_reported
rna_seq:SRR23049936	genotype	mutated	provided_batch_table	sharepoint_2026-07-13_new439	source_reported
rna_seq:SRR23049936	biological_replicate	alg-1(AEDH); alg-2(AEDH) young adult experiment 1rep3	ena_sample	shared/metadata_sources/v2/ena_samples/chunk_006.xml	source_reported
rna_seq:SRR23049936	data_source	PRJNA922944	provided_batch_table	sharepoint_2026-07-13_new439	source_reported
rna_seq:SRR23049936	study_title	The catalytic activity of microRNA Argonautes plays a modest role in miRNA star strand cleavage in C. elegans	ena_study	shared/metadata_sources/v2/ena_studies/chunk_000.xml	source_reported
rna_seq:SRR23049936	library_strategy	RNA-Seq	ena_read_run	ENA read_run:SRR23049936; sample:SAMN32677662; study:SRP417015	source_reported
rna_seq:SRR23049936	library_layout	PAIRED	ena_read_run	ENA read_run:SRR23049936; sample:SAMN32677662; study:SRP417015	source_reported
rna_seq:SRR23049937	stage	Young Adult	local_project_metadata	sharepoint_2026-07-13_new439	source_reported
rna_seq:SRR23049937	stage	young adult	ena_sample	shared/metadata_sources/v2/ena_samples/chunk_006.xml	source_reported
rna_seq:SRR23049937	tissue	whole animal	ena_sample	shared/metadata_sources/v2/ena_samples/chunk_006.xml	source_reported
rna_seq:SRR23049937	sex	hermaphrodite	ena_sample	shared/metadata_sources/v2/ena_samples/chunk_006.xml	source_reported
rna_seq:SRR23049937	strain	N2	ena_sample	shared/metadata_sources/v2/ena_samples/chunk_006.xml	source_reported
rna_seq:SRR23049937	genotype	WT	provided_batch_table	sharepoint_2026-07-13_new439	source_reported
rna_seq:SRR23049937	biological_replicate	wild type young adult experiment 1rep3	ena_sample	shared/metadata_sources/v2/ena_samples/chunk_006.xml	source_reported
rna_seq:SRR23049937	data_source	PRJNA922944	provided_batch_table	sharepoint_2026-07-13_new439	source_reported
rna_seq:SRR23049937	study_title	The catalytic activity of microRNA Argonautes plays a modest role in miRNA star strand cleavage in C. elegans	ena_study	shared/metadata_sources/v2/ena_studies/chunk_000.xml	source_reported
rna_seq:SRR23049937	library_strategy	RNA-Seq	ena_read_run	ENA read_run:SRR23049937; sample:SAMN32677661; study:SRP417015	source_reported
rna_seq:SRR23049937	library_layout	PAIRED	ena_read_run	ENA read_run:SRR23049937; sample:SAMN32677661; study:SRP417015	source_reported
rna_seq:SRR23049953	stage	Embryo	local_project_metadata	sharepoint_2026-07-13_new439	source_reported
rna_seq:SRR23049953	stage	mixed embryos	ena_sample	shared/metadata_sources/v2/ena_samples/chunk_006.xml	source_reported
rna_seq:SRR23049953	tissue	whole animal	ena_sample	shared/metadata_sources/v2/ena_samples/chunk_006.xml	source_reported
rna_seq:SRR23049953	sex	hermaphrodite	ena_sample	shared/metadata_sources/v2/ena_samples/chunk_006.xml	source_reported
rna_seq:SRR23049953	strain	MCJ275	ena_sample	shared/metadata_sources/v2/ena_samples/chunk_006.xml	source_reported
rna_seq:SRR23049953	genotype	mutated	provided_batch_table	sharepoint_2026-07-13_new439	source_reported
rna_seq:SRR23049953	biological_replicate	alg-1(AEDH); alg-2(AEDH) mixed embryos experiment 1rep4	ena_sample	shared/metadata_sources/v2/ena_samples/chunk_006.xml	source_reported
rna_seq:SRR23049953	data_source	PRJNA922944	provided_batch_table	sharepoint_2026-07-13_new439	source_reported
rna_seq:SRR23049953	study_title	The catalytic activity of microRNA Argonautes plays a modest role in miRNA star strand cleavage in C. elegans	ena_study	shared/metadata_sources/v2/ena_studies/chunk_000.xml	source_reported
rna_seq:SRR23049953	library_strategy	RNA-Seq	ena_read_run	ENA read_run:SRR23049953; sample:SAMN32677674; study:SRP417015	source_reported
rna_seq:SRR23049953	library_layout	PAIRED	ena_read_run	ENA read_run:SRR23049953; sample:SAMN32677674; study:SRP417015	source_reported
rna_seq:SRR23049954	stage	Embryo	local_project_metadata	sharepoint_2026-07-13_new439	source_reported
rna_seq:SRR23049954	stage	mixed embryos	ena_sample	shared/metadata_sources/v2/ena_samples/chunk_006.xml	source_reported
rna_seq:SRR23049954	tissue	whole animal	ena_sample	shared/metadata_sources/v2/ena_samples/chunk_006.xml	source_reported
rna_seq:SRR23049954	sex	hermaphrodite	ena_sample	shared/metadata_sources/v2/ena_samples/chunk_006.xml	source_reported
rna_seq:SRR23049954	strain	N2	ena_sample	shared/metadata_sources/v2/ena_samples/chunk_006.xml	source_reported
rna_seq:SRR23049954	genotype	WT	provided_batch_table	sharepoint_2026-07-13_new439	source_reported
rna_seq:SRR23049954	biological_replicate	wild type mixed embryos experiment 1rep4	ena_sample	shared/metadata_sources/v2/ena_samples/chunk_006.xml	source_reported
rna_seq:SRR23049954	data_source	PRJNA922944	provided_batch_table	sharepoint_2026-07-13_new439	source_reported
rna_seq:SRR23049954	study_title	The catalytic activity of microRNA Argonautes plays a modest role in miRNA star strand cleavage in C. elegans	ena_study	shared/metadata_sources/v2/ena_studies/chunk_000.xml	source_reported
rna_seq:SRR23049954	library_strategy	RNA-Seq	ena_read_run	ENA read_run:SRR23049954; sample:SAMN32677673; study:SRP417015	source_reported
rna_seq:SRR23049954	library_layout	PAIRED	ena_read_run	ENA read_run:SRR23049954; sample:SAMN32677673; study:SRP417015	source_reported
rna_seq:SRR23049956	stage	Embryo	local_project_metadata	sharepoint_2026-07-13_new439	source_reported
rna_seq:SRR23049956	stage	mixed embryos	ena_sample	shared/metadata_sources/v2/ena_samples/chunk_006.xml	source_reported
rna_seq:SRR23049956	tissue	whole animal	ena_sample	shared/metadata_sources/v2/ena_samples/chunk_006.xml	source_reported
rna_seq:SRR23049956	sex	hermaphrodite	ena_sample	shared/metadata_sources/v2/ena_samples/chunk_006.xml	source_reported
rna_seq:SRR23049956	strain	MCJ275	ena_sample	shared/metadata_sources/v2/ena_samples/chunk_006.xml	source_reported
rna_seq:SRR23049956	genotype	mutated	provided_batch_table	sharepoint_2026-07-13_new439	source_reported
rna_seq:SRR23049956	biological_replicate	alg-1(AEDH); alg-2(AEDH) mixed embryos experiment 1rep3	ena_sample	shared/metadata_sources/v2/ena_samples/chunk_006.xml	source_reported
rna_seq:SRR23049956	data_source	PRJNA922944	provided_batch_table	sharepoint_2026-07-13_new439	source_reported
rna_seq:SRR23049956	study_title	The catalytic activity of microRNA Argonautes plays a modest role in miRNA star strand cleavage in C. elegans	ena_study	shared/metadata_sources/v2/ena_studies/chunk_000.xml	source_reported
rna_seq:SRR23049956	library_strategy	RNA-Seq	ena_read_run	ENA read_run:SRR23049956; sample:SAMN32677672; study:SRP417015	source_reported
rna_seq:SRR23049956	library_layout	PAIRED	ena_read_run	ENA read_run:SRR23049956; sample:SAMN32677672; study:SRP417015	source_reported
rna_seq:SRR23049957	stage	Embryo	local_project_metadata	sharepoint_2026-07-13_new439	source_reported
rna_seq:SRR23049957	stage	mixed embryos	ena_sample	shared/metadata_sources/v2/ena_samples/chunk_006.xml	source_reported
rna_seq:SRR23049957	tissue	whole animal	ena_sample	shared/metadata_sources/v2/ena_samples/chunk_006.xml	source_reported
rna_seq:SRR23049957	sex	hermaphrodite	ena_sample	shared/metadata_sources/v2/ena_samples/chunk_006.xml	source_reported
rna_seq:SRR23049957	strain	N2	ena_sample	shared/metadata_sources/v2/ena_samples/chunk_006.xml	source_reported
rna_seq:SRR23049957	genotype	WT	provided_batch_table	sharepoint_2026-07-13_new439	source_reported
rna_seq:SRR23049957	biological_replicate	wild type mixed embryos experiment 1rep3	ena_sample	shared/metadata_sources/v2/ena_samples/chunk_006.xml	source_reported
rna_seq:SRR23049957	data_source	PRJNA922944	provided_batch_table	sharepoint_2026-07-13_new439	source_reported
rna_seq:SRR23049957	study_title	The catalytic activity of microRNA Argonautes plays a modest role in miRNA star strand cleavage in C. elegans	ena_study	shared/metadata_sources/v2/ena_studies/chunk_000.xml	source_reported
rna_seq:SRR23049957	library_strategy	RNA-Seq	ena_read_run	ENA read_run:SRR23049957; sample:SAMN32677671; study:SRP417015	source_reported
rna_seq:SRR23049957	library_layout	PAIRED	ena_read_run	ENA read_run:SRR23049957; sample:SAMN32677671; study:SRP417015	source_reported
rna_seq:SRR23049958	stage	Embryo	local_project_metadata	sharepoint_2026-07-13_new439	source_reported
rna_seq:SRR23049958	stage	mixed embryos	ena_sample	shared/metadata_sources/v2/ena_samples/chunk_006.xml	source_reported
rna_seq:SRR23049958	tissue	whole animal	ena_sample	shared/metadata_sources/v2/ena_samples/chunk_006.xml	source_reported
rna_seq:SRR23049958	sex	hermaphrodite	ena_sample	shared/metadata_sources/v2/ena_samples/chunk_006.xml	source_reported
rna_seq:SRR23049958	strain	MCJ275	ena_sample	shared/metadata_sources/v2/ena_samples/chunk_006.xml	source_reported
rna_seq:SRR23049958	genotype	mutated	provided_batch_table	sharepoint_2026-07-13_new439	source_reported
rna_seq:SRR23049958	biological_replicate	alg-1(AEDH); alg-2(AEDH) mixed embryos experiment 1rep2	ena_sample	shared/metadata_sources/v2/ena_samples/chunk_006.xml	source_reported
rna_seq:SRR23049958	data_source	PRJNA922944	provided_batch_table	sharepoint_2026-07-13_new439	source_reported
rna_seq:SRR23049958	study_title	The catalytic activity of microRNA Argonautes plays a modest role in miRNA star strand cleavage in C. elegans	ena_study	shared/metadata_sources/v2/ena_studies/chunk_000.xml	source_reported
rna_seq:SRR23049958	library_strategy	RNA-Seq	ena_read_run	ENA read_run:SRR23049958; sample:SAMN32677670; study:SRP417015	source_reported
rna_seq:SRR23049958	library_layout	PAIRED	ena_read_run	ENA read_run:SRR23049958; sample:SAMN32677670; study:SRP417015	source_reported
rna_seq:SRR23049959	stage	Embryo	local_project_metadata	sharepoint_2026-07-13_new439	source_reported
rna_seq:SRR23049959	stage	mixed embryos	ena_sample	shared/metadata_sources/v2/ena_samples/chunk_006.xml	source_reported
rna_seq:SRR23049959	tissue	whole animal	ena_sample	shared/metadata_sources/v2/ena_samples/chunk_006.xml	source_reported
rna_seq:SRR23049959	sex	hermaphrodite	ena_sample	shared/metadata_sources/v2/ena_samples/chunk_006.xml	source_reported
rna_seq:SRR23049959	strain	N2	ena_sample	shared/metadata_sources/v2/ena_samples/chunk_006.xml	source_reported
rna_seq:SRR23049959	genotype	WT	provided_batch_table	sharepoint_2026-07-13_new439	source_reported
rna_seq:SRR23049959	biological_replicate	wild type mixed embryos experiment 1rep2	ena_sample	shared/metadata_sources/v2/ena_samples/chunk_006.xml	source_reported
rna_seq:SRR23049959	data_source	PRJNA922944	provided_batch_table	sharepoint_2026-07-13_new439	source_reported
rna_seq:SRR23049959	study_title	The catalytic activity of microRNA Argonautes plays a modest role in miRNA star strand cleavage in C. elegans	ena_study	shared/metadata_sources/v2/ena_studies/chunk_000.xml	source_reported
rna_seq:SRR23049959	library_strategy	RNA-Seq	ena_read_run	ENA read_run:SRR23049959; sample:SAMN32677669; study:SRP417015	source_reported
rna_seq:SRR23049959	library_layout	PAIRED	ena_read_run	ENA read_run:SRR23049959; sample:SAMN32677669; study:SRP417015	source_reported
rna_seq:SRR23049964	stage	Young Adult	local_project_metadata	sharepoint_2026-07-13_new439	source_reported
rna_seq:SRR23049964	stage	young adult	ena_sample	shared/metadata_sources/v2/ena_samples/chunk_006.xml	source_reported
rna_seq:SRR23049964	tissue	whole animal	ena_sample	shared/metadata_sources/v2/ena_samples/chunk_006.xml	source_reported
rna_seq:SRR23049964	sex	hermaphrodite	ena_sample	shared/metadata_sources/v2/ena_samples/chunk_006.xml	source_reported
rna_seq:SRR23049964	strain	MCJ275	ena_sample	shared/metadata_sources/v2/ena_samples/chunk_006.xml	source_reported
rna_seq:SRR23049964	genotype	mutated	provided_batch_table	sharepoint_2026-07-13_new439	source_reported
rna_seq:SRR23049964	biological_replicate	alg-1(AEDH); alg-2(AEDH) young adult experiment 1rep4	ena_sample	shared/metadata_sources/v2/ena_samples/chunk_006.xml	source_reported
rna_seq:SRR23049964	data_source	PRJNA922944	provided_batch_table	sharepoint_2026-07-13_new439	source_reported
rna_seq:SRR23049964	study_title	The catalytic activity of microRNA Argonautes plays a modest role in miRNA star strand cleavage in C. elegans	ena_study	shared/metadata_sources/v2/ena_studies/chunk_000.xml	source_reported
rna_seq:SRR23049964	library_strategy	RNA-Seq	ena_read_run	ENA read_run:SRR23049964; sample:SAMN32677664; study:SRP417015	source_reported
rna_seq:SRR23049964	library_layout	PAIRED	ena_read_run	ENA read_run:SRR23049964; sample:SAMN32677664; study:SRP417015	source_reported
rna_seq:SRR23049965	stage	Young Adult	local_project_metadata	sharepoint_2026-07-13_new439	source_reported
rna_seq:SRR23049965	stage	young adult	ena_sample	shared/metadata_sources/v2/ena_samples/chunk_006.xml	source_reported
rna_seq:SRR23049965	tissue	whole animal	ena_sample	shared/metadata_sources/v2/ena_samples/chunk_006.xml	source_reported
rna_seq:SRR23049965	sex	hermaphrodite	ena_sample	shared/metadata_sources/v2/ena_samples/chunk_006.xml	source_reported
rna_seq:SRR23049965	strain	N2	ena_sample	shared/metadata_sources/v2/ena_samples/chunk_006.xml	source_reported
rna_seq:SRR23049965	genotype	WT	provided_batch_table	sharepoint_2026-07-13_new439	source_reported
rna_seq:SRR23049965	biological_replicate	wild type young adult experiment 1rep4	ena_sample	shared/metadata_sources/v2/ena_samples/chunk_006.xml	source_reported
rna_seq:SRR23049965	data_source	PRJNA922944	provided_batch_table	sharepoint_2026-07-13_new439	source_reported
rna_seq:SRR23049965	study_title	The catalytic activity of microRNA Argonautes plays a modest role in miRNA star strand cleavage in C. elegans	ena_study	shared/metadata_sources/v2/ena_studies/chunk_000.xml	source_reported
rna_seq:SRR23049965	library_strategy	RNA-Seq	ena_read_run	ENA read_run:SRR23049965; sample:SAMN32677663; study:SRP417015	source_reported
rna_seq:SRR23049965	library_layout	PAIRED	ena_read_run	ENA read_run:SRR23049965; sample:SAMN32677663; study:SRP417015	source_reported
rna_seq:SRR23049966	stage	Young Adult	local_project_metadata	sharepoint_2026-07-13_new439	source_reported
rna_seq:SRR23049966	stage	young adult	ena_sample	shared/metadata_sources/v2/ena_samples/chunk_005.xml	source_reported
rna_seq:SRR23049966	tissue	whole animal	ena_sample	shared/metadata_sources/v2/ena_samples/chunk_005.xml	source_reported
rna_seq:SRR23049966	sex	hermaphrodite	ena_sample	shared/metadata_sources/v2/ena_samples/chunk_005.xml	source_reported
rna_seq:SRR23049966	strain	N2	ena_sample	shared/metadata_sources/v2/ena_samples/chunk_005.xml	source_reported
rna_seq:SRR23049966	genotype	WT	provided_batch_table	sharepoint_2026-07-13_new439	source_reported
rna_seq:SRR23049966	biological_replicate	wild type young adult experiment 1rep1	ena_sample	shared/metadata_sources/v2/ena_samples/chunk_005.xml	source_reported
rna_seq:SRR23049966	data_source	PRJNA922944	provided_batch_table	sharepoint_2026-07-13_new439	source_reported
rna_seq:SRR23049966	study_title	The catalytic activity of microRNA Argonautes plays a modest role in miRNA star strand cleavage in C. elegans	ena_study	shared/metadata_sources/v2/ena_studies/chunk_000.xml	source_reported
rna_seq:SRR23049966	library_strategy	RNA-Seq	ena_read_run	ENA read_run:SRR23049966; sample:SAMN32677654; study:SRP417015	source_reported
rna_seq:SRR23049966	library_layout	PAIRED	ena_read_run	ENA read_run:SRR23049966; sample:SAMN32677654; study:SRP417015	source_reported
rna_seq:SRR23049967	stage	Young Adult	local_project_metadata	sharepoint_2026-07-13_new439	source_reported
rna_seq:SRR23049967	stage	young adult	ena_sample	shared/metadata_sources/v2/ena_samples/chunk_005.xml	source_reported
rna_seq:SRR23049967	tissue	whole animal	ena_sample	shared/metadata_sources/v2/ena_samples/chunk_005.xml	source_reported
rna_seq:SRR23049967	sex	hermaphrodite	ena_sample	shared/metadata_sources/v2/ena_samples/chunk_005.xml	source_reported
rna_seq:SRR23049967	strain	MCJ275	ena_sample	shared/metadata_sources/v2/ena_samples/chunk_005.xml	source_reported
rna_seq:SRR23049967	genotype	mutated	provided_batch_table	sharepoint_2026-07-13_new439	source_reported
rna_seq:SRR23049967	biological_replicate	alg-1(AEDH); alg-2(AEDH) young adult experiment 1rep1	ena_sample	shared/metadata_sources/v2/ena_samples/chunk_005.xml	source_reported
rna_seq:SRR23049967	data_source	PRJNA922944	provided_batch_table	sharepoint_2026-07-13_new439	source_reported
rna_seq:SRR23049967	study_title	The catalytic activity of microRNA Argonautes plays a modest role in miRNA star strand cleavage in C. elegans	ena_study	shared/metadata_sources/v2/ena_studies/chunk_000.xml	source_reported
rna_seq:SRR23049967	library_strategy	RNA-Seq	ena_read_run	ENA read_run:SRR23049967; sample:SAMN32677653; study:SRP417015	source_reported
rna_seq:SRR23049967	library_layout	PAIRED	ena_read_run	ENA read_run:SRR23049967; sample:SAMN32677653; study:SRP417015	source_reported
rna_seq:SRR2541829	stage	L3	local_project_metadata	sharepoint_2026-07-13_new439	source_reported
rna_seq:SRR2541829	stage	L3	ena_sample	shared/metadata_sources/v2/ena_samples/chunk_001.xml	source_reported
rna_seq:SRR2541829	strain	BS553	ena_sample	shared/metadata_sources/v2/ena_samples/chunk_001.xml	source_reported
rna_seq:SRR2541829	genotype	mutated	provided_batch_table	sharepoint_2026-07-13_new439	source_reported
rna_seq:SRR2541829	data_source	PRJNA280541	provided_batch_table	sharepoint_2026-07-13_new439	source_reported
rna_seq:SRR2541829	study_title	Developmental dynamics of C. elegans dosage compensation	ena_study	shared/metadata_sources/v2/ena_studies/chunk_000.xml	source_reported
rna_seq:SRR2541829	library_strategy	RNA-Seq	ena_read_run	ENA read_run:SRR2541829; sample:SAMN04124059; study:SRP056941	source_reported
rna_seq:SRR2541829	library_layout	SINGLE	ena_read_run	ENA read_run:SRR2541829; sample:SAMN04124059; study:SRP056941	source_reported
rna_seq:SRR2541830	stage	L3	local_project_metadata	sharepoint_2026-07-13_new439	source_reported
rna_seq:SRR2541830	stage	L3	ena_sample	shared/metadata_sources/v2/ena_samples/chunk_001.xml	source_reported
rna_seq:SRR2541830	strain	BS553	ena_sample	shared/metadata_sources/v2/ena_samples/chunk_001.xml	source_reported
rna_seq:SRR2541830	genotype	mutated	provided_batch_table	sharepoint_2026-07-13_new439	source_reported
rna_seq:SRR2541830	data_source	PRJNA280541	provided_batch_table	sharepoint_2026-07-13_new439	source_reported
rna_seq:SRR2541830	study_title	Developmental dynamics of C. elegans dosage compensation	ena_study	shared/metadata_sources/v2/ena_studies/chunk_000.xml	source_reported
rna_seq:SRR2541830	library_strategy	RNA-Seq	ena_read_run	ENA read_run:SRR2541830; sample:SAMN04124059; study:SRP056941	source_reported
rna_seq:SRR2541830	library_layout	SINGLE	ena_read_run	ENA read_run:SRR2541830; sample:SAMN04124059; study:SRP056941	source_reported
rna_seq:SRR2541831	stage	L3	local_project_metadata	sharepoint_2026-07-13_new439	source_reported
rna_seq:SRR2541831	stage	L3	ena_sample	shared/metadata_sources/v2/ena_samples/chunk_001.xml	source_reported
rna_seq:SRR2541831	strain	BS553	ena_sample	shared/metadata_sources/v2/ena_samples/chunk_001.xml	source_reported
rna_seq:SRR2541831	genotype	mutated	provided_batch_table	sharepoint_2026-07-13_new439	source_reported
rna_seq:SRR2541831	data_source	PRJNA280541	provided_batch_table	sharepoint_2026-07-13_new439	source_reported
rna_seq:SRR2541831	study_title	Developmental dynamics of C. elegans dosage compensation	ena_study	shared/metadata_sources/v2/ena_studies/chunk_000.xml	source_reported
rna_seq:SRR2541831	library_strategy	RNA-Seq	ena_read_run	ENA read_run:SRR2541831; sample:SAMN04124060; study:SRP056941	source_reported
rna_seq:SRR2541831	library_layout	SINGLE	ena_read_run	ENA read_run:SRR2541831; sample:SAMN04124060; study:SRP056941	source_reported
rna_seq:SRR2541832	stage	L3	local_project_metadata	sharepoint_2026-07-13_new439	source_reported
rna_seq:SRR2541832	stage	L3	ena_sample	shared/metadata_sources/v2/ena_samples/chunk_001.xml	source_reported
rna_seq:SRR2541832	strain	BS553	ena_sample	shared/metadata_sources/v2/ena_samples/chunk_001.xml	source_reported
rna_seq:SRR2541832	genotype	mutated	provided_batch_table	sharepoint_2026-07-13_new439	source_reported
rna_seq:SRR2541832	data_source	PRJNA280541	provided_batch_table	sharepoint_2026-07-13_new439	source_reported
rna_seq:SRR2541832	study_title	Developmental dynamics of C. elegans dosage compensation	ena_study	shared/metadata_sources/v2/ena_studies/chunk_000.xml	source_reported
rna_seq:SRR2541832	library_strategy	RNA-Seq	ena_read_run	ENA read_run:SRR2541832; sample:SAMN04124060; study:SRP056941	source_reported
rna_seq:SRR2541832	library_layout	SINGLE	ena_read_run	ENA read_run:SRR2541832; sample:SAMN04124060; study:SRP056941	source_reported
rna_seq:SRR2541833	stage	L3	local_project_metadata	sharepoint_2026-07-13_new439	source_reported
rna_seq:SRR2541833	stage	L3	ena_sample	shared/metadata_sources/v2/ena_samples/chunk_001.xml	source_reported
rna_seq:SRR2541833	strain	BS553	ena_sample	shared/metadata_sources/v2/ena_samples/chunk_001.xml	source_reported
rna_seq:SRR2541833	genotype	mutated	provided_batch_table	sharepoint_2026-07-13_new439	source_reported
rna_seq:SRR2541833	data_source	PRJNA280541	provided_batch_table	sharepoint_2026-07-13_new439	source_reported
rna_seq:SRR2541833	study_title	Developmental dynamics of C. elegans dosage compensation	ena_study	shared/metadata_sources/v2/ena_studies/chunk_000.xml	source_reported
rna_seq:SRR2541833	library_strategy	RNA-Seq	ena_read_run	ENA read_run:SRR2541833; sample:SAMN04124060; study:SRP056941	source_reported
rna_seq:SRR2541833	library_layout	SINGLE	ena_read_run	ENA read_run:SRR2541833; sample:SAMN04124060; study:SRP056941	source_reported
rna_seq:SRR2541834	stage	L3	local_project_metadata	sharepoint_2026-07-13_new439	source_reported
rna_seq:SRR2541834	stage	L3	ena_sample	shared/metadata_sources/v2/ena_samples/chunk_001.xml	source_reported
rna_seq:SRR2541834	strain	BS553	ena_sample	shared/metadata_sources/v2/ena_samples/chunk_001.xml	source_reported
rna_seq:SRR2541834	genotype	mutated	provided_batch_table	sharepoint_2026-07-13_new439	source_reported
rna_seq:SRR2541834	data_source	PRJNA280541	provided_batch_table	sharepoint_2026-07-13_new439	source_reported
rna_seq:SRR2541834	study_title	Developmental dynamics of C. elegans dosage compensation	ena_study	shared/metadata_sources/v2/ena_studies/chunk_000.xml	source_reported
rna_seq:SRR2541834	library_strategy	RNA-Seq	ena_read_run	ENA read_run:SRR2541834; sample:SAMN04124061; study:SRP056941	source_reported
rna_seq:SRR2541834	library_layout	SINGLE	ena_read_run	ENA read_run:SRR2541834; sample:SAMN04124061; study:SRP056941	source_reported
rna_seq:SRR2541835	stage	L3	local_project_metadata	sharepoint_2026-07-13_new439	source_reported
rna_seq:SRR2541835	stage	L3	ena_sample	shared/metadata_sources/v2/ena_samples/chunk_001.xml	source_reported
rna_seq:SRR2541835	strain	BS553	ena_sample	shared/metadata_sources/v2/ena_samples/chunk_001.xml	source_reported
rna_seq:SRR2541835	genotype	mutated	provided_batch_table	sharepoint_2026-07-13_new439	source_reported
rna_seq:SRR2541835	data_source	PRJNA280541	provided_batch_table	sharepoint_2026-07-13_new439	source_reported
rna_seq:SRR2541835	study_title	Developmental dynamics of C. elegans dosage compensation	ena_study	shared/metadata_sources/v2/ena_studies/chunk_000.xml	source_reported
rna_seq:SRR2541835	library_strategy	RNA-Seq	ena_read_run	ENA read_run:SRR2541835; sample:SAMN04124061; study:SRP056941	source_reported
rna_seq:SRR2541835	library_layout	SINGLE	ena_read_run	ENA read_run:SRR2541835; sample:SAMN04124061; study:SRP056941	source_reported
rna_seq:SRR2541836	stage	L3	local_project_metadata	sharepoint_2026-07-13_new439	source_reported
rna_seq:SRR2541836	stage	L3	ena_sample	shared/metadata_sources/v2/ena_samples/chunk_001.xml	source_reported
rna_seq:SRR2541836	strain	BS553	ena_sample	shared/metadata_sources/v2/ena_samples/chunk_001.xml	source_reported
rna_seq:SRR2541836	genotype	mutated	provided_batch_table	sharepoint_2026-07-13_new439	source_reported
rna_seq:SRR2541836	data_source	PRJNA280541	provided_batch_table	sharepoint_2026-07-13_new439	source_reported
rna_seq:SRR2541836	study_title	Developmental dynamics of C. elegans dosage compensation	ena_study	shared/metadata_sources/v2/ena_studies/chunk_000.xml	source_reported
rna_seq:SRR2541836	library_strategy	RNA-Seq	ena_read_run	ENA read_run:SRR2541836; sample:SAMN04124061; study:SRP056941	source_reported
rna_seq:SRR2541836	library_layout	SINGLE	ena_read_run	ENA read_run:SRR2541836; sample:SAMN04124061; study:SRP056941	source_reported
rna_seq:SRR27352845	stage	L4	local_project_metadata	sharepoint_2026-07-13_new439	source_reported
rna_seq:SRR27352845	tissue	whole animal	ena_sample	shared/metadata_sources/v2/ena_samples/chunk_006.xml	source_reported
rna_seq:SRR27352845	strain	N2	ena_sample	shared/metadata_sources/v2/ena_samples/chunk_006.xml	source_reported
rna_seq:SRR27352845	genotype	WT	provided_batch_table	sharepoint_2026-07-13_new439	source_reported
rna_seq:SRR27352845	data_source	PRJNA1057254	provided_batch_table	sharepoint_2026-07-13_new439	source_reported
rna_seq:SRR27352845	study_title	Modeling neurodevelopmental disorder-associated human AGO1 mutations in C. elegans Argonaute alg-1. [RNA-Seq]	ena_study	shared/metadata_sources/v2/ena_studies/chunk_000.xml	source_reported
rna_seq:SRR27352845	library_strategy	RNA-Seq	ena_read_run	ENA read_run:SRR27352845; sample:SAMN39129102; study:SRP480176	source_reported
rna_seq:SRR27352845	library_layout	SINGLE	ena_read_run	ENA read_run:SRR27352845; sample:SAMN39129102; study:SRP480176	source_reported
rna_seq:SRR27352846	stage	L4	local_project_metadata	sharepoint_2026-07-13_new439	source_reported
rna_seq:SRR27352846	tissue	whole animal	ena_sample	shared/metadata_sources/v2/ena_samples/chunk_006.xml	source_reported
rna_seq:SRR27352846	strain	alg-1(zen25, V254I)	ena_sample	shared/metadata_sources/v2/ena_samples/chunk_006.xml	source_reported
rna_seq:SRR27352846	genotype	mutated	provided_batch_table	sharepoint_2026-07-13_new439	source_reported
rna_seq:SRR27352846	data_source	PRJNA1057254	provided_batch_table	sharepoint_2026-07-13_new439	source_reported
rna_seq:SRR27352846	study_title	Modeling neurodevelopmental disorder-associated human AGO1 mutations in C. elegans Argonaute alg-1. [RNA-Seq]	ena_study	shared/metadata_sources/v2/ena_studies/chunk_000.xml	source_reported
rna_seq:SRR27352846	library_strategy	RNA-Seq	ena_read_run	ENA read_run:SRR27352846; sample:SAMN39129111; study:SRP480176	source_reported
rna_seq:SRR27352846	library_layout	SINGLE	ena_read_run	ENA read_run:SRR27352846; sample:SAMN39129111; study:SRP480176	source_reported
rna_seq:SRR27352847	stage	L4	local_project_metadata	sharepoint_2026-07-13_new439	source_reported
rna_seq:SRR27352847	tissue	whole animal	ena_sample	shared/metadata_sources/v2/ena_samples/chunk_006.xml	source_reported
rna_seq:SRR27352847	strain	alg-1(zen25, V254I)	ena_sample	shared/metadata_sources/v2/ena_samples/chunk_006.xml	source_reported
rna_seq:SRR27352847	genotype	mutated	provided_batch_table	sharepoint_2026-07-13_new439	source_reported
rna_seq:SRR27352847	data_source	PRJNA1057254	provided_batch_table	sharepoint_2026-07-13_new439	source_reported
rna_seq:SRR27352847	study_title	Modeling neurodevelopmental disorder-associated human AGO1 mutations in C. elegans Argonaute alg-1. [RNA-Seq]	ena_study	shared/metadata_sources/v2/ena_studies/chunk_000.xml	source_reported
rna_seq:SRR27352847	library_strategy	RNA-Seq	ena_read_run	ENA read_run:SRR27352847; sample:SAMN39129112; study:SRP480176	source_reported
rna_seq:SRR27352847	library_layout	SINGLE	ena_read_run	ENA read_run:SRR27352847; sample:SAMN39129112; study:SRP480176	source_reported
rna_seq:SRR27352848	stage	L4	local_project_metadata	sharepoint_2026-07-13_new439	source_reported
rna_seq:SRR27352848	tissue	whole animal	ena_sample	shared/metadata_sources/v2/ena_samples/chunk_006.xml	source_reported
rna_seq:SRR27352848	strain	alg-1(zen25, V254I)	ena_sample	shared/metadata_sources/v2/ena_samples/chunk_006.xml	source_reported
rna_seq:SRR27352848	genotype	mutated	provided_batch_table	sharepoint_2026-07-13_new439	source_reported
rna_seq:SRR27352848	data_source	PRJNA1057254	provided_batch_table	sharepoint_2026-07-13_new439	source_reported
rna_seq:SRR27352848	study_title	Modeling neurodevelopmental disorder-associated human AGO1 mutations in C. elegans Argonaute alg-1. [RNA-Seq]	ena_study	shared/metadata_sources/v2/ena_studies/chunk_000.xml	source_reported
rna_seq:SRR27352848	library_strategy	RNA-Seq	ena_read_run	ENA read_run:SRR27352848; sample:SAMN39129113; study:SRP480176	source_reported
rna_seq:SRR27352848	library_layout	SINGLE	ena_read_run	ENA read_run:SRR27352848; sample:SAMN39129113; study:SRP480176	source_reported
rna_seq:SRR27352849	stage	L4	local_project_metadata	sharepoint_2026-07-13_new439	source_reported
rna_seq:SRR27352849	tissue	whole animal	ena_sample	shared/metadata_sources/v2/ena_samples/chunk_006.xml	source_reported
rna_seq:SRR27352849	strain	alg-1(ma443, G199S)	ena_sample	shared/metadata_sources/v2/ena_samples/chunk_006.xml	source_reported
rna_seq:SRR27352849	genotype	mutated	provided_batch_table	sharepoint_2026-07-13_new439	source_reported
rna_seq:SRR27352849	data_source	PRJNA1057254	provided_batch_table	sharepoint_2026-07-13_new439	source_reported
rna_seq:SRR27352849	study_title	Modeling neurodevelopmental disorder-associated human AGO1 mutations in C. elegans Argonaute alg-1. [RNA-Seq]	ena_study	shared/metadata_sources/v2/ena_studies/chunk_000.xml	source_reported
rna_seq:SRR27352849	library_strategy	RNA-Seq	ena_read_run	ENA read_run:SRR27352849; sample:SAMN39129114; study:SRP480176	source_reported
rna_seq:SRR27352849	library_layout	SINGLE	ena_read_run	ENA read_run:SRR27352849; sample:SAMN39129114; study:SRP480176	source_reported
rna_seq:SRR27352850	stage	L4	local_project_metadata	sharepoint_2026-07-13_new439	source_reported
rna_seq:SRR27352850	tissue	whole animal	ena_sample	shared/metadata_sources/v2/ena_samples/chunk_006.xml	source_reported
rna_seq:SRR27352850	strain	alg-1(ma443, G199S)	ena_sample	shared/metadata_sources/v2/ena_samples/chunk_006.xml	source_reported
rna_seq:SRR27352850	genotype	mutated	provided_batch_table	sharepoint_2026-07-13_new439	source_reported
rna_seq:SRR27352850	data_source	PRJNA1057254	provided_batch_table	sharepoint_2026-07-13_new439	source_reported
rna_seq:SRR27352850	study_title	Modeling neurodevelopmental disorder-associated human AGO1 mutations in C. elegans Argonaute alg-1. [RNA-Seq]	ena_study	shared/metadata_sources/v2/ena_studies/chunk_000.xml	source_reported
rna_seq:SRR27352850	library_strategy	RNA-Seq	ena_read_run	ENA read_run:SRR27352850; sample:SAMN39129115; study:SRP480176	source_reported
rna_seq:SRR27352850	library_layout	SINGLE	ena_read_run	ENA read_run:SRR27352850; sample:SAMN39129115; study:SRP480176	source_reported
rna_seq:SRR27352851	stage	L4	local_project_metadata	sharepoint_2026-07-13_new439	source_reported
rna_seq:SRR27352851	tissue	whole animal	ena_sample	shared/metadata_sources/v2/ena_samples/chunk_006.xml	source_reported
rna_seq:SRR27352851	strain	alg-1(ma443, G199S)	ena_sample	shared/metadata_sources/v2/ena_samples/chunk_006.xml	source_reported
rna_seq:SRR27352851	genotype	mutated	provided_batch_table	sharepoint_2026-07-13_new439	source_reported
rna_seq:SRR27352851	data_source	PRJNA1057254	provided_batch_table	sharepoint_2026-07-13_new439	source_reported
rna_seq:SRR27352851	study_title	Modeling neurodevelopmental disorder-associated human AGO1 mutations in C. elegans Argonaute alg-1. [RNA-Seq]	ena_study	shared/metadata_sources/v2/ena_studies/chunk_000.xml	source_reported
rna_seq:SRR27352851	library_strategy	RNA-Seq	ena_read_run	ENA read_run:SRR27352851; sample:SAMN39129116; study:SRP480176	source_reported
rna_seq:SRR27352851	library_layout	SINGLE	ena_read_run	ENA read_run:SRR27352851; sample:SAMN39129116; study:SRP480176	source_reported
rna_seq:SRR27352852	stage	L4	local_project_metadata	sharepoint_2026-07-13_new439	source_reported
rna_seq:SRR27352852	tissue	whole animal	ena_sample	shared/metadata_sources/v2/ena_samples/chunk_006.xml	source_reported
rna_seq:SRR27352852	strain	alg-1(ma447,F180del)	ena_sample	shared/metadata_sources/v2/ena_samples/chunk_006.xml	source_reported
rna_seq:SRR27352852	genotype	mutated	provided_batch_table	sharepoint_2026-07-13_new439	source_reported
rna_seq:SRR27352852	data_source	PRJNA1057254	provided_batch_table	sharepoint_2026-07-13_new439	source_reported
rna_seq:SRR27352852	study_title	Modeling neurodevelopmental disorder-associated human AGO1 mutations in C. elegans Argonaute alg-1. [RNA-Seq]	ena_study	shared/metadata_sources/v2/ena_studies/chunk_000.xml	source_reported
rna_seq:SRR27352852	library_strategy	RNA-Seq	ena_read_run	ENA read_run:SRR27352852; sample:SAMN39129117; study:SRP480176	source_reported
rna_seq:SRR27352852	library_layout	SINGLE	ena_read_run	ENA read_run:SRR27352852; sample:SAMN39129117; study:SRP480176	source_reported
rna_seq:SRR27352853	stage	L4	local_project_metadata	sharepoint_2026-07-13_new439	source_reported
rna_seq:SRR27352853	tissue	whole animal	ena_sample	shared/metadata_sources/v2/ena_samples/chunk_006.xml	source_reported
rna_seq:SRR27352853	strain	alg-1(ma447,F180del)	ena_sample	shared/metadata_sources/v2/ena_samples/chunk_006.xml	source_reported
rna_seq:SRR27352853	genotype	mutated	provided_batch_table	sharepoint_2026-07-13_new439	source_reported
rna_seq:SRR27352853	data_source	PRJNA1057254	provided_batch_table	sharepoint_2026-07-13_new439	source_reported
rna_seq:SRR27352853	study_title	Modeling neurodevelopmental disorder-associated human AGO1 mutations in C. elegans Argonaute alg-1. [RNA-Seq]	ena_study	shared/metadata_sources/v2/ena_studies/chunk_000.xml	source_reported
rna_seq:SRR27352853	library_strategy	RNA-Seq	ena_read_run	ENA read_run:SRR27352853; sample:SAMN39129118; study:SRP480176	source_reported
rna_seq:SRR27352853	library_layout	SINGLE	ena_read_run	ENA read_run:SRR27352853; sample:SAMN39129118; study:SRP480176	source_reported
rna_seq:SRR27352854	stage	L4	local_project_metadata	sharepoint_2026-07-13_new439	source_reported
rna_seq:SRR27352854	tissue	whole animal	ena_sample	shared/metadata_sources/v2/ena_samples/chunk_006.xml	source_reported
rna_seq:SRR27352854	strain	alg-1(ma447,F180del)	ena_sample	shared/metadata_sources/v2/ena_samples/chunk_006.xml	source_reported
rna_seq:SRR27352854	genotype	mutated	provided_batch_table	sharepoint_2026-07-13_new439	source_reported
rna_seq:SRR27352854	data_source	PRJNA1057254	provided_batch_table	sharepoint_2026-07-13_new439	source_reported
rna_seq:SRR27352854	study_title	Modeling neurodevelopmental disorder-associated human AGO1 mutations in C. elegans Argonaute alg-1. [RNA-Seq]	ena_study	shared/metadata_sources/v2/ena_studies/chunk_000.xml	source_reported
rna_seq:SRR27352854	library_strategy	RNA-Seq	ena_read_run	ENA read_run:SRR27352854; sample:SAMN39129119; study:SRP480176	source_reported
rna_seq:SRR27352854	library_layout	SINGLE	ena_read_run	ENA read_run:SRR27352854; sample:SAMN39129119; study:SRP480176	source_reported
rna_seq:SRR27352855	stage	L4	local_project_metadata	sharepoint_2026-07-13_new439	source_reported
rna_seq:SRR27352855	tissue	whole animal	ena_sample	shared/metadata_sources/v2/ena_samples/chunk_006.xml	source_reported
rna_seq:SRR27352855	strain	N2	ena_sample	shared/metadata_sources/v2/ena_samples/chunk_006.xml	source_reported
rna_seq:SRR27352855	genotype	WT	provided_batch_table	sharepoint_2026-07-13_new439	source_reported
rna_seq:SRR27352855	data_source	PRJNA1057254	provided_batch_table	sharepoint_2026-07-13_new439	source_reported
rna_seq:SRR27352855	study_title	Modeling neurodevelopmental disorder-associated human AGO1 mutations in C. elegans Argonaute alg-1. [RNA-Seq]	ena_study	shared/metadata_sources/v2/ena_studies/chunk_000.xml	source_reported
rna_seq:SRR27352855	library_strategy	RNA-Seq	ena_read_run	ENA read_run:SRR27352855; sample:SAMN39129103; study:SRP480176	source_reported
rna_seq:SRR27352855	library_layout	SINGLE	ena_read_run	ENA read_run:SRR27352855; sample:SAMN39129103; study:SRP480176	source_reported
rna_seq:SRR27352856	stage	L4	local_project_metadata	sharepoint_2026-07-13_new439	source_reported
rna_seq:SRR27352856	tissue	whole animal	ena_sample	shared/metadata_sources/v2/ena_samples/chunk_006.xml	source_reported
rna_seq:SRR27352856	strain	N2	ena_sample	shared/metadata_sources/v2/ena_samples/chunk_006.xml	source_reported
rna_seq:SRR27352856	genotype	WT	provided_batch_table	sharepoint_2026-07-13_new439	source_reported
rna_seq:SRR27352856	data_source	PRJNA1057254	provided_batch_table	sharepoint_2026-07-13_new439	source_reported
rna_seq:SRR27352856	study_title	Modeling neurodevelopmental disorder-associated human AGO1 mutations in C. elegans Argonaute alg-1. [RNA-Seq]	ena_study	shared/metadata_sources/v2/ena_studies/chunk_000.xml	source_reported
rna_seq:SRR27352856	library_strategy	RNA-Seq	ena_read_run	ENA read_run:SRR27352856; sample:SAMN39129104; study:SRP480176	source_reported
rna_seq:SRR27352856	library_layout	SINGLE	ena_read_run	ENA read_run:SRR27352856; sample:SAMN39129104; study:SRP480176	source_reported
rna_seq:SRR27352857	stage	L4	local_project_metadata	sharepoint_2026-07-13_new439	source_reported
rna_seq:SRR27352857	tissue	whole animal	ena_sample	shared/metadata_sources/v2/ena_samples/chunk_006.xml	source_reported
rna_seq:SRR27352857	strain	alg-1(tm492, 0)	ena_sample	shared/metadata_sources/v2/ena_samples/chunk_006.xml	source_reported
rna_seq:SRR27352857	genotype	mutated	provided_batch_table	sharepoint_2026-07-13_new439	source_reported
rna_seq:SRR27352857	data_source	PRJNA1057254	provided_batch_table	sharepoint_2026-07-13_new439	source_reported
rna_seq:SRR27352857	study_title	Modeling neurodevelopmental disorder-associated human AGO1 mutations in C. elegans Argonaute alg-1. [RNA-Seq]	ena_study	shared/metadata_sources/v2/ena_studies/chunk_000.xml	source_reported
rna_seq:SRR27352857	library_strategy	RNA-Seq	ena_read_run	ENA read_run:SRR27352857; sample:SAMN39129105; study:SRP480176	source_reported
rna_seq:SRR27352857	library_layout	SINGLE	ena_read_run	ENA read_run:SRR27352857; sample:SAMN39129105; study:SRP480176	source_reported
rna_seq:SRR27352858	stage	L4	local_project_metadata	sharepoint_2026-07-13_new439	source_reported
rna_seq:SRR27352858	tissue	whole animal	ena_sample	shared/metadata_sources/v2/ena_samples/chunk_006.xml	source_reported
rna_seq:SRR27352858	strain	alg-1(tm492, 0)	ena_sample	shared/metadata_sources/v2/ena_samples/chunk_006.xml	source_reported
rna_seq:SRR27352858	genotype	mutated	provided_batch_table	sharepoint_2026-07-13_new439	source_reported
rna_seq:SRR27352858	data_source	PRJNA1057254	provided_batch_table	sharepoint_2026-07-13_new439	source_reported
rna_seq:SRR27352858	study_title	Modeling neurodevelopmental disorder-associated human AGO1 mutations in C. elegans Argonaute alg-1. [RNA-Seq]	ena_study	shared/metadata_sources/v2/ena_studies/chunk_000.xml	source_reported
rna_seq:SRR27352858	library_strategy	RNA-Seq	ena_read_run	ENA read_run:SRR27352858; sample:SAMN39129106; study:SRP480176	source_reported
rna_seq:SRR27352858	library_layout	SINGLE	ena_read_run	ENA read_run:SRR27352858; sample:SAMN39129106; study:SRP480176	source_reported
rna_seq:SRR27352859	stage	L4	local_project_metadata	sharepoint_2026-07-13_new439	source_reported
rna_seq:SRR27352859	tissue	whole animal	ena_sample	shared/metadata_sources/v2/ena_samples/chunk_006.xml	source_reported
rna_seq:SRR27352859	strain	alg-1(tm492, 0)	ena_sample	shared/metadata_sources/v2/ena_samples/chunk_006.xml	source_reported
rna_seq:SRR27352859	genotype	mutated	provided_batch_table	sharepoint_2026-07-13_new439	source_reported
rna_seq:SRR27352859	data_source	PRJNA1057254	provided_batch_table	sharepoint_2026-07-13_new439	source_reported
rna_seq:SRR27352859	study_title	Modeling neurodevelopmental disorder-associated human AGO1 mutations in C. elegans Argonaute alg-1. [RNA-Seq]	ena_study	shared/metadata_sources/v2/ena_studies/chunk_000.xml	source_reported
rna_seq:SRR27352859	library_strategy	RNA-Seq	ena_read_run	ENA read_run:SRR27352859; sample:SAMN39129107; study:SRP480176	source_reported
rna_seq:SRR27352859	library_layout	SINGLE	ena_read_run	ENA read_run:SRR27352859; sample:SAMN39129107; study:SRP480176	source_reported
rna_seq:SRR27352860	stage	L4	local_project_metadata	sharepoint_2026-07-13_new439	source_reported
rna_seq:SRR27352860	tissue	whole animal	ena_sample	shared/metadata_sources/v2/ena_samples/chunk_006.xml	source_reported
rna_seq:SRR27352860	strain	alg-1(zen18,H751L)	ena_sample	shared/metadata_sources/v2/ena_samples/chunk_006.xml	source_reported
rna_seq:SRR27352860	genotype	mutated	provided_batch_table	sharepoint_2026-07-13_new439	source_reported
rna_seq:SRR27352860	data_source	PRJNA1057254	provided_batch_table	sharepoint_2026-07-13_new439	source_reported
rna_seq:SRR27352860	study_title	Modeling neurodevelopmental disorder-associated human AGO1 mutations in C. elegans Argonaute alg-1. [RNA-Seq]	ena_study	shared/metadata_sources/v2/ena_studies/chunk_000.xml	source_reported
rna_seq:SRR27352860	library_strategy	RNA-Seq	ena_read_run	ENA read_run:SRR27352860; sample:SAMN39129108; study:SRP480176	source_reported
rna_seq:SRR27352860	library_layout	SINGLE	ena_read_run	ENA read_run:SRR27352860; sample:SAMN39129108; study:SRP480176	source_reported
rna_seq:SRR27352861	stage	L4	local_project_metadata	sharepoint_2026-07-13_new439	source_reported
rna_seq:SRR27352861	tissue	whole animal	ena_sample	shared/metadata_sources/v2/ena_samples/chunk_006.xml	source_reported
rna_seq:SRR27352861	strain	alg-1(zen18,H751L)	ena_sample	shared/metadata_sources/v2/ena_samples/chunk_006.xml	source_reported
rna_seq:SRR27352861	genotype	mutated	provided_batch_table	sharepoint_2026-07-13_new439	source_reported
rna_seq:SRR27352861	data_source	PRJNA1057254	provided_batch_table	sharepoint_2026-07-13_new439	source_reported
rna_seq:SRR27352861	study_title	Modeling neurodevelopmental disorder-associated human AGO1 mutations in C. elegans Argonaute alg-1. [RNA-Seq]	ena_study	shared/metadata_sources/v2/ena_studies/chunk_000.xml	source_reported
rna_seq:SRR27352861	library_strategy	RNA-Seq	ena_read_run	ENA read_run:SRR27352861; sample:SAMN39129109; study:SRP480176	source_reported
rna_seq:SRR27352861	library_layout	SINGLE	ena_read_run	ENA read_run:SRR27352861; sample:SAMN39129109; study:SRP480176	source_reported
rna_seq:SRR27352862	stage	L4	local_project_metadata	sharepoint_2026-07-13_new439	source_reported
rna_seq:SRR27352862	tissue	whole animal	ena_sample	shared/metadata_sources/v2/ena_samples/chunk_006.xml	source_reported
rna_seq:SRR27352862	strain	alg-1(zen18,H751L)	ena_sample	shared/metadata_sources/v2/ena_samples/chunk_006.xml	source_reported
rna_seq:SRR27352862	genotype	mutated	provided_batch_table	sharepoint_2026-07-13_new439	source_reported
rna_seq:SRR27352862	data_source	PRJNA1057254	provided_batch_table	sharepoint_2026-07-13_new439	source_reported
rna_seq:SRR27352862	study_title	Modeling neurodevelopmental disorder-associated human AGO1 mutations in C. elegans Argonaute alg-1. [RNA-Seq]	ena_study	shared/metadata_sources/v2/ena_studies/chunk_000.xml	source_reported
rna_seq:SRR27352862	library_strategy	RNA-Seq	ena_read_run	ENA read_run:SRR27352862; sample:SAMN39129110; study:SRP480176	source_reported
rna_seq:SRR27352862	library_layout	SINGLE	ena_read_run	ENA read_run:SRR27352862; sample:SAMN39129110; study:SRP480176	source_reported
rna_seq:SRR28628814	stage	L1	local_project_metadata	sharepoint_2026-07-13_new439	source_reported
rna_seq:SRR28628814	stage	L1	ena_sample	shared/metadata_sources/v2/ena_samples/chunk_007.xml	source_reported
rna_seq:SRR28628814	tissue	whole worm	ena_sample	shared/metadata_sources/v2/ena_samples/chunk_007.xml	source_reported
rna_seq:SRR28628814	strain	cdk-12as;ssup-72[E22K]	ena_sample	shared/metadata_sources/v2/ena_samples/chunk_007.xml	source_reported
rna_seq:SRR28628814	genotype	mutated+treated	provided_batch_table	sharepoint_2026-07-13_new439	source_reported
rna_seq:SRR28628814	condition	3MB-PP1 (2uM)	resolved_source_reported	ENA read_run:SRR28628814; sample:SAMN40933351; study:SRP501217	source_reported
rna_seq:SRR28628814	data_source	PRJNA1099214	provided_batch_table	sharepoint_2026-07-13_new439	source_reported
rna_seq:SRR28628814	study_title	The SSUP-72/PINN-1 module is required for efficient 3'end processing and coordinates developmental gene expression during exit from diapause in C. elegans [RNAseq-suppression]	ena_study	shared/metadata_sources/v2/ena_studies/chunk_000.xml	source_reported
rna_seq:SRR28628814	library_strategy	RNA-Seq	ena_read_run	ENA read_run:SRR28628814; sample:SAMN40933351; study:SRP501217	source_reported
rna_seq:SRR28628814	library_layout	PAIRED	ena_read_run	ENA read_run:SRR28628814; sample:SAMN40933351; study:SRP501217	source_reported
rna_seq:SRR28628815	stage	L1	local_project_metadata	sharepoint_2026-07-13_new439	source_reported
rna_seq:SRR28628815	stage	L1	ena_sample	shared/metadata_sources/v2/ena_samples/chunk_007.xml	source_reported
rna_seq:SRR28628815	tissue	whole worm	ena_sample	shared/metadata_sources/v2/ena_samples/chunk_007.xml	source_reported
rna_seq:SRR28628815	strain	cdk-12as;ssup-72[E22K]	ena_sample	shared/metadata_sources/v2/ena_samples/chunk_007.xml	source_reported
rna_seq:SRR28628815	genotype	mutated+treated	provided_batch_table	sharepoint_2026-07-13_new439	source_reported
rna_seq:SRR28628815	condition	3MB-PP1 (2uM)	resolved_source_reported	ENA read_run:SRR28628815; sample:SAMN40933352; study:SRP501217	source_reported
rna_seq:SRR28628815	data_source	PRJNA1099214	provided_batch_table	sharepoint_2026-07-13_new439	source_reported
rna_seq:SRR28628815	study_title	The SSUP-72/PINN-1 module is required for efficient 3'end processing and coordinates developmental gene expression during exit from diapause in C. elegans [RNAseq-suppression]	ena_study	shared/metadata_sources/v2/ena_studies/chunk_000.xml	source_reported
rna_seq:SRR28628815	library_strategy	RNA-Seq	ena_read_run	ENA read_run:SRR28628815; sample:SAMN40933352; study:SRP501217	source_reported
rna_seq:SRR28628815	library_layout	PAIRED	ena_read_run	ENA read_run:SRR28628815; sample:SAMN40933352; study:SRP501217	source_reported
rna_seq:SRR28628816	stage	L1	local_project_metadata	sharepoint_2026-07-13_new439	source_reported
rna_seq:SRR28628816	stage	L1	ena_sample	shared/metadata_sources/v2/ena_samples/chunk_007.xml	source_reported
rna_seq:SRR28628816	tissue	whole worm	ena_sample	shared/metadata_sources/v2/ena_samples/chunk_007.xml	source_reported
rna_seq:SRR28628816	strain	cdk-12as;ssup-72[E22K]	ena_sample	shared/metadata_sources/v2/ena_samples/chunk_007.xml	source_reported
rna_seq:SRR28628816	genotype	mutated+treated	provided_batch_table	sharepoint_2026-07-13_new439	source_reported
rna_seq:SRR28628816	condition	3MB-PP1 (2uM)	resolved_source_reported	ENA read_run:SRR28628816; sample:SAMN40933353; study:SRP501217	source_reported
rna_seq:SRR28628816	data_source	PRJNA1099214	provided_batch_table	sharepoint_2026-07-13_new439	source_reported
rna_seq:SRR28628816	study_title	The SSUP-72/PINN-1 module is required for efficient 3'end processing and coordinates developmental gene expression during exit from diapause in C. elegans [RNAseq-suppression]	ena_study	shared/metadata_sources/v2/ena_studies/chunk_000.xml	source_reported
rna_seq:SRR28628816	library_strategy	RNA-Seq	ena_read_run	ENA read_run:SRR28628816; sample:SAMN40933353; study:SRP501217	source_reported
rna_seq:SRR28628816	library_layout	PAIRED	ena_read_run	ENA read_run:SRR28628816; sample:SAMN40933353; study:SRP501217	source_reported
rna_seq:SRR28628817	stage	L1	local_project_metadata	sharepoint_2026-07-13_new439	source_reported
rna_seq:SRR28628817	stage	L1	ena_sample	shared/metadata_sources/v2/ena_samples/chunk_007.xml	source_reported
rna_seq:SRR28628817	tissue	whole worm	ena_sample	shared/metadata_sources/v2/ena_samples/chunk_007.xml	source_reported
rna_seq:SRR28628817	strain	cdk-12as;ssup-72[E22K]	ena_sample	shared/metadata_sources/v2/ena_samples/chunk_007.xml	source_reported
rna_seq:SRR28628817	genotype	mutated	provided_batch_table	sharepoint_2026-07-13_new439	source_reported
rna_seq:SRR28628817	condition	DMSO	resolved_source_reported	ENA read_run:SRR28628817; sample:SAMN40933354; study:SRP501217	source_reported
rna_seq:SRR28628817	data_source	PRJNA1099214	provided_batch_table	sharepoint_2026-07-13_new439	source_reported
rna_seq:SRR28628817	study_title	The SSUP-72/PINN-1 module is required for efficient 3'end processing and coordinates developmental gene expression during exit from diapause in C. elegans [RNAseq-suppression]	ena_study	shared/metadata_sources/v2/ena_studies/chunk_000.xml	source_reported
rna_seq:SRR28628817	library_strategy	RNA-Seq	ena_read_run	ENA read_run:SRR28628817; sample:SAMN40933354; study:SRP501217	source_reported
rna_seq:SRR28628817	library_layout	PAIRED	ena_read_run	ENA read_run:SRR28628817; sample:SAMN40933354; study:SRP501217	source_reported
rna_seq:SRR28628818	stage	L1	local_project_metadata	sharepoint_2026-07-13_new439	source_reported
rna_seq:SRR28628818	stage	L1	ena_sample	shared/metadata_sources/v2/ena_samples/chunk_007.xml	source_reported
rna_seq:SRR28628818	tissue	whole worm	ena_sample	shared/metadata_sources/v2/ena_samples/chunk_007.xml	source_reported
rna_seq:SRR28628818	strain	cdk-12as;ssup-72[E22K]	ena_sample	shared/metadata_sources/v2/ena_samples/chunk_007.xml	source_reported
rna_seq:SRR28628818	genotype	mutated	provided_batch_table	sharepoint_2026-07-13_new439	source_reported
rna_seq:SRR28628818	condition	DMSO	resolved_source_reported	ENA read_run:SRR28628818; sample:SAMN40933355; study:SRP501217	source_reported
rna_seq:SRR28628818	data_source	PRJNA1099214	provided_batch_table	sharepoint_2026-07-13_new439	source_reported
rna_seq:SRR28628818	study_title	The SSUP-72/PINN-1 module is required for efficient 3'end processing and coordinates developmental gene expression during exit from diapause in C. elegans [RNAseq-suppression]	ena_study	shared/metadata_sources/v2/ena_studies/chunk_000.xml	source_reported
rna_seq:SRR28628818	library_strategy	RNA-Seq	ena_read_run	ENA read_run:SRR28628818; sample:SAMN40933355; study:SRP501217	source_reported
rna_seq:SRR28628818	library_layout	PAIRED	ena_read_run	ENA read_run:SRR28628818; sample:SAMN40933355; study:SRP501217	source_reported
rna_seq:SRR28628819	stage	L1	local_project_metadata	sharepoint_2026-07-13_new439	source_reported
rna_seq:SRR28628819	stage	L1	ena_sample	shared/metadata_sources/v2/ena_samples/chunk_007.xml	source_reported
rna_seq:SRR28628819	tissue	whole worm	ena_sample	shared/metadata_sources/v2/ena_samples/chunk_007.xml	source_reported
rna_seq:SRR28628819	strain	cdk-12as;ssup-72[E22K]	ena_sample	shared/metadata_sources/v2/ena_samples/chunk_007.xml	source_reported
rna_seq:SRR28628819	genotype	mutated	provided_batch_table	sharepoint_2026-07-13_new439	source_reported
rna_seq:SRR28628819	condition	DMSO	resolved_source_reported	ENA read_run:SRR28628819; sample:SAMN40933356; study:SRP501217	source_reported
rna_seq:SRR28628819	data_source	PRJNA1099214	provided_batch_table	sharepoint_2026-07-13_new439	source_reported
rna_seq:SRR28628819	study_title	The SSUP-72/PINN-1 module is required for efficient 3'end processing and coordinates developmental gene expression during exit from diapause in C. elegans [RNAseq-suppression]	ena_study	shared/metadata_sources/v2/ena_studies/chunk_000.xml	source_reported
rna_seq:SRR28628819	library_strategy	RNA-Seq	ena_read_run	ENA read_run:SRR28628819; sample:SAMN40933356; study:SRP501217	source_reported
rna_seq:SRR28628819	library_layout	PAIRED	ena_read_run	ENA read_run:SRR28628819; sample:SAMN40933356; study:SRP501217	source_reported
rna_seq:SRR28628820	stage	L1	local_project_metadata	sharepoint_2026-07-13_new439	source_reported
rna_seq:SRR28628820	stage	L1	ena_sample	shared/metadata_sources/v2/ena_samples/chunk_007.xml	source_reported
rna_seq:SRR28628820	tissue	whole worm	ena_sample	shared/metadata_sources/v2/ena_samples/chunk_007.xml	source_reported
rna_seq:SRR28628820	strain	cdk-12as;ssup-72[E22K]	ena_sample	shared/metadata_sources/v2/ena_samples/chunk_007.xml	source_reported
rna_seq:SRR28628820	genotype	mutated	provided_batch_table	sharepoint_2026-07-13_new439	source_reported
rna_seq:SRR28628820	condition	DMSO	resolved_source_reported	ENA read_run:SRR28628820; sample:SAMN40933357; study:SRP501217	source_reported
rna_seq:SRR28628820	data_source	PRJNA1099214	provided_batch_table	sharepoint_2026-07-13_new439	source_reported
rna_seq:SRR28628820	study_title	The SSUP-72/PINN-1 module is required for efficient 3'end processing and coordinates developmental gene expression during exit from diapause in C. elegans [RNAseq-suppression]	ena_study	shared/metadata_sources/v2/ena_studies/chunk_000.xml	source_reported
rna_seq:SRR28628820	library_strategy	RNA-Seq	ena_read_run	ENA read_run:SRR28628820; sample:SAMN40933357; study:SRP501217	source_reported
rna_seq:SRR28628820	library_layout	PAIRED	ena_read_run	ENA read_run:SRR28628820; sample:SAMN40933357; study:SRP501217	source_reported
rna_seq:SRR28628821	stage	L1	local_project_metadata	sharepoint_2026-07-13_new439	source_reported
rna_seq:SRR28628821	stage	L1	ena_sample	shared/metadata_sources/v2/ena_samples/chunk_007.xml	source_reported
rna_seq:SRR28628821	tissue	whole worm	ena_sample	shared/metadata_sources/v2/ena_samples/chunk_007.xml	source_reported
rna_seq:SRR28628821	strain	cdk-12as;ssup-72[E22K]	ena_sample	shared/metadata_sources/v2/ena_samples/chunk_007.xml	source_reported
rna_seq:SRR28628821	genotype	mutated	provided_batch_table	sharepoint_2026-07-13_new439	source_reported
rna_seq:SRR28628821	condition	DMSO	resolved_source_reported	ENA read_run:SRR28628821; sample:SAMN40933358; study:SRP501217	source_reported
rna_seq:SRR28628821	data_source	PRJNA1099214	provided_batch_table	sharepoint_2026-07-13_new439	source_reported
rna_seq:SRR28628821	study_title	The SSUP-72/PINN-1 module is required for efficient 3'end processing and coordinates developmental gene expression during exit from diapause in C. elegans [RNAseq-suppression]	ena_study	shared/metadata_sources/v2/ena_studies/chunk_000.xml	source_reported
rna_seq:SRR28628821	library_strategy	RNA-Seq	ena_read_run	ENA read_run:SRR28628821; sample:SAMN40933358; study:SRP501217	source_reported
rna_seq:SRR28628821	library_layout	PAIRED	ena_read_run	ENA read_run:SRR28628821; sample:SAMN40933358; study:SRP501217	source_reported
rna_seq:SRR28628822	stage	L1	local_project_metadata	sharepoint_2026-07-13_new439	source_reported
rna_seq:SRR28628822	stage	L1	ena_sample	shared/metadata_sources/v2/ena_samples/chunk_007.xml	source_reported
rna_seq:SRR28628822	tissue	whole worm	ena_sample	shared/metadata_sources/v2/ena_samples/chunk_007.xml	source_reported
rna_seq:SRR28628822	strain	cdk-12as;ssup-72[E22K]	ena_sample	shared/metadata_sources/v2/ena_samples/chunk_007.xml	source_reported
rna_seq:SRR28628822	genotype	mutated	provided_batch_table	sharepoint_2026-07-13_new439	source_reported
rna_seq:SRR28628822	condition	DMSO	resolved_source_reported	ENA read_run:SRR28628822; sample:SAMN40933359; study:SRP501217	source_reported
rna_seq:SRR28628822	data_source	PRJNA1099214	provided_batch_table	sharepoint_2026-07-13_new439	source_reported
rna_seq:SRR28628822	study_title	The SSUP-72/PINN-1 module is required for efficient 3'end processing and coordinates developmental gene expression during exit from diapause in C. elegans [RNAseq-suppression]	ena_study	shared/metadata_sources/v2/ena_studies/chunk_000.xml	source_reported
rna_seq:SRR28628822	library_strategy	RNA-Seq	ena_read_run	ENA read_run:SRR28628822; sample:SAMN40933359; study:SRP501217	source_reported
rna_seq:SRR28628822	library_layout	PAIRED	ena_read_run	ENA read_run:SRR28628822; sample:SAMN40933359; study:SRP501217	source_reported
rna_seq:SRR28628823	stage	L1	local_project_metadata	sharepoint_2026-07-13_new439	source_reported
rna_seq:SRR28628823	stage	L1	ena_sample	shared/metadata_sources/v2/ena_samples/chunk_007.xml	source_reported
rna_seq:SRR28628823	tissue	whole worm	ena_sample	shared/metadata_sources/v2/ena_samples/chunk_007.xml	source_reported
rna_seq:SRR28628823	strain	cdk-12as	ena_sample	shared/metadata_sources/v2/ena_samples/chunk_007.xml	source_reported
rna_seq:SRR28628823	genotype	mutated+treated	provided_batch_table	sharepoint_2026-07-13_new439	source_reported
rna_seq:SRR28628823	condition	3MB-PP1 (2uM)	resolved_source_reported	ENA read_run:SRR28628823; sample:SAMN40933360; study:SRP501217	source_reported
rna_seq:SRR28628823	data_source	PRJNA1099214	provided_batch_table	sharepoint_2026-07-13_new439	source_reported
rna_seq:SRR28628823	study_title	The SSUP-72/PINN-1 module is required for efficient 3'end processing and coordinates developmental gene expression during exit from diapause in C. elegans [RNAseq-suppression]	ena_study	shared/metadata_sources/v2/ena_studies/chunk_000.xml	source_reported
rna_seq:SRR28628823	library_strategy	RNA-Seq	ena_read_run	ENA read_run:SRR28628823; sample:SAMN40933360; study:SRP501217	source_reported
rna_seq:SRR28628823	library_layout	PAIRED	ena_read_run	ENA read_run:SRR28628823; sample:SAMN40933360; study:SRP501217	source_reported
rna_seq:SRR28628824	stage	L1	local_project_metadata	sharepoint_2026-07-13_new439	source_reported
rna_seq:SRR28628824	stage	L1	ena_sample	shared/metadata_sources/v2/ena_samples/chunk_007.xml	source_reported
rna_seq:SRR28628824	tissue	whole worm	ena_sample	shared/metadata_sources/v2/ena_samples/chunk_007.xml	source_reported
rna_seq:SRR28628824	strain	cdk-12as	ena_sample	shared/metadata_sources/v2/ena_samples/chunk_007.xml	source_reported
rna_seq:SRR28628824	genotype	mutated+treated	provided_batch_table	sharepoint_2026-07-13_new439	source_reported
rna_seq:SRR28628824	condition	3MB-PP1 (2uM)	resolved_source_reported	ENA read_run:SRR28628824; sample:SAMN40933361; study:SRP501217	source_reported
rna_seq:SRR28628824	data_source	PRJNA1099214	provided_batch_table	sharepoint_2026-07-13_new439	source_reported
rna_seq:SRR28628824	study_title	The SSUP-72/PINN-1 module is required for efficient 3'end processing and coordinates developmental gene expression during exit from diapause in C. elegans [RNAseq-suppression]	ena_study	shared/metadata_sources/v2/ena_studies/chunk_000.xml	source_reported
rna_seq:SRR28628824	library_strategy	RNA-Seq	ena_read_run	ENA read_run:SRR28628824; sample:SAMN40933361; study:SRP501217	source_reported
rna_seq:SRR28628824	library_layout	PAIRED	ena_read_run	ENA read_run:SRR28628824; sample:SAMN40933361; study:SRP501217	source_reported
rna_seq:SRR28628825	stage	L1	local_project_metadata	sharepoint_2026-07-13_new439	source_reported
rna_seq:SRR28628825	stage	L1	ena_sample	shared/metadata_sources/v2/ena_samples/chunk_007.xml	source_reported
rna_seq:SRR28628825	tissue	whole worm	ena_sample	shared/metadata_sources/v2/ena_samples/chunk_007.xml	source_reported
rna_seq:SRR28628825	strain	cdk-12as	ena_sample	shared/metadata_sources/v2/ena_samples/chunk_007.xml	source_reported
rna_seq:SRR28628825	genotype	mutated+treated	provided_batch_table	sharepoint_2026-07-13_new439	source_reported
rna_seq:SRR28628825	condition	3MB-PP1 (2uM)	resolved_source_reported	ENA read_run:SRR28628825; sample:SAMN40933362; study:SRP501217	source_reported
rna_seq:SRR28628825	data_source	PRJNA1099214	provided_batch_table	sharepoint_2026-07-13_new439	source_reported
rna_seq:SRR28628825	study_title	The SSUP-72/PINN-1 module is required for efficient 3'end processing and coordinates developmental gene expression during exit from diapause in C. elegans [RNAseq-suppression]	ena_study	shared/metadata_sources/v2/ena_studies/chunk_000.xml	source_reported
rna_seq:SRR28628825	library_strategy	RNA-Seq	ena_read_run	ENA read_run:SRR28628825; sample:SAMN40933362; study:SRP501217	source_reported
rna_seq:SRR28628825	library_layout	PAIRED	ena_read_run	ENA read_run:SRR28628825; sample:SAMN40933362; study:SRP501217	source_reported
rna_seq:SRR28628826	stage	L1	local_project_metadata	sharepoint_2026-07-13_new439	source_reported
rna_seq:SRR28628826	stage	L1	ena_sample	shared/metadata_sources/v2/ena_samples/chunk_007.xml	source_reported
rna_seq:SRR28628826	tissue	whole worm	ena_sample	shared/metadata_sources/v2/ena_samples/chunk_007.xml	source_reported
rna_seq:SRR28628826	strain	cdk-12as	ena_sample	shared/metadata_sources/v2/ena_samples/chunk_007.xml	source_reported
rna_seq:SRR28628826	genotype	mutated	provided_batch_table	sharepoint_2026-07-13_new439	source_reported
rna_seq:SRR28628826	condition	DMSO	resolved_source_reported	ENA read_run:SRR28628826; sample:SAMN40933363; study:SRP501217	source_reported
rna_seq:SRR28628826	data_source	PRJNA1099214	provided_batch_table	sharepoint_2026-07-13_new439	source_reported
rna_seq:SRR28628826	study_title	The SSUP-72/PINN-1 module is required for efficient 3'end processing and coordinates developmental gene expression during exit from diapause in C. elegans [RNAseq-suppression]	ena_study	shared/metadata_sources/v2/ena_studies/chunk_000.xml	source_reported
rna_seq:SRR28628826	library_strategy	RNA-Seq	ena_read_run	ENA read_run:SRR28628826; sample:SAMN40933363; study:SRP501217	source_reported
rna_seq:SRR28628826	library_layout	PAIRED	ena_read_run	ENA read_run:SRR28628826; sample:SAMN40933363; study:SRP501217	source_reported
rna_seq:SRR28628827	stage	L1	local_project_metadata	sharepoint_2026-07-13_new439	source_reported
rna_seq:SRR28628827	stage	L1	ena_sample	shared/metadata_sources/v2/ena_samples/chunk_007.xml	source_reported
rna_seq:SRR28628827	tissue	whole worm	ena_sample	shared/metadata_sources/v2/ena_samples/chunk_007.xml	source_reported
rna_seq:SRR28628827	strain	cdk-12as	ena_sample	shared/metadata_sources/v2/ena_samples/chunk_007.xml	source_reported
rna_seq:SRR28628827	genotype	mutated	provided_batch_table	sharepoint_2026-07-13_new439	source_reported
rna_seq:SRR28628827	condition	DMSO	resolved_source_reported	ENA read_run:SRR28628827; sample:SAMN40933364; study:SRP501217	source_reported
rna_seq:SRR28628827	data_source	PRJNA1099214	provided_batch_table	sharepoint_2026-07-13_new439	source_reported
rna_seq:SRR28628827	study_title	The SSUP-72/PINN-1 module is required for efficient 3'end processing and coordinates developmental gene expression during exit from diapause in C. elegans [RNAseq-suppression]	ena_study	shared/metadata_sources/v2/ena_studies/chunk_000.xml	source_reported
rna_seq:SRR28628827	library_strategy	RNA-Seq	ena_read_run	ENA read_run:SRR28628827; sample:SAMN40933364; study:SRP501217	source_reported
rna_seq:SRR28628827	library_layout	PAIRED	ena_read_run	ENA read_run:SRR28628827; sample:SAMN40933364; study:SRP501217	source_reported
rna_seq:SRR28628828	stage	L1	local_project_metadata	sharepoint_2026-07-13_new439	source_reported
rna_seq:SRR28628828	stage	L1	ena_sample	shared/metadata_sources/v2/ena_samples/chunk_007.xml	source_reported
rna_seq:SRR28628828	tissue	whole worm	ena_sample	shared/metadata_sources/v2/ena_samples/chunk_007.xml	source_reported
rna_seq:SRR28628828	strain	cdk-12as	ena_sample	shared/metadata_sources/v2/ena_samples/chunk_007.xml	source_reported
rna_seq:SRR28628828	genotype	mutated	provided_batch_table	sharepoint_2026-07-13_new439	source_reported
rna_seq:SRR28628828	condition	DMSO	resolved_source_reported	ENA read_run:SRR28628828; sample:SAMN40933365; study:SRP501217	source_reported
rna_seq:SRR28628828	data_source	PRJNA1099214	provided_batch_table	sharepoint_2026-07-13_new439	source_reported
rna_seq:SRR28628828	study_title	The SSUP-72/PINN-1 module is required for efficient 3'end processing and coordinates developmental gene expression during exit from diapause in C. elegans [RNAseq-suppression]	ena_study	shared/metadata_sources/v2/ena_studies/chunk_000.xml	source_reported
rna_seq:SRR28628828	library_strategy	RNA-Seq	ena_read_run	ENA read_run:SRR28628828; sample:SAMN40933365; study:SRP501217	source_reported
rna_seq:SRR28628828	library_layout	PAIRED	ena_read_run	ENA read_run:SRR28628828; sample:SAMN40933365; study:SRP501217	source_reported
rna_seq:SRR28628829	stage	L1	local_project_metadata	sharepoint_2026-07-13_new439	source_reported
rna_seq:SRR28628829	stage	L1	ena_sample	shared/metadata_sources/v2/ena_samples/chunk_007.xml	source_reported
rna_seq:SRR28628829	tissue	whole worm	ena_sample	shared/metadata_sources/v2/ena_samples/chunk_007.xml	source_reported
rna_seq:SRR28628829	strain	cdk-12as	ena_sample	shared/metadata_sources/v2/ena_samples/chunk_007.xml	source_reported
rna_seq:SRR28628829	genotype	mutated	provided_batch_table	sharepoint_2026-07-13_new439	source_reported
rna_seq:SRR28628829	condition	DMSO	resolved_source_reported	ENA read_run:SRR28628829; sample:SAMN40933366; study:SRP501217	source_reported
rna_seq:SRR28628829	data_source	PRJNA1099214	provided_batch_table	sharepoint_2026-07-13_new439	source_reported
rna_seq:SRR28628829	study_title	The SSUP-72/PINN-1 module is required for efficient 3'end processing and coordinates developmental gene expression during exit from diapause in C. elegans [RNAseq-suppression]	ena_study	shared/metadata_sources/v2/ena_studies/chunk_000.xml	source_reported
rna_seq:SRR28628829	library_strategy	RNA-Seq	ena_read_run	ENA read_run:SRR28628829; sample:SAMN40933366; study:SRP501217	source_reported
rna_seq:SRR28628829	library_layout	PAIRED	ena_read_run	ENA read_run:SRR28628829; sample:SAMN40933366; study:SRP501217	source_reported
rna_seq:SRR28628830	stage	L1	local_project_metadata	sharepoint_2026-07-13_new439	source_reported
rna_seq:SRR28628830	stage	L1	ena_sample	shared/metadata_sources/v2/ena_samples/chunk_007.xml	source_reported
rna_seq:SRR28628830	tissue	whole worm	ena_sample	shared/metadata_sources/v2/ena_samples/chunk_007.xml	source_reported
rna_seq:SRR28628830	strain	cdk-12as	ena_sample	shared/metadata_sources/v2/ena_samples/chunk_007.xml	source_reported
rna_seq:SRR28628830	genotype	mutated	provided_batch_table	sharepoint_2026-07-13_new439	source_reported
rna_seq:SRR28628830	condition	DMSO	resolved_source_reported	ENA read_run:SRR28628830; sample:SAMN40933367; study:SRP501217	source_reported
rna_seq:SRR28628830	data_source	PRJNA1099214	provided_batch_table	sharepoint_2026-07-13_new439	source_reported
rna_seq:SRR28628830	study_title	The SSUP-72/PINN-1 module is required for efficient 3'end processing and coordinates developmental gene expression during exit from diapause in C. elegans [RNAseq-suppression]	ena_study	shared/metadata_sources/v2/ena_studies/chunk_000.xml	source_reported
rna_seq:SRR28628830	library_strategy	RNA-Seq	ena_read_run	ENA read_run:SRR28628830; sample:SAMN40933367; study:SRP501217	source_reported
rna_seq:SRR28628830	library_layout	PAIRED	ena_read_run	ENA read_run:SRR28628830; sample:SAMN40933367; study:SRP501217	source_reported
rna_seq:SRR28628831	stage	L1	local_project_metadata	sharepoint_2026-07-13_new439	source_reported
rna_seq:SRR28628831	stage	L1	ena_sample	shared/metadata_sources/v2/ena_samples/chunk_007.xml	source_reported
rna_seq:SRR28628831	tissue	whole worm	ena_sample	shared/metadata_sources/v2/ena_samples/chunk_007.xml	source_reported
rna_seq:SRR28628831	strain	cdk-12as	ena_sample	shared/metadata_sources/v2/ena_samples/chunk_007.xml	source_reported
rna_seq:SRR28628831	genotype	mutated	provided_batch_table	sharepoint_2026-07-13_new439	source_reported
rna_seq:SRR28628831	condition	DMSO	resolved_source_reported	ENA read_run:SRR28628831; sample:SAMN40933368; study:SRP501217	source_reported
rna_seq:SRR28628831	data_source	PRJNA1099214	provided_batch_table	sharepoint_2026-07-13_new439	source_reported
rna_seq:SRR28628831	study_title	The SSUP-72/PINN-1 module is required for efficient 3'end processing and coordinates developmental gene expression during exit from diapause in C. elegans [RNAseq-suppression]	ena_study	shared/metadata_sources/v2/ena_studies/chunk_000.xml	source_reported
rna_seq:SRR28628831	library_strategy	RNA-Seq	ena_read_run	ENA read_run:SRR28628831; sample:SAMN40933368; study:SRP501217	source_reported
rna_seq:SRR28628831	library_layout	PAIRED	ena_read_run	ENA read_run:SRR28628831; sample:SAMN40933368; study:SRP501217	source_reported
rna_seq:SRR28628832	stage	L1	local_project_metadata	sharepoint_2026-07-13_new439	source_reported
rna_seq:SRR28628832	stage	L1	ena_sample	shared/metadata_sources/v2/ena_samples/chunk_007.xml	source_reported
rna_seq:SRR28628832	tissue	whole worm	ena_sample	shared/metadata_sources/v2/ena_samples/chunk_007.xml	source_reported
rna_seq:SRR28628832	strain	ssup-72[E22K]	ena_sample	shared/metadata_sources/v2/ena_samples/chunk_007.xml	source_reported
rna_seq:SRR28628832	genotype	mutated	provided_batch_table	sharepoint_2026-07-13_new439	source_reported
rna_seq:SRR28628832	condition	DMSO	resolved_source_reported	ENA read_run:SRR28628832; sample:SAMN40933369; study:SRP501217	source_reported
rna_seq:SRR28628832	data_source	PRJNA1099214	provided_batch_table	sharepoint_2026-07-13_new439	source_reported
rna_seq:SRR28628832	study_title	The SSUP-72/PINN-1 module is required for efficient 3'end processing and coordinates developmental gene expression during exit from diapause in C. elegans [RNAseq-suppression]	ena_study	shared/metadata_sources/v2/ena_studies/chunk_000.xml	source_reported
rna_seq:SRR28628832	library_strategy	RNA-Seq	ena_read_run	ENA read_run:SRR28628832; sample:SAMN40933369; study:SRP501217	source_reported
rna_seq:SRR28628832	library_layout	PAIRED	ena_read_run	ENA read_run:SRR28628832; sample:SAMN40933369; study:SRP501217	source_reported
rna_seq:SRR28628833	stage	L1	local_project_metadata	sharepoint_2026-07-13_new439	source_reported
rna_seq:SRR28628833	stage	L1	ena_sample	shared/metadata_sources/v2/ena_samples/chunk_007.xml	source_reported
rna_seq:SRR28628833	tissue	whole worm	ena_sample	shared/metadata_sources/v2/ena_samples/chunk_007.xml	source_reported
rna_seq:SRR28628833	strain	ssup-72[E22K]	ena_sample	shared/metadata_sources/v2/ena_samples/chunk_007.xml	source_reported
rna_seq:SRR28628833	genotype	mutated	provided_batch_table	sharepoint_2026-07-13_new439	source_reported
rna_seq:SRR28628833	condition	DMSO	resolved_source_reported	ENA read_run:SRR28628833; sample:SAMN40933370; study:SRP501217	source_reported
rna_seq:SRR28628833	data_source	PRJNA1099214	provided_batch_table	sharepoint_2026-07-13_new439	source_reported
rna_seq:SRR28628833	study_title	The SSUP-72/PINN-1 module is required for efficient 3'end processing and coordinates developmental gene expression during exit from diapause in C. elegans [RNAseq-suppression]	ena_study	shared/metadata_sources/v2/ena_studies/chunk_000.xml	source_reported
rna_seq:SRR28628833	library_strategy	RNA-Seq	ena_read_run	ENA read_run:SRR28628833; sample:SAMN40933370; study:SRP501217	source_reported
rna_seq:SRR28628833	library_layout	PAIRED	ena_read_run	ENA read_run:SRR28628833; sample:SAMN40933370; study:SRP501217	source_reported
rna_seq:SRR28628834	stage	L1	local_project_metadata	sharepoint_2026-07-13_new439	source_reported
rna_seq:SRR28628834	stage	L1	ena_sample	shared/metadata_sources/v2/ena_samples/chunk_007.xml	source_reported
rna_seq:SRR28628834	tissue	whole worm	ena_sample	shared/metadata_sources/v2/ena_samples/chunk_007.xml	source_reported
rna_seq:SRR28628834	strain	ssup-72[E22K]	ena_sample	shared/metadata_sources/v2/ena_samples/chunk_007.xml	source_reported
rna_seq:SRR28628834	genotype	mutated	provided_batch_table	sharepoint_2026-07-13_new439	source_reported
rna_seq:SRR28628834	condition	DMSO	resolved_source_reported	ENA read_run:SRR28628834; sample:SAMN40933371; study:SRP501217	source_reported
rna_seq:SRR28628834	data_source	PRJNA1099214	provided_batch_table	sharepoint_2026-07-13_new439	source_reported
rna_seq:SRR28628834	study_title	The SSUP-72/PINN-1 module is required for efficient 3'end processing and coordinates developmental gene expression during exit from diapause in C. elegans [RNAseq-suppression]	ena_study	shared/metadata_sources/v2/ena_studies/chunk_000.xml	source_reported
rna_seq:SRR28628834	library_strategy	RNA-Seq	ena_read_run	ENA read_run:SRR28628834; sample:SAMN40933371; study:SRP501217	source_reported
rna_seq:SRR28628834	library_layout	PAIRED	ena_read_run	ENA read_run:SRR28628834; sample:SAMN40933371; study:SRP501217	source_reported
rna_seq:SRR28628835	stage	L1	local_project_metadata	sharepoint_2026-07-13_new439	source_reported
rna_seq:SRR28628835	stage	L1	ena_sample	shared/metadata_sources/v2/ena_samples/chunk_007.xml	source_reported
rna_seq:SRR28628835	tissue	whole worm	ena_sample	shared/metadata_sources/v2/ena_samples/chunk_007.xml	source_reported
rna_seq:SRR28628835	strain	N2	ena_sample	shared/metadata_sources/v2/ena_samples/chunk_007.xml	source_reported
rna_seq:SRR28628835	genotype	WT	provided_batch_table	sharepoint_2026-07-13_new439	source_reported
rna_seq:SRR28628835	condition	DMSO	resolved_source_reported	ENA read_run:SRR28628835; sample:SAMN40933372; study:SRP501217	source_reported
rna_seq:SRR28628835	data_source	PRJNA1099214	provided_batch_table	sharepoint_2026-07-13_new439	source_reported
rna_seq:SRR28628835	study_title	The SSUP-72/PINN-1 module is required for efficient 3'end processing and coordinates developmental gene expression during exit from diapause in C. elegans [RNAseq-suppression]	ena_study	shared/metadata_sources/v2/ena_studies/chunk_000.xml	source_reported
rna_seq:SRR28628835	library_strategy	RNA-Seq	ena_read_run	ENA read_run:SRR28628835; sample:SAMN40933372; study:SRP501217	source_reported
rna_seq:SRR28628835	library_layout	PAIRED	ena_read_run	ENA read_run:SRR28628835; sample:SAMN40933372; study:SRP501217	source_reported
rna_seq:SRR28628836	stage	L1	local_project_metadata	sharepoint_2026-07-13_new439	source_reported
rna_seq:SRR28628836	stage	L1	ena_sample	shared/metadata_sources/v2/ena_samples/chunk_007.xml	source_reported
rna_seq:SRR28628836	tissue	whole worm	ena_sample	shared/metadata_sources/v2/ena_samples/chunk_007.xml	source_reported
rna_seq:SRR28628836	strain	N2	ena_sample	shared/metadata_sources/v2/ena_samples/chunk_007.xml	source_reported
rna_seq:SRR28628836	genotype	WT	provided_batch_table	sharepoint_2026-07-13_new439	source_reported
rna_seq:SRR28628836	condition	DMSO	resolved_source_reported	ENA read_run:SRR28628836; sample:SAMN40933373; study:SRP501217	source_reported
rna_seq:SRR28628836	data_source	PRJNA1099214	provided_batch_table	sharepoint_2026-07-13_new439	source_reported
rna_seq:SRR28628836	study_title	The SSUP-72/PINN-1 module is required for efficient 3'end processing and coordinates developmental gene expression during exit from diapause in C. elegans [RNAseq-suppression]	ena_study	shared/metadata_sources/v2/ena_studies/chunk_000.xml	source_reported
rna_seq:SRR28628836	library_strategy	RNA-Seq	ena_read_run	ENA read_run:SRR28628836; sample:SAMN40933373; study:SRP501217	source_reported
rna_seq:SRR28628836	library_layout	PAIRED	ena_read_run	ENA read_run:SRR28628836; sample:SAMN40933373; study:SRP501217	source_reported
rna_seq:SRR28628837	stage	L1	local_project_metadata	sharepoint_2026-07-13_new439	source_reported
rna_seq:SRR28628837	stage	L1	ena_sample	shared/metadata_sources/v2/ena_samples/chunk_007.xml	source_reported
rna_seq:SRR28628837	tissue	whole worm	ena_sample	shared/metadata_sources/v2/ena_samples/chunk_007.xml	source_reported
rna_seq:SRR28628837	strain	N2	ena_sample	shared/metadata_sources/v2/ena_samples/chunk_007.xml	source_reported
rna_seq:SRR28628837	genotype	WT	provided_batch_table	sharepoint_2026-07-13_new439	source_reported
rna_seq:SRR28628837	condition	DMSO	resolved_source_reported	ENA read_run:SRR28628837; sample:SAMN40933374; study:SRP501217	source_reported
rna_seq:SRR28628837	data_source	PRJNA1099214	provided_batch_table	sharepoint_2026-07-13_new439	source_reported
rna_seq:SRR28628837	study_title	The SSUP-72/PINN-1 module is required for efficient 3'end processing and coordinates developmental gene expression during exit from diapause in C. elegans [RNAseq-suppression]	ena_study	shared/metadata_sources/v2/ena_studies/chunk_000.xml	source_reported
rna_seq:SRR28628837	library_strategy	RNA-Seq	ena_read_run	ENA read_run:SRR28628837; sample:SAMN40933374; study:SRP501217	source_reported
rna_seq:SRR28628837	library_layout	PAIRED	ena_read_run	ENA read_run:SRR28628837; sample:SAMN40933374; study:SRP501217	source_reported
rna_seq:SRR28645089	stage	L1	local_project_metadata	sharepoint_2026-07-13_new439	source_reported
rna_seq:SRR28645089	stage	L1	ena_sample	shared/metadata_sources/v2/ena_samples/chunk_006.xml	source_reported
rna_seq:SRR28645089	tissue	whole worm	ena_sample	shared/metadata_sources/v2/ena_samples/chunk_006.xml	source_reported
rna_seq:SRR28645089	strain	ssup-72(0)	ena_sample	shared/metadata_sources/v2/ena_samples/chunk_006.xml	source_reported
rna_seq:SRR28645089	genotype	mutated	provided_batch_table	sharepoint_2026-07-13_new439	source_reported
rna_seq:SRR28645089	data_source	PRJNA1099212	provided_batch_table	sharepoint_2026-07-13_new439	source_reported
rna_seq:SRR28645089	study_title	The SSUP-72/PINN-1 module is required for efficient 3'end processing and coordinates developmental gene expression during exit from diapause in C. elegans [RNAseq-SSUP72]	ena_study	shared/metadata_sources/v2/ena_studies/chunk_000.xml	source_reported
rna_seq:SRR28645089	library_strategy	RNA-Seq	ena_read_run	ENA read_run:SRR28645089; sample:SAMN40932161; study:SRP501530	source_reported
rna_seq:SRR28645089	library_layout	PAIRED	ena_read_run	ENA read_run:SRR28645089; sample:SAMN40932161; study:SRP501530	source_reported
rna_seq:SRR28645090	stage	L1	local_project_metadata	sharepoint_2026-07-13_new439	source_reported
rna_seq:SRR28645090	stage	L1	ena_sample	shared/metadata_sources/v2/ena_samples/chunk_006.xml	source_reported
rna_seq:SRR28645090	tissue	whole worm	ena_sample	shared/metadata_sources/v2/ena_samples/chunk_006.xml	source_reported
rna_seq:SRR28645090	strain	ssup-72(0)	ena_sample	shared/metadata_sources/v2/ena_samples/chunk_006.xml	source_reported
rna_seq:SRR28645090	genotype	mutated	provided_batch_table	sharepoint_2026-07-13_new439	source_reported
rna_seq:SRR28645090	data_source	PRJNA1099212	provided_batch_table	sharepoint_2026-07-13_new439	source_reported
rna_seq:SRR28645090	study_title	The SSUP-72/PINN-1 module is required for efficient 3'end processing and coordinates developmental gene expression during exit from diapause in C. elegans [RNAseq-SSUP72]	ena_study	shared/metadata_sources/v2/ena_studies/chunk_000.xml	source_reported
rna_seq:SRR28645090	library_strategy	RNA-Seq	ena_read_run	ENA read_run:SRR28645090; sample:SAMN40932162; study:SRP501530	source_reported
rna_seq:SRR28645090	library_layout	PAIRED	ena_read_run	ENA read_run:SRR28645090; sample:SAMN40932162; study:SRP501530	source_reported
rna_seq:SRR28645091	stage	L1	local_project_metadata	sharepoint_2026-07-13_new439	source_reported
rna_seq:SRR28645091	stage	L1	ena_sample	shared/metadata_sources/v2/ena_samples/chunk_006.xml	source_reported
rna_seq:SRR28645091	tissue	whole worm	ena_sample	shared/metadata_sources/v2/ena_samples/chunk_006.xml	source_reported
rna_seq:SRR28645091	strain	ssup-72(0)	ena_sample	shared/metadata_sources/v2/ena_samples/chunk_006.xml	source_reported
rna_seq:SRR28645091	genotype	mutated	provided_batch_table	sharepoint_2026-07-13_new439	source_reported
rna_seq:SRR28645091	data_source	PRJNA1099212	provided_batch_table	sharepoint_2026-07-13_new439	source_reported
rna_seq:SRR28645091	study_title	The SSUP-72/PINN-1 module is required for efficient 3'end processing and coordinates developmental gene expression during exit from diapause in C. elegans [RNAseq-SSUP72]	ena_study	shared/metadata_sources/v2/ena_studies/chunk_000.xml	source_reported
rna_seq:SRR28645091	library_strategy	RNA-Seq	ena_read_run	ENA read_run:SRR28645091; sample:SAMN40932163; study:SRP501530	source_reported
rna_seq:SRR28645091	library_layout	PAIRED	ena_read_run	ENA read_run:SRR28645091; sample:SAMN40932163; study:SRP501530	source_reported
rna_seq:SRR28645092	stage	L1	local_project_metadata	sharepoint_2026-07-13_new439	source_reported
rna_seq:SRR28645092	stage	L1	ena_sample	shared/metadata_sources/v2/ena_samples/chunk_006.xml	source_reported
rna_seq:SRR28645092	tissue	whole worm	ena_sample	shared/metadata_sources/v2/ena_samples/chunk_006.xml	source_reported
rna_seq:SRR28645092	strain	N2	ena_sample	shared/metadata_sources/v2/ena_samples/chunk_006.xml	source_reported
rna_seq:SRR28645092	genotype	WT	provided_batch_table	sharepoint_2026-07-13_new439	source_reported
rna_seq:SRR28645092	data_source	PRJNA1099212	provided_batch_table	sharepoint_2026-07-13_new439	source_reported
rna_seq:SRR28645092	study_title	The SSUP-72/PINN-1 module is required for efficient 3'end processing and coordinates developmental gene expression during exit from diapause in C. elegans [RNAseq-SSUP72]	ena_study	shared/metadata_sources/v2/ena_studies/chunk_000.xml	source_reported
rna_seq:SRR28645092	library_strategy	RNA-Seq	ena_read_run	ENA read_run:SRR28645092; sample:SAMN40932164; study:SRP501530	source_reported
rna_seq:SRR28645092	library_layout	PAIRED	ena_read_run	ENA read_run:SRR28645092; sample:SAMN40932164; study:SRP501530	source_reported
rna_seq:SRR28645093	stage	L1	local_project_metadata	sharepoint_2026-07-13_new439	source_reported
rna_seq:SRR28645093	stage	L1	ena_sample	shared/metadata_sources/v2/ena_samples/chunk_006.xml	source_reported
rna_seq:SRR28645093	tissue	whole worm	ena_sample	shared/metadata_sources/v2/ena_samples/chunk_006.xml	source_reported
rna_seq:SRR28645093	strain	pinn-1(0)	ena_sample	shared/metadata_sources/v2/ena_samples/chunk_006.xml	source_reported
rna_seq:SRR28645093	genotype	mutated	provided_batch_table	sharepoint_2026-07-13_new439	source_reported
rna_seq:SRR28645093	data_source	PRJNA1099212	provided_batch_table	sharepoint_2026-07-13_new439	source_reported
rna_seq:SRR28645093	study_title	The SSUP-72/PINN-1 module is required for efficient 3'end processing and coordinates developmental gene expression during exit from diapause in C. elegans [RNAseq-SSUP72]	ena_study	shared/metadata_sources/v2/ena_studies/chunk_000.xml	source_reported
rna_seq:SRR28645093	library_strategy	RNA-Seq	ena_read_run	ENA read_run:SRR28645093; sample:SAMN40932165; study:SRP501530	source_reported
rna_seq:SRR28645093	library_layout	PAIRED	ena_read_run	ENA read_run:SRR28645093; sample:SAMN40932165; study:SRP501530	source_reported
rna_seq:SRR28645094	stage	L1	local_project_metadata	sharepoint_2026-07-13_new439	source_reported
rna_seq:SRR28645094	stage	L1	ena_sample	shared/metadata_sources/v2/ena_samples/chunk_006.xml	source_reported
rna_seq:SRR28645094	tissue	whole worm	ena_sample	shared/metadata_sources/v2/ena_samples/chunk_006.xml	source_reported
rna_seq:SRR28645094	strain	pinn-1(0)	ena_sample	shared/metadata_sources/v2/ena_samples/chunk_006.xml	source_reported
rna_seq:SRR28645094	genotype	mutated	provided_batch_table	sharepoint_2026-07-13_new439	source_reported
rna_seq:SRR28645094	data_source	PRJNA1099212	provided_batch_table	sharepoint_2026-07-13_new439	source_reported
rna_seq:SRR28645094	study_title	The SSUP-72/PINN-1 module is required for efficient 3'end processing and coordinates developmental gene expression during exit from diapause in C. elegans [RNAseq-SSUP72]	ena_study	shared/metadata_sources/v2/ena_studies/chunk_000.xml	source_reported
rna_seq:SRR28645094	library_strategy	RNA-Seq	ena_read_run	ENA read_run:SRR28645094; sample:SAMN40932166; study:SRP501530	source_reported
rna_seq:SRR28645094	library_layout	PAIRED	ena_read_run	ENA read_run:SRR28645094; sample:SAMN40932166; study:SRP501530	source_reported
rna_seq:SRR28645095	stage	L1	local_project_metadata	sharepoint_2026-07-13_new439	source_reported
rna_seq:SRR28645095	stage	L1	ena_sample	shared/metadata_sources/v2/ena_samples/chunk_006.xml	source_reported
rna_seq:SRR28645095	tissue	whole worm	ena_sample	shared/metadata_sources/v2/ena_samples/chunk_006.xml	source_reported
rna_seq:SRR28645095	strain	pinn-1(0)	ena_sample	shared/metadata_sources/v2/ena_samples/chunk_006.xml	source_reported
rna_seq:SRR28645095	genotype	mutated	provided_batch_table	sharepoint_2026-07-13_new439	source_reported
rna_seq:SRR28645095	data_source	PRJNA1099212	provided_batch_table	sharepoint_2026-07-13_new439	source_reported
rna_seq:SRR28645095	study_title	The SSUP-72/PINN-1 module is required for efficient 3'end processing and coordinates developmental gene expression during exit from diapause in C. elegans [RNAseq-SSUP72]	ena_study	shared/metadata_sources/v2/ena_studies/chunk_000.xml	source_reported
rna_seq:SRR28645095	library_strategy	RNA-Seq	ena_read_run	ENA read_run:SRR28645095; sample:SAMN40932167; study:SRP501530	source_reported
rna_seq:SRR28645095	library_layout	PAIRED	ena_read_run	ENA read_run:SRR28645095; sample:SAMN40932167; study:SRP501530	source_reported
rna_seq:SRR28645096	stage	L1	local_project_metadata	sharepoint_2026-07-13_new439	source_reported
rna_seq:SRR28645096	stage	L1	ena_sample	shared/metadata_sources/v2/ena_samples/chunk_006.xml	source_reported
rna_seq:SRR28645096	tissue	whole worm	ena_sample	shared/metadata_sources/v2/ena_samples/chunk_006.xml	source_reported
rna_seq:SRR28645096	strain	ssup-72[S39A]	ena_sample	shared/metadata_sources/v2/ena_samples/chunk_006.xml	source_reported
rna_seq:SRR28645096	genotype	mutated	provided_batch_table	sharepoint_2026-07-13_new439	source_reported
rna_seq:SRR28645096	data_source	PRJNA1099212	provided_batch_table	sharepoint_2026-07-13_new439	source_reported
rna_seq:SRR28645096	study_title	The SSUP-72/PINN-1 module is required for efficient 3'end processing and coordinates developmental gene expression during exit from diapause in C. elegans [RNAseq-SSUP72]	ena_study	shared/metadata_sources/v2/ena_studies/chunk_000.xml	source_reported
rna_seq:SRR28645096	library_strategy	RNA-Seq	ena_read_run	ENA read_run:SRR28645096; sample:SAMN40932168; study:SRP501530	source_reported
rna_seq:SRR28645096	library_layout	PAIRED	ena_read_run	ENA read_run:SRR28645096; sample:SAMN40932168; study:SRP501530	source_reported
rna_seq:SRR28645097	stage	L1	local_project_metadata	sharepoint_2026-07-13_new439	source_reported
rna_seq:SRR28645097	stage	L1	ena_sample	shared/metadata_sources/v2/ena_samples/chunk_006.xml	source_reported
rna_seq:SRR28645097	tissue	whole worm	ena_sample	shared/metadata_sources/v2/ena_samples/chunk_006.xml	source_reported
rna_seq:SRR28645097	strain	ssup-72[S39A]	ena_sample	shared/metadata_sources/v2/ena_samples/chunk_006.xml	source_reported
rna_seq:SRR28645097	genotype	mutated	provided_batch_table	sharepoint_2026-07-13_new439	source_reported
rna_seq:SRR28645097	data_source	PRJNA1099212	provided_batch_table	sharepoint_2026-07-13_new439	source_reported
rna_seq:SRR28645097	study_title	The SSUP-72/PINN-1 module is required for efficient 3'end processing and coordinates developmental gene expression during exit from diapause in C. elegans [RNAseq-SSUP72]	ena_study	shared/metadata_sources/v2/ena_studies/chunk_000.xml	source_reported
rna_seq:SRR28645097	library_strategy	RNA-Seq	ena_read_run	ENA read_run:SRR28645097; sample:SAMN40932169; study:SRP501530	source_reported
rna_seq:SRR28645097	library_layout	PAIRED	ena_read_run	ENA read_run:SRR28645097; sample:SAMN40932169; study:SRP501530	source_reported
rna_seq:SRR28645098	stage	L1	local_project_metadata	sharepoint_2026-07-13_new439	source_reported
rna_seq:SRR28645098	stage	L1	ena_sample	shared/metadata_sources/v2/ena_samples/chunk_007.xml	source_reported
rna_seq:SRR28645098	tissue	whole worm	ena_sample	shared/metadata_sources/v2/ena_samples/chunk_007.xml	source_reported
rna_seq:SRR28645098	strain	ssup-72[S39A]	ena_sample	shared/metadata_sources/v2/ena_samples/chunk_007.xml	source_reported
rna_seq:SRR28645098	genotype	mutated	provided_batch_table	sharepoint_2026-07-13_new439	source_reported
rna_seq:SRR28645098	data_source	PRJNA1099212	provided_batch_table	sharepoint_2026-07-13_new439	source_reported
rna_seq:SRR28645098	study_title	The SSUP-72/PINN-1 module is required for efficient 3'end processing and coordinates developmental gene expression during exit from diapause in C. elegans [RNAseq-SSUP72]	ena_study	shared/metadata_sources/v2/ena_studies/chunk_000.xml	source_reported
rna_seq:SRR28645098	library_strategy	RNA-Seq	ena_read_run	ENA read_run:SRR28645098; sample:SAMN40932170; study:SRP501530	source_reported
rna_seq:SRR28645098	library_layout	PAIRED	ena_read_run	ENA read_run:SRR28645098; sample:SAMN40932170; study:SRP501530	source_reported
rna_seq:SRR28645099	stage	L1	local_project_metadata	sharepoint_2026-07-13_new439	source_reported
rna_seq:SRR28645099	stage	L1	ena_sample	shared/metadata_sources/v2/ena_samples/chunk_007.xml	source_reported
rna_seq:SRR28645099	tissue	whole worm	ena_sample	shared/metadata_sources/v2/ena_samples/chunk_007.xml	source_reported
rna_seq:SRR28645099	strain	ssup-72[S39E]	ena_sample	shared/metadata_sources/v2/ena_samples/chunk_007.xml	source_reported
rna_seq:SRR28645099	genotype	mutated	provided_batch_table	sharepoint_2026-07-13_new439	source_reported
rna_seq:SRR28645099	data_source	PRJNA1099212	provided_batch_table	sharepoint_2026-07-13_new439	source_reported
rna_seq:SRR28645099	study_title	The SSUP-72/PINN-1 module is required for efficient 3'end processing and coordinates developmental gene expression during exit from diapause in C. elegans [RNAseq-SSUP72]	ena_study	shared/metadata_sources/v2/ena_studies/chunk_000.xml	source_reported
rna_seq:SRR28645099	library_strategy	RNA-Seq	ena_read_run	ENA read_run:SRR28645099; sample:SAMN40932171; study:SRP501530	source_reported
rna_seq:SRR28645099	library_layout	PAIRED	ena_read_run	ENA read_run:SRR28645099; sample:SAMN40932171; study:SRP501530	source_reported
rna_seq:SRR28645100	stage	L1	local_project_metadata	sharepoint_2026-07-13_new439	source_reported
rna_seq:SRR28645100	stage	L1	ena_sample	shared/metadata_sources/v2/ena_samples/chunk_007.xml	source_reported
rna_seq:SRR28645100	tissue	whole worm	ena_sample	shared/metadata_sources/v2/ena_samples/chunk_007.xml	source_reported
rna_seq:SRR28645100	strain	ssup-72[S39E]	ena_sample	shared/metadata_sources/v2/ena_samples/chunk_007.xml	source_reported
rna_seq:SRR28645100	genotype	mutated	provided_batch_table	sharepoint_2026-07-13_new439	source_reported
rna_seq:SRR28645100	data_source	PRJNA1099212	provided_batch_table	sharepoint_2026-07-13_new439	source_reported
rna_seq:SRR28645100	study_title	The SSUP-72/PINN-1 module is required for efficient 3'end processing and coordinates developmental gene expression during exit from diapause in C. elegans [RNAseq-SSUP72]	ena_study	shared/metadata_sources/v2/ena_studies/chunk_000.xml	source_reported
rna_seq:SRR28645100	library_strategy	RNA-Seq	ena_read_run	ENA read_run:SRR28645100; sample:SAMN40932172; study:SRP501530	source_reported
rna_seq:SRR28645100	library_layout	PAIRED	ena_read_run	ENA read_run:SRR28645100; sample:SAMN40932172; study:SRP501530	source_reported
rna_seq:SRR28645101	stage	L1	local_project_metadata	sharepoint_2026-07-13_new439	source_reported
rna_seq:SRR28645101	stage	L1	ena_sample	shared/metadata_sources/v2/ena_samples/chunk_007.xml	source_reported
rna_seq:SRR28645101	tissue	whole worm	ena_sample	shared/metadata_sources/v2/ena_samples/chunk_007.xml	source_reported
rna_seq:SRR28645101	strain	ssup-72[S39E]	ena_sample	shared/metadata_sources/v2/ena_samples/chunk_007.xml	source_reported
rna_seq:SRR28645101	genotype	mutated	provided_batch_table	sharepoint_2026-07-13_new439	source_reported
rna_seq:SRR28645101	data_source	PRJNA1099212	provided_batch_table	sharepoint_2026-07-13_new439	source_reported
rna_seq:SRR28645101	study_title	The SSUP-72/PINN-1 module is required for efficient 3'end processing and coordinates developmental gene expression during exit from diapause in C. elegans [RNAseq-SSUP72]	ena_study	shared/metadata_sources/v2/ena_studies/chunk_000.xml	source_reported
rna_seq:SRR28645101	library_strategy	RNA-Seq	ena_read_run	ENA read_run:SRR28645101; sample:SAMN40932173; study:SRP501530	source_reported
rna_seq:SRR28645101	library_layout	PAIRED	ena_read_run	ENA read_run:SRR28645101; sample:SAMN40932173; study:SRP501530	source_reported
rna_seq:SRR28645102	stage	L1	local_project_metadata	sharepoint_2026-07-13_new439	source_reported
rna_seq:SRR28645102	stage	L1	ena_sample	shared/metadata_sources/v2/ena_samples/chunk_007.xml	source_reported
rna_seq:SRR28645102	tissue	whole worm	ena_sample	shared/metadata_sources/v2/ena_samples/chunk_007.xml	source_reported
rna_seq:SRR28645102	strain	ssup-72[E22K]	ena_sample	shared/metadata_sources/v2/ena_samples/chunk_007.xml	source_reported
rna_seq:SRR28645102	genotype	mutated	provided_batch_table	sharepoint_2026-07-13_new439	source_reported
rna_seq:SRR28645102	data_source	PRJNA1099212	provided_batch_table	sharepoint_2026-07-13_new439	source_reported
rna_seq:SRR28645102	study_title	The SSUP-72/PINN-1 module is required for efficient 3'end processing and coordinates developmental gene expression during exit from diapause in C. elegans [RNAseq-SSUP72]	ena_study	shared/metadata_sources/v2/ena_studies/chunk_000.xml	source_reported
rna_seq:SRR28645102	library_strategy	RNA-Seq	ena_read_run	ENA read_run:SRR28645102; sample:SAMN40932174; study:SRP501530	source_reported
rna_seq:SRR28645102	library_layout	PAIRED	ena_read_run	ENA read_run:SRR28645102; sample:SAMN40932174; study:SRP501530	source_reported
rna_seq:SRR28645103	stage	L1	local_project_metadata	sharepoint_2026-07-13_new439	source_reported
rna_seq:SRR28645103	stage	L1	ena_sample	shared/metadata_sources/v2/ena_samples/chunk_007.xml	source_reported
rna_seq:SRR28645103	tissue	whole worm	ena_sample	shared/metadata_sources/v2/ena_samples/chunk_007.xml	source_reported
rna_seq:SRR28645103	strain	ssup-72[E22K]	ena_sample	shared/metadata_sources/v2/ena_samples/chunk_007.xml	source_reported
rna_seq:SRR28645103	genotype	mutated	provided_batch_table	sharepoint_2026-07-13_new439	source_reported
rna_seq:SRR28645103	data_source	PRJNA1099212	provided_batch_table	sharepoint_2026-07-13_new439	source_reported
rna_seq:SRR28645103	study_title	The SSUP-72/PINN-1 module is required for efficient 3'end processing and coordinates developmental gene expression during exit from diapause in C. elegans [RNAseq-SSUP72]	ena_study	shared/metadata_sources/v2/ena_studies/chunk_000.xml	source_reported
rna_seq:SRR28645103	library_strategy	RNA-Seq	ena_read_run	ENA read_run:SRR28645103; sample:SAMN40932175; study:SRP501530	source_reported
rna_seq:SRR28645103	library_layout	PAIRED	ena_read_run	ENA read_run:SRR28645103; sample:SAMN40932175; study:SRP501530	source_reported
rna_seq:SRR28645104	stage	L1	local_project_metadata	sharepoint_2026-07-13_new439	source_reported
rna_seq:SRR28645104	stage	L1	ena_sample	shared/metadata_sources/v2/ena_samples/chunk_007.xml	source_reported
rna_seq:SRR28645104	tissue	whole worm	ena_sample	shared/metadata_sources/v2/ena_samples/chunk_007.xml	source_reported
rna_seq:SRR28645104	strain	ssup-72[E22K]	ena_sample	shared/metadata_sources/v2/ena_samples/chunk_007.xml	source_reported
rna_seq:SRR28645104	genotype	mutated	provided_batch_table	sharepoint_2026-07-13_new439	source_reported
rna_seq:SRR28645104	data_source	PRJNA1099212	provided_batch_table	sharepoint_2026-07-13_new439	source_reported
rna_seq:SRR28645104	study_title	The SSUP-72/PINN-1 module is required for efficient 3'end processing and coordinates developmental gene expression during exit from diapause in C. elegans [RNAseq-SSUP72]	ena_study	shared/metadata_sources/v2/ena_studies/chunk_000.xml	source_reported
rna_seq:SRR28645104	library_strategy	RNA-Seq	ena_read_run	ENA read_run:SRR28645104; sample:SAMN40932176; study:SRP501530	source_reported
rna_seq:SRR28645104	library_layout	PAIRED	ena_read_run	ENA read_run:SRR28645104; sample:SAMN40932176; study:SRP501530	source_reported
rna_seq:SRR28645105	stage	L1	local_project_metadata	sharepoint_2026-07-13_new439	source_reported
rna_seq:SRR28645105	stage	L1	ena_sample	shared/metadata_sources/v2/ena_samples/chunk_007.xml	source_reported
rna_seq:SRR28645105	tissue	whole worm	ena_sample	shared/metadata_sources/v2/ena_samples/chunk_007.xml	source_reported
rna_seq:SRR28645105	strain	ssup-72[C13S]	ena_sample	shared/metadata_sources/v2/ena_samples/chunk_007.xml	source_reported
rna_seq:SRR28645105	genotype	mutated	provided_batch_table	sharepoint_2026-07-13_new439	source_reported
rna_seq:SRR28645105	data_source	PRJNA1099212	provided_batch_table	sharepoint_2026-07-13_new439	source_reported
rna_seq:SRR28645105	study_title	The SSUP-72/PINN-1 module is required for efficient 3'end processing and coordinates developmental gene expression during exit from diapause in C. elegans [RNAseq-SSUP72]	ena_study	shared/metadata_sources/v2/ena_studies/chunk_000.xml	source_reported
rna_seq:SRR28645105	library_strategy	RNA-Seq	ena_read_run	ENA read_run:SRR28645105; sample:SAMN40932177; study:SRP501530	source_reported
rna_seq:SRR28645105	library_layout	PAIRED	ena_read_run	ENA read_run:SRR28645105; sample:SAMN40932177; study:SRP501530	source_reported
rna_seq:SRR28645106	stage	L1	local_project_metadata	sharepoint_2026-07-13_new439	source_reported
rna_seq:SRR28645106	stage	L1	ena_sample	shared/metadata_sources/v2/ena_samples/chunk_007.xml	source_reported
rna_seq:SRR28645106	tissue	whole worm	ena_sample	shared/metadata_sources/v2/ena_samples/chunk_007.xml	source_reported
rna_seq:SRR28645106	strain	ssup-72[C13S]	ena_sample	shared/metadata_sources/v2/ena_samples/chunk_007.xml	source_reported
rna_seq:SRR28645106	genotype	mutated	provided_batch_table	sharepoint_2026-07-13_new439	source_reported
rna_seq:SRR28645106	data_source	PRJNA1099212	provided_batch_table	sharepoint_2026-07-13_new439	source_reported
rna_seq:SRR28645106	study_title	The SSUP-72/PINN-1 module is required for efficient 3'end processing and coordinates developmental gene expression during exit from diapause in C. elegans [RNAseq-SSUP72]	ena_study	shared/metadata_sources/v2/ena_studies/chunk_000.xml	source_reported
rna_seq:SRR28645106	library_strategy	RNA-Seq	ena_read_run	ENA read_run:SRR28645106; sample:SAMN40932178; study:SRP501530	source_reported
rna_seq:SRR28645106	library_layout	PAIRED	ena_read_run	ENA read_run:SRR28645106; sample:SAMN40932178; study:SRP501530	source_reported
rna_seq:SRR28645107	stage	L1	local_project_metadata	sharepoint_2026-07-13_new439	source_reported
rna_seq:SRR28645107	stage	L1	ena_sample	shared/metadata_sources/v2/ena_samples/chunk_007.xml	source_reported
rna_seq:SRR28645107	tissue	whole worm	ena_sample	shared/metadata_sources/v2/ena_samples/chunk_007.xml	source_reported
rna_seq:SRR28645107	strain	ssup-72[C13S]	ena_sample	shared/metadata_sources/v2/ena_samples/chunk_007.xml	source_reported
rna_seq:SRR28645107	genotype	mutated	provided_batch_table	sharepoint_2026-07-13_new439	source_reported
rna_seq:SRR28645107	data_source	PRJNA1099212	provided_batch_table	sharepoint_2026-07-13_new439	source_reported
rna_seq:SRR28645107	study_title	The SSUP-72/PINN-1 module is required for efficient 3'end processing and coordinates developmental gene expression during exit from diapause in C. elegans [RNAseq-SSUP72]	ena_study	shared/metadata_sources/v2/ena_studies/chunk_000.xml	source_reported
rna_seq:SRR28645107	library_strategy	RNA-Seq	ena_read_run	ENA read_run:SRR28645107; sample:SAMN40932179; study:SRP501530	source_reported
rna_seq:SRR28645107	library_layout	PAIRED	ena_read_run	ENA read_run:SRR28645107; sample:SAMN40932179; study:SRP501530	source_reported
rna_seq:SRR28645108	stage	L1	local_project_metadata	sharepoint_2026-07-13_new439	source_reported
rna_seq:SRR28645108	stage	L1	ena_sample	shared/metadata_sources/v2/ena_samples/chunk_007.xml	source_reported
rna_seq:SRR28645108	tissue	whole worm	ena_sample	shared/metadata_sources/v2/ena_samples/chunk_007.xml	source_reported
rna_seq:SRR28645108	strain	ssup-72[E22K]	ena_sample	shared/metadata_sources/v2/ena_samples/chunk_007.xml	source_reported
rna_seq:SRR28645108	genotype	mutated	provided_batch_table	sharepoint_2026-07-13_new439	source_reported
rna_seq:SRR28645108	data_source	PRJNA1099212	provided_batch_table	sharepoint_2026-07-13_new439	source_reported
rna_seq:SRR28645108	study_title	The SSUP-72/PINN-1 module is required for efficient 3'end processing and coordinates developmental gene expression during exit from diapause in C. elegans [RNAseq-SSUP72]	ena_study	shared/metadata_sources/v2/ena_studies/chunk_000.xml	source_reported
rna_seq:SRR28645108	library_strategy	RNA-Seq	ena_read_run	ENA read_run:SRR28645108; sample:SAMN40932180; study:SRP501530	source_reported
rna_seq:SRR28645108	library_layout	PAIRED	ena_read_run	ENA read_run:SRR28645108; sample:SAMN40932180; study:SRP501530	source_reported
rna_seq:SRR28645109	stage	L1	local_project_metadata	sharepoint_2026-07-13_new439	source_reported
rna_seq:SRR28645109	stage	L1	ena_sample	shared/metadata_sources/v2/ena_samples/chunk_007.xml	source_reported
rna_seq:SRR28645109	tissue	whole worm	ena_sample	shared/metadata_sources/v2/ena_samples/chunk_007.xml	source_reported
rna_seq:SRR28645109	strain	ssup-72[E22K]	ena_sample	shared/metadata_sources/v2/ena_samples/chunk_007.xml	source_reported
rna_seq:SRR28645109	genotype	mutated	provided_batch_table	sharepoint_2026-07-13_new439	source_reported
rna_seq:SRR28645109	data_source	PRJNA1099212	provided_batch_table	sharepoint_2026-07-13_new439	source_reported
rna_seq:SRR28645109	study_title	The SSUP-72/PINN-1 module is required for efficient 3'end processing and coordinates developmental gene expression during exit from diapause in C. elegans [RNAseq-SSUP72]	ena_study	shared/metadata_sources/v2/ena_studies/chunk_000.xml	source_reported
rna_seq:SRR28645109	library_strategy	RNA-Seq	ena_read_run	ENA read_run:SRR28645109; sample:SAMN40932181; study:SRP501530	source_reported
rna_seq:SRR28645109	library_layout	PAIRED	ena_read_run	ENA read_run:SRR28645109; sample:SAMN40932181; study:SRP501530	source_reported
rna_seq:SRR28645110	stage	L1	local_project_metadata	sharepoint_2026-07-13_new439	source_reported
rna_seq:SRR28645110	stage	L1	ena_sample	shared/metadata_sources/v2/ena_samples/chunk_007.xml	source_reported
rna_seq:SRR28645110	tissue	whole worm	ena_sample	shared/metadata_sources/v2/ena_samples/chunk_007.xml	source_reported
rna_seq:SRR28645110	strain	ssup-72[E22K]	ena_sample	shared/metadata_sources/v2/ena_samples/chunk_007.xml	source_reported
rna_seq:SRR28645110	genotype	mutated	provided_batch_table	sharepoint_2026-07-13_new439	source_reported
rna_seq:SRR28645110	data_source	PRJNA1099212	provided_batch_table	sharepoint_2026-07-13_new439	source_reported
rna_seq:SRR28645110	study_title	The SSUP-72/PINN-1 module is required for efficient 3'end processing and coordinates developmental gene expression during exit from diapause in C. elegans [RNAseq-SSUP72]	ena_study	shared/metadata_sources/v2/ena_studies/chunk_000.xml	source_reported
rna_seq:SRR28645110	library_strategy	RNA-Seq	ena_read_run	ENA read_run:SRR28645110; sample:SAMN40932182; study:SRP501530	source_reported
rna_seq:SRR28645110	library_layout	PAIRED	ena_read_run	ENA read_run:SRR28645110; sample:SAMN40932182; study:SRP501530	source_reported
rna_seq:SRR28645111	stage	L1	local_project_metadata	sharepoint_2026-07-13_new439	source_reported
rna_seq:SRR28645111	stage	L1	ena_sample	shared/metadata_sources/v2/ena_samples/chunk_007.xml	source_reported
rna_seq:SRR28645111	tissue	whole worm	ena_sample	shared/metadata_sources/v2/ena_samples/chunk_007.xml	source_reported
rna_seq:SRR28645111	strain	N2	ena_sample	shared/metadata_sources/v2/ena_samples/chunk_007.xml	source_reported
rna_seq:SRR28645111	genotype	WT	provided_batch_table	sharepoint_2026-07-13_new439	source_reported
rna_seq:SRR28645111	data_source	PRJNA1099212	provided_batch_table	sharepoint_2026-07-13_new439	source_reported
rna_seq:SRR28645111	study_title	The SSUP-72/PINN-1 module is required for efficient 3'end processing and coordinates developmental gene expression during exit from diapause in C. elegans [RNAseq-SSUP72]	ena_study	shared/metadata_sources/v2/ena_studies/chunk_000.xml	source_reported
rna_seq:SRR28645111	library_strategy	RNA-Seq	ena_read_run	ENA read_run:SRR28645111; sample:SAMN40932183; study:SRP501530	source_reported
rna_seq:SRR28645111	library_layout	PAIRED	ena_read_run	ENA read_run:SRR28645111; sample:SAMN40932183; study:SRP501530	source_reported
rna_seq:SRR28645112	stage	L1	local_project_metadata	sharepoint_2026-07-13_new439	source_reported
rna_seq:SRR28645112	stage	L1	ena_sample	shared/metadata_sources/v2/ena_samples/chunk_007.xml	source_reported
rna_seq:SRR28645112	tissue	whole worm	ena_sample	shared/metadata_sources/v2/ena_samples/chunk_007.xml	source_reported
rna_seq:SRR28645112	strain	N2	ena_sample	shared/metadata_sources/v2/ena_samples/chunk_007.xml	source_reported
rna_seq:SRR28645112	genotype	WT	provided_batch_table	sharepoint_2026-07-13_new439	source_reported
rna_seq:SRR28645112	data_source	PRJNA1099212	provided_batch_table	sharepoint_2026-07-13_new439	source_reported
rna_seq:SRR28645112	study_title	The SSUP-72/PINN-1 module is required for efficient 3'end processing and coordinates developmental gene expression during exit from diapause in C. elegans [RNAseq-SSUP72]	ena_study	shared/metadata_sources/v2/ena_studies/chunk_000.xml	source_reported
rna_seq:SRR28645112	library_strategy	RNA-Seq	ena_read_run	ENA read_run:SRR28645112; sample:SAMN40932184; study:SRP501530	source_reported
rna_seq:SRR28645112	library_layout	PAIRED	ena_read_run	ENA read_run:SRR28645112; sample:SAMN40932184; study:SRP501530	source_reported
rna_seq:SRR28645113	stage	L1	local_project_metadata	sharepoint_2026-07-13_new439	source_reported
rna_seq:SRR28645113	stage	L1	ena_sample	shared/metadata_sources/v2/ena_samples/chunk_007.xml	source_reported
rna_seq:SRR28645113	tissue	whole worm	ena_sample	shared/metadata_sources/v2/ena_samples/chunk_007.xml	source_reported
rna_seq:SRR28645113	strain	N2	ena_sample	shared/metadata_sources/v2/ena_samples/chunk_007.xml	source_reported
rna_seq:SRR28645113	genotype	WT	provided_batch_table	sharepoint_2026-07-13_new439	source_reported
rna_seq:SRR28645113	data_source	PRJNA1099212	provided_batch_table	sharepoint_2026-07-13_new439	source_reported
rna_seq:SRR28645113	study_title	The SSUP-72/PINN-1 module is required for efficient 3'end processing and coordinates developmental gene expression during exit from diapause in C. elegans [RNAseq-SSUP72]	ena_study	shared/metadata_sources/v2/ena_studies/chunk_000.xml	source_reported
rna_seq:SRR28645113	library_strategy	RNA-Seq	ena_read_run	ENA read_run:SRR28645113; sample:SAMN40932185; study:SRP501530	source_reported
rna_seq:SRR28645113	library_layout	PAIRED	ena_read_run	ENA read_run:SRR28645113; sample:SAMN40932185; study:SRP501530	source_reported
rna_seq:SRR30917237	stage	L4	local_project_metadata	sharepoint_2026-07-13_new439	source_reported
rna_seq:SRR30917237	tissue	whole animal	ena_sample	shared/metadata_sources/v2/ena_samples/chunk_008.xml	source_reported
rna_seq:SRR30917237	strain	NJL2492	ena_sample	shared/metadata_sources/v2/ena_samples/chunk_008.xml	source_reported
rna_seq:SRR30917237	genotype	mutated	provided_batch_table	sharepoint_2026-07-13_new439	source_reported
rna_seq:SRR30917237	condition	synchronized L4 stage animals	resolved_source_reported	ENA read_run:SRR30917237; sample:SAMN44106888; study:SRP537263	source_reported
rna_seq:SRR30917237	data_source	PRJNA1170320	provided_batch_table	sharepoint_2026-07-13_new439	source_reported
rna_seq:SRR30917237	study_title	Protein sequence editing defines distinct and overlapping functions of SKN-1A/Nrf1 and SKN-1C/Nrf2.	ena_study	shared/metadata_sources/v2/ena_studies/chunk_000.xml	source_reported
rna_seq:SRR30917237	library_strategy	RNA-Seq	ena_read_run	ENA read_run:SRR30917237; sample:SAMN44106888; study:SRP537263	source_reported
rna_seq:SRR30917237	library_layout	PAIRED	ena_read_run	ENA read_run:SRR30917237; sample:SAMN44106888; study:SRP537263	source_reported
rna_seq:SRR30917238	stage	L4	local_project_metadata	sharepoint_2026-07-13_new439	source_reported
rna_seq:SRR30917238	tissue	whole animal	ena_sample	shared/metadata_sources/v2/ena_samples/chunk_008.xml	source_reported
rna_seq:SRR30917238	strain	NJL2494	ena_sample	shared/metadata_sources/v2/ena_samples/chunk_008.xml	source_reported
rna_seq:SRR30917238	genotype	mutated	provided_batch_table	sharepoint_2026-07-13_new439	source_reported
rna_seq:SRR30917238	condition	synchronized L4 stage animals	resolved_source_reported	ENA read_run:SRR30917238; sample:SAMN44106889; study:SRP537263	source_reported
rna_seq:SRR30917238	data_source	PRJNA1170320	provided_batch_table	sharepoint_2026-07-13_new439	source_reported
rna_seq:SRR30917238	study_title	Protein sequence editing defines distinct and overlapping functions of SKN-1A/Nrf1 and SKN-1C/Nrf2.	ena_study	shared/metadata_sources/v2/ena_studies/chunk_000.xml	source_reported
rna_seq:SRR30917238	library_strategy	RNA-Seq	ena_read_run	ENA read_run:SRR30917238; sample:SAMN44106889; study:SRP537263	source_reported
rna_seq:SRR30917238	library_layout	PAIRED	ena_read_run	ENA read_run:SRR30917238; sample:SAMN44106889; study:SRP537263	source_reported
rna_seq:SRR30917239	stage	L4	local_project_metadata	sharepoint_2026-07-13_new439	source_reported
rna_seq:SRR30917239	tissue	whole animal	ena_sample	shared/metadata_sources/v2/ena_samples/chunk_008.xml	source_reported
rna_seq:SRR30917239	strain	GR3105	ena_sample	shared/metadata_sources/v2/ena_samples/chunk_008.xml	source_reported
rna_seq:SRR30917239	genotype	mutated	provided_batch_table	sharepoint_2026-07-13_new439	source_reported
rna_seq:SRR30917239	condition	synchronized L4 stage animals	resolved_source_reported	ENA read_run:SRR30917239; sample:SAMN44106890; study:SRP537263	source_reported
rna_seq:SRR30917239	data_source	PRJNA1170320	provided_batch_table	sharepoint_2026-07-13_new439	source_reported
rna_seq:SRR30917239	study_title	Protein sequence editing defines distinct and overlapping functions of SKN-1A/Nrf1 and SKN-1C/Nrf2.	ena_study	shared/metadata_sources/v2/ena_studies/chunk_000.xml	source_reported
rna_seq:SRR30917239	library_strategy	RNA-Seq	ena_read_run	ENA read_run:SRR30917239; sample:SAMN44106890; study:SRP537263	source_reported
rna_seq:SRR30917239	library_layout	PAIRED	ena_read_run	ENA read_run:SRR30917239; sample:SAMN44106890; study:SRP537263	source_reported
rna_seq:SRR30917240	stage	L4	local_project_metadata	sharepoint_2026-07-13_new439	source_reported
rna_seq:SRR30917240	tissue	whole animal	ena_sample	shared/metadata_sources/v2/ena_samples/chunk_008.xml	source_reported
rna_seq:SRR30917240	strain	N2	ena_sample	shared/metadata_sources/v2/ena_samples/chunk_008.xml	source_reported
rna_seq:SRR30917240	genotype	WT	provided_batch_table	sharepoint_2026-07-13_new439	source_reported
rna_seq:SRR30917240	condition	synchronized L4 stage animals	resolved_source_reported	ENA read_run:SRR30917240; sample:SAMN44106891; study:SRP537263	source_reported
rna_seq:SRR30917240	data_source	PRJNA1170320	provided_batch_table	sharepoint_2026-07-13_new439	source_reported
rna_seq:SRR30917240	study_title	Protein sequence editing defines distinct and overlapping functions of SKN-1A/Nrf1 and SKN-1C/Nrf2.	ena_study	shared/metadata_sources/v2/ena_studies/chunk_000.xml	source_reported
rna_seq:SRR30917240	library_strategy	RNA-Seq	ena_read_run	ENA read_run:SRR30917240; sample:SAMN44106891; study:SRP537263	source_reported
rna_seq:SRR30917240	library_layout	PAIRED	ena_read_run	ENA read_run:SRR30917240; sample:SAMN44106891; study:SRP537263	source_reported
rna_seq:SRR30917241	stage	L4	local_project_metadata	sharepoint_2026-07-13_new439	source_reported
rna_seq:SRR30917241	tissue	whole animal	ena_sample	shared/metadata_sources/v2/ena_samples/chunk_008.xml	source_reported
rna_seq:SRR30917241	strain	NJL2492	ena_sample	shared/metadata_sources/v2/ena_samples/chunk_008.xml	source_reported
rna_seq:SRR30917241	genotype	mutated	provided_batch_table	sharepoint_2026-07-13_new439	source_reported
rna_seq:SRR30917241	condition	synchronized L4 stage animals	resolved_source_reported	ENA read_run:SRR30917241; sample:SAMN44106892; study:SRP537263	source_reported
rna_seq:SRR30917241	data_source	PRJNA1170320	provided_batch_table	sharepoint_2026-07-13_new439	source_reported
rna_seq:SRR30917241	study_title	Protein sequence editing defines distinct and overlapping functions of SKN-1A/Nrf1 and SKN-1C/Nrf2.	ena_study	shared/metadata_sources/v2/ena_studies/chunk_000.xml	source_reported
rna_seq:SRR30917241	library_strategy	RNA-Seq	ena_read_run	ENA read_run:SRR30917241; sample:SAMN44106892; study:SRP537263	source_reported
rna_seq:SRR30917241	library_layout	PAIRED	ena_read_run	ENA read_run:SRR30917241; sample:SAMN44106892; study:SRP537263	source_reported
rna_seq:SRR30917242	stage	L4	local_project_metadata	sharepoint_2026-07-13_new439	source_reported
rna_seq:SRR30917242	tissue	whole animal	ena_sample	shared/metadata_sources/v2/ena_samples/chunk_008.xml	source_reported
rna_seq:SRR30917242	strain	NJL2494	ena_sample	shared/metadata_sources/v2/ena_samples/chunk_008.xml	source_reported
rna_seq:SRR30917242	genotype	mutated	provided_batch_table	sharepoint_2026-07-13_new439	source_reported
rna_seq:SRR30917242	condition	synchronized L4 stage animals	resolved_source_reported	ENA read_run:SRR30917242; sample:SAMN44106893; study:SRP537263	source_reported
rna_seq:SRR30917242	data_source	PRJNA1170320	provided_batch_table	sharepoint_2026-07-13_new439	source_reported
rna_seq:SRR30917242	study_title	Protein sequence editing defines distinct and overlapping functions of SKN-1A/Nrf1 and SKN-1C/Nrf2.	ena_study	shared/metadata_sources/v2/ena_studies/chunk_000.xml	source_reported
rna_seq:SRR30917242	library_strategy	RNA-Seq	ena_read_run	ENA read_run:SRR30917242; sample:SAMN44106893; study:SRP537263	source_reported
rna_seq:SRR30917242	library_layout	PAIRED	ena_read_run	ENA read_run:SRR30917242; sample:SAMN44106893; study:SRP537263	source_reported
rna_seq:SRR30917243	stage	L4	local_project_metadata	sharepoint_2026-07-13_new439	source_reported
rna_seq:SRR30917243	tissue	whole animal	ena_sample	shared/metadata_sources/v2/ena_samples/chunk_008.xml	source_reported
rna_seq:SRR30917243	strain	GR3105	ena_sample	shared/metadata_sources/v2/ena_samples/chunk_008.xml	source_reported
rna_seq:SRR30917243	genotype	mutated	provided_batch_table	sharepoint_2026-07-13_new439	source_reported
rna_seq:SRR30917243	condition	synchronized L4 stage animals	resolved_source_reported	ENA read_run:SRR30917243; sample:SAMN44106894; study:SRP537263	source_reported
rna_seq:SRR30917243	data_source	PRJNA1170320	provided_batch_table	sharepoint_2026-07-13_new439	source_reported
rna_seq:SRR30917243	study_title	Protein sequence editing defines distinct and overlapping functions of SKN-1A/Nrf1 and SKN-1C/Nrf2.	ena_study	shared/metadata_sources/v2/ena_studies/chunk_000.xml	source_reported
rna_seq:SRR30917243	library_strategy	RNA-Seq	ena_read_run	ENA read_run:SRR30917243; sample:SAMN44106894; study:SRP537263	source_reported
rna_seq:SRR30917243	library_layout	PAIRED	ena_read_run	ENA read_run:SRR30917243; sample:SAMN44106894; study:SRP537263	source_reported
rna_seq:SRR30917244	stage	L4	local_project_metadata	sharepoint_2026-07-13_new439	source_reported
rna_seq:SRR30917244	tissue	whole animal	ena_sample	shared/metadata_sources/v2/ena_samples/chunk_008.xml	source_reported
rna_seq:SRR30917244	strain	N2	ena_sample	shared/metadata_sources/v2/ena_samples/chunk_008.xml	source_reported
rna_seq:SRR30917244	genotype	WT	provided_batch_table	sharepoint_2026-07-13_new439	source_reported
rna_seq:SRR30917244	condition	synchronized L4 stage animals	resolved_source_reported	ENA read_run:SRR30917244; sample:SAMN44106895; study:SRP537263	source_reported
rna_seq:SRR30917244	data_source	PRJNA1170320	provided_batch_table	sharepoint_2026-07-13_new439	source_reported
rna_seq:SRR30917244	study_title	Protein sequence editing defines distinct and overlapping functions of SKN-1A/Nrf1 and SKN-1C/Nrf2.	ena_study	shared/metadata_sources/v2/ena_studies/chunk_000.xml	source_reported
rna_seq:SRR30917244	library_strategy	RNA-Seq	ena_read_run	ENA read_run:SRR30917244; sample:SAMN44106895; study:SRP537263	source_reported
rna_seq:SRR30917244	library_layout	PAIRED	ena_read_run	ENA read_run:SRR30917244; sample:SAMN44106895; study:SRP537263	source_reported
rna_seq:SRR30917245	stage	L4	local_project_metadata	sharepoint_2026-07-13_new439	source_reported
rna_seq:SRR30917245	tissue	whole animal	ena_sample	shared/metadata_sources/v2/ena_samples/chunk_008.xml	source_reported
rna_seq:SRR30917245	strain	NJL2492	ena_sample	shared/metadata_sources/v2/ena_samples/chunk_008.xml	source_reported
rna_seq:SRR30917245	genotype	mutated	provided_batch_table	sharepoint_2026-07-13_new439	source_reported
rna_seq:SRR30917245	condition	synchronized L4 stage animals	resolved_source_reported	ENA read_run:SRR30917245; sample:SAMN44106896; study:SRP537263	source_reported
rna_seq:SRR30917245	data_source	PRJNA1170320	provided_batch_table	sharepoint_2026-07-13_new439	source_reported
rna_seq:SRR30917245	study_title	Protein sequence editing defines distinct and overlapping functions of SKN-1A/Nrf1 and SKN-1C/Nrf2.	ena_study	shared/metadata_sources/v2/ena_studies/chunk_000.xml	source_reported
rna_seq:SRR30917245	library_strategy	RNA-Seq	ena_read_run	ENA read_run:SRR30917245; sample:SAMN44106896; study:SRP537263	source_reported
rna_seq:SRR30917245	library_layout	PAIRED	ena_read_run	ENA read_run:SRR30917245; sample:SAMN44106896; study:SRP537263	source_reported
rna_seq:SRR30917246	stage	L4	local_project_metadata	sharepoint_2026-07-13_new439	source_reported
rna_seq:SRR30917246	tissue	whole animal	ena_sample	shared/metadata_sources/v2/ena_samples/chunk_008.xml	source_reported
rna_seq:SRR30917246	strain	NJL2494	ena_sample	shared/metadata_sources/v2/ena_samples/chunk_008.xml	source_reported
rna_seq:SRR30917246	genotype	mutated	provided_batch_table	sharepoint_2026-07-13_new439	source_reported
rna_seq:SRR30917246	condition	synchronized L4 stage animals	resolved_source_reported	ENA read_run:SRR30917246; sample:SAMN44106897; study:SRP537263	source_reported
rna_seq:SRR30917246	data_source	PRJNA1170320	provided_batch_table	sharepoint_2026-07-13_new439	source_reported
rna_seq:SRR30917246	study_title	Protein sequence editing defines distinct and overlapping functions of SKN-1A/Nrf1 and SKN-1C/Nrf2.	ena_study	shared/metadata_sources/v2/ena_studies/chunk_000.xml	source_reported
rna_seq:SRR30917246	library_strategy	RNA-Seq	ena_read_run	ENA read_run:SRR30917246; sample:SAMN44106897; study:SRP537263	source_reported
rna_seq:SRR30917246	library_layout	PAIRED	ena_read_run	ENA read_run:SRR30917246; sample:SAMN44106897; study:SRP537263	source_reported
rna_seq:SRR30917247	stage	L4	local_project_metadata	sharepoint_2026-07-13_new439	source_reported
rna_seq:SRR30917247	tissue	whole animal	ena_sample	shared/metadata_sources/v2/ena_samples/chunk_008.xml	source_reported
rna_seq:SRR30917247	strain	GR3105	ena_sample	shared/metadata_sources/v2/ena_samples/chunk_008.xml	source_reported
rna_seq:SRR30917247	genotype	mutated	provided_batch_table	sharepoint_2026-07-13_new439	source_reported
rna_seq:SRR30917247	condition	synchronized L4 stage animals	resolved_source_reported	ENA read_run:SRR30917247; sample:SAMN44106898; study:SRP537263	source_reported
rna_seq:SRR30917247	data_source	PRJNA1170320	provided_batch_table	sharepoint_2026-07-13_new439	source_reported
rna_seq:SRR30917247	study_title	Protein sequence editing defines distinct and overlapping functions of SKN-1A/Nrf1 and SKN-1C/Nrf2.	ena_study	shared/metadata_sources/v2/ena_studies/chunk_000.xml	source_reported
rna_seq:SRR30917247	library_strategy	RNA-Seq	ena_read_run	ENA read_run:SRR30917247; sample:SAMN44106898; study:SRP537263	source_reported
rna_seq:SRR30917247	library_layout	PAIRED	ena_read_run	ENA read_run:SRR30917247; sample:SAMN44106898; study:SRP537263	source_reported
rna_seq:SRR30917248	stage	L4	local_project_metadata	sharepoint_2026-07-13_new439	source_reported
rna_seq:SRR30917248	tissue	whole animal	ena_sample	shared/metadata_sources/v2/ena_samples/chunk_008.xml	source_reported
rna_seq:SRR30917248	strain	N2	ena_sample	shared/metadata_sources/v2/ena_samples/chunk_008.xml	source_reported
rna_seq:SRR30917248	genotype	WT	provided_batch_table	sharepoint_2026-07-13_new439	source_reported
rna_seq:SRR30917248	condition	synchronized L4 stage animals	resolved_source_reported	ENA read_run:SRR30917248; sample:SAMN44106899; study:SRP537263	source_reported
rna_seq:SRR30917248	data_source	PRJNA1170320	provided_batch_table	sharepoint_2026-07-13_new439	source_reported
rna_seq:SRR30917248	study_title	Protein sequence editing defines distinct and overlapping functions of SKN-1A/Nrf1 and SKN-1C/Nrf2.	ena_study	shared/metadata_sources/v2/ena_studies/chunk_000.xml	source_reported
rna_seq:SRR30917248	library_strategy	RNA-Seq	ena_read_run	ENA read_run:SRR30917248; sample:SAMN44106899; study:SRP537263	source_reported
rna_seq:SRR30917248	library_layout	PAIRED	ena_read_run	ENA read_run:SRR30917248; sample:SAMN44106899; study:SRP537263	source_reported
rna_seq:SRR30917249	stage	L4	local_project_metadata	sharepoint_2026-07-13_new439	source_reported
rna_seq:SRR30917249	tissue	whole animal	ena_sample	shared/metadata_sources/v2/ena_samples/chunk_008.xml	source_reported
rna_seq:SRR30917249	strain	NJL2492	ena_sample	shared/metadata_sources/v2/ena_samples/chunk_008.xml	source_reported
rna_seq:SRR30917249	genotype	mutated	provided_batch_table	sharepoint_2026-07-13_new439	source_reported
rna_seq:SRR30917249	condition	synchronized L4 stage animals	resolved_source_reported	ENA read_run:SRR30917249; sample:SAMN44106900; study:SRP537263	source_reported
rna_seq:SRR30917249	data_source	PRJNA1170320	provided_batch_table	sharepoint_2026-07-13_new439	source_reported
rna_seq:SRR30917249	study_title	Protein sequence editing defines distinct and overlapping functions of SKN-1A/Nrf1 and SKN-1C/Nrf2.	ena_study	shared/metadata_sources/v2/ena_studies/chunk_000.xml	source_reported
rna_seq:SRR30917249	library_strategy	RNA-Seq	ena_read_run	ENA read_run:SRR30917249; sample:SAMN44106900; study:SRP537263	source_reported
rna_seq:SRR30917249	library_layout	PAIRED	ena_read_run	ENA read_run:SRR30917249; sample:SAMN44106900; study:SRP537263	source_reported
rna_seq:SRR30917250	stage	L4	local_project_metadata	sharepoint_2026-07-13_new439	source_reported
rna_seq:SRR30917250	tissue	whole animal	ena_sample	shared/metadata_sources/v2/ena_samples/chunk_008.xml	source_reported
rna_seq:SRR30917250	strain	NJL2494	ena_sample	shared/metadata_sources/v2/ena_samples/chunk_008.xml	source_reported
rna_seq:SRR30917250	genotype	mutated	provided_batch_table	sharepoint_2026-07-13_new439	source_reported
rna_seq:SRR30917250	condition	synchronized L4 stage animals	resolved_source_reported	ENA read_run:SRR30917250; sample:SAMN44106901; study:SRP537263	source_reported
rna_seq:SRR30917250	data_source	PRJNA1170320	provided_batch_table	sharepoint_2026-07-13_new439	source_reported
rna_seq:SRR30917250	study_title	Protein sequence editing defines distinct and overlapping functions of SKN-1A/Nrf1 and SKN-1C/Nrf2.	ena_study	shared/metadata_sources/v2/ena_studies/chunk_000.xml	source_reported
rna_seq:SRR30917250	library_strategy	RNA-Seq	ena_read_run	ENA read_run:SRR30917250; sample:SAMN44106901; study:SRP537263	source_reported
rna_seq:SRR30917250	library_layout	PAIRED	ena_read_run	ENA read_run:SRR30917250; sample:SAMN44106901; study:SRP537263	source_reported
rna_seq:SRR30917251	stage	L4	local_project_metadata	sharepoint_2026-07-13_new439	source_reported
rna_seq:SRR30917251	tissue	whole animal	ena_sample	shared/metadata_sources/v2/ena_samples/chunk_008.xml	source_reported
rna_seq:SRR30917251	strain	GR3105	ena_sample	shared/metadata_sources/v2/ena_samples/chunk_008.xml	source_reported
rna_seq:SRR30917251	genotype	mutated	provided_batch_table	sharepoint_2026-07-13_new439	source_reported
rna_seq:SRR30917251	condition	synchronized L4 stage animals	resolved_source_reported	ENA read_run:SRR30917251; sample:SAMN44106902; study:SRP537263	source_reported
rna_seq:SRR30917251	data_source	PRJNA1170320	provided_batch_table	sharepoint_2026-07-13_new439	source_reported
rna_seq:SRR30917251	study_title	Protein sequence editing defines distinct and overlapping functions of SKN-1A/Nrf1 and SKN-1C/Nrf2.	ena_study	shared/metadata_sources/v2/ena_studies/chunk_000.xml	source_reported
rna_seq:SRR30917251	library_strategy	RNA-Seq	ena_read_run	ENA read_run:SRR30917251; sample:SAMN44106902; study:SRP537263	source_reported
rna_seq:SRR30917251	library_layout	PAIRED	ena_read_run	ENA read_run:SRR30917251; sample:SAMN44106902; study:SRP537263	source_reported
rna_seq:SRR30917252	stage	L4	local_project_metadata	sharepoint_2026-07-13_new439	source_reported
rna_seq:SRR30917252	tissue	whole animal	ena_sample	shared/metadata_sources/v2/ena_samples/chunk_008.xml	source_reported
rna_seq:SRR30917252	strain	N2	ena_sample	shared/metadata_sources/v2/ena_samples/chunk_008.xml	source_reported
rna_seq:SRR30917252	genotype	WT	provided_batch_table	sharepoint_2026-07-13_new439	source_reported
rna_seq:SRR30917252	condition	synchronized L4 stage animals	resolved_source_reported	ENA read_run:SRR30917252; sample:SAMN44106903; study:SRP537263	source_reported
rna_seq:SRR30917252	data_source	PRJNA1170320	provided_batch_table	sharepoint_2026-07-13_new439	source_reported
rna_seq:SRR30917252	study_title	Protein sequence editing defines distinct and overlapping functions of SKN-1A/Nrf1 and SKN-1C/Nrf2.	ena_study	shared/metadata_sources/v2/ena_studies/chunk_000.xml	source_reported
rna_seq:SRR30917252	library_strategy	RNA-Seq	ena_read_run	ENA read_run:SRR30917252; sample:SAMN44106903; study:SRP537263	source_reported
rna_seq:SRR30917252	library_layout	PAIRED	ena_read_run	ENA read_run:SRR30917252; sample:SAMN44106903; study:SRP537263	source_reported
rna_seq:SRR31283481	stage	Embryo	local_project_metadata	sharepoint_2026-07-13_new439	source_reported
rna_seq:SRR31283481	stage	8-cell	ena_sample	shared/metadata_sources/v2/ena_samples/chunk_008.xml	source_reported
rna_seq:SRR31283481	tissue	embryos	ena_sample	shared/metadata_sources/v2/ena_samples/chunk_008.xml	source_reported
rna_seq:SRR31283481	strain	N2	ena_sample	shared/metadata_sources/v2/ena_samples/chunk_008.xml	source_reported
rna_seq:SRR31283481	genotype	WT	provided_batch_table	sharepoint_2026-07-13_new439	source_reported
rna_seq:SRR31283481	condition	RNA-seq	resolved_source_reported	ENA read_run:SRR31283481; sample:SAMN44636738; study:SRP544006	source_reported
rna_seq:SRR31283481	data_source	PRJNA1183817	provided_batch_table	sharepoint_2026-07-13_new439	source_reported
rna_seq:SRR31283481	study_title	Low input ribosome profiling reveals stage-specific translational regulation during early C. elegans embryogenesis	ena_study	shared/metadata_sources/v2/ena_studies/chunk_000.xml	source_reported
rna_seq:SRR31283481	library_strategy	RNA-Seq	ena_read_run	ENA read_run:SRR31283481; sample:SAMN44636738; study:SRP544006	source_reported
rna_seq:SRR31283481	library_layout	SINGLE	ena_read_run	ENA read_run:SRR31283481; sample:SAMN44636738; study:SRP544006	source_reported
rna_seq:SRR31283482	stage	Embryo	local_project_metadata	sharepoint_2026-07-13_new439	source_reported
rna_seq:SRR31283482	stage	8-cell	ena_sample	shared/metadata_sources/v2/ena_samples/chunk_008.xml	source_reported
rna_seq:SRR31283482	tissue	embryos	ena_sample	shared/metadata_sources/v2/ena_samples/chunk_008.xml	source_reported
rna_seq:SRR31283482	strain	N2	ena_sample	shared/metadata_sources/v2/ena_samples/chunk_008.xml	source_reported
rna_seq:SRR31283482	genotype	WT	provided_batch_table	sharepoint_2026-07-13_new439	source_reported
rna_seq:SRR31283482	condition	RNA-seq	resolved_source_reported	ENA read_run:SRR31283482; sample:SAMN44636739; study:SRP544006	source_reported
rna_seq:SRR31283482	data_source	PRJNA1183817	provided_batch_table	sharepoint_2026-07-13_new439	source_reported
rna_seq:SRR31283482	study_title	Low input ribosome profiling reveals stage-specific translational regulation during early C. elegans embryogenesis	ena_study	shared/metadata_sources/v2/ena_studies/chunk_000.xml	source_reported
rna_seq:SRR31283482	library_strategy	RNA-Seq	ena_read_run	ENA read_run:SRR31283482; sample:SAMN44636739; study:SRP544006	source_reported
rna_seq:SRR31283482	library_layout	SINGLE	ena_read_run	ENA read_run:SRR31283482; sample:SAMN44636739; study:SRP544006	source_reported
rna_seq:SRR31283483	stage	Embryo	local_project_metadata	sharepoint_2026-07-13_new439	source_reported
rna_seq:SRR31283483	stage	8-cell	ena_sample	shared/metadata_sources/v2/ena_samples/chunk_008.xml	source_reported
rna_seq:SRR31283483	tissue	embryos	ena_sample	shared/metadata_sources/v2/ena_samples/chunk_008.xml	source_reported
rna_seq:SRR31283483	strain	N2	ena_sample	shared/metadata_sources/v2/ena_samples/chunk_008.xml	source_reported
rna_seq:SRR31283483	genotype	WT	provided_batch_table	sharepoint_2026-07-13_new439	source_reported
rna_seq:SRR31283483	condition	RNA-seq	resolved_source_reported	ENA read_run:SRR31283483; sample:SAMN44636740; study:SRP544006	source_reported
rna_seq:SRR31283483	data_source	PRJNA1183817	provided_batch_table	sharepoint_2026-07-13_new439	source_reported
rna_seq:SRR31283483	study_title	Low input ribosome profiling reveals stage-specific translational regulation during early C. elegans embryogenesis	ena_study	shared/metadata_sources/v2/ena_studies/chunk_000.xml	source_reported
rna_seq:SRR31283483	library_strategy	RNA-Seq	ena_read_run	ENA read_run:SRR31283483; sample:SAMN44636740; study:SRP544006	source_reported
rna_seq:SRR31283483	library_layout	SINGLE	ena_read_run	ENA read_run:SRR31283483; sample:SAMN44636740; study:SRP544006	source_reported
rna_seq:SRR31283484	stage	Embryo	local_project_metadata	sharepoint_2026-07-13_new439	source_reported
rna_seq:SRR31283484	stage	4-cell	ena_sample	shared/metadata_sources/v2/ena_samples/chunk_008.xml	source_reported
rna_seq:SRR31283484	tissue	embryos	ena_sample	shared/metadata_sources/v2/ena_samples/chunk_008.xml	source_reported
rna_seq:SRR31283484	strain	N2	ena_sample	shared/metadata_sources/v2/ena_samples/chunk_008.xml	source_reported
rna_seq:SRR31283484	genotype	WT	provided_batch_table	sharepoint_2026-07-13_new439	source_reported
rna_seq:SRR31283484	condition	RNA-seq	resolved_source_reported	ENA read_run:SRR31283484; sample:SAMN44636741; study:SRP544006	source_reported
rna_seq:SRR31283484	data_source	PRJNA1183817	provided_batch_table	sharepoint_2026-07-13_new439	source_reported
rna_seq:SRR31283484	study_title	Low input ribosome profiling reveals stage-specific translational regulation during early C. elegans embryogenesis	ena_study	shared/metadata_sources/v2/ena_studies/chunk_000.xml	source_reported
rna_seq:SRR31283484	library_strategy	RNA-Seq	ena_read_run	ENA read_run:SRR31283484; sample:SAMN44636741; study:SRP544006	source_reported
rna_seq:SRR31283484	library_layout	SINGLE	ena_read_run	ENA read_run:SRR31283484; sample:SAMN44636741; study:SRP544006	source_reported
rna_seq:SRR31283485	stage	Embryo	local_project_metadata	sharepoint_2026-07-13_new439	source_reported
rna_seq:SRR31283485	stage	4-cell	ena_sample	shared/metadata_sources/v2/ena_samples/chunk_008.xml	source_reported
rna_seq:SRR31283485	tissue	embryos	ena_sample	shared/metadata_sources/v2/ena_samples/chunk_008.xml	source_reported
rna_seq:SRR31283485	strain	N2	ena_sample	shared/metadata_sources/v2/ena_samples/chunk_008.xml	source_reported
rna_seq:SRR31283485	genotype	WT	provided_batch_table	sharepoint_2026-07-13_new439	source_reported
rna_seq:SRR31283485	condition	RNA-seq	resolved_source_reported	ENA read_run:SRR31283485; sample:SAMN44636742; study:SRP544006	source_reported
rna_seq:SRR31283485	data_source	PRJNA1183817	provided_batch_table	sharepoint_2026-07-13_new439	source_reported
rna_seq:SRR31283485	study_title	Low input ribosome profiling reveals stage-specific translational regulation during early C. elegans embryogenesis	ena_study	shared/metadata_sources/v2/ena_studies/chunk_000.xml	source_reported
rna_seq:SRR31283485	library_strategy	RNA-Seq	ena_read_run	ENA read_run:SRR31283485; sample:SAMN44636742; study:SRP544006	source_reported
rna_seq:SRR31283485	library_layout	SINGLE	ena_read_run	ENA read_run:SRR31283485; sample:SAMN44636742; study:SRP544006	source_reported
rna_seq:SRR31283486	stage	Embryo	local_project_metadata	sharepoint_2026-07-13_new439	source_reported
rna_seq:SRR31283486	stage	4-cell	ena_sample	shared/metadata_sources/v2/ena_samples/chunk_008.xml	source_reported
rna_seq:SRR31283486	tissue	embryos	ena_sample	shared/metadata_sources/v2/ena_samples/chunk_008.xml	source_reported
rna_seq:SRR31283486	strain	N2	ena_sample	shared/metadata_sources/v2/ena_samples/chunk_008.xml	source_reported
rna_seq:SRR31283486	genotype	WT	provided_batch_table	sharepoint_2026-07-13_new439	source_reported
rna_seq:SRR31283486	condition	RNA-seq	resolved_source_reported	ENA read_run:SRR31283486; sample:SAMN44636743; study:SRP544006	source_reported
rna_seq:SRR31283486	data_source	PRJNA1183817	provided_batch_table	sharepoint_2026-07-13_new439	source_reported
rna_seq:SRR31283486	study_title	Low input ribosome profiling reveals stage-specific translational regulation during early C. elegans embryogenesis	ena_study	shared/metadata_sources/v2/ena_studies/chunk_000.xml	source_reported
rna_seq:SRR31283486	library_strategy	RNA-Seq	ena_read_run	ENA read_run:SRR31283486; sample:SAMN44636743; study:SRP544006	source_reported
rna_seq:SRR31283486	library_layout	SINGLE	ena_read_run	ENA read_run:SRR31283486; sample:SAMN44636743; study:SRP544006	source_reported
rna_seq:SRR31283487	stage	Embryo	local_project_metadata	sharepoint_2026-07-13_new439	source_reported
rna_seq:SRR31283487	stage	2-cell	ena_sample	shared/metadata_sources/v2/ena_samples/chunk_008.xml	source_reported
rna_seq:SRR31283487	tissue	embryos	ena_sample	shared/metadata_sources/v2/ena_samples/chunk_008.xml	source_reported
rna_seq:SRR31283487	strain	N2	ena_sample	shared/metadata_sources/v2/ena_samples/chunk_008.xml	source_reported
rna_seq:SRR31283487	genotype	WT	provided_batch_table	sharepoint_2026-07-13_new439	source_reported
rna_seq:SRR31283487	condition	RNA-seq	resolved_source_reported	ENA read_run:SRR31283487; sample:SAMN44636744; study:SRP544006	source_reported
rna_seq:SRR31283487	data_source	PRJNA1183817	provided_batch_table	sharepoint_2026-07-13_new439	source_reported
rna_seq:SRR31283487	study_title	Low input ribosome profiling reveals stage-specific translational regulation during early C. elegans embryogenesis	ena_study	shared/metadata_sources/v2/ena_studies/chunk_000.xml	source_reported
rna_seq:SRR31283487	library_strategy	RNA-Seq	ena_read_run	ENA read_run:SRR31283487; sample:SAMN44636744; study:SRP544006	source_reported
rna_seq:SRR31283487	library_layout	SINGLE	ena_read_run	ENA read_run:SRR31283487; sample:SAMN44636744; study:SRP544006	source_reported
rna_seq:SRR31283488	stage	Embryo	local_project_metadata	sharepoint_2026-07-13_new439	source_reported
rna_seq:SRR31283488	stage	2-cell	ena_sample	shared/metadata_sources/v2/ena_samples/chunk_008.xml	source_reported
rna_seq:SRR31283488	tissue	embryos	ena_sample	shared/metadata_sources/v2/ena_samples/chunk_008.xml	source_reported
rna_seq:SRR31283488	strain	N2	ena_sample	shared/metadata_sources/v2/ena_samples/chunk_008.xml	source_reported
rna_seq:SRR31283488	genotype	WT	provided_batch_table	sharepoint_2026-07-13_new439	source_reported
rna_seq:SRR31283488	condition	RNA-seq	resolved_source_reported	ENA read_run:SRR31283488; sample:SAMN44636745; study:SRP544006	source_reported
rna_seq:SRR31283488	data_source	PRJNA1183817	provided_batch_table	sharepoint_2026-07-13_new439	source_reported
rna_seq:SRR31283488	study_title	Low input ribosome profiling reveals stage-specific translational regulation during early C. elegans embryogenesis	ena_study	shared/metadata_sources/v2/ena_studies/chunk_000.xml	source_reported
rna_seq:SRR31283488	library_strategy	RNA-Seq	ena_read_run	ENA read_run:SRR31283488; sample:SAMN44636745; study:SRP544006	source_reported
rna_seq:SRR31283488	library_layout	SINGLE	ena_read_run	ENA read_run:SRR31283488; sample:SAMN44636745; study:SRP544006	source_reported
rna_seq:SRR31283489	stage	Embryo	local_project_metadata	sharepoint_2026-07-13_new439	source_reported
rna_seq:SRR31283489	stage	4-cell	ena_sample	shared/metadata_sources/v2/ena_samples/chunk_008.xml	source_reported
rna_seq:SRR31283489	tissue	embryos	ena_sample	shared/metadata_sources/v2/ena_samples/chunk_008.xml	source_reported
rna_seq:SRR31283489	strain	Zu405	ena_sample	shared/metadata_sources/v2/ena_samples/chunk_008.xml	source_reported
rna_seq:SRR31283489	genotype	mutated	provided_batch_table	sharepoint_2026-07-13_new439	source_reported
rna_seq:SRR31283489	condition	RNA-seq	resolved_source_reported	ENA read_run:SRR31283489; sample:SAMN44636729; study:SRP544006	source_reported
rna_seq:SRR31283489	data_source	PRJNA1183817	provided_batch_table	sharepoint_2026-07-13_new439	source_reported
rna_seq:SRR31283489	study_title	Low input ribosome profiling reveals stage-specific translational regulation during early C. elegans embryogenesis	ena_study	shared/metadata_sources/v2/ena_studies/chunk_000.xml	source_reported
rna_seq:SRR31283489	library_strategy	RNA-Seq	ena_read_run	ENA read_run:SRR31283489; sample:SAMN44636729; study:SRP544006	source_reported
rna_seq:SRR31283489	library_layout	SINGLE	ena_read_run	ENA read_run:SRR31283489; sample:SAMN44636729; study:SRP544006	source_reported
rna_seq:SRR31283498	stage	Embryo	local_project_metadata	sharepoint_2026-07-13_new439	source_reported
rna_seq:SRR31283498	stage	4-cell	ena_sample	shared/metadata_sources/v2/ena_samples/chunk_008.xml	source_reported
rna_seq:SRR31283498	tissue	embryos	ena_sample	shared/metadata_sources/v2/ena_samples/chunk_008.xml	source_reported
rna_seq:SRR31283498	strain	Zu405	ena_sample	shared/metadata_sources/v2/ena_samples/chunk_008.xml	source_reported
rna_seq:SRR31283498	genotype	mutated	provided_batch_table	sharepoint_2026-07-13_new439	source_reported
rna_seq:SRR31283498	condition	RNA-seq	resolved_source_reported	ENA read_run:SRR31283498; sample:SAMN44636730; study:SRP544006	source_reported
rna_seq:SRR31283498	data_source	PRJNA1183817	provided_batch_table	sharepoint_2026-07-13_new439	source_reported
rna_seq:SRR31283498	study_title	Low input ribosome profiling reveals stage-specific translational regulation during early C. elegans embryogenesis	ena_study	shared/metadata_sources/v2/ena_studies/chunk_000.xml	source_reported
rna_seq:SRR31283498	library_strategy	RNA-Seq	ena_read_run	ENA read_run:SRR31283498; sample:SAMN44636730; study:SRP544006	source_reported
rna_seq:SRR31283498	library_layout	SINGLE	ena_read_run	ENA read_run:SRR31283498; sample:SAMN44636730; study:SRP544006	source_reported
rna_seq:SRR31283499	stage	Embryo	local_project_metadata	sharepoint_2026-07-13_new439	source_reported
rna_seq:SRR31283499	stage	4-cell	ena_sample	shared/metadata_sources/v2/ena_samples/chunk_008.xml	source_reported
rna_seq:SRR31283499	tissue	embryos	ena_sample	shared/metadata_sources/v2/ena_samples/chunk_008.xml	source_reported
rna_seq:SRR31283499	strain	Zu405	ena_sample	shared/metadata_sources/v2/ena_samples/chunk_008.xml	source_reported
rna_seq:SRR31283499	genotype	mutated	provided_batch_table	sharepoint_2026-07-13_new439	source_reported
rna_seq:SRR31283499	condition	RNA-seq	resolved_source_reported	ENA read_run:SRR31283499; sample:SAMN44636731; study:SRP544006	source_reported
rna_seq:SRR31283499	data_source	PRJNA1183817	provided_batch_table	sharepoint_2026-07-13_new439	source_reported
rna_seq:SRR31283499	study_title	Low input ribosome profiling reveals stage-specific translational regulation during early C. elegans embryogenesis	ena_study	shared/metadata_sources/v2/ena_studies/chunk_000.xml	source_reported
rna_seq:SRR31283499	library_strategy	RNA-Seq	ena_read_run	ENA read_run:SRR31283499; sample:SAMN44636731; study:SRP544006	source_reported
rna_seq:SRR31283499	library_layout	SINGLE	ena_read_run	ENA read_run:SRR31283499; sample:SAMN44636731; study:SRP544006	source_reported
rna_seq:SRR31283500	stage	Embryo	local_project_metadata	sharepoint_2026-07-13_new439	source_reported
rna_seq:SRR31283500	stage	2-cell	ena_sample	shared/metadata_sources/v2/ena_samples/chunk_008.xml	source_reported
rna_seq:SRR31283500	tissue	embryos	ena_sample	shared/metadata_sources/v2/ena_samples/chunk_008.xml	source_reported
rna_seq:SRR31283500	strain	Zu405	ena_sample	shared/metadata_sources/v2/ena_samples/chunk_008.xml	source_reported
rna_seq:SRR31283500	genotype	mutated	provided_batch_table	sharepoint_2026-07-13_new439	source_reported
rna_seq:SRR31283500	condition	RNA-seq	resolved_source_reported	ENA read_run:SRR31283500; sample:SAMN44636732; study:SRP544006	source_reported
rna_seq:SRR31283500	data_source	PRJNA1183817	provided_batch_table	sharepoint_2026-07-13_new439	source_reported
rna_seq:SRR31283500	study_title	Low input ribosome profiling reveals stage-specific translational regulation during early C. elegans embryogenesis	ena_study	shared/metadata_sources/v2/ena_studies/chunk_000.xml	source_reported
rna_seq:SRR31283500	library_strategy	RNA-Seq	ena_read_run	ENA read_run:SRR31283500; sample:SAMN44636732; study:SRP544006	source_reported
rna_seq:SRR31283500	library_layout	SINGLE	ena_read_run	ENA read_run:SRR31283500; sample:SAMN44636732; study:SRP544006	source_reported
rna_seq:SRR31283501	stage	Embryo	local_project_metadata	sharepoint_2026-07-13_new439	source_reported
rna_seq:SRR31283501	stage	2-cell	ena_sample	shared/metadata_sources/v2/ena_samples/chunk_008.xml	source_reported
rna_seq:SRR31283501	tissue	embryos	ena_sample	shared/metadata_sources/v2/ena_samples/chunk_008.xml	source_reported
rna_seq:SRR31283501	strain	Zu405	ena_sample	shared/metadata_sources/v2/ena_samples/chunk_008.xml	source_reported
rna_seq:SRR31283501	genotype	mutated	provided_batch_table	sharepoint_2026-07-13_new439	source_reported
rna_seq:SRR31283501	condition	RNA-seq	resolved_source_reported	ENA read_run:SRR31283501; sample:SAMN44636733; study:SRP544006	source_reported
rna_seq:SRR31283501	data_source	PRJNA1183817	provided_batch_table	sharepoint_2026-07-13_new439	source_reported
rna_seq:SRR31283501	study_title	Low input ribosome profiling reveals stage-specific translational regulation during early C. elegans embryogenesis	ena_study	shared/metadata_sources/v2/ena_studies/chunk_000.xml	source_reported
rna_seq:SRR31283501	library_strategy	RNA-Seq	ena_read_run	ENA read_run:SRR31283501; sample:SAMN44636733; study:SRP544006	source_reported
rna_seq:SRR31283501	library_layout	SINGLE	ena_read_run	ENA read_run:SRR31283501; sample:SAMN44636733; study:SRP544006	source_reported
rna_seq:SRR31283502	stage	Embryo	local_project_metadata	sharepoint_2026-07-13_new439	source_reported
rna_seq:SRR31283502	stage	2-cell	ena_sample	shared/metadata_sources/v2/ena_samples/chunk_008.xml	source_reported
rna_seq:SRR31283502	tissue	embryos	ena_sample	shared/metadata_sources/v2/ena_samples/chunk_008.xml	source_reported
rna_seq:SRR31283502	strain	Zu405	ena_sample	shared/metadata_sources/v2/ena_samples/chunk_008.xml	source_reported
rna_seq:SRR31283502	genotype	mutated	provided_batch_table	sharepoint_2026-07-13_new439	source_reported
rna_seq:SRR31283502	condition	RNA-seq	resolved_source_reported	ENA read_run:SRR31283502; sample:SAMN44636734; study:SRP544006	source_reported
rna_seq:SRR31283502	data_source	PRJNA1183817	provided_batch_table	sharepoint_2026-07-13_new439	source_reported
rna_seq:SRR31283502	study_title	Low input ribosome profiling reveals stage-specific translational regulation during early C. elegans embryogenesis	ena_study	shared/metadata_sources/v2/ena_studies/chunk_000.xml	source_reported
rna_seq:SRR31283502	library_strategy	RNA-Seq	ena_read_run	ENA read_run:SRR31283502; sample:SAMN44636734; study:SRP544006	source_reported
rna_seq:SRR31283502	library_layout	SINGLE	ena_read_run	ENA read_run:SRR31283502; sample:SAMN44636734; study:SRP544006	source_reported
rna_seq:SRR31283503	stage	Embryo	local_project_metadata	sharepoint_2026-07-13_new439	source_reported
rna_seq:SRR31283503	stage	1-cell	ena_sample	shared/metadata_sources/v2/ena_samples/chunk_008.xml	source_reported
rna_seq:SRR31283503	tissue	embryos	ena_sample	shared/metadata_sources/v2/ena_samples/chunk_008.xml	source_reported
rna_seq:SRR31283503	strain	Zu405	ena_sample	shared/metadata_sources/v2/ena_samples/chunk_008.xml	source_reported
rna_seq:SRR31283503	genotype	mutated	provided_batch_table	sharepoint_2026-07-13_new439	source_reported
rna_seq:SRR31283503	condition	RNA-seq	resolved_source_reported	ENA read_run:SRR31283503; sample:SAMN44636735; study:SRP544006	source_reported
rna_seq:SRR31283503	data_source	PRJNA1183817	provided_batch_table	sharepoint_2026-07-13_new439	source_reported
rna_seq:SRR31283503	study_title	Low input ribosome profiling reveals stage-specific translational regulation during early C. elegans embryogenesis	ena_study	shared/metadata_sources/v2/ena_studies/chunk_000.xml	source_reported
rna_seq:SRR31283503	library_strategy	RNA-Seq	ena_read_run	ENA read_run:SRR31283503; sample:SAMN44636735; study:SRP544006	source_reported
rna_seq:SRR31283503	library_layout	SINGLE	ena_read_run	ENA read_run:SRR31283503; sample:SAMN44636735; study:SRP544006	source_reported
rna_seq:SRR31283504	stage	Embryo	local_project_metadata	sharepoint_2026-07-13_new439	source_reported
rna_seq:SRR31283504	stage	1-cell	ena_sample	shared/metadata_sources/v2/ena_samples/chunk_008.xml	source_reported
rna_seq:SRR31283504	tissue	embryos	ena_sample	shared/metadata_sources/v2/ena_samples/chunk_008.xml	source_reported
rna_seq:SRR31283504	strain	Zu405	ena_sample	shared/metadata_sources/v2/ena_samples/chunk_008.xml	source_reported
rna_seq:SRR31283504	genotype	mutated	provided_batch_table	sharepoint_2026-07-13_new439	source_reported
rna_seq:SRR31283504	condition	RNA-seq	resolved_source_reported	ENA read_run:SRR31283504; sample:SAMN44636736; study:SRP544006	source_reported
rna_seq:SRR31283504	data_source	PRJNA1183817	provided_batch_table	sharepoint_2026-07-13_new439	source_reported
rna_seq:SRR31283504	study_title	Low input ribosome profiling reveals stage-specific translational regulation during early C. elegans embryogenesis	ena_study	shared/metadata_sources/v2/ena_studies/chunk_000.xml	source_reported
rna_seq:SRR31283504	library_strategy	RNA-Seq	ena_read_run	ENA read_run:SRR31283504; sample:SAMN44636736; study:SRP544006	source_reported
rna_seq:SRR31283504	library_layout	SINGLE	ena_read_run	ENA read_run:SRR31283504; sample:SAMN44636736; study:SRP544006	source_reported
rna_seq:SRR31283505	stage	Embryo	local_project_metadata	sharepoint_2026-07-13_new439	source_reported
rna_seq:SRR31283505	stage	1-cell	ena_sample	shared/metadata_sources/v2/ena_samples/chunk_008.xml	source_reported
rna_seq:SRR31283505	tissue	embryos	ena_sample	shared/metadata_sources/v2/ena_samples/chunk_008.xml	source_reported
rna_seq:SRR31283505	strain	Zu405	ena_sample	shared/metadata_sources/v2/ena_samples/chunk_008.xml	source_reported
rna_seq:SRR31283505	genotype	mutated	provided_batch_table	sharepoint_2026-07-13_new439	source_reported
rna_seq:SRR31283505	condition	RNA-seq	resolved_source_reported	ENA read_run:SRR31283505; sample:SAMN44636737; study:SRP544006	source_reported
rna_seq:SRR31283505	data_source	PRJNA1183817	provided_batch_table	sharepoint_2026-07-13_new439	source_reported
rna_seq:SRR31283505	study_title	Low input ribosome profiling reveals stage-specific translational regulation during early C. elegans embryogenesis	ena_study	shared/metadata_sources/v2/ena_studies/chunk_000.xml	source_reported
rna_seq:SRR31283505	library_strategy	RNA-Seq	ena_read_run	ENA read_run:SRR31283505; sample:SAMN44636737; study:SRP544006	source_reported
rna_seq:SRR31283505	library_layout	SINGLE	ena_read_run	ENA read_run:SRR31283505; sample:SAMN44636737; study:SRP544006	source_reported
rna_seq:SRR31283514	stage	Embryo	local_project_metadata	sharepoint_2026-07-13_new439	source_reported
rna_seq:SRR31283514	stage	2-cell	ena_sample	shared/metadata_sources/v2/ena_samples/chunk_008.xml	source_reported
rna_seq:SRR31283514	tissue	embryos	ena_sample	shared/metadata_sources/v2/ena_samples/chunk_008.xml	source_reported
rna_seq:SRR31283514	strain	N2	ena_sample	shared/metadata_sources/v2/ena_samples/chunk_008.xml	source_reported
rna_seq:SRR31283514	genotype	WT	provided_batch_table	sharepoint_2026-07-13_new439	source_reported
rna_seq:SRR31283514	condition	RNA-seq	resolved_source_reported	ENA read_run:SRR31283514; sample:SAMN44636746; study:SRP544006	source_reported
rna_seq:SRR31283514	data_source	PRJNA1183817	provided_batch_table	sharepoint_2026-07-13_new439	source_reported
rna_seq:SRR31283514	study_title	Low input ribosome profiling reveals stage-specific translational regulation during early C. elegans embryogenesis	ena_study	shared/metadata_sources/v2/ena_studies/chunk_000.xml	source_reported
rna_seq:SRR31283514	library_strategy	RNA-Seq	ena_read_run	ENA read_run:SRR31283514; sample:SAMN44636746; study:SRP544006	source_reported
rna_seq:SRR31283514	library_layout	SINGLE	ena_read_run	ENA read_run:SRR31283514; sample:SAMN44636746; study:SRP544006	source_reported
rna_seq:SRR31283515	stage	Embryo	local_project_metadata	sharepoint_2026-07-13_new439	source_reported
rna_seq:SRR31283515	stage	1-cell	ena_sample	shared/metadata_sources/v2/ena_samples/chunk_008.xml	source_reported
rna_seq:SRR31283515	tissue	embryos	ena_sample	shared/metadata_sources/v2/ena_samples/chunk_008.xml	source_reported
rna_seq:SRR31283515	strain	N2	ena_sample	shared/metadata_sources/v2/ena_samples/chunk_008.xml	source_reported
rna_seq:SRR31283515	genotype	WT	provided_batch_table	sharepoint_2026-07-13_new439	source_reported
rna_seq:SRR31283515	condition	RNA-seq	resolved_source_reported	ENA read_run:SRR31283515; sample:SAMN44636747; study:SRP544006	source_reported
rna_seq:SRR31283515	data_source	PRJNA1183817	provided_batch_table	sharepoint_2026-07-13_new439	source_reported
rna_seq:SRR31283515	study_title	Low input ribosome profiling reveals stage-specific translational regulation during early C. elegans embryogenesis	ena_study	shared/metadata_sources/v2/ena_studies/chunk_000.xml	source_reported
rna_seq:SRR31283515	library_strategy	RNA-Seq	ena_read_run	ENA read_run:SRR31283515; sample:SAMN44636747; study:SRP544006	source_reported
rna_seq:SRR31283515	library_layout	SINGLE	ena_read_run	ENA read_run:SRR31283515; sample:SAMN44636747; study:SRP544006	source_reported
rna_seq:SRR31283516	stage	Embryo	local_project_metadata	sharepoint_2026-07-13_new439	source_reported
rna_seq:SRR31283516	stage	1-cell	ena_sample	shared/metadata_sources/v2/ena_samples/chunk_008.xml	source_reported
rna_seq:SRR31283516	tissue	embryos	ena_sample	shared/metadata_sources/v2/ena_samples/chunk_008.xml	source_reported
rna_seq:SRR31283516	strain	N2	ena_sample	shared/metadata_sources/v2/ena_samples/chunk_008.xml	source_reported
rna_seq:SRR31283516	genotype	WT	provided_batch_table	sharepoint_2026-07-13_new439	source_reported
rna_seq:SRR31283516	condition	RNA-seq	resolved_source_reported	ENA read_run:SRR31283516; sample:SAMN44636748; study:SRP544006	source_reported
rna_seq:SRR31283516	data_source	PRJNA1183817	provided_batch_table	sharepoint_2026-07-13_new439	source_reported
rna_seq:SRR31283516	study_title	Low input ribosome profiling reveals stage-specific translational regulation during early C. elegans embryogenesis	ena_study	shared/metadata_sources/v2/ena_studies/chunk_000.xml	source_reported
rna_seq:SRR31283516	library_strategy	RNA-Seq	ena_read_run	ENA read_run:SRR31283516; sample:SAMN44636748; study:SRP544006	source_reported
rna_seq:SRR31283516	library_layout	SINGLE	ena_read_run	ENA read_run:SRR31283516; sample:SAMN44636748; study:SRP544006	source_reported
rna_seq:SRR31283517	stage	Embryo	local_project_metadata	sharepoint_2026-07-13_new439	source_reported
rna_seq:SRR31283517	stage	1-cell	ena_sample	shared/metadata_sources/v2/ena_samples/chunk_008.xml	source_reported
rna_seq:SRR31283517	tissue	embryos	ena_sample	shared/metadata_sources/v2/ena_samples/chunk_008.xml	source_reported
rna_seq:SRR31283517	strain	N2	ena_sample	shared/metadata_sources/v2/ena_samples/chunk_008.xml	source_reported
rna_seq:SRR31283517	genotype	WT	provided_batch_table	sharepoint_2026-07-13_new439	source_reported
rna_seq:SRR31283517	condition	RNA-seq	resolved_source_reported	ENA read_run:SRR31283517; sample:SAMN44636749; study:SRP544006	source_reported
rna_seq:SRR31283517	data_source	PRJNA1183817	provided_batch_table	sharepoint_2026-07-13_new439	source_reported
rna_seq:SRR31283517	study_title	Low input ribosome profiling reveals stage-specific translational regulation during early C. elegans embryogenesis	ena_study	shared/metadata_sources/v2/ena_studies/chunk_000.xml	source_reported
rna_seq:SRR31283517	library_strategy	RNA-Seq	ena_read_run	ENA read_run:SRR31283517; sample:SAMN44636749; study:SRP544006	source_reported
rna_seq:SRR31283517	library_layout	SINGLE	ena_read_run	ENA read_run:SRR31283517; sample:SAMN44636749; study:SRP544006	source_reported
rna_seq:SRR32243497	stage	L3	local_project_metadata	sharepoint_2026-07-13_new439	source_reported
rna_seq:SRR32243497	stage	L3 Molt Exit	ena_sample	shared/metadata_sources/v2/ena_samples/chunk_008.xml	source_reported
rna_seq:SRR32243497	tissue	Whole animal	ena_sample	shared/metadata_sources/v2/ena_samples/chunk_008.xml	source_reported
rna_seq:SRR32243497	strain	N2	ena_sample	shared/metadata_sources/v2/ena_samples/chunk_008.xml	source_reported
rna_seq:SRR32243497	genotype	WT	provided_batch_table	sharepoint_2026-07-13_new439	source_reported
rna_seq:SRR32243497	data_source	PRJNA1219662	provided_batch_table	sharepoint_2026-07-13_new439	source_reported
rna_seq:SRR32243497	study_title	mRNA-seq of wildtype C. elegans L3 larvae sampled at molt entry and molt exit [RNAseq_MoltEntry-MoltExit_N2]	ena_study	shared/metadata_sources/v2/ena_studies/chunk_000.xml	source_reported
rna_seq:SRR32243497	library_strategy	RNA-Seq	ena_read_run	ENA read_run:SRR32243497; sample:SAMN46605368; study:SRP561818	source_reported
rna_seq:SRR32243497	library_layout	SINGLE	ena_read_run	ENA read_run:SRR32243497; sample:SAMN46605368; study:SRP561818	source_reported
rna_seq:SRR32243498	stage	L3	local_project_metadata	sharepoint_2026-07-13_new439	source_reported
rna_seq:SRR32243498	stage	L3 Molt Entry	ena_sample	shared/metadata_sources/v2/ena_samples/chunk_008.xml	source_reported
rna_seq:SRR32243498	tissue	Whole animal	ena_sample	shared/metadata_sources/v2/ena_samples/chunk_008.xml	source_reported
rna_seq:SRR32243498	strain	N2	ena_sample	shared/metadata_sources/v2/ena_samples/chunk_008.xml	source_reported
rna_seq:SRR32243498	genotype	WT	provided_batch_table	sharepoint_2026-07-13_new439	source_reported
rna_seq:SRR32243498	data_source	PRJNA1219662	provided_batch_table	sharepoint_2026-07-13_new439	source_reported
rna_seq:SRR32243498	study_title	mRNA-seq of wildtype C. elegans L3 larvae sampled at molt entry and molt exit [RNAseq_MoltEntry-MoltExit_N2]	ena_study	shared/metadata_sources/v2/ena_studies/chunk_000.xml	source_reported
rna_seq:SRR32243498	library_strategy	RNA-Seq	ena_read_run	ENA read_run:SRR32243498; sample:SAMN46605369; study:SRP561818	source_reported
rna_seq:SRR32243498	library_layout	SINGLE	ena_read_run	ENA read_run:SRR32243498; sample:SAMN46605369; study:SRP561818	source_reported
rna_seq:SRR34430875	stage	L1	local_project_metadata	sharepoint_2026-07-13_new439	source_reported
rna_seq:SRR34430875	tissue	whole worm	ena_sample	shared/metadata_sources/v2/ena_samples/chunk_008.xml	source_reported
rna_seq:SRR34430875	strain	P37Stop	ena_sample	shared/metadata_sources/v2/ena_samples/chunk_008.xml	source_reported
rna_seq:SRR34430875	genotype	mutated	provided_batch_table	sharepoint_2026-07-13_new439	source_reported
rna_seq:SRR34430875	data_source	PRJNA1287651	provided_batch_table	sharepoint_2026-07-13_new439	source_reported
rna_seq:SRR34430875	study_title	Epidermal cell fusion promotes the transition from an embryonic to a larval transcriptome in C. elegans	ena_study	shared/metadata_sources/v2/ena_studies/chunk_000.xml	source_reported
rna_seq:SRR34430875	library_strategy	RNA-Seq	ena_read_run	ENA read_run:SRR34430875; sample:SAMN49852055; study:SRP599236	source_reported
rna_seq:SRR34430875	library_layout	PAIRED	ena_read_run	ENA read_run:SRR34430875; sample:SAMN49852055; study:SRP599236	source_reported
rna_seq:SRR34430876	stage	L1	local_project_metadata	sharepoint_2026-07-13_new439	source_reported
rna_seq:SRR34430876	tissue	whole worm	ena_sample	shared/metadata_sources/v2/ena_samples/chunk_009.xml	source_reported
rna_seq:SRR34430876	strain	P37Stop	ena_sample	shared/metadata_sources/v2/ena_samples/chunk_009.xml	source_reported
rna_seq:SRR34430876	genotype	mutated	provided_batch_table	sharepoint_2026-07-13_new439	source_reported
rna_seq:SRR34430876	data_source	PRJNA1287651	provided_batch_table	sharepoint_2026-07-13_new439	source_reported
rna_seq:SRR34430876	study_title	Epidermal cell fusion promotes the transition from an embryonic to a larval transcriptome in C. elegans	ena_study	shared/metadata_sources/v2/ena_studies/chunk_000.xml	source_reported
rna_seq:SRR34430876	library_strategy	RNA-Seq	ena_read_run	ENA read_run:SRR34430876; sample:SAMN49852056; study:SRP599236	source_reported
rna_seq:SRR34430876	library_layout	PAIRED	ena_read_run	ENA read_run:SRR34430876; sample:SAMN49852056; study:SRP599236	source_reported
rna_seq:SRR34430877	stage	L1	local_project_metadata	sharepoint_2026-07-13_new439	source_reported
rna_seq:SRR34430877	tissue	whole worm	ena_sample	shared/metadata_sources/v2/ena_samples/chunk_009.xml	source_reported
rna_seq:SRR34430877	strain	P37Stop	ena_sample	shared/metadata_sources/v2/ena_samples/chunk_009.xml	source_reported
rna_seq:SRR34430877	genotype	mutated	provided_batch_table	sharepoint_2026-07-13_new439	source_reported
rna_seq:SRR34430877	data_source	PRJNA1287651	provided_batch_table	sharepoint_2026-07-13_new439	source_reported
rna_seq:SRR34430877	study_title	Epidermal cell fusion promotes the transition from an embryonic to a larval transcriptome in C. elegans	ena_study	shared/metadata_sources/v2/ena_studies/chunk_000.xml	source_reported
rna_seq:SRR34430877	library_strategy	RNA-Seq	ena_read_run	ENA read_run:SRR34430877; sample:SAMN49852057; study:SRP599236	source_reported
rna_seq:SRR34430877	library_layout	PAIRED	ena_read_run	ENA read_run:SRR34430877; sample:SAMN49852057; study:SRP599236	source_reported
rna_seq:SRR34430878	stage	L1	local_project_metadata	sharepoint_2026-07-13_new439	source_reported
rna_seq:SRR34430878	tissue	whole worm	ena_sample	shared/metadata_sources/v2/ena_samples/chunk_009.xml	source_reported
rna_seq:SRR34430878	strain	WT	ena_sample	shared/metadata_sources/v2/ena_samples/chunk_009.xml	source_reported
rna_seq:SRR34430878	genotype	WT	provided_batch_table	sharepoint_2026-07-13_new439	source_reported
rna_seq:SRR34430878	data_source	PRJNA1287651	provided_batch_table	sharepoint_2026-07-13_new439	source_reported
rna_seq:SRR34430878	study_title	Epidermal cell fusion promotes the transition from an embryonic to a larval transcriptome in C. elegans	ena_study	shared/metadata_sources/v2/ena_studies/chunk_000.xml	source_reported
rna_seq:SRR34430878	library_strategy	RNA-Seq	ena_read_run	ENA read_run:SRR34430878; sample:SAMN49852058; study:SRP599236	source_reported
rna_seq:SRR34430878	library_layout	PAIRED	ena_read_run	ENA read_run:SRR34430878; sample:SAMN49852058; study:SRP599236	source_reported
rna_seq:SRR34430879	stage	L1	local_project_metadata	sharepoint_2026-07-13_new439	source_reported
rna_seq:SRR34430879	tissue	whole worm	ena_sample	shared/metadata_sources/v2/ena_samples/chunk_009.xml	source_reported
rna_seq:SRR34430879	strain	WT	ena_sample	shared/metadata_sources/v2/ena_samples/chunk_009.xml	source_reported
rna_seq:SRR34430879	genotype	WT	provided_batch_table	sharepoint_2026-07-13_new439	source_reported
rna_seq:SRR34430879	data_source	PRJNA1287651	provided_batch_table	sharepoint_2026-07-13_new439	source_reported
rna_seq:SRR34430879	study_title	Epidermal cell fusion promotes the transition from an embryonic to a larval transcriptome in C. elegans	ena_study	shared/metadata_sources/v2/ena_studies/chunk_000.xml	source_reported
rna_seq:SRR34430879	library_strategy	RNA-Seq	ena_read_run	ENA read_run:SRR34430879; sample:SAMN49852059; study:SRP599236	source_reported
rna_seq:SRR34430879	library_layout	PAIRED	ena_read_run	ENA read_run:SRR34430879; sample:SAMN49852059; study:SRP599236	source_reported
rna_seq:SRR34430880	stage	L1	local_project_metadata	sharepoint_2026-07-13_new439	source_reported
rna_seq:SRR34430880	tissue	whole worm	ena_sample	shared/metadata_sources/v2/ena_samples/chunk_009.xml	source_reported
rna_seq:SRR34430880	strain	WT	ena_sample	shared/metadata_sources/v2/ena_samples/chunk_009.xml	source_reported
rna_seq:SRR34430880	genotype	WT	provided_batch_table	sharepoint_2026-07-13_new439	source_reported
rna_seq:SRR34430880	data_source	PRJNA1287651	provided_batch_table	sharepoint_2026-07-13_new439	source_reported
rna_seq:SRR34430880	study_title	Epidermal cell fusion promotes the transition from an embryonic to a larval transcriptome in C. elegans	ena_study	shared/metadata_sources/v2/ena_studies/chunk_000.xml	source_reported
rna_seq:SRR34430880	library_strategy	RNA-Seq	ena_read_run	ENA read_run:SRR34430880; sample:SAMN49852060; study:SRP599236	source_reported
rna_seq:SRR34430880	library_layout	PAIRED	ena_read_run	ENA read_run:SRR34430880; sample:SAMN49852060; study:SRP599236	source_reported
rna_seq:SRR34430881	stage	L1	local_project_metadata	sharepoint_2026-07-13_new439	source_reported
rna_seq:SRR34430881	tissue	whole worm	ena_sample	shared/metadata_sources/v2/ena_samples/chunk_009.xml	source_reported
rna_seq:SRR34430881	strain	eff-1 P183L	ena_sample	shared/metadata_sources/v2/ena_samples/chunk_009.xml	source_reported
rna_seq:SRR34430881	genotype	mutated	provided_batch_table	sharepoint_2026-07-13_new439	source_reported
rna_seq:SRR34430881	data_source	PRJNA1287651	provided_batch_table	sharepoint_2026-07-13_new439	source_reported
rna_seq:SRR34430881	study_title	Epidermal cell fusion promotes the transition from an embryonic to a larval transcriptome in C. elegans	ena_study	shared/metadata_sources/v2/ena_studies/chunk_000.xml	source_reported
rna_seq:SRR34430881	library_strategy	RNA-Seq	ena_read_run	ENA read_run:SRR34430881; sample:SAMN49852061; study:SRP599236	source_reported
rna_seq:SRR34430881	library_layout	PAIRED	ena_read_run	ENA read_run:SRR34430881; sample:SAMN49852061; study:SRP599236	source_reported
rna_seq:SRR34430882	stage	L1	local_project_metadata	sharepoint_2026-07-13_new439	source_reported
rna_seq:SRR34430882	tissue	whole worm	ena_sample	shared/metadata_sources/v2/ena_samples/chunk_009.xml	source_reported
rna_seq:SRR34430882	strain	eff-1 P183L	ena_sample	shared/metadata_sources/v2/ena_samples/chunk_009.xml	source_reported
rna_seq:SRR34430882	genotype	mutated	provided_batch_table	sharepoint_2026-07-13_new439	source_reported
rna_seq:SRR34430882	data_source	PRJNA1287651	provided_batch_table	sharepoint_2026-07-13_new439	source_reported
rna_seq:SRR34430882	study_title	Epidermal cell fusion promotes the transition from an embryonic to a larval transcriptome in C. elegans	ena_study	shared/metadata_sources/v2/ena_studies/chunk_000.xml	source_reported
rna_seq:SRR34430882	library_strategy	RNA-Seq	ena_read_run	ENA read_run:SRR34430882; sample:SAMN49852062; study:SRP599236	source_reported
rna_seq:SRR34430882	library_layout	PAIRED	ena_read_run	ENA read_run:SRR34430882; sample:SAMN49852062; study:SRP599236	source_reported
rna_seq:SRR34430883	stage	L1	local_project_metadata	sharepoint_2026-07-13_new439	source_reported
rna_seq:SRR34430883	tissue	whole worm	ena_sample	shared/metadata_sources/v2/ena_samples/chunk_009.xml	source_reported
rna_seq:SRR34430883	strain	eff-1 P183L	ena_sample	shared/metadata_sources/v2/ena_samples/chunk_009.xml	source_reported
rna_seq:SRR34430883	genotype	mutated	provided_batch_table	sharepoint_2026-07-13_new439	source_reported
rna_seq:SRR34430883	data_source	PRJNA1287651	provided_batch_table	sharepoint_2026-07-13_new439	source_reported
rna_seq:SRR34430883	study_title	Epidermal cell fusion promotes the transition from an embryonic to a larval transcriptome in C. elegans	ena_study	shared/metadata_sources/v2/ena_studies/chunk_000.xml	source_reported
rna_seq:SRR34430883	library_strategy	RNA-Seq	ena_read_run	ENA read_run:SRR34430883; sample:SAMN49852063; study:SRP599236	source_reported
rna_seq:SRR34430883	library_layout	PAIRED	ena_read_run	ENA read_run:SRR34430883; sample:SAMN49852063; study:SRP599236	source_reported
rna_seq:SRR34430884	stage	L1	local_project_metadata	sharepoint_2026-07-13_new439	source_reported
rna_seq:SRR34430884	tissue	whole worm	ena_sample	shared/metadata_sources/v2/ena_samples/chunk_009.xml	source_reported
rna_seq:SRR34430884	strain	eff-1 S441L	ena_sample	shared/metadata_sources/v2/ena_samples/chunk_009.xml	source_reported
rna_seq:SRR34430884	genotype	mutated	provided_batch_table	sharepoint_2026-07-13_new439	source_reported
rna_seq:SRR34430884	data_source	PRJNA1287651	provided_batch_table	sharepoint_2026-07-13_new439	source_reported
rna_seq:SRR34430884	study_title	Epidermal cell fusion promotes the transition from an embryonic to a larval transcriptome in C. elegans	ena_study	shared/metadata_sources/v2/ena_studies/chunk_000.xml	source_reported
rna_seq:SRR34430884	library_strategy	RNA-Seq	ena_read_run	ENA read_run:SRR34430884; sample:SAMN49852064; study:SRP599236	source_reported
rna_seq:SRR34430884	library_layout	PAIRED	ena_read_run	ENA read_run:SRR34430884; sample:SAMN49852064; study:SRP599236	source_reported
rna_seq:SRR34430885	stage	L1	local_project_metadata	sharepoint_2026-07-13_new439	source_reported
rna_seq:SRR34430885	tissue	whole worm	ena_sample	shared/metadata_sources/v2/ena_samples/chunk_009.xml	source_reported
rna_seq:SRR34430885	strain	eff-1 S441L	ena_sample	shared/metadata_sources/v2/ena_samples/chunk_009.xml	source_reported
rna_seq:SRR34430885	genotype	mutated	provided_batch_table	sharepoint_2026-07-13_new439	source_reported
rna_seq:SRR34430885	data_source	PRJNA1287651	provided_batch_table	sharepoint_2026-07-13_new439	source_reported
rna_seq:SRR34430885	study_title	Epidermal cell fusion promotes the transition from an embryonic to a larval transcriptome in C. elegans	ena_study	shared/metadata_sources/v2/ena_studies/chunk_000.xml	source_reported
rna_seq:SRR34430885	library_strategy	RNA-Seq	ena_read_run	ENA read_run:SRR34430885; sample:SAMN49852065; study:SRP599236	source_reported
rna_seq:SRR34430885	library_layout	PAIRED	ena_read_run	ENA read_run:SRR34430885; sample:SAMN49852065; study:SRP599236	source_reported
rna_seq:SRR34430886	stage	L1	local_project_metadata	sharepoint_2026-07-13_new439	source_reported
rna_seq:SRR34430886	tissue	whole worm	ena_sample	shared/metadata_sources/v2/ena_samples/chunk_009.xml	source_reported
rna_seq:SRR34430886	strain	eff-1 S441L	ena_sample	shared/metadata_sources/v2/ena_samples/chunk_009.xml	source_reported
rna_seq:SRR34430886	genotype	mutated	provided_batch_table	sharepoint_2026-07-13_new439	source_reported
rna_seq:SRR34430886	data_source	PRJNA1287651	provided_batch_table	sharepoint_2026-07-13_new439	source_reported
rna_seq:SRR34430886	study_title	Epidermal cell fusion promotes the transition from an embryonic to a larval transcriptome in C. elegans	ena_study	shared/metadata_sources/v2/ena_studies/chunk_000.xml	source_reported
rna_seq:SRR34430886	library_strategy	RNA-Seq	ena_read_run	ENA read_run:SRR34430886; sample:SAMN49852066; study:SRP599236	source_reported
rna_seq:SRR34430886	library_layout	PAIRED	ena_read_run	ENA read_run:SRR34430886; sample:SAMN49852066; study:SRP599236	source_reported
rna_seq:SRR34430887	stage	L1	local_project_metadata	sharepoint_2026-07-13_new439	source_reported
rna_seq:SRR34430887	tissue	whole worm	ena_sample	shared/metadata_sources/v2/ena_samples/chunk_009.xml	source_reported
rna_seq:SRR34430887	strain	WT	ena_sample	shared/metadata_sources/v2/ena_samples/chunk_009.xml	source_reported
rna_seq:SRR34430887	genotype	WT	provided_batch_table	sharepoint_2026-07-13_new439	source_reported
rna_seq:SRR34430887	data_source	PRJNA1287651	provided_batch_table	sharepoint_2026-07-13_new439	source_reported
rna_seq:SRR34430887	study_title	Epidermal cell fusion promotes the transition from an embryonic to a larval transcriptome in C. elegans	ena_study	shared/metadata_sources/v2/ena_studies/chunk_000.xml	source_reported
rna_seq:SRR34430887	library_strategy	RNA-Seq	ena_read_run	ENA read_run:SRR34430887; sample:SAMN49852067; study:SRP599236	source_reported
rna_seq:SRR34430887	library_layout	PAIRED	ena_read_run	ENA read_run:SRR34430887; sample:SAMN49852067; study:SRP599236	source_reported
rna_seq:SRR34430888	stage	L1	local_project_metadata	sharepoint_2026-07-13_new439	source_reported
rna_seq:SRR34430888	tissue	whole worm	ena_sample	shared/metadata_sources/v2/ena_samples/chunk_009.xml	source_reported
rna_seq:SRR34430888	strain	WT	ena_sample	shared/metadata_sources/v2/ena_samples/chunk_009.xml	source_reported
rna_seq:SRR34430888	genotype	WT	provided_batch_table	sharepoint_2026-07-13_new439	source_reported
rna_seq:SRR34430888	data_source	PRJNA1287651	provided_batch_table	sharepoint_2026-07-13_new439	source_reported
rna_seq:SRR34430888	study_title	Epidermal cell fusion promotes the transition from an embryonic to a larval transcriptome in C. elegans	ena_study	shared/metadata_sources/v2/ena_studies/chunk_000.xml	source_reported
rna_seq:SRR34430888	library_strategy	RNA-Seq	ena_read_run	ENA read_run:SRR34430888; sample:SAMN49852068; study:SRP599236	source_reported
rna_seq:SRR34430888	library_layout	PAIRED	ena_read_run	ENA read_run:SRR34430888; sample:SAMN49852068; study:SRP599236	source_reported
rna_seq:SRR34430889	stage	L1	local_project_metadata	sharepoint_2026-07-13_new439	source_reported
rna_seq:SRR34430889	tissue	whole worm	ena_sample	shared/metadata_sources/v2/ena_samples/chunk_009.xml	source_reported
rna_seq:SRR34430889	strain	WT	ena_sample	shared/metadata_sources/v2/ena_samples/chunk_009.xml	source_reported
rna_seq:SRR34430889	genotype	WT	provided_batch_table	sharepoint_2026-07-13_new439	source_reported
rna_seq:SRR34430889	data_source	PRJNA1287651	provided_batch_table	sharepoint_2026-07-13_new439	source_reported
rna_seq:SRR34430889	study_title	Epidermal cell fusion promotes the transition from an embryonic to a larval transcriptome in C. elegans	ena_study	shared/metadata_sources/v2/ena_studies/chunk_000.xml	source_reported
rna_seq:SRR34430889	library_strategy	RNA-Seq	ena_read_run	ENA read_run:SRR34430889; sample:SAMN49852069; study:SRP599236	source_reported
rna_seq:SRR34430889	library_layout	PAIRED	ena_read_run	ENA read_run:SRR34430889; sample:SAMN49852069; study:SRP599236	source_reported
rna_seq:SRR34582722	stage	L1	local_project_metadata	sharepoint_2026-07-13_new439	source_reported
rna_seq:SRR34582722	tissue	whole animal L1 Larvae	ena_sample	shared/metadata_sources/v2/ena_samples/chunk_009.xml	source_reported
rna_seq:SRR34582722	strain	spr-5 (by101)(I); met-2 (n4256)(III); (lin-35 RNAi)	ena_sample	shared/metadata_sources/v2/ena_samples/chunk_009.xml	source_reported
rna_seq:SRR34582722	genotype	mutated+treated	provided_batch_table	sharepoint_2026-07-13_new439	source_reported
rna_seq:SRR34582722	data_source	PRJNA1293434	provided_batch_table	sharepoint_2026-07-13_new439	source_reported
rna_seq:SRR34582722	study_title	The Dream and MEC Complexes reinforce SPR-5; MET-2 maternal reprogramming to maintain the Germline-Soma distinction  [lin-35 RNAseq]	ena_study	shared/metadata_sources/v2/ena_studies/chunk_000.xml	source_reported
rna_seq:SRR34582722	library_strategy	RNA-Seq	ena_read_run	ENA read_run:SRR34582722; sample:SAMN50022234; study:SRP601871	source_reported
rna_seq:SRR34582722	library_layout	PAIRED	ena_read_run	ENA read_run:SRR34582722; sample:SAMN50022234; study:SRP601871	source_reported
rna_seq:SRR34582723	stage	L1	local_project_metadata	sharepoint_2026-07-13_new439	source_reported
rna_seq:SRR34582723	tissue	whole animal L1 Larvae	ena_sample	shared/metadata_sources/v2/ena_samples/chunk_009.xml	source_reported
rna_seq:SRR34582723	strain	spr-5 (by101)(I); met-2 (n4256)(III); (lin-35 RNAi)	ena_sample	shared/metadata_sources/v2/ena_samples/chunk_009.xml	source_reported
rna_seq:SRR34582723	genotype	mutated+treated	provided_batch_table	sharepoint_2026-07-13_new439	source_reported
rna_seq:SRR34582723	data_source	PRJNA1293434	provided_batch_table	sharepoint_2026-07-13_new439	source_reported
rna_seq:SRR34582723	study_title	The Dream and MEC Complexes reinforce SPR-5; MET-2 maternal reprogramming to maintain the Germline-Soma distinction  [lin-35 RNAseq]	ena_study	shared/metadata_sources/v2/ena_studies/chunk_000.xml	source_reported
rna_seq:SRR34582723	library_strategy	RNA-Seq	ena_read_run	ENA read_run:SRR34582723; sample:SAMN50022235; study:SRP601871	source_reported
rna_seq:SRR34582723	library_layout	PAIRED	ena_read_run	ENA read_run:SRR34582723; sample:SAMN50022235; study:SRP601871	source_reported
rna_seq:SRR34582724	stage	L1	local_project_metadata	sharepoint_2026-07-13_new439	source_reported
rna_seq:SRR34582724	tissue	whole animal L1 Larvae	ena_sample	shared/metadata_sources/v2/ena_samples/chunk_009.xml	source_reported
rna_seq:SRR34582724	strain	spr-5 (by101)(I); met-2 (n4256)(III); (lin-35 RNAi)	ena_sample	shared/metadata_sources/v2/ena_samples/chunk_009.xml	source_reported
rna_seq:SRR34582724	genotype	mutated+treated	provided_batch_table	sharepoint_2026-07-13_new439	source_reported
rna_seq:SRR34582724	data_source	PRJNA1293434	provided_batch_table	sharepoint_2026-07-13_new439	source_reported
rna_seq:SRR34582724	study_title	The Dream and MEC Complexes reinforce SPR-5; MET-2 maternal reprogramming to maintain the Germline-Soma distinction  [lin-35 RNAseq]	ena_study	shared/metadata_sources/v2/ena_studies/chunk_000.xml	source_reported
rna_seq:SRR34582724	library_strategy	RNA-Seq	ena_read_run	ENA read_run:SRR34582724; sample:SAMN50022236; study:SRP601871	source_reported
rna_seq:SRR34582724	library_layout	PAIRED	ena_read_run	ENA read_run:SRR34582724; sample:SAMN50022236; study:SRP601871	source_reported
rna_seq:SRR34582725	stage	L1	local_project_metadata	sharepoint_2026-07-13_new439	source_reported
rna_seq:SRR34582725	tissue	whole animal L1 Larvae	ena_sample	shared/metadata_sources/v2/ena_samples/chunk_009.xml	source_reported
rna_seq:SRR34582725	strain	spr-5 (by101)(I); met-2 (n4256)(III)	ena_sample	shared/metadata_sources/v2/ena_samples/chunk_009.xml	source_reported
rna_seq:SRR34582725	genotype	mutated	provided_batch_table	sharepoint_2026-07-13_new439	source_reported
rna_seq:SRR34582725	data_source	PRJNA1293434	provided_batch_table	sharepoint_2026-07-13_new439	source_reported
rna_seq:SRR34582725	study_title	The Dream and MEC Complexes reinforce SPR-5; MET-2 maternal reprogramming to maintain the Germline-Soma distinction  [lin-35 RNAseq]	ena_study	shared/metadata_sources/v2/ena_studies/chunk_000.xml	source_reported
rna_seq:SRR34582725	library_strategy	RNA-Seq	ena_read_run	ENA read_run:SRR34582725; sample:SAMN50022237; study:SRP601871	source_reported
rna_seq:SRR34582725	library_layout	PAIRED	ena_read_run	ENA read_run:SRR34582725; sample:SAMN50022237; study:SRP601871	source_reported
rna_seq:SRR34582726	stage	L1	local_project_metadata	sharepoint_2026-07-13_new439	source_reported
rna_seq:SRR34582726	tissue	whole animal L1 Larvae	ena_sample	shared/metadata_sources/v2/ena_samples/chunk_009.xml	source_reported
rna_seq:SRR34582726	strain	spr-5 (by101)(I); met-2 (n4256)(III)	ena_sample	shared/metadata_sources/v2/ena_samples/chunk_009.xml	source_reported
rna_seq:SRR34582726	genotype	mutated	provided_batch_table	sharepoint_2026-07-13_new439	source_reported
rna_seq:SRR34582726	data_source	PRJNA1293434	provided_batch_table	sharepoint_2026-07-13_new439	source_reported
rna_seq:SRR34582726	study_title	The Dream and MEC Complexes reinforce SPR-5; MET-2 maternal reprogramming to maintain the Germline-Soma distinction  [lin-35 RNAseq]	ena_study	shared/metadata_sources/v2/ena_studies/chunk_000.xml	source_reported
rna_seq:SRR34582726	library_strategy	RNA-Seq	ena_read_run	ENA read_run:SRR34582726; sample:SAMN50022238; study:SRP601871	source_reported
rna_seq:SRR34582726	library_layout	PAIRED	ena_read_run	ENA read_run:SRR34582726; sample:SAMN50022238; study:SRP601871	source_reported
rna_seq:SRR34582727	stage	L1	local_project_metadata	sharepoint_2026-07-13_new439	source_reported
rna_seq:SRR34582727	tissue	whole animal L1 Larvae	ena_sample	shared/metadata_sources/v2/ena_samples/chunk_009.xml	source_reported
rna_seq:SRR34582727	strain	spr-5 (by101)(I); met-2 (n4256)(III)	ena_sample	shared/metadata_sources/v2/ena_samples/chunk_009.xml	source_reported
rna_seq:SRR34582727	genotype	mutated	provided_batch_table	sharepoint_2026-07-13_new439	source_reported
rna_seq:SRR34582727	data_source	PRJNA1293434	provided_batch_table	sharepoint_2026-07-13_new439	source_reported
rna_seq:SRR34582727	study_title	The Dream and MEC Complexes reinforce SPR-5; MET-2 maternal reprogramming to maintain the Germline-Soma distinction  [lin-35 RNAseq]	ena_study	shared/metadata_sources/v2/ena_studies/chunk_000.xml	source_reported
rna_seq:SRR34582727	library_strategy	RNA-Seq	ena_read_run	ENA read_run:SRR34582727; sample:SAMN50022239; study:SRP601871	source_reported
rna_seq:SRR34582727	library_layout	PAIRED	ena_read_run	ENA read_run:SRR34582727; sample:SAMN50022239; study:SRP601871	source_reported
rna_seq:SRR34582728	stage	L1	local_project_metadata	sharepoint_2026-07-13_new439	source_reported
rna_seq:SRR34582728	tissue	whole animal L1 Larvae	ena_sample	shared/metadata_sources/v2/ena_samples/chunk_009.xml	source_reported
rna_seq:SRR34582728	strain	N2; (lin-35 RNAi)	ena_sample	shared/metadata_sources/v2/ena_samples/chunk_009.xml	source_reported
rna_seq:SRR34582728	genotype	WT+treated	provided_batch_table	sharepoint_2026-07-13_new439	source_reported
rna_seq:SRR34582728	data_source	PRJNA1293434	provided_batch_table	sharepoint_2026-07-13_new439	source_reported
rna_seq:SRR34582728	study_title	The Dream and MEC Complexes reinforce SPR-5; MET-2 maternal reprogramming to maintain the Germline-Soma distinction  [lin-35 RNAseq]	ena_study	shared/metadata_sources/v2/ena_studies/chunk_000.xml	source_reported
rna_seq:SRR34582728	library_strategy	RNA-Seq	ena_read_run	ENA read_run:SRR34582728; sample:SAMN50022240; study:SRP601871	source_reported
rna_seq:SRR34582728	library_layout	PAIRED	ena_read_run	ENA read_run:SRR34582728; sample:SAMN50022240; study:SRP601871	source_reported
rna_seq:SRR34582729	stage	L1	local_project_metadata	sharepoint_2026-07-13_new439	source_reported
rna_seq:SRR34582729	tissue	whole animal L1 Larvae	ena_sample	shared/metadata_sources/v2/ena_samples/chunk_009.xml	source_reported
rna_seq:SRR34582729	strain	N2; (lin-35 RNAi)	ena_sample	shared/metadata_sources/v2/ena_samples/chunk_009.xml	source_reported
rna_seq:SRR34582729	genotype	WT+treated	provided_batch_table	sharepoint_2026-07-13_new439	source_reported
rna_seq:SRR34582729	data_source	PRJNA1293434	provided_batch_table	sharepoint_2026-07-13_new439	source_reported
rna_seq:SRR34582729	study_title	The Dream and MEC Complexes reinforce SPR-5; MET-2 maternal reprogramming to maintain the Germline-Soma distinction  [lin-35 RNAseq]	ena_study	shared/metadata_sources/v2/ena_studies/chunk_000.xml	source_reported
rna_seq:SRR34582729	library_strategy	RNA-Seq	ena_read_run	ENA read_run:SRR34582729; sample:SAMN50022241; study:SRP601871	source_reported
rna_seq:SRR34582729	library_layout	PAIRED	ena_read_run	ENA read_run:SRR34582729; sample:SAMN50022241; study:SRP601871	source_reported
rna_seq:SRR34582730	stage	L1	local_project_metadata	sharepoint_2026-07-13_new439	source_reported
rna_seq:SRR34582730	tissue	whole animal L1 Larvae	ena_sample	shared/metadata_sources/v2/ena_samples/chunk_009.xml	source_reported
rna_seq:SRR34582730	strain	N2; (lin-35 RNAi)	ena_sample	shared/metadata_sources/v2/ena_samples/chunk_009.xml	source_reported
rna_seq:SRR34582730	genotype	WT+treated	provided_batch_table	sharepoint_2026-07-13_new439	source_reported
rna_seq:SRR34582730	data_source	PRJNA1293434	provided_batch_table	sharepoint_2026-07-13_new439	source_reported
rna_seq:SRR34582730	study_title	The Dream and MEC Complexes reinforce SPR-5; MET-2 maternal reprogramming to maintain the Germline-Soma distinction  [lin-35 RNAseq]	ena_study	shared/metadata_sources/v2/ena_studies/chunk_000.xml	source_reported
rna_seq:SRR34582730	library_strategy	RNA-Seq	ena_read_run	ENA read_run:SRR34582730; sample:SAMN50022242; study:SRP601871	source_reported
rna_seq:SRR34582730	library_layout	PAIRED	ena_read_run	ENA read_run:SRR34582730; sample:SAMN50022242; study:SRP601871	source_reported
rna_seq:SRR34582731	stage	L1	local_project_metadata	sharepoint_2026-07-13_new439	source_reported
rna_seq:SRR34582731	tissue	whole animal L1 Larvae	ena_sample	shared/metadata_sources/v2/ena_samples/chunk_009.xml	source_reported
rna_seq:SRR34582731	strain	N2	ena_sample	shared/metadata_sources/v2/ena_samples/chunk_009.xml	source_reported
rna_seq:SRR34582731	genotype	WT	provided_batch_table	sharepoint_2026-07-13_new439	source_reported
rna_seq:SRR34582731	data_source	PRJNA1293434	provided_batch_table	sharepoint_2026-07-13_new439	source_reported
rna_seq:SRR34582731	study_title	The Dream and MEC Complexes reinforce SPR-5; MET-2 maternal reprogramming to maintain the Germline-Soma distinction  [lin-35 RNAseq]	ena_study	shared/metadata_sources/v2/ena_studies/chunk_000.xml	source_reported
rna_seq:SRR34582731	library_strategy	RNA-Seq	ena_read_run	ENA read_run:SRR34582731; sample:SAMN50022243; study:SRP601871	source_reported
rna_seq:SRR34582731	library_layout	PAIRED	ena_read_run	ENA read_run:SRR34582731; sample:SAMN50022243; study:SRP601871	source_reported
rna_seq:SRR34582732	stage	L1	local_project_metadata	sharepoint_2026-07-13_new439	source_reported
rna_seq:SRR34582732	tissue	whole animal L1 Larvae	ena_sample	shared/metadata_sources/v2/ena_samples/chunk_009.xml	source_reported
rna_seq:SRR34582732	strain	N2	ena_sample	shared/metadata_sources/v2/ena_samples/chunk_009.xml	source_reported
rna_seq:SRR34582732	genotype	WT	provided_batch_table	sharepoint_2026-07-13_new439	source_reported
rna_seq:SRR34582732	data_source	PRJNA1293434	provided_batch_table	sharepoint_2026-07-13_new439	source_reported
rna_seq:SRR34582732	study_title	The Dream and MEC Complexes reinforce SPR-5; MET-2 maternal reprogramming to maintain the Germline-Soma distinction  [lin-35 RNAseq]	ena_study	shared/metadata_sources/v2/ena_studies/chunk_000.xml	source_reported
rna_seq:SRR34582732	library_strategy	RNA-Seq	ena_read_run	ENA read_run:SRR34582732; sample:SAMN50022244; study:SRP601871	source_reported
rna_seq:SRR34582732	library_layout	PAIRED	ena_read_run	ENA read_run:SRR34582732; sample:SAMN50022244; study:SRP601871	source_reported
rna_seq:SRR34582733	stage	L1	local_project_metadata	sharepoint_2026-07-13_new439	source_reported
rna_seq:SRR34582733	tissue	whole animal L1 Larvae	ena_sample	shared/metadata_sources/v2/ena_samples/chunk_009.xml	source_reported
rna_seq:SRR34582733	strain	N2	ena_sample	shared/metadata_sources/v2/ena_samples/chunk_009.xml	source_reported
rna_seq:SRR34582733	genotype	WT	provided_batch_table	sharepoint_2026-07-13_new439	source_reported
rna_seq:SRR34582733	data_source	PRJNA1293434	provided_batch_table	sharepoint_2026-07-13_new439	source_reported
rna_seq:SRR34582733	study_title	The Dream and MEC Complexes reinforce SPR-5; MET-2 maternal reprogramming to maintain the Germline-Soma distinction  [lin-35 RNAseq]	ena_study	shared/metadata_sources/v2/ena_studies/chunk_000.xml	source_reported
rna_seq:SRR34582733	library_strategy	RNA-Seq	ena_read_run	ENA read_run:SRR34582733; sample:SAMN50022245; study:SRP601871	source_reported
rna_seq:SRR34582733	library_layout	PAIRED	ena_read_run	ENA read_run:SRR34582733; sample:SAMN50022245; study:SRP601871	source_reported
rna_seq:SRR34628124	stage	L1	local_project_metadata	sharepoint_2026-07-13_new439	source_reported
rna_seq:SRR34628124	tissue	whole animal L1 Larvae	ena_sample	shared/metadata_sources/v2/ena_samples/chunk_009.xml	source_reported
rna_seq:SRR34628124	strain	spr-5 (by101)(I); met-2 (n4256)(III); (lin-35 RNAi)	ena_sample	shared/metadata_sources/v2/ena_samples/chunk_009.xml	source_reported
rna_seq:SRR34628124	genotype	mutated+treated	provided_batch_table	sharepoint_2026-07-13_new439	source_reported
rna_seq:SRR34628124	data_source	PRJNA1294132	provided_batch_table	sharepoint_2026-07-13_new439	source_reported
rna_seq:SRR34628124	study_title	The Dream and MEC Complexes reinforce SPR-5; MET-2 maternal reprogramming to maintain the Germline-Soma distinction  [mep-1 RNAseq]	ena_study	shared/metadata_sources/v2/ena_studies/chunk_000.xml	source_reported
rna_seq:SRR34628124	library_strategy	RNA-Seq	ena_read_run	ENA read_run:SRR34628124; sample:SAMN50084776; study:SRP602320	source_reported
rna_seq:SRR34628124	library_layout	PAIRED	ena_read_run	ENA read_run:SRR34628124; sample:SAMN50084776; study:SRP602320	source_reported
rna_seq:SRR34628125	stage	L1	local_project_metadata	sharepoint_2026-07-13_new439	source_reported
rna_seq:SRR34628125	tissue	whole animal L1 Larvae	ena_sample	shared/metadata_sources/v2/ena_samples/chunk_009.xml	source_reported
rna_seq:SRR34628125	strain	spr-5 (by101)(I); met-2 (n4256)(III); (lin-35 RNAi)	ena_sample	shared/metadata_sources/v2/ena_samples/chunk_009.xml	source_reported
rna_seq:SRR34628125	genotype	mutated+treated	provided_batch_table	sharepoint_2026-07-13_new439	source_reported
rna_seq:SRR34628125	data_source	PRJNA1294132	provided_batch_table	sharepoint_2026-07-13_new439	source_reported
rna_seq:SRR34628125	study_title	The Dream and MEC Complexes reinforce SPR-5; MET-2 maternal reprogramming to maintain the Germline-Soma distinction  [mep-1 RNAseq]	ena_study	shared/metadata_sources/v2/ena_studies/chunk_000.xml	source_reported
rna_seq:SRR34628125	library_strategy	RNA-Seq	ena_read_run	ENA read_run:SRR34628125; sample:SAMN50084777; study:SRP602320	source_reported
rna_seq:SRR34628125	library_layout	PAIRED	ena_read_run	ENA read_run:SRR34628125; sample:SAMN50084777; study:SRP602320	source_reported
rna_seq:SRR34628126	stage	L1	local_project_metadata	sharepoint_2026-07-13_new439	source_reported
rna_seq:SRR34628126	tissue	whole animal L1 Larvae	ena_sample	shared/metadata_sources/v2/ena_samples/chunk_009.xml	source_reported
rna_seq:SRR34628126	strain	spr-5 (by101)(I); met-2 (n4256)(III); (lin-35 RNAi)	ena_sample	shared/metadata_sources/v2/ena_samples/chunk_009.xml	source_reported
rna_seq:SRR34628126	genotype	mutated+treated	provided_batch_table	sharepoint_2026-07-13_new439	source_reported
rna_seq:SRR34628126	data_source	PRJNA1294132	provided_batch_table	sharepoint_2026-07-13_new439	source_reported
rna_seq:SRR34628126	study_title	The Dream and MEC Complexes reinforce SPR-5; MET-2 maternal reprogramming to maintain the Germline-Soma distinction  [mep-1 RNAseq]	ena_study	shared/metadata_sources/v2/ena_studies/chunk_000.xml	source_reported
rna_seq:SRR34628126	library_strategy	RNA-Seq	ena_read_run	ENA read_run:SRR34628126; sample:SAMN50084778; study:SRP602320	source_reported
rna_seq:SRR34628126	library_layout	PAIRED	ena_read_run	ENA read_run:SRR34628126; sample:SAMN50084778; study:SRP602320	source_reported
rna_seq:SRR34628127	stage	L1	local_project_metadata	sharepoint_2026-07-13_new439	source_reported
rna_seq:SRR34628127	tissue	whole animal L1 Larvae	ena_sample	shared/metadata_sources/v2/ena_samples/chunk_009.xml	source_reported
rna_seq:SRR34628127	strain	spr-5 (by101)(I); met-2 (n4256)(III)	ena_sample	shared/metadata_sources/v2/ena_samples/chunk_009.xml	source_reported
rna_seq:SRR34628127	genotype	mutated	provided_batch_table	sharepoint_2026-07-13_new439	source_reported
rna_seq:SRR34628127	data_source	PRJNA1294132	provided_batch_table	sharepoint_2026-07-13_new439	source_reported
rna_seq:SRR34628127	study_title	The Dream and MEC Complexes reinforce SPR-5; MET-2 maternal reprogramming to maintain the Germline-Soma distinction  [mep-1 RNAseq]	ena_study	shared/metadata_sources/v2/ena_studies/chunk_000.xml	source_reported
rna_seq:SRR34628127	library_strategy	RNA-Seq	ena_read_run	ENA read_run:SRR34628127; sample:SAMN50084779; study:SRP602320	source_reported
rna_seq:SRR34628127	library_layout	PAIRED	ena_read_run	ENA read_run:SRR34628127; sample:SAMN50084779; study:SRP602320	source_reported
rna_seq:SRR34628128	stage	L1	local_project_metadata	sharepoint_2026-07-13_new439	source_reported
rna_seq:SRR34628128	tissue	whole animal L1 Larvae	ena_sample	shared/metadata_sources/v2/ena_samples/chunk_009.xml	source_reported
rna_seq:SRR34628128	strain	spr-5 (by101)(I); met-2 (n4256)(III)	ena_sample	shared/metadata_sources/v2/ena_samples/chunk_009.xml	source_reported
rna_seq:SRR34628128	genotype	mutated	provided_batch_table	sharepoint_2026-07-13_new439	source_reported
rna_seq:SRR34628128	data_source	PRJNA1294132	provided_batch_table	sharepoint_2026-07-13_new439	source_reported
rna_seq:SRR34628128	study_title	The Dream and MEC Complexes reinforce SPR-5; MET-2 maternal reprogramming to maintain the Germline-Soma distinction  [mep-1 RNAseq]	ena_study	shared/metadata_sources/v2/ena_studies/chunk_000.xml	source_reported
rna_seq:SRR34628128	library_strategy	RNA-Seq	ena_read_run	ENA read_run:SRR34628128; sample:SAMN50084780; study:SRP602320	source_reported
rna_seq:SRR34628128	library_layout	PAIRED	ena_read_run	ENA read_run:SRR34628128; sample:SAMN50084780; study:SRP602320	source_reported
rna_seq:SRR34628129	stage	L1	local_project_metadata	sharepoint_2026-07-13_new439	source_reported
rna_seq:SRR34628129	tissue	whole animal L1 Larvae	ena_sample	shared/metadata_sources/v2/ena_samples/chunk_009.xml	source_reported
rna_seq:SRR34628129	strain	spr-5 (by101)(I); met-2 (n4256)(III)	ena_sample	shared/metadata_sources/v2/ena_samples/chunk_009.xml	source_reported
rna_seq:SRR34628129	genotype	mutated	provided_batch_table	sharepoint_2026-07-13_new439	source_reported
rna_seq:SRR34628129	data_source	PRJNA1294132	provided_batch_table	sharepoint_2026-07-13_new439	source_reported
rna_seq:SRR34628129	study_title	The Dream and MEC Complexes reinforce SPR-5; MET-2 maternal reprogramming to maintain the Germline-Soma distinction  [mep-1 RNAseq]	ena_study	shared/metadata_sources/v2/ena_studies/chunk_000.xml	source_reported
rna_seq:SRR34628129	library_strategy	RNA-Seq	ena_read_run	ENA read_run:SRR34628129; sample:SAMN50084781; study:SRP602320	source_reported
rna_seq:SRR34628129	library_layout	PAIRED	ena_read_run	ENA read_run:SRR34628129; sample:SAMN50084781; study:SRP602320	source_reported
rna_seq:SRR34628130	stage	L1	local_project_metadata	sharepoint_2026-07-13_new439	source_reported
rna_seq:SRR34628130	tissue	whole animal L1 Larvae	ena_sample	shared/metadata_sources/v2/ena_samples/chunk_009.xml	source_reported
rna_seq:SRR34628130	strain	N2; (mep-1 RNAi)	ena_sample	shared/metadata_sources/v2/ena_samples/chunk_009.xml	source_reported
rna_seq:SRR34628130	genotype	WT+treated	provided_batch_table	sharepoint_2026-07-13_new439	source_reported
rna_seq:SRR34628130	data_source	PRJNA1294132	provided_batch_table	sharepoint_2026-07-13_new439	source_reported
rna_seq:SRR34628130	study_title	The Dream and MEC Complexes reinforce SPR-5; MET-2 maternal reprogramming to maintain the Germline-Soma distinction  [mep-1 RNAseq]	ena_study	shared/metadata_sources/v2/ena_studies/chunk_000.xml	source_reported
rna_seq:SRR34628130	library_strategy	RNA-Seq	ena_read_run	ENA read_run:SRR34628130; sample:SAMN50084782; study:SRP602320	source_reported
rna_seq:SRR34628130	library_layout	PAIRED	ena_read_run	ENA read_run:SRR34628130; sample:SAMN50084782; study:SRP602320	source_reported
rna_seq:SRR34628131	stage	L1	local_project_metadata	sharepoint_2026-07-13_new439	source_reported
rna_seq:SRR34628131	tissue	whole animal L1 Larvae	ena_sample	shared/metadata_sources/v2/ena_samples/chunk_009.xml	source_reported
rna_seq:SRR34628131	strain	N2; (mep-1 RNAi)	ena_sample	shared/metadata_sources/v2/ena_samples/chunk_009.xml	source_reported
rna_seq:SRR34628131	genotype	WT+treated	provided_batch_table	sharepoint_2026-07-13_new439	source_reported
rna_seq:SRR34628131	data_source	PRJNA1294132	provided_batch_table	sharepoint_2026-07-13_new439	source_reported
rna_seq:SRR34628131	study_title	The Dream and MEC Complexes reinforce SPR-5; MET-2 maternal reprogramming to maintain the Germline-Soma distinction  [mep-1 RNAseq]	ena_study	shared/metadata_sources/v2/ena_studies/chunk_000.xml	source_reported
rna_seq:SRR34628131	library_strategy	RNA-Seq	ena_read_run	ENA read_run:SRR34628131; sample:SAMN50084783; study:SRP602320	source_reported
rna_seq:SRR34628131	library_layout	PAIRED	ena_read_run	ENA read_run:SRR34628131; sample:SAMN50084783; study:SRP602320	source_reported
rna_seq:SRR34628132	stage	L1	local_project_metadata	sharepoint_2026-07-13_new439	source_reported
rna_seq:SRR34628132	tissue	whole animal L1 Larvae	ena_sample	shared/metadata_sources/v2/ena_samples/chunk_009.xml	source_reported
rna_seq:SRR34628132	strain	N2; (mep-1 RNAi)	ena_sample	shared/metadata_sources/v2/ena_samples/chunk_009.xml	source_reported
rna_seq:SRR34628132	genotype	WT+treated	provided_batch_table	sharepoint_2026-07-13_new439	source_reported
rna_seq:SRR34628132	data_source	PRJNA1294132	provided_batch_table	sharepoint_2026-07-13_new439	source_reported
rna_seq:SRR34628132	study_title	The Dream and MEC Complexes reinforce SPR-5; MET-2 maternal reprogramming to maintain the Germline-Soma distinction  [mep-1 RNAseq]	ena_study	shared/metadata_sources/v2/ena_studies/chunk_000.xml	source_reported
rna_seq:SRR34628132	library_strategy	RNA-Seq	ena_read_run	ENA read_run:SRR34628132; sample:SAMN50084784; study:SRP602320	source_reported
rna_seq:SRR34628132	library_layout	PAIRED	ena_read_run	ENA read_run:SRR34628132; sample:SAMN50084784; study:SRP602320	source_reported
rna_seq:SRR34628133	stage	L1	local_project_metadata	sharepoint_2026-07-13_new439	source_reported
rna_seq:SRR34628133	tissue	whole animal L1 Larvae	ena_sample	shared/metadata_sources/v2/ena_samples/chunk_009.xml	source_reported
rna_seq:SRR34628133	strain	N2	ena_sample	shared/metadata_sources/v2/ena_samples/chunk_009.xml	source_reported
rna_seq:SRR34628133	genotype	WT	provided_batch_table	sharepoint_2026-07-13_new439	source_reported
rna_seq:SRR34628133	data_source	PRJNA1294132	provided_batch_table	sharepoint_2026-07-13_new439	source_reported
rna_seq:SRR34628133	study_title	The Dream and MEC Complexes reinforce SPR-5; MET-2 maternal reprogramming to maintain the Germline-Soma distinction  [mep-1 RNAseq]	ena_study	shared/metadata_sources/v2/ena_studies/chunk_000.xml	source_reported
rna_seq:SRR34628133	library_strategy	RNA-Seq	ena_read_run	ENA read_run:SRR34628133; sample:SAMN50084785; study:SRP602320	source_reported
rna_seq:SRR34628133	library_layout	PAIRED	ena_read_run	ENA read_run:SRR34628133; sample:SAMN50084785; study:SRP602320	source_reported
rna_seq:SRR34628134	stage	L1	local_project_metadata	sharepoint_2026-07-13_new439	source_reported
rna_seq:SRR34628134	tissue	whole animal L1 Larvae	ena_sample	shared/metadata_sources/v2/ena_samples/chunk_009.xml	source_reported
rna_seq:SRR34628134	strain	N2	ena_sample	shared/metadata_sources/v2/ena_samples/chunk_009.xml	source_reported
rna_seq:SRR34628134	genotype	WT	provided_batch_table	sharepoint_2026-07-13_new439	source_reported
rna_seq:SRR34628134	data_source	PRJNA1294132	provided_batch_table	sharepoint_2026-07-13_new439	source_reported
rna_seq:SRR34628134	study_title	The Dream and MEC Complexes reinforce SPR-5; MET-2 maternal reprogramming to maintain the Germline-Soma distinction  [mep-1 RNAseq]	ena_study	shared/metadata_sources/v2/ena_studies/chunk_000.xml	source_reported
rna_seq:SRR34628134	library_strategy	RNA-Seq	ena_read_run	ENA read_run:SRR34628134; sample:SAMN50084786; study:SRP602320	source_reported
rna_seq:SRR34628134	library_layout	PAIRED	ena_read_run	ENA read_run:SRR34628134; sample:SAMN50084786; study:SRP602320	source_reported
rna_seq:SRR34628135	stage	L1	local_project_metadata	sharepoint_2026-07-13_new439	source_reported
rna_seq:SRR34628135	tissue	whole animal L1 Larvae	ena_sample	shared/metadata_sources/v2/ena_samples/chunk_009.xml	source_reported
rna_seq:SRR34628135	strain	N2	ena_sample	shared/metadata_sources/v2/ena_samples/chunk_009.xml	source_reported
rna_seq:SRR34628135	genotype	WT	provided_batch_table	sharepoint_2026-07-13_new439	source_reported
rna_seq:SRR34628135	data_source	PRJNA1294132	provided_batch_table	sharepoint_2026-07-13_new439	source_reported
rna_seq:SRR34628135	study_title	The Dream and MEC Complexes reinforce SPR-5; MET-2 maternal reprogramming to maintain the Germline-Soma distinction  [mep-1 RNAseq]	ena_study	shared/metadata_sources/v2/ena_studies/chunk_000.xml	source_reported
rna_seq:SRR34628135	library_strategy	RNA-Seq	ena_read_run	ENA read_run:SRR34628135; sample:SAMN50084787; study:SRP602320	source_reported
rna_seq:SRR34628135	library_layout	PAIRED	ena_read_run	ENA read_run:SRR34628135; sample:SAMN50084787; study:SRP602320	source_reported
rna_seq:SRR34629314	stage	L4	local_project_metadata	sharepoint_2026-07-13_new439	source_reported
rna_seq:SRR34629314	tissue	whole animal	ena_sample	shared/metadata_sources/v2/ena_samples/chunk_009.xml	source_reported
rna_seq:SRR34629314	strain	N2	ena_sample	shared/metadata_sources/v2/ena_samples/chunk_009.xml	source_reported
rna_seq:SRR34629314	genotype	treated	provided_batch_table	sharepoint_2026-07-13_new439	source_reported
rna_seq:SRR34629314	condition	50+ generations of late selection	resolved_source_reported	ENA read_run:SRR34629314; sample:SAMN50086049; study:SRP602349	source_reported
rna_seq:SRR34629314	data_source	PRJNA1294194	provided_batch_table	sharepoint_2026-07-13_new439	source_reported
rna_seq:SRR34629314	study_title	Parental age selection in C. elegans influences progeny stress resistance capacity	ena_study	shared/metadata_sources/v2/ena_studies/chunk_000.xml	source_reported
rna_seq:SRR34629314	library_strategy	RNA-Seq	ena_read_run	ENA read_run:SRR34629314; sample:SAMN50086049; study:SRP602349	source_reported
rna_seq:SRR34629314	library_layout	PAIRED	ena_read_run	ENA read_run:SRR34629314; sample:SAMN50086049; study:SRP602349	source_reported
rna_seq:SRR34629315	stage	L4	local_project_metadata	sharepoint_2026-07-13_new439	source_reported
rna_seq:SRR34629315	tissue	whole animal	ena_sample	shared/metadata_sources/v2/ena_samples/chunk_009.xml	source_reported
rna_seq:SRR34629315	strain	N2	ena_sample	shared/metadata_sources/v2/ena_samples/chunk_009.xml	source_reported
rna_seq:SRR34629315	genotype	treated	provided_batch_table	sharepoint_2026-07-13_new439	source_reported
rna_seq:SRR34629315	condition	50+ generations of late selection	resolved_source_reported	ENA read_run:SRR34629315; sample:SAMN50086050; study:SRP602349	source_reported
rna_seq:SRR34629315	data_source	PRJNA1294194	provided_batch_table	sharepoint_2026-07-13_new439	source_reported
rna_seq:SRR34629315	study_title	Parental age selection in C. elegans influences progeny stress resistance capacity	ena_study	shared/metadata_sources/v2/ena_studies/chunk_000.xml	source_reported
rna_seq:SRR34629315	library_strategy	RNA-Seq	ena_read_run	ENA read_run:SRR34629315; sample:SAMN50086050; study:SRP602349	source_reported
rna_seq:SRR34629315	library_layout	PAIRED	ena_read_run	ENA read_run:SRR34629315; sample:SAMN50086050; study:SRP602349	source_reported
rna_seq:SRR34629316	stage	L4	local_project_metadata	sharepoint_2026-07-13_new439	source_reported
rna_seq:SRR34629316	tissue	whole animal	ena_sample	shared/metadata_sources/v2/ena_samples/chunk_010.xml	source_reported
rna_seq:SRR34629316	strain	N2	ena_sample	shared/metadata_sources/v2/ena_samples/chunk_010.xml	source_reported
rna_seq:SRR34629316	genotype	treated	provided_batch_table	sharepoint_2026-07-13_new439	source_reported
rna_seq:SRR34629316	condition	50+ generations of late selection	resolved_source_reported	ENA read_run:SRR34629316; sample:SAMN50086051; study:SRP602349	source_reported
rna_seq:SRR34629316	data_source	PRJNA1294194	provided_batch_table	sharepoint_2026-07-13_new439	source_reported
rna_seq:SRR34629316	study_title	Parental age selection in C. elegans influences progeny stress resistance capacity	ena_study	shared/metadata_sources/v2/ena_studies/chunk_000.xml	source_reported
rna_seq:SRR34629316	library_strategy	RNA-Seq	ena_read_run	ENA read_run:SRR34629316; sample:SAMN50086051; study:SRP602349	source_reported
rna_seq:SRR34629316	library_layout	PAIRED	ena_read_run	ENA read_run:SRR34629316; sample:SAMN50086051; study:SRP602349	source_reported
rna_seq:SRR34629317	stage	L4	local_project_metadata	sharepoint_2026-07-13_new439	source_reported
rna_seq:SRR34629317	tissue	whole animal	ena_sample	shared/metadata_sources/v2/ena_samples/chunk_010.xml	source_reported
rna_seq:SRR34629317	strain	N2	ena_sample	shared/metadata_sources/v2/ena_samples/chunk_010.xml	source_reported
rna_seq:SRR34629317	genotype	treated	provided_batch_table	sharepoint_2026-07-13_new439	source_reported
rna_seq:SRR34629317	condition	50+ generations of late selection	resolved_source_reported	ENA read_run:SRR34629317; sample:SAMN50086052; study:SRP602349	source_reported
rna_seq:SRR34629317	data_source	PRJNA1294194	provided_batch_table	sharepoint_2026-07-13_new439	source_reported
rna_seq:SRR34629317	study_title	Parental age selection in C. elegans influences progeny stress resistance capacity	ena_study	shared/metadata_sources/v2/ena_studies/chunk_000.xml	source_reported
rna_seq:SRR34629317	library_strategy	RNA-Seq	ena_read_run	ENA read_run:SRR34629317; sample:SAMN50086052; study:SRP602349	source_reported
rna_seq:SRR34629317	library_layout	PAIRED	ena_read_run	ENA read_run:SRR34629317; sample:SAMN50086052; study:SRP602349	source_reported
rna_seq:SRR34629318	stage	L4	local_project_metadata	sharepoint_2026-07-13_new439	source_reported
rna_seq:SRR34629318	tissue	whole animal	ena_sample	shared/metadata_sources/v2/ena_samples/chunk_010.xml	source_reported
rna_seq:SRR34629318	strain	N2	ena_sample	shared/metadata_sources/v2/ena_samples/chunk_010.xml	source_reported
rna_seq:SRR34629318	genotype	WT	provided_batch_table	sharepoint_2026-07-13_new439	source_reported
rna_seq:SRR34629318	condition	no selection	resolved_source_reported	ENA read_run:SRR34629318; sample:SAMN50086053; study:SRP602349	source_reported
rna_seq:SRR34629318	data_source	PRJNA1294194	provided_batch_table	sharepoint_2026-07-13_new439	source_reported
rna_seq:SRR34629318	study_title	Parental age selection in C. elegans influences progeny stress resistance capacity	ena_study	shared/metadata_sources/v2/ena_studies/chunk_000.xml	source_reported
rna_seq:SRR34629318	library_strategy	RNA-Seq	ena_read_run	ENA read_run:SRR34629318; sample:SAMN50086053; study:SRP602349	source_reported
rna_seq:SRR34629318	library_layout	PAIRED	ena_read_run	ENA read_run:SRR34629318; sample:SAMN50086053; study:SRP602349	source_reported
rna_seq:SRR34629319	stage	L4	local_project_metadata	sharepoint_2026-07-13_new439	source_reported
rna_seq:SRR34629319	tissue	whole animal	ena_sample	shared/metadata_sources/v2/ena_samples/chunk_010.xml	source_reported
rna_seq:SRR34629319	strain	N2	ena_sample	shared/metadata_sources/v2/ena_samples/chunk_010.xml	source_reported
rna_seq:SRR34629319	genotype	WT	provided_batch_table	sharepoint_2026-07-13_new439	source_reported
rna_seq:SRR34629319	condition	no selection	resolved_source_reported	ENA read_run:SRR34629319; sample:SAMN50086054; study:SRP602349	source_reported
rna_seq:SRR34629319	data_source	PRJNA1294194	provided_batch_table	sharepoint_2026-07-13_new439	source_reported
rna_seq:SRR34629319	study_title	Parental age selection in C. elegans influences progeny stress resistance capacity	ena_study	shared/metadata_sources/v2/ena_studies/chunk_000.xml	source_reported
rna_seq:SRR34629319	library_strategy	RNA-Seq	ena_read_run	ENA read_run:SRR34629319; sample:SAMN50086054; study:SRP602349	source_reported
rna_seq:SRR34629319	library_layout	PAIRED	ena_read_run	ENA read_run:SRR34629319; sample:SAMN50086054; study:SRP602349	source_reported
rna_seq:SRR34629320	stage	L4	local_project_metadata	sharepoint_2026-07-13_new439	source_reported
rna_seq:SRR34629320	tissue	whole animal	ena_sample	shared/metadata_sources/v2/ena_samples/chunk_010.xml	source_reported
rna_seq:SRR34629320	strain	N2	ena_sample	shared/metadata_sources/v2/ena_samples/chunk_010.xml	source_reported
rna_seq:SRR34629320	genotype	WT	provided_batch_table	sharepoint_2026-07-13_new439	source_reported
rna_seq:SRR34629320	condition	no selection	resolved_source_reported	ENA read_run:SRR34629320; sample:SAMN50086055; study:SRP602349	source_reported
rna_seq:SRR34629320	data_source	PRJNA1294194	provided_batch_table	sharepoint_2026-07-13_new439	source_reported
rna_seq:SRR34629320	study_title	Parental age selection in C. elegans influences progeny stress resistance capacity	ena_study	shared/metadata_sources/v2/ena_studies/chunk_000.xml	source_reported
rna_seq:SRR34629320	library_strategy	RNA-Seq	ena_read_run	ENA read_run:SRR34629320; sample:SAMN50086055; study:SRP602349	source_reported
rna_seq:SRR34629320	library_layout	PAIRED	ena_read_run	ENA read_run:SRR34629320; sample:SAMN50086055; study:SRP602349	source_reported
rna_seq:SRR3535753	stage	L2	local_project_metadata	sharepoint_2026-07-13_new439	source_reported
rna_seq:SRR3535753	stage	L2 larvae	ena_sample	shared/metadata_sources/v2/ena_samples/chunk_001.xml	source_reported
rna_seq:SRR3535753	tissue	whole animal	ena_sample	shared/metadata_sources/v2/ena_samples/chunk_001.xml	source_reported
rna_seq:SRR3535753	strain	N2	ena_sample	shared/metadata_sources/v2/ena_samples/chunk_001.xml	source_reported
rna_seq:SRR3535753	genotype	WT	provided_batch_table	sharepoint_2026-07-13_new439	source_reported
rna_seq:SRR3535753	data_source	PRJNA321849	provided_batch_table	sharepoint_2026-07-13_new439	source_reported
rna_seq:SRR3535753	study_title	RNA-seq analysis in C. elegans larval development and heat shock	ena_study	shared/metadata_sources/v2/ena_studies/chunk_000.xml	source_reported
rna_seq:SRR3535753	library_strategy	RNA-Seq	ena_read_run	ENA read_run:SRR3535753; sample:SAMN05004776; study:SRP075274	source_reported
rna_seq:SRR3535753	library_layout	SINGLE	ena_read_run	ENA read_run:SRR3535753; sample:SAMN05004776; study:SRP075274	source_reported
rna_seq:SRR3535754	stage	L2	local_project_metadata	sharepoint_2026-07-13_new439	source_reported
rna_seq:SRR3535754	stage	L2 larvae	ena_sample	shared/metadata_sources/v2/ena_samples/chunk_001.xml	source_reported
rna_seq:SRR3535754	tissue	whole animal	ena_sample	shared/metadata_sources/v2/ena_samples/chunk_001.xml	source_reported
rna_seq:SRR3535754	strain	N2	ena_sample	shared/metadata_sources/v2/ena_samples/chunk_001.xml	source_reported
rna_seq:SRR3535754	genotype	WT	provided_batch_table	sharepoint_2026-07-13_new439	source_reported
rna_seq:SRR3535754	data_source	PRJNA321849	provided_batch_table	sharepoint_2026-07-13_new439	source_reported
rna_seq:SRR3535754	study_title	RNA-seq analysis in C. elegans larval development and heat shock	ena_study	shared/metadata_sources/v2/ena_studies/chunk_000.xml	source_reported
rna_seq:SRR3535754	library_strategy	RNA-Seq	ena_read_run	ENA read_run:SRR3535754; sample:SAMN05004777; study:SRP075274	source_reported
rna_seq:SRR3535754	library_layout	SINGLE	ena_read_run	ENA read_run:SRR3535754; sample:SAMN05004777; study:SRP075274	source_reported
rna_seq:SRR3535755	stage	L2	local_project_metadata	sharepoint_2026-07-13_new439	source_reported
rna_seq:SRR3535755	stage	L2 larvae	ena_sample	shared/metadata_sources/v2/ena_samples/chunk_001.xml	source_reported
rna_seq:SRR3535755	tissue	whole animal	ena_sample	shared/metadata_sources/v2/ena_samples/chunk_001.xml	source_reported
rna_seq:SRR3535755	strain	N2	ena_sample	shared/metadata_sources/v2/ena_samples/chunk_001.xml	source_reported
rna_seq:SRR3535755	genotype	WT	provided_batch_table	sharepoint_2026-07-13_new439	source_reported
rna_seq:SRR3535755	data_source	PRJNA321849	provided_batch_table	sharepoint_2026-07-13_new439	source_reported
rna_seq:SRR3535755	study_title	RNA-seq analysis in C. elegans larval development and heat shock	ena_study	shared/metadata_sources/v2/ena_studies/chunk_000.xml	source_reported
rna_seq:SRR3535755	library_strategy	RNA-Seq	ena_read_run	ENA read_run:SRR3535755; sample:SAMN05004778; study:SRP075274	source_reported
rna_seq:SRR3535755	library_layout	SINGLE	ena_read_run	ENA read_run:SRR3535755; sample:SAMN05004778; study:SRP075274	source_reported
rna_seq:SRR3535756	stage	L2	local_project_metadata	sharepoint_2026-07-13_new439	source_reported
rna_seq:SRR3535756	stage	L2 larvae	ena_sample	shared/metadata_sources/v2/ena_samples/chunk_001.xml	source_reported
rna_seq:SRR3535756	tissue	whole animal	ena_sample	shared/metadata_sources/v2/ena_samples/chunk_001.xml	source_reported
rna_seq:SRR3535756	strain	N2	ena_sample	shared/metadata_sources/v2/ena_samples/chunk_001.xml	source_reported
rna_seq:SRR3535756	genotype	WT	provided_batch_table	sharepoint_2026-07-13_new439	source_reported
rna_seq:SRR3535756	data_source	PRJNA321849	provided_batch_table	sharepoint_2026-07-13_new439	source_reported
rna_seq:SRR3535756	study_title	RNA-seq analysis in C. elegans larval development and heat shock	ena_study	shared/metadata_sources/v2/ena_studies/chunk_000.xml	source_reported
rna_seq:SRR3535756	library_strategy	RNA-Seq	ena_read_run	ENA read_run:SRR3535756; sample:SAMN05004779; study:SRP075274	source_reported
rna_seq:SRR3535756	library_layout	SINGLE	ena_read_run	ENA read_run:SRR3535756; sample:SAMN05004779; study:SRP075274	source_reported
rna_seq:SRR3535757	stage	L2	local_project_metadata	sharepoint_2026-07-13_new439	source_reported
rna_seq:SRR3535757	stage	L2 larvae	ena_sample	shared/metadata_sources/v2/ena_samples/chunk_001.xml	source_reported
rna_seq:SRR3535757	tissue	whole animal	ena_sample	shared/metadata_sources/v2/ena_samples/chunk_001.xml	source_reported
rna_seq:SRR3535757	strain	N2	ena_sample	shared/metadata_sources/v2/ena_samples/chunk_001.xml	source_reported
rna_seq:SRR3535757	genotype	WT	provided_batch_table	sharepoint_2026-07-13_new439	source_reported
rna_seq:SRR3535757	data_source	PRJNA321849	provided_batch_table	sharepoint_2026-07-13_new439	source_reported
rna_seq:SRR3535757	study_title	RNA-seq analysis in C. elegans larval development and heat shock	ena_study	shared/metadata_sources/v2/ena_studies/chunk_000.xml	source_reported
rna_seq:SRR3535757	library_strategy	RNA-Seq	ena_read_run	ENA read_run:SRR3535757; sample:SAMN05004780; study:SRP075274	source_reported
rna_seq:SRR3535757	library_layout	SINGLE	ena_read_run	ENA read_run:SRR3535757; sample:SAMN05004780; study:SRP075274	source_reported
rna_seq:SRR3535758	stage	L2	local_project_metadata	sharepoint_2026-07-13_new439	source_reported
rna_seq:SRR3535758	stage	L2 larvae	ena_sample	shared/metadata_sources/v2/ena_samples/chunk_001.xml	source_reported
rna_seq:SRR3535758	tissue	whole animal	ena_sample	shared/metadata_sources/v2/ena_samples/chunk_001.xml	source_reported
rna_seq:SRR3535758	strain	N2	ena_sample	shared/metadata_sources/v2/ena_samples/chunk_001.xml	source_reported
rna_seq:SRR3535758	genotype	WT	provided_batch_table	sharepoint_2026-07-13_new439	source_reported
rna_seq:SRR3535758	data_source	PRJNA321849	provided_batch_table	sharepoint_2026-07-13_new439	source_reported
rna_seq:SRR3535758	study_title	RNA-seq analysis in C. elegans larval development and heat shock	ena_study	shared/metadata_sources/v2/ena_studies/chunk_000.xml	source_reported
rna_seq:SRR3535758	library_strategy	RNA-Seq	ena_read_run	ENA read_run:SRR3535758; sample:SAMN05004781; study:SRP075274	source_reported
rna_seq:SRR3535758	library_layout	SINGLE	ena_read_run	ENA read_run:SRR3535758; sample:SAMN05004781; study:SRP075274	source_reported
rna_seq:SRR3535777	stage	L2	local_project_metadata	sharepoint_2026-07-13_new439	source_reported
rna_seq:SRR3535777	stage	young adults	ena_sample	shared/metadata_sources/v2/ena_samples/chunk_001.xml	source_reported
rna_seq:SRR3535777	tissue	whole animal	ena_sample	shared/metadata_sources/v2/ena_samples/chunk_001.xml	source_reported
rna_seq:SRR3535777	strain	AM1061	ena_sample	shared/metadata_sources/v2/ena_samples/chunk_001.xml	source_reported
rna_seq:SRR3535777	genotype	mutated	provided_batch_table	sharepoint_2026-07-13_new439	source_reported
rna_seq:SRR3535777	data_source	PRJNA321849	provided_batch_table	sharepoint_2026-07-13_new439	source_reported
rna_seq:SRR3535777	study_title	ChIP-seq of HSF-1 and Pol II in C. elegans larval development and heat shock	ena_study	shared/metadata_sources/v2/ena_studies/chunk_000.xml	source_reported
rna_seq:SRR3535777	library_strategy	ChIP-Seq	ena_read_run	ENA read_run:SRR3535777; sample:SAMN05004797; study:SRP075275	source_reported
rna_seq:SRR3535777	library_layout	SINGLE	ena_read_run	ENA read_run:SRR3535777; sample:SAMN05004797; study:SRP075275	source_reported
rna_seq:SRR3535778	stage	L2	local_project_metadata	sharepoint_2026-07-13_new439	source_reported
rna_seq:SRR3535778	stage	L2 larvae	ena_sample	shared/metadata_sources/v2/ena_samples/chunk_001.xml	source_reported
rna_seq:SRR3535778	tissue	whole animal	ena_sample	shared/metadata_sources/v2/ena_samples/chunk_001.xml	source_reported
rna_seq:SRR3535778	strain	AM1061	ena_sample	shared/metadata_sources/v2/ena_samples/chunk_001.xml	source_reported
rna_seq:SRR3535778	genotype	mutated	provided_batch_table	sharepoint_2026-07-13_new439	source_reported
rna_seq:SRR3535778	data_source	PRJNA321849	provided_batch_table	sharepoint_2026-07-13_new439	source_reported
rna_seq:SRR3535778	study_title	ChIP-seq of HSF-1 and Pol II in C. elegans larval development and heat shock	ena_study	shared/metadata_sources/v2/ena_studies/chunk_000.xml	source_reported
rna_seq:SRR3535778	library_strategy	ChIP-Seq	ena_read_run	ENA read_run:SRR3535778; sample:SAMN05004798; study:SRP075275	source_reported
rna_seq:SRR3535778	library_layout	SINGLE	ena_read_run	ENA read_run:SRR3535778; sample:SAMN05004798; study:SRP075275	source_reported
rna_seq:SRR3535779	stage	L2	local_project_metadata	sharepoint_2026-07-13_new439	source_reported
rna_seq:SRR3535779	stage	young adults	ena_sample	shared/metadata_sources/v2/ena_samples/chunk_001.xml	source_reported
rna_seq:SRR3535779	tissue	whole animal	ena_sample	shared/metadata_sources/v2/ena_samples/chunk_001.xml	source_reported
rna_seq:SRR3535779	strain	AM1061	ena_sample	shared/metadata_sources/v2/ena_samples/chunk_001.xml	source_reported
rna_seq:SRR3535779	genotype	mutated	provided_batch_table	sharepoint_2026-07-13_new439	source_reported
rna_seq:SRR3535779	data_source	PRJNA321849	provided_batch_table	sharepoint_2026-07-13_new439	source_reported
rna_seq:SRR3535779	study_title	ChIP-seq of HSF-1 and Pol II in C. elegans larval development and heat shock	ena_study	shared/metadata_sources/v2/ena_studies/chunk_000.xml	source_reported
rna_seq:SRR3535779	library_strategy	ChIP-Seq	ena_read_run	ENA read_run:SRR3535779; sample:SAMN05004799; study:SRP075275	source_reported
rna_seq:SRR3535779	library_layout	SINGLE	ena_read_run	ENA read_run:SRR3535779; sample:SAMN05004799; study:SRP075275	source_reported
rna_seq:SRR3535780	stage	L2	local_project_metadata	sharepoint_2026-07-13_new439	source_reported
rna_seq:SRR3535780	stage	L2 larvae	ena_sample	shared/metadata_sources/v2/ena_samples/chunk_001.xml	source_reported
rna_seq:SRR3535780	tissue	whole animal	ena_sample	shared/metadata_sources/v2/ena_samples/chunk_001.xml	source_reported
rna_seq:SRR3535780	strain	N2	ena_sample	shared/metadata_sources/v2/ena_samples/chunk_001.xml	source_reported
rna_seq:SRR3535780	genotype	WT	provided_batch_table	sharepoint_2026-07-13_new439	source_reported
rna_seq:SRR3535780	data_source	PRJNA321849	provided_batch_table	sharepoint_2026-07-13_new439	source_reported
rna_seq:SRR3535780	study_title	RNA-seq analysis of hsf-1 mutant in C. elegans larval development	ena_study	shared/metadata_sources/v2/ena_studies/chunk_000.xml	source_reported
rna_seq:SRR3535780	library_strategy	RNA-Seq	ena_read_run	ENA read_run:SRR3535780; sample:SAMN05004801; study:SRP075276	source_reported
rna_seq:SRR3535780	library_layout	SINGLE	ena_read_run	ENA read_run:SRR3535780; sample:SAMN05004801; study:SRP075276	source_reported
rna_seq:SRR3535781	stage	L2	local_project_metadata	sharepoint_2026-07-13_new439	source_reported
rna_seq:SRR3535781	stage	L2 larvae	ena_sample	shared/metadata_sources/v2/ena_samples/chunk_001.xml	source_reported
rna_seq:SRR3535781	tissue	whole animal	ena_sample	shared/metadata_sources/v2/ena_samples/chunk_001.xml	source_reported
rna_seq:SRR3535781	strain	N2	ena_sample	shared/metadata_sources/v2/ena_samples/chunk_001.xml	source_reported
rna_seq:SRR3535781	genotype	WT	provided_batch_table	sharepoint_2026-07-13_new439	source_reported
rna_seq:SRR3535781	data_source	PRJNA321849	provided_batch_table	sharepoint_2026-07-13_new439	source_reported
rna_seq:SRR3535781	study_title	RNA-seq analysis of hsf-1 mutant in C. elegans larval development	ena_study	shared/metadata_sources/v2/ena_studies/chunk_000.xml	source_reported
rna_seq:SRR3535781	library_strategy	RNA-Seq	ena_read_run	ENA read_run:SRR3535781; sample:SAMN05004802; study:SRP075276	source_reported
rna_seq:SRR3535781	library_layout	SINGLE	ena_read_run	ENA read_run:SRR3535781; sample:SAMN05004802; study:SRP075276	source_reported
rna_seq:SRR3535782	stage	L2	local_project_metadata	sharepoint_2026-07-13_new439	source_reported
rna_seq:SRR3535782	stage	L2 larvae	ena_sample	shared/metadata_sources/v2/ena_samples/chunk_001.xml	source_reported
rna_seq:SRR3535782	tissue	whole animal	ena_sample	shared/metadata_sources/v2/ena_samples/chunk_001.xml	source_reported
rna_seq:SRR3535782	strain	N2	ena_sample	shared/metadata_sources/v2/ena_samples/chunk_001.xml	source_reported
rna_seq:SRR3535782	genotype	WT	provided_batch_table	sharepoint_2026-07-13_new439	source_reported
rna_seq:SRR3535782	data_source	PRJNA321849	provided_batch_table	sharepoint_2026-07-13_new439	source_reported
rna_seq:SRR3535782	study_title	RNA-seq analysis of hsf-1 mutant in C. elegans larval development	ena_study	shared/metadata_sources/v2/ena_studies/chunk_000.xml	source_reported
rna_seq:SRR3535782	library_strategy	RNA-Seq	ena_read_run	ENA read_run:SRR3535782; sample:SAMN05004802; study:SRP075276	source_reported
rna_seq:SRR3535782	library_layout	SINGLE	ena_read_run	ENA read_run:SRR3535782; sample:SAMN05004802; study:SRP075276	source_reported
rna_seq:SRR3535783	stage	L2	local_project_metadata	sharepoint_2026-07-13_new439	source_reported
rna_seq:SRR3535783	stage	L2 larvae	ena_sample	shared/metadata_sources/v2/ena_samples/chunk_001.xml	source_reported
rna_seq:SRR3535783	tissue	whole animal	ena_sample	shared/metadata_sources/v2/ena_samples/chunk_001.xml	source_reported
rna_seq:SRR3535783	strain	N2	ena_sample	shared/metadata_sources/v2/ena_samples/chunk_001.xml	source_reported
rna_seq:SRR3535783	genotype	WT	provided_batch_table	sharepoint_2026-07-13_new439	source_reported
rna_seq:SRR3535783	data_source	PRJNA321849	provided_batch_table	sharepoint_2026-07-13_new439	source_reported
rna_seq:SRR3535783	study_title	RNA-seq analysis of hsf-1 mutant in C. elegans larval development	ena_study	shared/metadata_sources/v2/ena_studies/chunk_000.xml	source_reported
rna_seq:SRR3535783	library_strategy	RNA-Seq	ena_read_run	ENA read_run:SRR3535783; sample:SAMN05004803; study:SRP075276	source_reported
rna_seq:SRR3535783	library_layout	SINGLE	ena_read_run	ENA read_run:SRR3535783; sample:SAMN05004803; study:SRP075276	source_reported
rna_seq:SRR3535784	stage	L2	local_project_metadata	sharepoint_2026-07-13_new439	source_reported
rna_seq:SRR3535784	stage	L2 larvae	ena_sample	shared/metadata_sources/v2/ena_samples/chunk_001.xml	source_reported
rna_seq:SRR3535784	tissue	whole animal	ena_sample	shared/metadata_sources/v2/ena_samples/chunk_001.xml	source_reported
rna_seq:SRR3535784	strain	N2	ena_sample	shared/metadata_sources/v2/ena_samples/chunk_001.xml	source_reported
rna_seq:SRR3535784	genotype	WT	provided_batch_table	sharepoint_2026-07-13_new439	source_reported
rna_seq:SRR3535784	data_source	PRJNA321849	provided_batch_table	sharepoint_2026-07-13_new439	source_reported
rna_seq:SRR3535784	study_title	RNA-seq analysis of hsf-1 mutant in C. elegans larval development	ena_study	shared/metadata_sources/v2/ena_studies/chunk_000.xml	source_reported
rna_seq:SRR3535784	library_strategy	RNA-Seq	ena_read_run	ENA read_run:SRR3535784; sample:SAMN05004803; study:SRP075276	source_reported
rna_seq:SRR3535784	library_layout	SINGLE	ena_read_run	ENA read_run:SRR3535784; sample:SAMN05004803; study:SRP075276	source_reported
rna_seq:SRR3535785	stage	L2	local_project_metadata	sharepoint_2026-07-13_new439	source_reported
rna_seq:SRR3535785	stage	L2 larvae	ena_sample	shared/metadata_sources/v2/ena_samples/chunk_001.xml	source_reported
rna_seq:SRR3535785	tissue	whole animal	ena_sample	shared/metadata_sources/v2/ena_samples/chunk_001.xml	source_reported
rna_seq:SRR3535785	strain	hsf-1(ok600)	ena_sample	shared/metadata_sources/v2/ena_samples/chunk_001.xml	source_reported
rna_seq:SRR3535785	genotype	mutated	provided_batch_table	sharepoint_2026-07-13_new439	source_reported
rna_seq:SRR3535785	data_source	PRJNA321849	provided_batch_table	sharepoint_2026-07-13_new439	source_reported
rna_seq:SRR3535785	study_title	RNA-seq analysis of hsf-1 mutant in C. elegans larval development	ena_study	shared/metadata_sources/v2/ena_studies/chunk_000.xml	source_reported
rna_seq:SRR3535785	library_strategy	RNA-Seq	ena_read_run	ENA read_run:SRR3535785; sample:SAMN05004804; study:SRP075276	source_reported
rna_seq:SRR3535785	library_layout	SINGLE	ena_read_run	ENA read_run:SRR3535785; sample:SAMN05004804; study:SRP075276	source_reported
rna_seq:SRR3535786	stage	L2	local_project_metadata	sharepoint_2026-07-13_new439	source_reported
rna_seq:SRR3535786	stage	L2 larvae	ena_sample	shared/metadata_sources/v2/ena_samples/chunk_001.xml	source_reported
rna_seq:SRR3535786	tissue	whole animal	ena_sample	shared/metadata_sources/v2/ena_samples/chunk_001.xml	source_reported
rna_seq:SRR3535786	strain	hsf-1(ok600)	ena_sample	shared/metadata_sources/v2/ena_samples/chunk_001.xml	source_reported
rna_seq:SRR3535786	genotype	mutated	provided_batch_table	sharepoint_2026-07-13_new439	source_reported
rna_seq:SRR3535786	data_source	PRJNA321849	provided_batch_table	sharepoint_2026-07-13_new439	source_reported
rna_seq:SRR3535786	study_title	RNA-seq analysis of hsf-1 mutant in C. elegans larval development	ena_study	shared/metadata_sources/v2/ena_studies/chunk_000.xml	source_reported
rna_seq:SRR3535786	library_strategy	RNA-Seq	ena_read_run	ENA read_run:SRR3535786; sample:SAMN05004804; study:SRP075276	source_reported
rna_seq:SRR3535786	library_layout	SINGLE	ena_read_run	ENA read_run:SRR3535786; sample:SAMN05004804; study:SRP075276	source_reported
rna_seq:SRR3535787	stage	L2	local_project_metadata	sharepoint_2026-07-13_new439	source_reported
rna_seq:SRR3535787	stage	L2 larvae	ena_sample	shared/metadata_sources/v2/ena_samples/chunk_001.xml	source_reported
rna_seq:SRR3535787	tissue	whole animal	ena_sample	shared/metadata_sources/v2/ena_samples/chunk_001.xml	source_reported
rna_seq:SRR3535787	strain	hsf-1(ok600)	ena_sample	shared/metadata_sources/v2/ena_samples/chunk_001.xml	source_reported
rna_seq:SRR3535787	genotype	mutated	provided_batch_table	sharepoint_2026-07-13_new439	source_reported
rna_seq:SRR3535787	data_source	PRJNA321849	provided_batch_table	sharepoint_2026-07-13_new439	source_reported
rna_seq:SRR3535787	study_title	RNA-seq analysis of hsf-1 mutant in C. elegans larval development	ena_study	shared/metadata_sources/v2/ena_studies/chunk_000.xml	source_reported
rna_seq:SRR3535787	library_strategy	RNA-Seq	ena_read_run	ENA read_run:SRR3535787; sample:SAMN05004805; study:SRP075276	source_reported
rna_seq:SRR3535787	library_layout	SINGLE	ena_read_run	ENA read_run:SRR3535787; sample:SAMN05004805; study:SRP075276	source_reported
rna_seq:SRR3535788	stage	L2	local_project_metadata	sharepoint_2026-07-13_new439	source_reported
rna_seq:SRR3535788	stage	L2 larvae	ena_sample	shared/metadata_sources/v2/ena_samples/chunk_001.xml	source_reported
rna_seq:SRR3535788	tissue	whole animal	ena_sample	shared/metadata_sources/v2/ena_samples/chunk_001.xml	source_reported
rna_seq:SRR3535788	strain	hsf-1(ok600)	ena_sample	shared/metadata_sources/v2/ena_samples/chunk_001.xml	source_reported
rna_seq:SRR3535788	genotype	mutated	provided_batch_table	sharepoint_2026-07-13_new439	source_reported
rna_seq:SRR3535788	data_source	PRJNA321849	provided_batch_table	sharepoint_2026-07-13_new439	source_reported
rna_seq:SRR3535788	study_title	RNA-seq analysis of hsf-1 mutant in C. elegans larval development	ena_study	shared/metadata_sources/v2/ena_studies/chunk_000.xml	source_reported
rna_seq:SRR3535788	library_strategy	RNA-Seq	ena_read_run	ENA read_run:SRR3535788; sample:SAMN05004805; study:SRP075276	source_reported
rna_seq:SRR3535788	library_layout	SINGLE	ena_read_run	ENA read_run:SRR3535788; sample:SAMN05004805; study:SRP075276	source_reported
rna_seq:SRR3535789	stage	L2	local_project_metadata	sharepoint_2026-07-13_new439	source_reported
rna_seq:SRR3535789	stage	L2 larvae	ena_sample	shared/metadata_sources/v2/ena_samples/chunk_001.xml	source_reported
rna_seq:SRR3535789	tissue	whole animal	ena_sample	shared/metadata_sources/v2/ena_samples/chunk_001.xml	source_reported
rna_seq:SRR3535789	strain	hsf-1(ok600)	ena_sample	shared/metadata_sources/v2/ena_samples/chunk_001.xml	source_reported
rna_seq:SRR3535789	genotype	mutated	provided_batch_table	sharepoint_2026-07-13_new439	source_reported
rna_seq:SRR3535789	data_source	PRJNA321849	provided_batch_table	sharepoint_2026-07-13_new439	source_reported
rna_seq:SRR3535789	study_title	RNA-seq analysis of hsf-1 mutant in C. elegans larval development	ena_study	shared/metadata_sources/v2/ena_studies/chunk_000.xml	source_reported
rna_seq:SRR3535789	library_strategy	RNA-Seq	ena_read_run	ENA read_run:SRR3535789; sample:SAMN05004806; study:SRP075276	source_reported
rna_seq:SRR3535789	library_layout	SINGLE	ena_read_run	ENA read_run:SRR3535789; sample:SAMN05004806; study:SRP075276	source_reported
rna_seq:SRR3535790	stage	L2	local_project_metadata	sharepoint_2026-07-13_new439	source_reported
rna_seq:SRR3535790	stage	L2 larvae	ena_sample	shared/metadata_sources/v2/ena_samples/chunk_001.xml	source_reported
rna_seq:SRR3535790	tissue	whole animal	ena_sample	shared/metadata_sources/v2/ena_samples/chunk_001.xml	source_reported
rna_seq:SRR3535790	strain	AM1061	ena_sample	shared/metadata_sources/v2/ena_samples/chunk_001.xml	source_reported
rna_seq:SRR3535790	genotype	mutated	provided_batch_table	sharepoint_2026-07-13_new439	source_reported
rna_seq:SRR3535790	data_source	PRJNA321849	provided_batch_table	sharepoint_2026-07-13_new439	source_reported
rna_seq:SRR3535790	study_title	RNA-seq analysis of hsf-1 mutant in C. elegans larval development	ena_study	shared/metadata_sources/v2/ena_studies/chunk_000.xml	source_reported
rna_seq:SRR3535790	library_strategy	RNA-Seq	ena_read_run	ENA read_run:SRR3535790; sample:SAMN05004800; study:SRP075276	source_reported
rna_seq:SRR3535790	library_layout	SINGLE	ena_read_run	ENA read_run:SRR3535790; sample:SAMN05004800; study:SRP075276	source_reported
rna_seq:SRR3535791	stage	L2	local_project_metadata	sharepoint_2026-07-13_new439	source_reported
rna_seq:SRR3535791	stage	L2 larvae	ena_sample	shared/metadata_sources/v2/ena_samples/chunk_001.xml	source_reported
rna_seq:SRR3535791	tissue	whole animal	ena_sample	shared/metadata_sources/v2/ena_samples/chunk_001.xml	source_reported
rna_seq:SRR3535791	strain	AM1061	ena_sample	shared/metadata_sources/v2/ena_samples/chunk_001.xml	source_reported
rna_seq:SRR3535791	genotype	mutated	provided_batch_table	sharepoint_2026-07-13_new439	source_reported
rna_seq:SRR3535791	data_source	PRJNA321849	provided_batch_table	sharepoint_2026-07-13_new439	source_reported
rna_seq:SRR3535791	study_title	RNA-seq analysis of hsf-1 mutant in C. elegans larval development	ena_study	shared/metadata_sources/v2/ena_studies/chunk_000.xml	source_reported
rna_seq:SRR3535791	library_strategy	RNA-Seq	ena_read_run	ENA read_run:SRR3535791; sample:SAMN05004807; study:SRP075276	source_reported
rna_seq:SRR3535791	library_layout	SINGLE	ena_read_run	ENA read_run:SRR3535791; sample:SAMN05004807; study:SRP075276	source_reported
rna_seq:SRR3535792	stage	L2	local_project_metadata	sharepoint_2026-07-13_new439	source_reported
rna_seq:SRR3535792	stage	L2 larvae	ena_sample	shared/metadata_sources/v2/ena_samples/chunk_001.xml	source_reported
rna_seq:SRR3535792	tissue	whole animal	ena_sample	shared/metadata_sources/v2/ena_samples/chunk_001.xml	source_reported
rna_seq:SRR3535792	strain	AM1061	ena_sample	shared/metadata_sources/v2/ena_samples/chunk_001.xml	source_reported
rna_seq:SRR3535792	genotype	mutated	provided_batch_table	sharepoint_2026-07-13_new439	source_reported
rna_seq:SRR3535792	data_source	PRJNA321849	provided_batch_table	sharepoint_2026-07-13_new439	source_reported
rna_seq:SRR3535792	study_title	RNA-seq analysis of hsf-1 mutant in C. elegans larval development	ena_study	shared/metadata_sources/v2/ena_studies/chunk_000.xml	source_reported
rna_seq:SRR3535792	library_strategy	RNA-Seq	ena_read_run	ENA read_run:SRR3535792; sample:SAMN05004807; study:SRP075276	source_reported
rna_seq:SRR3535792	library_layout	SINGLE	ena_read_run	ENA read_run:SRR3535792; sample:SAMN05004807; study:SRP075276	source_reported
rna_seq:SRR3535793	stage	L2	local_project_metadata	sharepoint_2026-07-13_new439	source_reported
rna_seq:SRR3535793	stage	L2 larvae	ena_sample	shared/metadata_sources/v2/ena_samples/chunk_001.xml	source_reported
rna_seq:SRR3535793	tissue	whole animal	ena_sample	shared/metadata_sources/v2/ena_samples/chunk_001.xml	source_reported
rna_seq:SRR3535793	strain	AM1061	ena_sample	shared/metadata_sources/v2/ena_samples/chunk_001.xml	source_reported
rna_seq:SRR3535793	genotype	mutated	provided_batch_table	sharepoint_2026-07-13_new439	source_reported
rna_seq:SRR3535793	data_source	PRJNA321849	provided_batch_table	sharepoint_2026-07-13_new439	source_reported
rna_seq:SRR3535793	study_title	RNA-seq analysis of hsf-1 mutant in C. elegans larval development	ena_study	shared/metadata_sources/v2/ena_studies/chunk_000.xml	source_reported
rna_seq:SRR3535793	library_strategy	RNA-Seq	ena_read_run	ENA read_run:SRR3535793; sample:SAMN05004808; study:SRP075276	source_reported
rna_seq:SRR3535793	library_layout	SINGLE	ena_read_run	ENA read_run:SRR3535793; sample:SAMN05004808; study:SRP075276	source_reported
rna_seq:SRR36521011	stage	L4	local_project_metadata	sharepoint_2026-07-13_new439	source_reported
rna_seq:SRR36521011	stage	L4	ena_sample	shared/metadata_sources/v2/ena_samples/chunk_010.xml	source_reported
rna_seq:SRR36521011	tissue	whole animal	ena_sample	shared/metadata_sources/v2/ena_samples/chunk_010.xml	source_reported
rna_seq:SRR36521011	strain	IVR10-2014	ena_sample	shared/metadata_sources/v2/ena_samples/chunk_010.xml	source_reported
rna_seq:SRR36521011	genotype	treated	provided_batch_table	sharepoint_2026-07-13_new439	source_reported
rna_seq:SRR36521011	data_source	PRJNA1391406	provided_batch_table	sharepoint_2026-07-13_new439	source_reported
rna_seq:SRR36521011	study_title	Gene expression of three ivermectin selected resistant Caenorhabditis elegans strains compared to the susceptible N2 strain	ena_study	shared/metadata_sources/v2/ena_studies/chunk_000.xml	source_reported
rna_seq:SRR36521011	library_strategy	RNA-Seq	ena_read_run	ENA read_run:SRR36521011; sample:SAMN54218869; study:SRP656738	source_reported
rna_seq:SRR36521011	library_layout	PAIRED	ena_read_run	ENA read_run:SRR36521011; sample:SAMN54218869; study:SRP656738	source_reported
rna_seq:SRR36521012	stage	L4	local_project_metadata	sharepoint_2026-07-13_new439	source_reported
rna_seq:SRR36521012	stage	L4	ena_sample	shared/metadata_sources/v2/ena_samples/chunk_010.xml	source_reported
rna_seq:SRR36521012	tissue	whole animal	ena_sample	shared/metadata_sources/v2/ena_samples/chunk_010.xml	source_reported
rna_seq:SRR36521012	strain	IVR10-2022	ena_sample	shared/metadata_sources/v2/ena_samples/chunk_010.xml	source_reported
rna_seq:SRR36521012	genotype	treated	provided_batch_table	sharepoint_2026-07-13_new439	source_reported
rna_seq:SRR36521012	data_source	PRJNA1391406	provided_batch_table	sharepoint_2026-07-13_new439	source_reported
rna_seq:SRR36521012	study_title	Gene expression of three ivermectin selected resistant Caenorhabditis elegans strains compared to the susceptible N2 strain	ena_study	shared/metadata_sources/v2/ena_studies/chunk_000.xml	source_reported
rna_seq:SRR36521012	library_strategy	RNA-Seq	ena_read_run	ENA read_run:SRR36521012; sample:SAMN54218870; study:SRP656738	source_reported
rna_seq:SRR36521012	library_layout	PAIRED	ena_read_run	ENA read_run:SRR36521012; sample:SAMN54218870; study:SRP656738	source_reported
rna_seq:SRR36521013	stage	L4	local_project_metadata	sharepoint_2026-07-13_new439	source_reported
rna_seq:SRR36521013	stage	L4	ena_sample	shared/metadata_sources/v2/ena_samples/chunk_010.xml	source_reported
rna_seq:SRR36521013	tissue	whole animal	ena_sample	shared/metadata_sources/v2/ena_samples/chunk_010.xml	source_reported
rna_seq:SRR36521013	strain	IVR10-2009	ena_sample	shared/metadata_sources/v2/ena_samples/chunk_010.xml	source_reported
rna_seq:SRR36521013	genotype	treated	provided_batch_table	sharepoint_2026-07-13_new439	source_reported
rna_seq:SRR36521013	data_source	PRJNA1391406	provided_batch_table	sharepoint_2026-07-13_new439	source_reported
rna_seq:SRR36521013	study_title	Gene expression of three ivermectin selected resistant Caenorhabditis elegans strains compared to the susceptible N2 strain	ena_study	shared/metadata_sources/v2/ena_studies/chunk_000.xml	source_reported
rna_seq:SRR36521013	library_strategy	RNA-Seq	ena_read_run	ENA read_run:SRR36521013; sample:SAMN54218871; study:SRP656738	source_reported
rna_seq:SRR36521013	library_layout	PAIRED	ena_read_run	ENA read_run:SRR36521013; sample:SAMN54218871; study:SRP656738	source_reported
rna_seq:SRR36521014	stage	L4	local_project_metadata	sharepoint_2026-07-13_new439	source_reported
rna_seq:SRR36521014	stage	L4	ena_sample	shared/metadata_sources/v2/ena_samples/chunk_010.xml	source_reported
rna_seq:SRR36521014	tissue	whole animal	ena_sample	shared/metadata_sources/v2/ena_samples/chunk_010.xml	source_reported
rna_seq:SRR36521014	strain	N2B	ena_sample	shared/metadata_sources/v2/ena_samples/chunk_010.xml	source_reported
rna_seq:SRR36521014	genotype	WT	provided_batch_table	sharepoint_2026-07-13_new439	source_reported
rna_seq:SRR36521014	data_source	PRJNA1391406	provided_batch_table	sharepoint_2026-07-13_new439	source_reported
rna_seq:SRR36521014	study_title	Gene expression of three ivermectin selected resistant Caenorhabditis elegans strains compared to the susceptible N2 strain	ena_study	shared/metadata_sources/v2/ena_studies/chunk_000.xml	source_reported
rna_seq:SRR36521014	library_strategy	RNA-Seq	ena_read_run	ENA read_run:SRR36521014; sample:SAMN54218872; study:SRP656738	source_reported
rna_seq:SRR36521014	library_layout	PAIRED	ena_read_run	ENA read_run:SRR36521014; sample:SAMN54218872; study:SRP656738	source_reported
rna_seq:SRR36521015	stage	L4	local_project_metadata	sharepoint_2026-07-13_new439	source_reported
rna_seq:SRR36521015	stage	L4	ena_sample	shared/metadata_sources/v2/ena_samples/chunk_010.xml	source_reported
rna_seq:SRR36521015	tissue	whole animal	ena_sample	shared/metadata_sources/v2/ena_samples/chunk_010.xml	source_reported
rna_seq:SRR36521015	strain	IVR10-2014	ena_sample	shared/metadata_sources/v2/ena_samples/chunk_010.xml	source_reported
rna_seq:SRR36521015	genotype	treated	provided_batch_table	sharepoint_2026-07-13_new439	source_reported
rna_seq:SRR36521015	data_source	PRJNA1391406	provided_batch_table	sharepoint_2026-07-13_new439	source_reported
rna_seq:SRR36521015	study_title	Gene expression of three ivermectin selected resistant Caenorhabditis elegans strains compared to the susceptible N2 strain	ena_study	shared/metadata_sources/v2/ena_studies/chunk_000.xml	source_reported
rna_seq:SRR36521015	library_strategy	RNA-Seq	ena_read_run	ENA read_run:SRR36521015; sample:SAMN54218873; study:SRP656738	source_reported
rna_seq:SRR36521015	library_layout	PAIRED	ena_read_run	ENA read_run:SRR36521015; sample:SAMN54218873; study:SRP656738	source_reported
rna_seq:SRR36521016	stage	L4	local_project_metadata	sharepoint_2026-07-13_new439	source_reported
rna_seq:SRR36521016	stage	L4	ena_sample	shared/metadata_sources/v2/ena_samples/chunk_010.xml	source_reported
rna_seq:SRR36521016	tissue	whole animal	ena_sample	shared/metadata_sources/v2/ena_samples/chunk_010.xml	source_reported
rna_seq:SRR36521016	strain	IVR10-2022	ena_sample	shared/metadata_sources/v2/ena_samples/chunk_010.xml	source_reported
rna_seq:SRR36521016	genotype	treated	provided_batch_table	sharepoint_2026-07-13_new439	source_reported
rna_seq:SRR36521016	data_source	PRJNA1391406	provided_batch_table	sharepoint_2026-07-13_new439	source_reported
rna_seq:SRR36521016	study_title	Gene expression of three ivermectin selected resistant Caenorhabditis elegans strains compared to the susceptible N2 strain	ena_study	shared/metadata_sources/v2/ena_studies/chunk_000.xml	source_reported
rna_seq:SRR36521016	library_strategy	RNA-Seq	ena_read_run	ENA read_run:SRR36521016; sample:SAMN54218874; study:SRP656738	source_reported
rna_seq:SRR36521016	library_layout	PAIRED	ena_read_run	ENA read_run:SRR36521016; sample:SAMN54218874; study:SRP656738	source_reported
rna_seq:SRR36521017	stage	L4	local_project_metadata	sharepoint_2026-07-13_new439	source_reported
rna_seq:SRR36521017	stage	L4	ena_sample	shared/metadata_sources/v2/ena_samples/chunk_010.xml	source_reported
rna_seq:SRR36521017	tissue	whole animal	ena_sample	shared/metadata_sources/v2/ena_samples/chunk_010.xml	source_reported
rna_seq:SRR36521017	strain	IVR10-2009	ena_sample	shared/metadata_sources/v2/ena_samples/chunk_010.xml	source_reported
rna_seq:SRR36521017	genotype	treated	provided_batch_table	sharepoint_2026-07-13_new439	source_reported
rna_seq:SRR36521017	data_source	PRJNA1391406	provided_batch_table	sharepoint_2026-07-13_new439	source_reported
rna_seq:SRR36521017	study_title	Gene expression of three ivermectin selected resistant Caenorhabditis elegans strains compared to the susceptible N2 strain	ena_study	shared/metadata_sources/v2/ena_studies/chunk_000.xml	source_reported
rna_seq:SRR36521017	library_strategy	RNA-Seq	ena_read_run	ENA read_run:SRR36521017; sample:SAMN54218875; study:SRP656738	source_reported
rna_seq:SRR36521017	library_layout	PAIRED	ena_read_run	ENA read_run:SRR36521017; sample:SAMN54218875; study:SRP656738	source_reported
rna_seq:SRR36521018	stage	L4	local_project_metadata	sharepoint_2026-07-13_new439	source_reported
rna_seq:SRR36521018	stage	L4	ena_sample	shared/metadata_sources/v2/ena_samples/chunk_010.xml	source_reported
rna_seq:SRR36521018	tissue	whole animal	ena_sample	shared/metadata_sources/v2/ena_samples/chunk_010.xml	source_reported
rna_seq:SRR36521018	strain	N2B	ena_sample	shared/metadata_sources/v2/ena_samples/chunk_010.xml	source_reported
rna_seq:SRR36521018	genotype	WT	provided_batch_table	sharepoint_2026-07-13_new439	source_reported
rna_seq:SRR36521018	data_source	PRJNA1391406	provided_batch_table	sharepoint_2026-07-13_new439	source_reported
rna_seq:SRR36521018	study_title	Gene expression of three ivermectin selected resistant Caenorhabditis elegans strains compared to the susceptible N2 strain	ena_study	shared/metadata_sources/v2/ena_studies/chunk_000.xml	source_reported
rna_seq:SRR36521018	library_strategy	RNA-Seq	ena_read_run	ENA read_run:SRR36521018; sample:SAMN54218876; study:SRP656738	source_reported
rna_seq:SRR36521018	library_layout	PAIRED	ena_read_run	ENA read_run:SRR36521018; sample:SAMN54218876; study:SRP656738	source_reported
rna_seq:SRR36521019	stage	L4	local_project_metadata	sharepoint_2026-07-13_new439	source_reported
rna_seq:SRR36521019	stage	L4	ena_sample	shared/metadata_sources/v2/ena_samples/chunk_010.xml	source_reported
rna_seq:SRR36521019	tissue	whole animal	ena_sample	shared/metadata_sources/v2/ena_samples/chunk_010.xml	source_reported
rna_seq:SRR36521019	strain	IVR10-2014	ena_sample	shared/metadata_sources/v2/ena_samples/chunk_010.xml	source_reported
rna_seq:SRR36521019	genotype	treated	provided_batch_table	sharepoint_2026-07-13_new439	source_reported
rna_seq:SRR36521019	data_source	PRJNA1391406	provided_batch_table	sharepoint_2026-07-13_new439	source_reported
rna_seq:SRR36521019	study_title	Gene expression of three ivermectin selected resistant Caenorhabditis elegans strains compared to the susceptible N2 strain	ena_study	shared/metadata_sources/v2/ena_studies/chunk_000.xml	source_reported
rna_seq:SRR36521019	library_strategy	RNA-Seq	ena_read_run	ENA read_run:SRR36521019; sample:SAMN54218877; study:SRP656738	source_reported
rna_seq:SRR36521019	library_layout	PAIRED	ena_read_run	ENA read_run:SRR36521019; sample:SAMN54218877; study:SRP656738	source_reported
rna_seq:SRR36521020	stage	L4	local_project_metadata	sharepoint_2026-07-13_new439	source_reported
rna_seq:SRR36521020	stage	L4	ena_sample	shared/metadata_sources/v2/ena_samples/chunk_010.xml	source_reported
rna_seq:SRR36521020	tissue	whole animal	ena_sample	shared/metadata_sources/v2/ena_samples/chunk_010.xml	source_reported
rna_seq:SRR36521020	strain	IVR10-2022	ena_sample	shared/metadata_sources/v2/ena_samples/chunk_010.xml	source_reported
rna_seq:SRR36521020	genotype	treated	provided_batch_table	sharepoint_2026-07-13_new439	source_reported
rna_seq:SRR36521020	data_source	PRJNA1391406	provided_batch_table	sharepoint_2026-07-13_new439	source_reported
rna_seq:SRR36521020	study_title	Gene expression of three ivermectin selected resistant Caenorhabditis elegans strains compared to the susceptible N2 strain	ena_study	shared/metadata_sources/v2/ena_studies/chunk_000.xml	source_reported
rna_seq:SRR36521020	library_strategy	RNA-Seq	ena_read_run	ENA read_run:SRR36521020; sample:SAMN54218878; study:SRP656738	source_reported
rna_seq:SRR36521020	library_layout	PAIRED	ena_read_run	ENA read_run:SRR36521020; sample:SAMN54218878; study:SRP656738	source_reported
rna_seq:SRR36521021	stage	L4	local_project_metadata	sharepoint_2026-07-13_new439	source_reported
rna_seq:SRR36521021	stage	L4	ena_sample	shared/metadata_sources/v2/ena_samples/chunk_010.xml	source_reported
rna_seq:SRR36521021	tissue	whole animal	ena_sample	shared/metadata_sources/v2/ena_samples/chunk_010.xml	source_reported
rna_seq:SRR36521021	strain	IVR10-2009	ena_sample	shared/metadata_sources/v2/ena_samples/chunk_010.xml	source_reported
rna_seq:SRR36521021	genotype	treated	provided_batch_table	sharepoint_2026-07-13_new439	source_reported
rna_seq:SRR36521021	data_source	PRJNA1391406	provided_batch_table	sharepoint_2026-07-13_new439	source_reported
rna_seq:SRR36521021	study_title	Gene expression of three ivermectin selected resistant Caenorhabditis elegans strains compared to the susceptible N2 strain	ena_study	shared/metadata_sources/v2/ena_studies/chunk_000.xml	source_reported
rna_seq:SRR36521021	library_strategy	RNA-Seq	ena_read_run	ENA read_run:SRR36521021; sample:SAMN54218879; study:SRP656738	source_reported
rna_seq:SRR36521021	library_layout	PAIRED	ena_read_run	ENA read_run:SRR36521021; sample:SAMN54218879; study:SRP656738	source_reported
rna_seq:SRR36521022	stage	L4	local_project_metadata	sharepoint_2026-07-13_new439	source_reported
rna_seq:SRR36521022	stage	L4	ena_sample	shared/metadata_sources/v2/ena_samples/chunk_010.xml	source_reported
rna_seq:SRR36521022	tissue	whole animal	ena_sample	shared/metadata_sources/v2/ena_samples/chunk_010.xml	source_reported
rna_seq:SRR36521022	strain	N2B	ena_sample	shared/metadata_sources/v2/ena_samples/chunk_010.xml	source_reported
rna_seq:SRR36521022	genotype	WT	provided_batch_table	sharepoint_2026-07-13_new439	source_reported
rna_seq:SRR36521022	data_source	PRJNA1391406	provided_batch_table	sharepoint_2026-07-13_new439	source_reported
rna_seq:SRR36521022	study_title	Gene expression of three ivermectin selected resistant Caenorhabditis elegans strains compared to the susceptible N2 strain	ena_study	shared/metadata_sources/v2/ena_studies/chunk_000.xml	source_reported
rna_seq:SRR36521022	library_strategy	RNA-Seq	ena_read_run	ENA read_run:SRR36521022; sample:SAMN54218880; study:SRP656738	source_reported
rna_seq:SRR36521022	library_layout	PAIRED	ena_read_run	ENA read_run:SRR36521022; sample:SAMN54218880; study:SRP656738	source_reported
rna_seq:SRR3657224	stage	L3	local_project_metadata	sharepoint_2026-07-13_new439	source_reported
rna_seq:SRR3657224	sex	hermaphrodite	ena_sample	shared/metadata_sources/v2/ena_samples/chunk_001.xml	source_reported
rna_seq:SRR3657224	strain	him-5	ena_sample	shared/metadata_sources/v2/ena_samples/chunk_001.xml	source_reported
rna_seq:SRR3657224	genotype	mutated	provided_batch_table	sharepoint_2026-07-13_new439	source_reported
rna_seq:SRR3657224	data_source	PRJNA325295	provided_batch_table	sharepoint_2026-07-13_new439	source_reported
rna_seq:SRR3657224	study_title	Developmental transcriptomes of the two sexes in Caenorhabditis elegans during sexual maturation	ena_study	shared/metadata_sources/v2/ena_studies/chunk_000.xml	source_reported
rna_seq:SRR3657224	library_strategy	RNA-Seq	ena_read_run	ENA read_run:SRR3657224; sample:SAMN05225444; study:SRP076415	source_reported
rna_seq:SRR3657224	library_layout	SINGLE	ena_read_run	ENA read_run:SRR3657224; sample:SAMN05225444; study:SRP076415	source_reported
rna_seq:SRR3657225	stage	L4	local_project_metadata	sharepoint_2026-07-13_new439	source_reported
rna_seq:SRR3657225	sex	hermaphrodite	ena_sample	shared/metadata_sources/v2/ena_samples/chunk_001.xml	source_reported
rna_seq:SRR3657225	strain	him-5	ena_sample	shared/metadata_sources/v2/ena_samples/chunk_001.xml	source_reported
rna_seq:SRR3657225	genotype	mutated	provided_batch_table	sharepoint_2026-07-13_new439	source_reported
rna_seq:SRR3657225	data_source	PRJNA325295	provided_batch_table	sharepoint_2026-07-13_new439	source_reported
rna_seq:SRR3657225	study_title	Developmental transcriptomes of the two sexes in Caenorhabditis elegans during sexual maturation	ena_study	shared/metadata_sources/v2/ena_studies/chunk_000.xml	source_reported
rna_seq:SRR3657225	library_strategy	RNA-Seq	ena_read_run	ENA read_run:SRR3657225; sample:SAMN05225445; study:SRP076415	source_reported
rna_seq:SRR3657225	library_layout	SINGLE	ena_read_run	ENA read_run:SRR3657225; sample:SAMN05225445; study:SRP076415	source_reported
rna_seq:SRR3657226	stage	L4	local_project_metadata	sharepoint_2026-07-13_new439	source_reported
rna_seq:SRR3657226	sex	hermaphrodite	ena_sample	shared/metadata_sources/v2/ena_samples/chunk_001.xml	source_reported
rna_seq:SRR3657226	strain	him-5	ena_sample	shared/metadata_sources/v2/ena_samples/chunk_001.xml	source_reported
rna_seq:SRR3657226	genotype	mutated	provided_batch_table	sharepoint_2026-07-13_new439	source_reported
rna_seq:SRR3657226	data_source	PRJNA325295	provided_batch_table	sharepoint_2026-07-13_new439	source_reported
rna_seq:SRR3657226	study_title	Developmental transcriptomes of the two sexes in Caenorhabditis elegans during sexual maturation	ena_study	shared/metadata_sources/v2/ena_studies/chunk_000.xml	source_reported
rna_seq:SRR3657226	library_strategy	RNA-Seq	ena_read_run	ENA read_run:SRR3657226; sample:SAMN05225446; study:SRP076415	source_reported
rna_seq:SRR3657226	library_layout	SINGLE	ena_read_run	ENA read_run:SRR3657226; sample:SAMN05225446; study:SRP076415	source_reported
rna_seq:SRR3657227	stage	Young Adult	local_project_metadata	sharepoint_2026-07-13_new439	source_reported
rna_seq:SRR3657227	sex	hermaphrodite	ena_sample	shared/metadata_sources/v2/ena_samples/chunk_001.xml	source_reported
rna_seq:SRR3657227	strain	him-5	ena_sample	shared/metadata_sources/v2/ena_samples/chunk_001.xml	source_reported
rna_seq:SRR3657227	genotype	mutated	provided_batch_table	sharepoint_2026-07-13_new439	source_reported
rna_seq:SRR3657227	data_source	PRJNA325295	provided_batch_table	sharepoint_2026-07-13_new439	source_reported
rna_seq:SRR3657227	study_title	Developmental transcriptomes of the two sexes in Caenorhabditis elegans during sexual maturation	ena_study	shared/metadata_sources/v2/ena_studies/chunk_000.xml	source_reported
rna_seq:SRR3657227	library_strategy	RNA-Seq	ena_read_run	ENA read_run:SRR3657227; sample:SAMN05225447; study:SRP076415	source_reported
rna_seq:SRR3657227	library_layout	SINGLE	ena_read_run	ENA read_run:SRR3657227; sample:SAMN05225447; study:SRP076415	source_reported
rna_seq:SRR3657228	stage	Young Adult	local_project_metadata	sharepoint_2026-07-13_new439	source_reported
rna_seq:SRR3657228	sex	hermaphrodite	ena_sample	shared/metadata_sources/v2/ena_samples/chunk_001.xml	source_reported
rna_seq:SRR3657228	strain	him-5	ena_sample	shared/metadata_sources/v2/ena_samples/chunk_001.xml	source_reported
rna_seq:SRR3657228	genotype	mutated	provided_batch_table	sharepoint_2026-07-13_new439	source_reported
rna_seq:SRR3657228	data_source	PRJNA325295	provided_batch_table	sharepoint_2026-07-13_new439	source_reported
rna_seq:SRR3657228	study_title	Developmental transcriptomes of the two sexes in Caenorhabditis elegans during sexual maturation	ena_study	shared/metadata_sources/v2/ena_studies/chunk_000.xml	source_reported
rna_seq:SRR3657228	library_strategy	RNA-Seq	ena_read_run	ENA read_run:SRR3657228; sample:SAMN05225448; study:SRP076415	source_reported
rna_seq:SRR3657228	library_layout	SINGLE	ena_read_run	ENA read_run:SRR3657228; sample:SAMN05225448; study:SRP076415	source_reported
rna_seq:SRR3657229	stage	L3	local_project_metadata	sharepoint_2026-07-13_new439	source_reported
rna_seq:SRR3657229	sex	male	ena_sample	shared/metadata_sources/v2/ena_samples/chunk_001.xml	source_reported
rna_seq:SRR3657229	strain	him-5	ena_sample	shared/metadata_sources/v2/ena_samples/chunk_001.xml	source_reported
rna_seq:SRR3657229	genotype	mutated	provided_batch_table	sharepoint_2026-07-13_new439	source_reported
rna_seq:SRR3657229	data_source	PRJNA325295	provided_batch_table	sharepoint_2026-07-13_new439	source_reported
rna_seq:SRR3657229	study_title	Developmental transcriptomes of the two sexes in Caenorhabditis elegans during sexual maturation	ena_study	shared/metadata_sources/v2/ena_studies/chunk_000.xml	source_reported
rna_seq:SRR3657229	library_strategy	RNA-Seq	ena_read_run	ENA read_run:SRR3657229; sample:SAMN05225449; study:SRP076415	source_reported
rna_seq:SRR3657229	library_layout	SINGLE	ena_read_run	ENA read_run:SRR3657229; sample:SAMN05225449; study:SRP076415	source_reported
rna_seq:SRR3657230	stage	L4	local_project_metadata	sharepoint_2026-07-13_new439	source_reported
rna_seq:SRR3657230	sex	male	ena_sample	shared/metadata_sources/v2/ena_samples/chunk_001.xml	source_reported
rna_seq:SRR3657230	strain	him-5	ena_sample	shared/metadata_sources/v2/ena_samples/chunk_001.xml	source_reported
rna_seq:SRR3657230	genotype	mutated	provided_batch_table	sharepoint_2026-07-13_new439	source_reported
rna_seq:SRR3657230	data_source	PRJNA325295	provided_batch_table	sharepoint_2026-07-13_new439	source_reported
rna_seq:SRR3657230	study_title	Developmental transcriptomes of the two sexes in Caenorhabditis elegans during sexual maturation	ena_study	shared/metadata_sources/v2/ena_studies/chunk_000.xml	source_reported
rna_seq:SRR3657230	library_strategy	RNA-Seq	ena_read_run	ENA read_run:SRR3657230; sample:SAMN05225450; study:SRP076415	source_reported
rna_seq:SRR3657230	library_layout	SINGLE	ena_read_run	ENA read_run:SRR3657230; sample:SAMN05225450; study:SRP076415	source_reported
rna_seq:SRR3657231	stage	L4	local_project_metadata	sharepoint_2026-07-13_new439	source_reported
rna_seq:SRR3657231	sex	male	ena_sample	shared/metadata_sources/v2/ena_samples/chunk_001.xml	source_reported
rna_seq:SRR3657231	strain	him-5	ena_sample	shared/metadata_sources/v2/ena_samples/chunk_001.xml	source_reported
rna_seq:SRR3657231	genotype	mutated	provided_batch_table	sharepoint_2026-07-13_new439	source_reported
rna_seq:SRR3657231	data_source	PRJNA325295	provided_batch_table	sharepoint_2026-07-13_new439	source_reported
rna_seq:SRR3657231	study_title	Developmental transcriptomes of the two sexes in Caenorhabditis elegans during sexual maturation	ena_study	shared/metadata_sources/v2/ena_studies/chunk_000.xml	source_reported
rna_seq:SRR3657231	library_strategy	RNA-Seq	ena_read_run	ENA read_run:SRR3657231; sample:SAMN05225451; study:SRP076415	source_reported
rna_seq:SRR3657231	library_layout	SINGLE	ena_read_run	ENA read_run:SRR3657231; sample:SAMN05225451; study:SRP076415	source_reported
rna_seq:SRR3657232	stage	Young Adult	local_project_metadata	sharepoint_2026-07-13_new439	source_reported
rna_seq:SRR3657232	sex	male	ena_sample	shared/metadata_sources/v2/ena_samples/chunk_001.xml	source_reported
rna_seq:SRR3657232	strain	him-5	ena_sample	shared/metadata_sources/v2/ena_samples/chunk_001.xml	source_reported
rna_seq:SRR3657232	genotype	mutated	provided_batch_table	sharepoint_2026-07-13_new439	source_reported
rna_seq:SRR3657232	data_source	PRJNA325295	provided_batch_table	sharepoint_2026-07-13_new439	source_reported
rna_seq:SRR3657232	study_title	Developmental transcriptomes of the two sexes in Caenorhabditis elegans during sexual maturation	ena_study	shared/metadata_sources/v2/ena_studies/chunk_000.xml	source_reported
rna_seq:SRR3657232	library_strategy	RNA-Seq	ena_read_run	ENA read_run:SRR3657232; sample:SAMN05225452; study:SRP076415	source_reported
rna_seq:SRR3657232	library_layout	SINGLE	ena_read_run	ENA read_run:SRR3657232; sample:SAMN05225452; study:SRP076415	source_reported
rna_seq:SRR3657233	stage	Young Adult	local_project_metadata	sharepoint_2026-07-13_new439	source_reported
rna_seq:SRR3657233	sex	male	ena_sample	shared/metadata_sources/v2/ena_samples/chunk_001.xml	source_reported
rna_seq:SRR3657233	strain	him-5	ena_sample	shared/metadata_sources/v2/ena_samples/chunk_001.xml	source_reported
rna_seq:SRR3657233	genotype	mutated	provided_batch_table	sharepoint_2026-07-13_new439	source_reported
rna_seq:SRR3657233	data_source	PRJNA325295	provided_batch_table	sharepoint_2026-07-13_new439	source_reported
rna_seq:SRR3657233	study_title	Developmental transcriptomes of the two sexes in Caenorhabditis elegans during sexual maturation	ena_study	shared/metadata_sources/v2/ena_studies/chunk_000.xml	source_reported
rna_seq:SRR3657233	library_strategy	RNA-Seq	ena_read_run	ENA read_run:SRR3657233; sample:SAMN05225453; study:SRP076415	source_reported
rna_seq:SRR3657233	library_layout	SINGLE	ena_read_run	ENA read_run:SRR3657233; sample:SAMN05225453; study:SRP076415	source_reported
rna_seq:SRR36719198	stage	Young Adult	local_project_metadata	sharepoint_2026-07-13_new439	source_reported
rna_seq:SRR36719198	tissue	Whole Organism	ena_sample	shared/metadata_sources/v2/ena_samples/chunk_010.xml	source_reported
rna_seq:SRR36719198	genotype	mutated	provided_batch_table	sharepoint_2026-07-13_new439	source_reported
rna_seq:SRR36719198	data_source	PRJNA1399626	provided_batch_table	sharepoint_2026-07-13_new439	source_reported
rna_seq:SRR36719198	study_title	A non-canonical role for UPR ER during heat stress in C. elegans.	ena_study	shared/metadata_sources/v2/ena_studies/chunk_000.xml	source_reported
rna_seq:SRR36719198	library_strategy	RNA-Seq	ena_read_run	ENA read_run:SRR36719198; sample:SAMN54501195; study:SRP660539	source_reported
rna_seq:SRR36719198	library_layout	SINGLE	ena_read_run	ENA read_run:SRR36719198; sample:SAMN54501195; study:SRP660539	source_reported
rna_seq:SRR36719199	stage	Young Adult	local_project_metadata	sharepoint_2026-07-13_new439	source_reported
rna_seq:SRR36719199	tissue	Whole Organism	ena_sample	shared/metadata_sources/v2/ena_samples/chunk_010.xml	source_reported
rna_seq:SRR36719199	genotype	mutated	provided_batch_table	sharepoint_2026-07-13_new439	source_reported
rna_seq:SRR36719199	data_source	PRJNA1399626	provided_batch_table	sharepoint_2026-07-13_new439	source_reported
rna_seq:SRR36719199	study_title	A non-canonical role for UPR ER during heat stress in C. elegans.	ena_study	shared/metadata_sources/v2/ena_studies/chunk_000.xml	source_reported
rna_seq:SRR36719199	library_strategy	RNA-Seq	ena_read_run	ENA read_run:SRR36719199; sample:SAMN54501194; study:SRP660539	source_reported
rna_seq:SRR36719199	library_layout	SINGLE	ena_read_run	ENA read_run:SRR36719199; sample:SAMN54501194; study:SRP660539	source_reported
rna_seq:SRR36719200	stage	Young Adult	local_project_metadata	sharepoint_2026-07-13_new439	source_reported
rna_seq:SRR36719200	tissue	Whole Organism	ena_sample	shared/metadata_sources/v2/ena_samples/chunk_010.xml	source_reported
rna_seq:SRR36719200	genotype	mutated	provided_batch_table	sharepoint_2026-07-13_new439	source_reported
rna_seq:SRR36719200	data_source	PRJNA1399626	provided_batch_table	sharepoint_2026-07-13_new439	source_reported
rna_seq:SRR36719200	study_title	A non-canonical role for UPR ER during heat stress in C. elegans.	ena_study	shared/metadata_sources/v2/ena_studies/chunk_000.xml	source_reported
rna_seq:SRR36719200	library_strategy	RNA-Seq	ena_read_run	ENA read_run:SRR36719200; sample:SAMN54501193; study:SRP660539	source_reported
rna_seq:SRR36719200	library_layout	SINGLE	ena_read_run	ENA read_run:SRR36719200; sample:SAMN54501193; study:SRP660539	source_reported
rna_seq:SRR36719201	stage	Young Adult	local_project_metadata	sharepoint_2026-07-13_new439	source_reported
rna_seq:SRR36719201	tissue	Whole Organism	ena_sample	shared/metadata_sources/v2/ena_samples/chunk_010.xml	source_reported
rna_seq:SRR36719201	genotype	mutated	provided_batch_table	sharepoint_2026-07-13_new439	source_reported
rna_seq:SRR36719201	data_source	PRJNA1399626	provided_batch_table	sharepoint_2026-07-13_new439	source_reported
rna_seq:SRR36719201	study_title	A non-canonical role for UPR ER during heat stress in C. elegans.	ena_study	shared/metadata_sources/v2/ena_studies/chunk_000.xml	source_reported
rna_seq:SRR36719201	library_strategy	RNA-Seq	ena_read_run	ENA read_run:SRR36719201; sample:SAMN54501192; study:SRP660539	source_reported
rna_seq:SRR36719201	library_layout	SINGLE	ena_read_run	ENA read_run:SRR36719201; sample:SAMN54501192; study:SRP660539	source_reported
rna_seq:SRR36719202	stage	Young Adult	local_project_metadata	sharepoint_2026-07-13_new439	source_reported
rna_seq:SRR36719202	tissue	Whole Organism	ena_sample	shared/metadata_sources/v2/ena_samples/chunk_010.xml	source_reported
rna_seq:SRR36719202	genotype	mutated	provided_batch_table	sharepoint_2026-07-13_new439	source_reported
rna_seq:SRR36719202	data_source	PRJNA1399626	provided_batch_table	sharepoint_2026-07-13_new439	source_reported
rna_seq:SRR36719202	study_title	A non-canonical role for UPR ER during heat stress in C. elegans.	ena_study	shared/metadata_sources/v2/ena_studies/chunk_000.xml	source_reported
rna_seq:SRR36719202	library_strategy	RNA-Seq	ena_read_run	ENA read_run:SRR36719202; sample:SAMN54501190; study:SRP660539	source_reported
rna_seq:SRR36719202	library_layout	SINGLE	ena_read_run	ENA read_run:SRR36719202; sample:SAMN54501190; study:SRP660539	source_reported
rna_seq:SRR36719203	stage	Young Adult	local_project_metadata	sharepoint_2026-07-13_new439	source_reported
rna_seq:SRR36719203	tissue	Whole Organism	ena_sample	shared/metadata_sources/v2/ena_samples/chunk_010.xml	source_reported
rna_seq:SRR36719203	genotype	mutated	provided_batch_table	sharepoint_2026-07-13_new439	source_reported
rna_seq:SRR36719203	data_source	PRJNA1399626	provided_batch_table	sharepoint_2026-07-13_new439	source_reported
rna_seq:SRR36719203	study_title	A non-canonical role for UPR ER during heat stress in C. elegans.	ena_study	shared/metadata_sources/v2/ena_studies/chunk_000.xml	source_reported
rna_seq:SRR36719203	library_strategy	RNA-Seq	ena_read_run	ENA read_run:SRR36719203; sample:SAMN54501190; study:SRP660539	source_reported
rna_seq:SRR36719203	library_layout	SINGLE	ena_read_run	ENA read_run:SRR36719203; sample:SAMN54501190; study:SRP660539	source_reported
rna_seq:SRR36719204	stage	Young Adult	local_project_metadata	sharepoint_2026-07-13_new439	source_reported
rna_seq:SRR36719204	tissue	Whole Organism	ena_sample	shared/metadata_sources/v2/ena_samples/chunk_010.xml	source_reported
rna_seq:SRR36719204	genotype	mutated	provided_batch_table	sharepoint_2026-07-13_new439	source_reported
rna_seq:SRR36719204	data_source	PRJNA1399626	provided_batch_table	sharepoint_2026-07-13_new439	source_reported
rna_seq:SRR36719204	study_title	A non-canonical role for UPR ER during heat stress in C. elegans.	ena_study	shared/metadata_sources/v2/ena_studies/chunk_000.xml	source_reported
rna_seq:SRR36719204	library_strategy	RNA-Seq	ena_read_run	ENA read_run:SRR36719204; sample:SAMN54501189; study:SRP660539	source_reported
rna_seq:SRR36719204	library_layout	SINGLE	ena_read_run	ENA read_run:SRR36719204; sample:SAMN54501189; study:SRP660539	source_reported
rna_seq:SRR36719205	stage	Young Adult	local_project_metadata	sharepoint_2026-07-13_new439	source_reported
rna_seq:SRR36719205	tissue	Whole Organism	ena_sample	shared/metadata_sources/v2/ena_samples/chunk_010.xml	source_reported
rna_seq:SRR36719205	genotype	mutated+treated	provided_batch_table	sharepoint_2026-07-13_new439	source_reported
rna_seq:SRR36719205	data_source	PRJNA1399626	provided_batch_table	sharepoint_2026-07-13_new439	source_reported
rna_seq:SRR36719205	study_title	A non-canonical role for UPR ER during heat stress in C. elegans.	ena_study	shared/metadata_sources/v2/ena_studies/chunk_000.xml	source_reported
rna_seq:SRR36719205	library_strategy	RNA-Seq	ena_read_run	ENA read_run:SRR36719205; sample:SAMN54501209; study:SRP660539	source_reported
rna_seq:SRR36719205	library_layout	SINGLE	ena_read_run	ENA read_run:SRR36719205; sample:SAMN54501209; study:SRP660539	source_reported
rna_seq:SRR36719206	stage	Young Adult	local_project_metadata	sharepoint_2026-07-13_new439	source_reported
rna_seq:SRR36719206	tissue	Whole Organism	ena_sample	shared/metadata_sources/v2/ena_samples/chunk_010.xml	source_reported
rna_seq:SRR36719206	genotype	mutated+treated	provided_batch_table	sharepoint_2026-07-13_new439	source_reported
rna_seq:SRR36719206	data_source	PRJNA1399626	provided_batch_table	sharepoint_2026-07-13_new439	source_reported
rna_seq:SRR36719206	study_title	A non-canonical role for UPR ER during heat stress in C. elegans.	ena_study	shared/metadata_sources/v2/ena_studies/chunk_000.xml	source_reported
rna_seq:SRR36719206	library_strategy	RNA-Seq	ena_read_run	ENA read_run:SRR36719206; sample:SAMN54501208; study:SRP660539	source_reported
rna_seq:SRR36719206	library_layout	SINGLE	ena_read_run	ENA read_run:SRR36719206; sample:SAMN54501208; study:SRP660539	source_reported
rna_seq:SRR36719207	stage	Young Adult	local_project_metadata	sharepoint_2026-07-13_new439	source_reported
rna_seq:SRR36719207	tissue	Whole Organism	ena_sample	shared/metadata_sources/v2/ena_samples/chunk_010.xml	source_reported
rna_seq:SRR36719207	genotype	mutated+treated	provided_batch_table	sharepoint_2026-07-13_new439	source_reported
rna_seq:SRR36719207	data_source	PRJNA1399626	provided_batch_table	sharepoint_2026-07-13_new439	source_reported
rna_seq:SRR36719207	study_title	A non-canonical role for UPR ER during heat stress in C. elegans.	ena_study	shared/metadata_sources/v2/ena_studies/chunk_000.xml	source_reported
rna_seq:SRR36719207	library_strategy	RNA-Seq	ena_read_run	ENA read_run:SRR36719207; sample:SAMN54501207; study:SRP660539	source_reported
rna_seq:SRR36719207	library_layout	SINGLE	ena_read_run	ENA read_run:SRR36719207; sample:SAMN54501207; study:SRP660539	source_reported
rna_seq:SRR36719208	stage	Young Adult	local_project_metadata	sharepoint_2026-07-13_new439	source_reported
rna_seq:SRR36719208	tissue	Whole Organism	ena_sample	shared/metadata_sources/v2/ena_samples/chunk_010.xml	source_reported
rna_seq:SRR36719208	genotype	mutated+treated	provided_batch_table	sharepoint_2026-07-13_new439	source_reported
rna_seq:SRR36719208	data_source	PRJNA1399626	provided_batch_table	sharepoint_2026-07-13_new439	source_reported
rna_seq:SRR36719208	study_title	A non-canonical role for UPR ER during heat stress in C. elegans.	ena_study	shared/metadata_sources/v2/ena_studies/chunk_000.xml	source_reported
rna_seq:SRR36719208	library_strategy	RNA-Seq	ena_read_run	ENA read_run:SRR36719208; sample:SAMN54501206; study:SRP660539	source_reported
rna_seq:SRR36719208	library_layout	SINGLE	ena_read_run	ENA read_run:SRR36719208; sample:SAMN54501206; study:SRP660539	source_reported
rna_seq:SRR36719209	stage	Young Adult	local_project_metadata	sharepoint_2026-07-13_new439	source_reported
rna_seq:SRR36719209	tissue	Whole Organism	ena_sample	shared/metadata_sources/v2/ena_samples/chunk_010.xml	source_reported
rna_seq:SRR36719209	genotype	WT	provided_batch_table	sharepoint_2026-07-13_new439	source_reported
rna_seq:SRR36719209	data_source	PRJNA1399626	provided_batch_table	sharepoint_2026-07-13_new439	source_reported
rna_seq:SRR36719209	study_title	A non-canonical role for UPR ER during heat stress in C. elegans.	ena_study	shared/metadata_sources/v2/ena_studies/chunk_000.xml	source_reported
rna_seq:SRR36719209	library_strategy	RNA-Seq	ena_read_run	ENA read_run:SRR36719209; sample:SAMN54501188; study:SRP660539	source_reported
rna_seq:SRR36719209	library_layout	SINGLE	ena_read_run	ENA read_run:SRR36719209; sample:SAMN54501188; study:SRP660539	source_reported
rna_seq:SRR36719210	stage	Young Adult	local_project_metadata	sharepoint_2026-07-13_new439	source_reported
rna_seq:SRR36719210	tissue	Whole Organism	ena_sample	shared/metadata_sources/v2/ena_samples/chunk_010.xml	source_reported
rna_seq:SRR36719210	genotype	mutated+treated	provided_batch_table	sharepoint_2026-07-13_new439	source_reported
rna_seq:SRR36719210	data_source	PRJNA1399626	provided_batch_table	sharepoint_2026-07-13_new439	source_reported
rna_seq:SRR36719210	study_title	A non-canonical role for UPR ER during heat stress in C. elegans.	ena_study	shared/metadata_sources/v2/ena_studies/chunk_000.xml	source_reported
rna_seq:SRR36719210	library_strategy	RNA-Seq	ena_read_run	ENA read_run:SRR36719210; sample:SAMN54501205; study:SRP660539	source_reported
rna_seq:SRR36719210	library_layout	SINGLE	ena_read_run	ENA read_run:SRR36719210; sample:SAMN54501205; study:SRP660539	source_reported
rna_seq:SRR36719211	stage	Young Adult	local_project_metadata	sharepoint_2026-07-13_new439	source_reported
rna_seq:SRR36719211	tissue	Whole Organism	ena_sample	shared/metadata_sources/v2/ena_samples/chunk_010.xml	source_reported
rna_seq:SRR36719211	genotype	mutated+treated	provided_batch_table	sharepoint_2026-07-13_new439	source_reported
rna_seq:SRR36719211	data_source	PRJNA1399626	provided_batch_table	sharepoint_2026-07-13_new439	source_reported
rna_seq:SRR36719211	study_title	A non-canonical role for UPR ER during heat stress in C. elegans.	ena_study	shared/metadata_sources/v2/ena_studies/chunk_000.xml	source_reported
rna_seq:SRR36719211	library_strategy	RNA-Seq	ena_read_run	ENA read_run:SRR36719211; sample:SAMN54501204; study:SRP660539	source_reported
rna_seq:SRR36719211	library_layout	SINGLE	ena_read_run	ENA read_run:SRR36719211; sample:SAMN54501204; study:SRP660539	source_reported
rna_seq:SRR36719212	stage	Young Adult	local_project_metadata	sharepoint_2026-07-13_new439	source_reported
rna_seq:SRR36719212	tissue	Whole Organism	ena_sample	shared/metadata_sources/v2/ena_samples/chunk_010.xml	source_reported
rna_seq:SRR36719212	genotype	mutated+treated	provided_batch_table	sharepoint_2026-07-13_new439	source_reported
rna_seq:SRR36719212	data_source	PRJNA1399626	provided_batch_table	sharepoint_2026-07-13_new439	source_reported
rna_seq:SRR36719212	study_title	A non-canonical role for UPR ER during heat stress in C. elegans.	ena_study	shared/metadata_sources/v2/ena_studies/chunk_000.xml	source_reported
rna_seq:SRR36719212	library_strategy	RNA-Seq	ena_read_run	ENA read_run:SRR36719212; sample:SAMN54501203; study:SRP660539	source_reported
rna_seq:SRR36719212	library_layout	SINGLE	ena_read_run	ENA read_run:SRR36719212; sample:SAMN54501203; study:SRP660539	source_reported
rna_seq:SRR36719213	stage	Young Adult	local_project_metadata	sharepoint_2026-07-13_new439	source_reported
rna_seq:SRR36719213	tissue	Whole Organism	ena_sample	shared/metadata_sources/v2/ena_samples/chunk_010.xml	source_reported
rna_seq:SRR36719213	genotype	mutated+treated	provided_batch_table	sharepoint_2026-07-13_new439	source_reported
rna_seq:SRR36719213	data_source	PRJNA1399626	provided_batch_table	sharepoint_2026-07-13_new439	source_reported
rna_seq:SRR36719213	study_title	A non-canonical role for UPR ER during heat stress in C. elegans.	ena_study	shared/metadata_sources/v2/ena_studies/chunk_000.xml	source_reported
rna_seq:SRR36719213	library_strategy	RNA-Seq	ena_read_run	ENA read_run:SRR36719213; sample:SAMN54501202; study:SRP660539	source_reported
rna_seq:SRR36719213	library_layout	SINGLE	ena_read_run	ENA read_run:SRR36719213; sample:SAMN54501202; study:SRP660539	source_reported
rna_seq:SRR36719214	stage	Young Adult	local_project_metadata	sharepoint_2026-07-13_new439	source_reported
rna_seq:SRR36719214	tissue	Whole Organism	ena_sample	shared/metadata_sources/v2/ena_samples/chunk_010.xml	source_reported
rna_seq:SRR36719214	genotype	mutated+treated	provided_batch_table	sharepoint_2026-07-13_new439	source_reported
rna_seq:SRR36719214	data_source	PRJNA1399626	provided_batch_table	sharepoint_2026-07-13_new439	source_reported
rna_seq:SRR36719214	study_title	A non-canonical role for UPR ER during heat stress in C. elegans.	ena_study	shared/metadata_sources/v2/ena_studies/chunk_000.xml	source_reported
rna_seq:SRR36719214	library_strategy	RNA-Seq	ena_read_run	ENA read_run:SRR36719214; sample:SAMN54501201; study:SRP660539	source_reported
rna_seq:SRR36719214	library_layout	SINGLE	ena_read_run	ENA read_run:SRR36719214; sample:SAMN54501201; study:SRP660539	source_reported
rna_seq:SRR36719215	stage	Young Adult	local_project_metadata	sharepoint_2026-07-13_new439	source_reported
rna_seq:SRR36719215	tissue	Whole Organism	ena_sample	shared/metadata_sources/v2/ena_samples/chunk_010.xml	source_reported
rna_seq:SRR36719215	genotype	WT+treated	provided_batch_table	sharepoint_2026-07-13_new439	source_reported
rna_seq:SRR36719215	data_source	PRJNA1399626	provided_batch_table	sharepoint_2026-07-13_new439	source_reported
rna_seq:SRR36719215	study_title	A non-canonical role for UPR ER during heat stress in C. elegans.	ena_study	shared/metadata_sources/v2/ena_studies/chunk_000.xml	source_reported
rna_seq:SRR36719215	library_strategy	RNA-Seq	ena_read_run	ENA read_run:SRR36719215; sample:SAMN54501200; study:SRP660539	source_reported
rna_seq:SRR36719215	library_layout	SINGLE	ena_read_run	ENA read_run:SRR36719215; sample:SAMN54501200; study:SRP660539	source_reported
rna_seq:SRR36719216	stage	Young Adult	local_project_metadata	sharepoint_2026-07-13_new439	source_reported
rna_seq:SRR36719216	tissue	Whole Organism	ena_sample	shared/metadata_sources/v2/ena_samples/chunk_010.xml	source_reported
rna_seq:SRR36719216	genotype	WT+treated	provided_batch_table	sharepoint_2026-07-13_new439	source_reported
rna_seq:SRR36719216	data_source	PRJNA1399626	provided_batch_table	sharepoint_2026-07-13_new439	source_reported
rna_seq:SRR36719216	study_title	A non-canonical role for UPR ER during heat stress in C. elegans.	ena_study	shared/metadata_sources/v2/ena_studies/chunk_000.xml	source_reported
rna_seq:SRR36719216	library_strategy	RNA-Seq	ena_read_run	ENA read_run:SRR36719216; sample:SAMN54501199; study:SRP660539	source_reported
rna_seq:SRR36719216	library_layout	SINGLE	ena_read_run	ENA read_run:SRR36719216; sample:SAMN54501199; study:SRP660539	source_reported
rna_seq:SRR36719217	stage	Young Adult	local_project_metadata	sharepoint_2026-07-13_new439	source_reported
rna_seq:SRR36719217	tissue	Whole Organism	ena_sample	shared/metadata_sources/v2/ena_samples/chunk_010.xml	source_reported
rna_seq:SRR36719217	genotype	WT+treated	provided_batch_table	sharepoint_2026-07-13_new439	source_reported
rna_seq:SRR36719217	data_source	PRJNA1399626	provided_batch_table	sharepoint_2026-07-13_new439	source_reported
rna_seq:SRR36719217	study_title	A non-canonical role for UPR ER during heat stress in C. elegans.	ena_study	shared/metadata_sources/v2/ena_studies/chunk_000.xml	source_reported
rna_seq:SRR36719217	library_strategy	RNA-Seq	ena_read_run	ENA read_run:SRR36719217; sample:SAMN54501198; study:SRP660539	source_reported
rna_seq:SRR36719217	library_layout	SINGLE	ena_read_run	ENA read_run:SRR36719217; sample:SAMN54501198; study:SRP660539	source_reported
rna_seq:SRR36719218	stage	Young Adult	local_project_metadata	sharepoint_2026-07-13_new439	source_reported
rna_seq:SRR36719218	tissue	Whole Organism	ena_sample	shared/metadata_sources/v2/ena_samples/chunk_010.xml	source_reported
rna_seq:SRR36719218	genotype	mutated+treated	provided_batch_table	sharepoint_2026-07-13_new439	source_reported
rna_seq:SRR36719218	data_source	PRJNA1399626	provided_batch_table	sharepoint_2026-07-13_new439	source_reported
rna_seq:SRR36719218	study_title	A non-canonical role for UPR ER during heat stress in C. elegans.	ena_study	shared/metadata_sources/v2/ena_studies/chunk_000.xml	source_reported
rna_seq:SRR36719218	library_strategy	RNA-Seq	ena_read_run	ENA read_run:SRR36719218; sample:SAMN54501197; study:SRP660539	source_reported
rna_seq:SRR36719218	library_layout	SINGLE	ena_read_run	ENA read_run:SRR36719218; sample:SAMN54501197; study:SRP660539	source_reported
rna_seq:SRR36719219	stage	Young Adult	local_project_metadata	sharepoint_2026-07-13_new439	source_reported
rna_seq:SRR36719219	tissue	Whole Organism	ena_sample	shared/metadata_sources/v2/ena_samples/chunk_010.xml	source_reported
rna_seq:SRR36719219	genotype	mutated+treated	provided_batch_table	sharepoint_2026-07-13_new439	source_reported
rna_seq:SRR36719219	data_source	PRJNA1399626	provided_batch_table	sharepoint_2026-07-13_new439	source_reported
rna_seq:SRR36719219	study_title	A non-canonical role for UPR ER during heat stress in C. elegans.	ena_study	shared/metadata_sources/v2/ena_studies/chunk_000.xml	source_reported
rna_seq:SRR36719219	library_strategy	RNA-Seq	ena_read_run	ENA read_run:SRR36719219; sample:SAMN54501196; study:SRP660539	source_reported
rna_seq:SRR36719219	library_layout	SINGLE	ena_read_run	ENA read_run:SRR36719219; sample:SAMN54501196; study:SRP660539	source_reported
rna_seq:SRR36719220	stage	Young Adult	local_project_metadata	sharepoint_2026-07-13_new439	source_reported
rna_seq:SRR36719220	tissue	Whole Organism	ena_sample	shared/metadata_sources/v2/ena_samples/chunk_010.xml	source_reported
rna_seq:SRR36719220	genotype	WT	provided_batch_table	sharepoint_2026-07-13_new439	source_reported
rna_seq:SRR36719220	data_source	PRJNA1399626	provided_batch_table	sharepoint_2026-07-13_new439	source_reported
rna_seq:SRR36719220	study_title	A non-canonical role for UPR ER during heat stress in C. elegans.	ena_study	shared/metadata_sources/v2/ena_studies/chunk_000.xml	source_reported
rna_seq:SRR36719220	library_strategy	RNA-Seq	ena_read_run	ENA read_run:SRR36719220; sample:SAMN54501187; study:SRP660539	source_reported
rna_seq:SRR36719220	library_layout	SINGLE	ena_read_run	ENA read_run:SRR36719220; sample:SAMN54501187; study:SRP660539	source_reported
rna_seq:SRR36719221	stage	Young Adult	local_project_metadata	sharepoint_2026-07-13_new439	source_reported
rna_seq:SRR36719221	tissue	Whole Organism	ena_sample	shared/metadata_sources/v2/ena_samples/chunk_010.xml	source_reported
rna_seq:SRR36719221	genotype	WT	provided_batch_table	sharepoint_2026-07-13_new439	source_reported
rna_seq:SRR36719221	data_source	PRJNA1399626	provided_batch_table	sharepoint_2026-07-13_new439	source_reported
rna_seq:SRR36719221	study_title	A non-canonical role for UPR ER during heat stress in C. elegans.	ena_study	shared/metadata_sources/v2/ena_studies/chunk_000.xml	source_reported
rna_seq:SRR36719221	library_strategy	RNA-Seq	ena_read_run	ENA read_run:SRR36719221; sample:SAMN54501186; study:SRP660539	source_reported
rna_seq:SRR36719221	library_layout	SINGLE	ena_read_run	ENA read_run:SRR36719221; sample:SAMN54501186; study:SRP660539	source_reported
rna_seq:SRR4069200	stage	L2	local_project_metadata	sharepoint_2026-07-13_new439	source_reported
rna_seq:SRR4069200	stage	L2 larvae	ena_sample	shared/metadata_sources/v2/ena_samples/chunk_002.xml	source_reported
rna_seq:SRR4069200	tissue	whole animal	ena_sample	shared/metadata_sources/v2/ena_samples/chunk_002.xml	source_reported
rna_seq:SRR4069200	strain	PS3551	ena_sample	shared/metadata_sources/v2/ena_samples/chunk_002.xml	source_reported
rna_seq:SRR4069200	genotype	mutated	provided_batch_table	sharepoint_2026-07-13_new439	source_reported
rna_seq:SRR4069200	data_source	PRJNA321849	provided_batch_table	sharepoint_2026-07-13_new439	source_reported
rna_seq:SRR4069200	study_title	RNA-seq analysis in C. elegans larval development and heat shock	ena_study	shared/metadata_sources/v2/ena_studies/chunk_000.xml	source_reported
rna_seq:SRR4069200	library_strategy	RNA-Seq	ena_read_run	ENA read_run:SRR4069200; sample:SAMN05710985; study:SRP075274	source_reported
rna_seq:SRR4069200	library_layout	SINGLE	ena_read_run	ENA read_run:SRR4069200; sample:SAMN05710985; study:SRP075274	source_reported
rna_seq:SRR4069201	stage	L2	local_project_metadata	sharepoint_2026-07-13_new439	source_reported
rna_seq:SRR4069201	stage	L2 larvae	ena_sample	shared/metadata_sources/v2/ena_samples/chunk_002.xml	source_reported
rna_seq:SRR4069201	tissue	whole animal	ena_sample	shared/metadata_sources/v2/ena_samples/chunk_002.xml	source_reported
rna_seq:SRR4069201	strain	PS3551	ena_sample	shared/metadata_sources/v2/ena_samples/chunk_002.xml	source_reported
rna_seq:SRR4069201	genotype	mutated	provided_batch_table	sharepoint_2026-07-13_new439	source_reported
rna_seq:SRR4069201	data_source	PRJNA321849	provided_batch_table	sharepoint_2026-07-13_new439	source_reported
rna_seq:SRR4069201	study_title	RNA-seq analysis in C. elegans larval development and heat shock	ena_study	shared/metadata_sources/v2/ena_studies/chunk_000.xml	source_reported
rna_seq:SRR4069201	library_strategy	RNA-Seq	ena_read_run	ENA read_run:SRR4069201; sample:SAMN05710986; study:SRP075274	source_reported
rna_seq:SRR4069201	library_layout	SINGLE	ena_read_run	ENA read_run:SRR4069201; sample:SAMN05710986; study:SRP075274	source_reported
rna_seq:SRR4069202	stage	L2	local_project_metadata	sharepoint_2026-07-13_new439	source_reported
rna_seq:SRR4069202	stage	L2 larvae	ena_sample	shared/metadata_sources/v2/ena_samples/chunk_002.xml	source_reported
rna_seq:SRR4069202	tissue	whole animal	ena_sample	shared/metadata_sources/v2/ena_samples/chunk_002.xml	source_reported
rna_seq:SRR4069202	strain	PS3551	ena_sample	shared/metadata_sources/v2/ena_samples/chunk_002.xml	source_reported
rna_seq:SRR4069202	genotype	mutated	provided_batch_table	sharepoint_2026-07-13_new439	source_reported
rna_seq:SRR4069202	data_source	PRJNA321849	provided_batch_table	sharepoint_2026-07-13_new439	source_reported
rna_seq:SRR4069202	study_title	RNA-seq analysis in C. elegans larval development and heat shock	ena_study	shared/metadata_sources/v2/ena_studies/chunk_000.xml	source_reported
rna_seq:SRR4069202	library_strategy	RNA-Seq	ena_read_run	ENA read_run:SRR4069202; sample:SAMN05710987; study:SRP075274	source_reported
rna_seq:SRR4069202	library_layout	SINGLE	ena_read_run	ENA read_run:SRR4069202; sample:SAMN05710987; study:SRP075274	source_reported
rna_seq:SRR4069203	stage	L2	local_project_metadata	sharepoint_2026-07-13_new439	source_reported
rna_seq:SRR4069203	stage	L2 larvae	ena_sample	shared/metadata_sources/v2/ena_samples/chunk_002.xml	source_reported
rna_seq:SRR4069203	tissue	whole animal	ena_sample	shared/metadata_sources/v2/ena_samples/chunk_002.xml	source_reported
rna_seq:SRR4069203	strain	PS3551	ena_sample	shared/metadata_sources/v2/ena_samples/chunk_002.xml	source_reported
rna_seq:SRR4069203	genotype	mutated	provided_batch_table	sharepoint_2026-07-13_new439	source_reported
rna_seq:SRR4069203	data_source	PRJNA321849	provided_batch_table	sharepoint_2026-07-13_new439	source_reported
rna_seq:SRR4069203	study_title	RNA-seq analysis in C. elegans larval development and heat shock	ena_study	shared/metadata_sources/v2/ena_studies/chunk_000.xml	source_reported
rna_seq:SRR4069203	library_strategy	RNA-Seq	ena_read_run	ENA read_run:SRR4069203; sample:SAMN05710988; study:SRP075274	source_reported
rna_seq:SRR4069203	library_layout	SINGLE	ena_read_run	ENA read_run:SRR4069203; sample:SAMN05710988; study:SRP075274	source_reported
rna_seq:SRR4069204	stage	L2	local_project_metadata	sharepoint_2026-07-13_new439	source_reported
rna_seq:SRR4069204	stage	L2 larvae	ena_sample	shared/metadata_sources/v2/ena_samples/chunk_002.xml	source_reported
rna_seq:SRR4069204	tissue	whole animal	ena_sample	shared/metadata_sources/v2/ena_samples/chunk_002.xml	source_reported
rna_seq:SRR4069204	strain	PS3551	ena_sample	shared/metadata_sources/v2/ena_samples/chunk_002.xml	source_reported
rna_seq:SRR4069204	genotype	mutated	provided_batch_table	sharepoint_2026-07-13_new439	source_reported
rna_seq:SRR4069204	data_source	PRJNA321849	provided_batch_table	sharepoint_2026-07-13_new439	source_reported
rna_seq:SRR4069204	study_title	RNA-seq analysis in C. elegans larval development and heat shock	ena_study	shared/metadata_sources/v2/ena_studies/chunk_000.xml	source_reported
rna_seq:SRR4069204	library_strategy	RNA-Seq	ena_read_run	ENA read_run:SRR4069204; sample:SAMN05710977; study:SRP075274	source_reported
rna_seq:SRR4069204	library_layout	SINGLE	ena_read_run	ENA read_run:SRR4069204; sample:SAMN05710977; study:SRP075274	source_reported
rna_seq:SRR4069205	stage	L2	local_project_metadata	sharepoint_2026-07-13_new439	source_reported
rna_seq:SRR4069205	stage	L2 larvae	ena_sample	shared/metadata_sources/v2/ena_samples/chunk_002.xml	source_reported
rna_seq:SRR4069205	tissue	whole animal	ena_sample	shared/metadata_sources/v2/ena_samples/chunk_002.xml	source_reported
rna_seq:SRR4069205	strain	PS3551	ena_sample	shared/metadata_sources/v2/ena_samples/chunk_002.xml	source_reported
rna_seq:SRR4069205	genotype	mutated	provided_batch_table	sharepoint_2026-07-13_new439	source_reported
rna_seq:SRR4069205	data_source	PRJNA321849	provided_batch_table	sharepoint_2026-07-13_new439	source_reported
rna_seq:SRR4069205	study_title	RNA-seq analysis in C. elegans larval development and heat shock	ena_study	shared/metadata_sources/v2/ena_studies/chunk_000.xml	source_reported
rna_seq:SRR4069205	library_strategy	RNA-Seq	ena_read_run	ENA read_run:SRR4069205; sample:SAMN05710983; study:SRP075274	source_reported
rna_seq:SRR4069205	library_layout	SINGLE	ena_read_run	ENA read_run:SRR4069205; sample:SAMN05710983; study:SRP075274	source_reported
rna_seq:SRR4069206	stage	L2	local_project_metadata	sharepoint_2026-07-13_new439	source_reported
rna_seq:SRR4069206	stage	L2 larvae	ena_sample	shared/metadata_sources/v2/ena_samples/chunk_002.xml	source_reported
rna_seq:SRR4069206	tissue	whole animal	ena_sample	shared/metadata_sources/v2/ena_samples/chunk_002.xml	source_reported
rna_seq:SRR4069206	strain	AM1062	ena_sample	shared/metadata_sources/v2/ena_samples/chunk_002.xml	source_reported
rna_seq:SRR4069206	genotype	mutated	provided_batch_table	sharepoint_2026-07-13_new439	source_reported
rna_seq:SRR4069206	data_source	PRJNA321849	provided_batch_table	sharepoint_2026-07-13_new439	source_reported
rna_seq:SRR4069206	study_title	RNA-seq analysis in C. elegans larval development and heat shock	ena_study	shared/metadata_sources/v2/ena_studies/chunk_000.xml	source_reported
rna_seq:SRR4069206	library_strategy	RNA-Seq	ena_read_run	ENA read_run:SRR4069206; sample:SAMN05710984; study:SRP075274	source_reported
rna_seq:SRR4069206	library_layout	SINGLE	ena_read_run	ENA read_run:SRR4069206; sample:SAMN05710984; study:SRP075274	source_reported
rna_seq:SRR4069207	stage	L2	local_project_metadata	sharepoint_2026-07-13_new439	source_reported
rna_seq:SRR4069207	stage	L2 larvae	ena_sample	shared/metadata_sources/v2/ena_samples/chunk_002.xml	source_reported
rna_seq:SRR4069207	tissue	whole animal	ena_sample	shared/metadata_sources/v2/ena_samples/chunk_002.xml	source_reported
rna_seq:SRR4069207	strain	AM1062	ena_sample	shared/metadata_sources/v2/ena_samples/chunk_002.xml	source_reported
rna_seq:SRR4069207	genotype	mutated	provided_batch_table	sharepoint_2026-07-13_new439	source_reported
rna_seq:SRR4069207	data_source	PRJNA321849	provided_batch_table	sharepoint_2026-07-13_new439	source_reported
rna_seq:SRR4069207	study_title	RNA-seq analysis in C. elegans larval development and heat shock	ena_study	shared/metadata_sources/v2/ena_studies/chunk_000.xml	source_reported
rna_seq:SRR4069207	library_strategy	RNA-Seq	ena_read_run	ENA read_run:SRR4069207; sample:SAMN05710982; study:SRP075274	source_reported
rna_seq:SRR4069207	library_layout	SINGLE	ena_read_run	ENA read_run:SRR4069207; sample:SAMN05710982; study:SRP075274	source_reported
rna_seq:SRR4069208	stage	L2	local_project_metadata	sharepoint_2026-07-13_new439	source_reported
rna_seq:SRR4069208	stage	L2 larvae	ena_sample	shared/metadata_sources/v2/ena_samples/chunk_002.xml	source_reported
rna_seq:SRR4069208	tissue	whole animal	ena_sample	shared/metadata_sources/v2/ena_samples/chunk_002.xml	source_reported
rna_seq:SRR4069208	strain	AM1062	ena_sample	shared/metadata_sources/v2/ena_samples/chunk_002.xml	source_reported
rna_seq:SRR4069208	genotype	mutated	provided_batch_table	sharepoint_2026-07-13_new439	source_reported
rna_seq:SRR4069208	data_source	PRJNA321849	provided_batch_table	sharepoint_2026-07-13_new439	source_reported
rna_seq:SRR4069208	study_title	RNA-seq analysis in C. elegans larval development and heat shock	ena_study	shared/metadata_sources/v2/ena_studies/chunk_000.xml	source_reported
rna_seq:SRR4069208	library_strategy	RNA-Seq	ena_read_run	ENA read_run:SRR4069208; sample:SAMN05710981; study:SRP075274	source_reported
rna_seq:SRR4069208	library_layout	SINGLE	ena_read_run	ENA read_run:SRR4069208; sample:SAMN05710981; study:SRP075274	source_reported
rna_seq:SRR4069209	stage	L2	local_project_metadata	sharepoint_2026-07-13_new439	source_reported
rna_seq:SRR4069209	stage	L2 larvae	ena_sample	shared/metadata_sources/v2/ena_samples/chunk_002.xml	source_reported
rna_seq:SRR4069209	tissue	whole animal	ena_sample	shared/metadata_sources/v2/ena_samples/chunk_002.xml	source_reported
rna_seq:SRR4069209	strain	AM1062	ena_sample	shared/metadata_sources/v2/ena_samples/chunk_002.xml	source_reported
rna_seq:SRR4069209	genotype	mutated	provided_batch_table	sharepoint_2026-07-13_new439	source_reported
rna_seq:SRR4069209	data_source	PRJNA321849	provided_batch_table	sharepoint_2026-07-13_new439	source_reported
rna_seq:SRR4069209	study_title	RNA-seq analysis in C. elegans larval development and heat shock	ena_study	shared/metadata_sources/v2/ena_studies/chunk_000.xml	source_reported
rna_seq:SRR4069209	library_strategy	RNA-Seq	ena_read_run	ENA read_run:SRR4069209; sample:SAMN05710980; study:SRP075274	source_reported
rna_seq:SRR4069209	library_layout	SINGLE	ena_read_run	ENA read_run:SRR4069209; sample:SAMN05710980; study:SRP075274	source_reported
rna_seq:SRR4069210	stage	L2	local_project_metadata	sharepoint_2026-07-13_new439	source_reported
rna_seq:SRR4069210	stage	L2 larvae	ena_sample	shared/metadata_sources/v2/ena_samples/chunk_002.xml	source_reported
rna_seq:SRR4069210	tissue	whole animal	ena_sample	shared/metadata_sources/v2/ena_samples/chunk_002.xml	source_reported
rna_seq:SRR4069210	strain	AM1062	ena_sample	shared/metadata_sources/v2/ena_samples/chunk_002.xml	source_reported
rna_seq:SRR4069210	genotype	mutated	provided_batch_table	sharepoint_2026-07-13_new439	source_reported
rna_seq:SRR4069210	data_source	PRJNA321849	provided_batch_table	sharepoint_2026-07-13_new439	source_reported
rna_seq:SRR4069210	study_title	RNA-seq analysis in C. elegans larval development and heat shock	ena_study	shared/metadata_sources/v2/ena_studies/chunk_000.xml	source_reported
rna_seq:SRR4069210	library_strategy	RNA-Seq	ena_read_run	ENA read_run:SRR4069210; sample:SAMN05710979; study:SRP075274	source_reported
rna_seq:SRR4069210	library_layout	SINGLE	ena_read_run	ENA read_run:SRR4069210; sample:SAMN05710979; study:SRP075274	source_reported
rna_seq:SRR4069211	stage	L2	local_project_metadata	sharepoint_2026-07-13_new439	source_reported
rna_seq:SRR4069211	stage	L2 larvae	ena_sample	shared/metadata_sources/v2/ena_samples/chunk_002.xml	source_reported
rna_seq:SRR4069211	tissue	whole animal	ena_sample	shared/metadata_sources/v2/ena_samples/chunk_002.xml	source_reported
rna_seq:SRR4069211	strain	AM1062	ena_sample	shared/metadata_sources/v2/ena_samples/chunk_002.xml	source_reported
rna_seq:SRR4069211	genotype	mutated	provided_batch_table	sharepoint_2026-07-13_new439	source_reported
rna_seq:SRR4069211	data_source	PRJNA321849	provided_batch_table	sharepoint_2026-07-13_new439	source_reported
rna_seq:SRR4069211	study_title	RNA-seq analysis in C. elegans larval development and heat shock	ena_study	shared/metadata_sources/v2/ena_studies/chunk_000.xml	source_reported
rna_seq:SRR4069211	library_strategy	RNA-Seq	ena_read_run	ENA read_run:SRR4069211; sample:SAMN05710978; study:SRP075274	source_reported
rna_seq:SRR4069211	library_layout	SINGLE	ena_read_run	ENA read_run:SRR4069211; sample:SAMN05710978; study:SRP075274	source_reported
rna_seq:SRR5227333	stage	Young Adult	local_project_metadata	sharepoint_2026-07-13_new439	source_reported
rna_seq:SRR5227333	stage	Young Adults	ena_sample	shared/metadata_sources/v2/ena_samples/chunk_002.xml	source_reported
rna_seq:SRR5227333	tissue	whole worm	ena_sample	shared/metadata_sources/v2/ena_samples/chunk_002.xml	source_reported
rna_seq:SRR5227333	strain	wild type (N2)	ena_sample	shared/metadata_sources/v2/ena_samples/chunk_002.xml	source_reported
rna_seq:SRR5227333	genotype	WT	provided_batch_table	sharepoint_2026-07-13_new439	source_reported
rna_seq:SRR5227333	data_source	PRJNA369752	provided_batch_table	sharepoint_2026-07-13_new439	source_reported
rna_seq:SRR5227333	study_title	The Conserved Intron Binding Protein EMB-4 Plays Differential Roles in Germline Small RNA Pathways of C. elegans	ena_study	shared/metadata_sources/v2/ena_studies/chunk_000.xml	source_reported
rna_seq:SRR5227333	library_strategy	RNA-Seq	ena_read_run	ENA read_run:SRR5227333; sample:SAMN06293522; study:SRP098791	source_reported
rna_seq:SRR5227333	library_layout	SINGLE	ena_read_run	ENA read_run:SRR5227333; sample:SAMN06293522; study:SRP098791	source_reported
rna_seq:SRR5227334	stage	Young Adult	local_project_metadata	sharepoint_2026-07-13_new439	source_reported
rna_seq:SRR5227334	stage	Young Adults	ena_sample	shared/metadata_sources/v2/ena_samples/chunk_002.xml	source_reported
rna_seq:SRR5227334	tissue	whole worm	ena_sample	shared/metadata_sources/v2/ena_samples/chunk_002.xml	source_reported
rna_seq:SRR5227334	strain	wild type (N2)	ena_sample	shared/metadata_sources/v2/ena_samples/chunk_002.xml	source_reported
rna_seq:SRR5227334	genotype	WT	provided_batch_table	sharepoint_2026-07-13_new439	source_reported
rna_seq:SRR5227334	data_source	PRJNA369752	provided_batch_table	sharepoint_2026-07-13_new439	source_reported
rna_seq:SRR5227334	study_title	The Conserved Intron Binding Protein EMB-4 Plays Differential Roles in Germline Small RNA Pathways of C. elegans	ena_study	shared/metadata_sources/v2/ena_studies/chunk_000.xml	source_reported
rna_seq:SRR5227334	library_strategy	RNA-Seq	ena_read_run	ENA read_run:SRR5227334; sample:SAMN06293521; study:SRP098791	source_reported
rna_seq:SRR5227334	library_layout	SINGLE	ena_read_run	ENA read_run:SRR5227334; sample:SAMN06293521; study:SRP098791	source_reported
rna_seq:SRR5227335	stage	Young Adult	local_project_metadata	sharepoint_2026-07-13_new439	source_reported
rna_seq:SRR5227335	stage	Young Adults	ena_sample	shared/metadata_sources/v2/ena_samples/chunk_002.xml	source_reported
rna_seq:SRR5227335	tissue	whole worm	ena_sample	shared/metadata_sources/v2/ena_samples/chunk_002.xml	source_reported
rna_seq:SRR5227335	strain	emb-4(hc60)	ena_sample	shared/metadata_sources/v2/ena_samples/chunk_002.xml	source_reported
rna_seq:SRR5227335	genotype	mutated	provided_batch_table	sharepoint_2026-07-13_new439	source_reported
rna_seq:SRR5227335	data_source	PRJNA369752	provided_batch_table	sharepoint_2026-07-13_new439	source_reported
rna_seq:SRR5227335	study_title	The Conserved Intron Binding Protein EMB-4 Plays Differential Roles in Germline Small RNA Pathways of C. elegans	ena_study	shared/metadata_sources/v2/ena_studies/chunk_000.xml	source_reported
rna_seq:SRR5227335	library_strategy	RNA-Seq	ena_read_run	ENA read_run:SRR5227335; sample:SAMN06293520; study:SRP098791	source_reported
rna_seq:SRR5227335	library_layout	SINGLE	ena_read_run	ENA read_run:SRR5227335; sample:SAMN06293520; study:SRP098791	source_reported
rna_seq:SRR5227336	stage	Young Adult	local_project_metadata	sharepoint_2026-07-13_new439	source_reported
rna_seq:SRR5227336	stage	Young Adults	ena_sample	shared/metadata_sources/v2/ena_samples/chunk_002.xml	source_reported
rna_seq:SRR5227336	tissue	whole worm	ena_sample	shared/metadata_sources/v2/ena_samples/chunk_002.xml	source_reported
rna_seq:SRR5227336	strain	emb-4(hc60)	ena_sample	shared/metadata_sources/v2/ena_samples/chunk_002.xml	source_reported
rna_seq:SRR5227336	genotype	mutated	provided_batch_table	sharepoint_2026-07-13_new439	source_reported
rna_seq:SRR5227336	data_source	PRJNA369752	provided_batch_table	sharepoint_2026-07-13_new439	source_reported
rna_seq:SRR5227336	study_title	The Conserved Intron Binding Protein EMB-4 Plays Differential Roles in Germline Small RNA Pathways of C. elegans	ena_study	shared/metadata_sources/v2/ena_studies/chunk_000.xml	source_reported
rna_seq:SRR5227336	library_strategy	RNA-Seq	ena_read_run	ENA read_run:SRR5227336; sample:SAMN06293517; study:SRP098791	source_reported
rna_seq:SRR5227336	library_layout	SINGLE	ena_read_run	ENA read_run:SRR5227336; sample:SAMN06293517; study:SRP098791	source_reported
rna_seq:SRR5227337	stage	Young Adult	local_project_metadata	sharepoint_2026-07-13_new439	source_reported
rna_seq:SRR5227337	stage	Young Adults	ena_sample	shared/metadata_sources/v2/ena_samples/chunk_002.xml	source_reported
rna_seq:SRR5227337	tissue	whole worm	ena_sample	shared/metadata_sources/v2/ena_samples/chunk_002.xml	source_reported
rna_seq:SRR5227337	strain	wild type (N2)	ena_sample	shared/metadata_sources/v2/ena_samples/chunk_002.xml	source_reported
rna_seq:SRR5227337	genotype	WT	provided_batch_table	sharepoint_2026-07-13_new439	source_reported
rna_seq:SRR5227337	data_source	PRJNA369752	provided_batch_table	sharepoint_2026-07-13_new439	source_reported
rna_seq:SRR5227337	study_title	The Conserved Intron Binding Protein EMB-4 Plays Differential Roles in Germline Small RNA Pathways of C. elegans	ena_study	shared/metadata_sources/v2/ena_studies/chunk_000.xml	source_reported
rna_seq:SRR5227337	library_strategy	RNA-Seq	ena_read_run	ENA read_run:SRR5227337; sample:SAMN06293516; study:SRP098791	source_reported
rna_seq:SRR5227337	library_layout	SINGLE	ena_read_run	ENA read_run:SRR5227337; sample:SAMN06293516; study:SRP098791	source_reported
rna_seq:SRR5227338	stage	Young Adult	local_project_metadata	sharepoint_2026-07-13_new439	source_reported
rna_seq:SRR5227338	stage	Young Adults	ena_sample	shared/metadata_sources/v2/ena_samples/chunk_002.xml	source_reported
rna_seq:SRR5227338	tissue	whole worm	ena_sample	shared/metadata_sources/v2/ena_samples/chunk_002.xml	source_reported
rna_seq:SRR5227338	strain	wild type (N2)	ena_sample	shared/metadata_sources/v2/ena_samples/chunk_002.xml	source_reported
rna_seq:SRR5227338	genotype	WT	provided_batch_table	sharepoint_2026-07-13_new439	source_reported
rna_seq:SRR5227338	data_source	PRJNA369752	provided_batch_table	sharepoint_2026-07-13_new439	source_reported
rna_seq:SRR5227338	study_title	The Conserved Intron Binding Protein EMB-4 Plays Differential Roles in Germline Small RNA Pathways of C. elegans	ena_study	shared/metadata_sources/v2/ena_studies/chunk_000.xml	source_reported
rna_seq:SRR5227338	library_strategy	RNA-Seq	ena_read_run	ENA read_run:SRR5227338; sample:SAMN06293515; study:SRP098791	source_reported
rna_seq:SRR5227338	library_layout	SINGLE	ena_read_run	ENA read_run:SRR5227338; sample:SAMN06293515; study:SRP098791	source_reported
rna_seq:SRR5227339	stage	Young Adult	local_project_metadata	sharepoint_2026-07-13_new439	source_reported
rna_seq:SRR5227339	stage	Young Adults	ena_sample	shared/metadata_sources/v2/ena_samples/chunk_002.xml	source_reported
rna_seq:SRR5227339	tissue	whole worm	ena_sample	shared/metadata_sources/v2/ena_samples/chunk_002.xml	source_reported
rna_seq:SRR5227339	strain	emb-4(hc60)	ena_sample	shared/metadata_sources/v2/ena_samples/chunk_002.xml	source_reported
rna_seq:SRR5227339	genotype	mutated	provided_batch_table	sharepoint_2026-07-13_new439	source_reported
rna_seq:SRR5227339	data_source	PRJNA369752	provided_batch_table	sharepoint_2026-07-13_new439	source_reported
rna_seq:SRR5227339	study_title	The Conserved Intron Binding Protein EMB-4 Plays Differential Roles in Germline Small RNA Pathways of C. elegans	ena_study	shared/metadata_sources/v2/ena_studies/chunk_000.xml	source_reported
rna_seq:SRR5227339	library_strategy	RNA-Seq	ena_read_run	ENA read_run:SRR5227339; sample:SAMN06293518; study:SRP098791	source_reported
rna_seq:SRR5227339	library_layout	SINGLE	ena_read_run	ENA read_run:SRR5227339; sample:SAMN06293518; study:SRP098791	source_reported
rna_seq:SRR5227340	stage	Young Adult	local_project_metadata	sharepoint_2026-07-13_new439	source_reported
rna_seq:SRR5227340	stage	Young Adults	ena_sample	shared/metadata_sources/v2/ena_samples/chunk_002.xml	source_reported
rna_seq:SRR5227340	tissue	whole worm	ena_sample	shared/metadata_sources/v2/ena_samples/chunk_002.xml	source_reported
rna_seq:SRR5227340	strain	emb-4(hc60)	ena_sample	shared/metadata_sources/v2/ena_samples/chunk_002.xml	source_reported
rna_seq:SRR5227340	genotype	mutated	provided_batch_table	sharepoint_2026-07-13_new439	source_reported
rna_seq:SRR5227340	data_source	PRJNA369752	provided_batch_table	sharepoint_2026-07-13_new439	source_reported
rna_seq:SRR5227340	study_title	The Conserved Intron Binding Protein EMB-4 Plays Differential Roles in Germline Small RNA Pathways of C. elegans	ena_study	shared/metadata_sources/v2/ena_studies/chunk_000.xml	source_reported
rna_seq:SRR5227340	library_strategy	RNA-Seq	ena_read_run	ENA read_run:SRR5227340; sample:SAMN06293519; study:SRP098791	source_reported
rna_seq:SRR5227340	library_layout	SINGLE	ena_read_run	ENA read_run:SRR5227340; sample:SAMN06293519; study:SRP098791	source_reported
rna_seq:SRR7443583	stage	Embryo T2	local_project_metadata	2026.4.20	source_reported
rna_seq:SRR7443583	stage	Embryo T2	sharepoint_samples_xlsx	Samples.xlsx	source_reported
rna_seq:SRR7443583	stage	2	ena_sample	shared/metadata_sources/v2/ena_samples/chunk_002.xml	source_reported
rna_seq:SRR7443583	tissue	Muscle (hlh-1)	local_project_metadata	2026.4.20	source_reported
rna_seq:SRR7443583	tissue	Muscle (hlh-1)	sharepoint_samples_xlsx	Samples.xlsx	source_reported
rna_seq:SRR7443583	tissue	FACS sorted embryonic cells	ena_sample	shared/metadata_sources/v2/ena_samples/chunk_002.xml	source_reported
rna_seq:SRR7443583	sex	Hermaphrodite	local_project_metadata	2026.4.20	source_reported
rna_seq:SRR7443583	sex	Hermaphrodite	sharepoint_samples_xlsx	Samples.xlsx	source_reported
rna_seq:SRR7443583	sex	hermaphrodite	ena_sample	shared/metadata_sources/v2/ena_samples/chunk_002.xml	source_reported
rna_seq:SRR7443583	biological_replicate	3	ena_sample	shared/metadata_sources/v2/ena_samples/chunk_002.xml	source_reported
rna_seq:SRR7443583	data_source	Warner/Murray 2019	provided_batch_table	2026.4.20	source_reported
rna_seq:SRR7443583	data_source	Warner/Murray 2019	sharepoint_samples_xlsx	Samples.xlsx	source_reported
rna_seq:SRR7443583	study_title	Deciphering the C. elegans embryonic transcriptome with tissue, time, and alternative splicing resolution	ena_study	shared/metadata_sources/v2/ena_studies/chunk_000.xml	source_reported
rna_seq:SRR7443583	library_strategy	RNA-Seq	ena_read_run	ENA read_run:SRR7443583; sample:SAMN09466713; study:SRP151477	source_reported
rna_seq:SRR7443583	library_layout	PAIRED	ena_read_run	ENA read_run:SRR7443583; sample:SAMN09466713; study:SRP151477	source_reported
rna_seq:SRR7443584	stage	Embryo T3	local_project_metadata	2026.4.20	source_reported
rna_seq:SRR7443584	stage	Embryo T3	sharepoint_samples_xlsx	Samples.xlsx	source_reported
rna_seq:SRR7443584	stage	3	ena_sample	shared/metadata_sources/v2/ena_samples/chunk_002.xml	source_reported
rna_seq:SRR7443584	tissue	Muscle (hlh-1)	local_project_metadata	2026.4.20	source_reported
rna_seq:SRR7443584	tissue	Muscle (hlh-1)	sharepoint_samples_xlsx	Samples.xlsx	source_reported
rna_seq:SRR7443584	tissue	FACS sorted embryonic cells	ena_sample	shared/metadata_sources/v2/ena_samples/chunk_002.xml	source_reported
rna_seq:SRR7443584	sex	Hermaphrodite	local_project_metadata	2026.4.20	source_reported
rna_seq:SRR7443584	sex	Hermaphrodite	sharepoint_samples_xlsx	Samples.xlsx	source_reported
rna_seq:SRR7443584	sex	hermaphrodite	ena_sample	shared/metadata_sources/v2/ena_samples/chunk_002.xml	source_reported
rna_seq:SRR7443584	biological_replicate	3	ena_sample	shared/metadata_sources/v2/ena_samples/chunk_002.xml	source_reported
rna_seq:SRR7443584	data_source	Warner/Murray 2019	provided_batch_table	2026.4.20	source_reported
rna_seq:SRR7443584	data_source	Warner/Murray 2019	sharepoint_samples_xlsx	Samples.xlsx	source_reported
rna_seq:SRR7443584	study_title	Deciphering the C. elegans embryonic transcriptome with tissue, time, and alternative splicing resolution	ena_study	shared/metadata_sources/v2/ena_studies/chunk_000.xml	source_reported
rna_seq:SRR7443584	library_strategy	RNA-Seq	ena_read_run	ENA read_run:SRR7443584; sample:SAMN09466714; study:SRP151477	source_reported
rna_seq:SRR7443584	library_layout	PAIRED	ena_read_run	ENA read_run:SRR7443584; sample:SAMN09466714; study:SRP151477	source_reported
rna_seq:SRR7443585	stage	Embryo T0	local_project_metadata	2026.4.20	source_reported
rna_seq:SRR7443585	stage	Embryo T0	sharepoint_samples_xlsx	Samples.xlsx	source_reported
rna_seq:SRR7443585	stage	0	ena_sample	shared/metadata_sources/v2/ena_samples/chunk_002.xml	source_reported
rna_seq:SRR7443585	tissue	Muscle (hlh-1)	local_project_metadata	2026.4.20	source_reported
rna_seq:SRR7443585	tissue	Muscle (hlh-1)	sharepoint_samples_xlsx	Samples.xlsx	source_reported
rna_seq:SRR7443585	tissue	FACS sorted embryonic cells	ena_sample	shared/metadata_sources/v2/ena_samples/chunk_002.xml	source_reported
rna_seq:SRR7443585	sex	Hermaphrodite	local_project_metadata	2026.4.20	source_reported
rna_seq:SRR7443585	sex	Hermaphrodite	sharepoint_samples_xlsx	Samples.xlsx	source_reported
rna_seq:SRR7443585	sex	hermaphrodite	ena_sample	shared/metadata_sources/v2/ena_samples/chunk_002.xml	source_reported
rna_seq:SRR7443585	biological_replicate	3	ena_sample	shared/metadata_sources/v2/ena_samples/chunk_002.xml	source_reported
rna_seq:SRR7443585	data_source	Warner/Murray 2019	provided_batch_table	2026.4.20	source_reported
rna_seq:SRR7443585	data_source	Warner/Murray 2019	sharepoint_samples_xlsx	Samples.xlsx	source_reported
rna_seq:SRR7443585	study_title	Deciphering the C. elegans embryonic transcriptome with tissue, time, and alternative splicing resolution	ena_study	shared/metadata_sources/v2/ena_studies/chunk_000.xml	source_reported
rna_seq:SRR7443585	library_strategy	RNA-Seq	ena_read_run	ENA read_run:SRR7443585; sample:SAMN09466711; study:SRP151477	source_reported
rna_seq:SRR7443585	library_layout	PAIRED	ena_read_run	ENA read_run:SRR7443585; sample:SAMN09466711; study:SRP151477	source_reported
rna_seq:SRR7443586	stage	Embryo T1	local_project_metadata	2026.4.20	source_reported
rna_seq:SRR7443586	stage	Embryo T1	sharepoint_samples_xlsx	Samples.xlsx	source_reported
rna_seq:SRR7443586	stage	1	ena_sample	shared/metadata_sources/v2/ena_samples/chunk_002.xml	source_reported
rna_seq:SRR7443586	tissue	Muscle (hlh-1)	local_project_metadata	2026.4.20	source_reported
rna_seq:SRR7443586	tissue	Muscle (hlh-1)	sharepoint_samples_xlsx	Samples.xlsx	source_reported
rna_seq:SRR7443586	tissue	FACS sorted embryonic cells	ena_sample	shared/metadata_sources/v2/ena_samples/chunk_002.xml	source_reported
rna_seq:SRR7443586	sex	Hermaphrodite	local_project_metadata	2026.4.20	source_reported
rna_seq:SRR7443586	sex	Hermaphrodite	sharepoint_samples_xlsx	Samples.xlsx	source_reported
rna_seq:SRR7443586	sex	hermaphrodite	ena_sample	shared/metadata_sources/v2/ena_samples/chunk_002.xml	source_reported
rna_seq:SRR7443586	biological_replicate	3	ena_sample	shared/metadata_sources/v2/ena_samples/chunk_002.xml	source_reported
rna_seq:SRR7443586	data_source	Warner/Murray 2019	provided_batch_table	2026.4.20	source_reported
rna_seq:SRR7443586	data_source	Warner/Murray 2019	sharepoint_samples_xlsx	Samples.xlsx	source_reported
rna_seq:SRR7443586	study_title	Deciphering the C. elegans embryonic transcriptome with tissue, time, and alternative splicing resolution	ena_study	shared/metadata_sources/v2/ena_studies/chunk_000.xml	source_reported
rna_seq:SRR7443586	library_strategy	RNA-Seq	ena_read_run	ENA read_run:SRR7443586; sample:SAMN09466712; study:SRP151477	source_reported
rna_seq:SRR7443586	library_layout	PAIRED	ena_read_run	ENA read_run:SRR7443586; sample:SAMN09466712; study:SRP151477	source_reported
rna_seq:SRR7443587	stage	Embryo T1	local_project_metadata	2026.4.20	source_reported
rna_seq:SRR7443587	stage	Embryo T1	sharepoint_samples_xlsx	Samples.xlsx	source_reported
rna_seq:SRR7443587	stage	1	ena_sample	shared/metadata_sources/v2/ena_samples/chunk_002.xml	source_reported
rna_seq:SRR7443587	tissue	Muscle (hlh-1)	local_project_metadata	2026.4.20	source_reported
rna_seq:SRR7443587	tissue	Muscle (hlh-1)	sharepoint_samples_xlsx	Samples.xlsx	source_reported
rna_seq:SRR7443587	tissue	FACS sorted embryonic cells	ena_sample	shared/metadata_sources/v2/ena_samples/chunk_002.xml	source_reported
rna_seq:SRR7443587	sex	Hermaphrodite	local_project_metadata	2026.4.20	source_reported
rna_seq:SRR7443587	sex	Hermaphrodite	sharepoint_samples_xlsx	Samples.xlsx	source_reported
rna_seq:SRR7443587	sex	hermaphrodite	ena_sample	shared/metadata_sources/v2/ena_samples/chunk_002.xml	source_reported
rna_seq:SRR7443587	biological_replicate	4	ena_sample	shared/metadata_sources/v2/ena_samples/chunk_002.xml	source_reported
rna_seq:SRR7443587	data_source	Warner/Murray 2019	provided_batch_table	2026.4.20	source_reported
rna_seq:SRR7443587	data_source	Warner/Murray 2019	sharepoint_samples_xlsx	Samples.xlsx	source_reported
rna_seq:SRR7443587	study_title	Deciphering the C. elegans embryonic transcriptome with tissue, time, and alternative splicing resolution	ena_study	shared/metadata_sources/v2/ena_studies/chunk_000.xml	source_reported
rna_seq:SRR7443587	library_strategy	RNA-Seq	ena_read_run	ENA read_run:SRR7443587; sample:SAMN09466717; study:SRP151477	source_reported
rna_seq:SRR7443587	library_layout	PAIRED	ena_read_run	ENA read_run:SRR7443587; sample:SAMN09466717; study:SRP151477	source_reported
rna_seq:SRR7443588	stage	Embryo T2	local_project_metadata	2026.4.20	source_reported
rna_seq:SRR7443588	stage	Embryo T2	sharepoint_samples_xlsx	Samples.xlsx	source_reported
rna_seq:SRR7443588	stage	2	ena_sample	shared/metadata_sources/v2/ena_samples/chunk_002.xml	source_reported
rna_seq:SRR7443588	tissue	Muscle (hlh-1)	local_project_metadata	2026.4.20	source_reported
rna_seq:SRR7443588	tissue	Muscle (hlh-1)	sharepoint_samples_xlsx	Samples.xlsx	source_reported
rna_seq:SRR7443588	tissue	FACS sorted embryonic cells	ena_sample	shared/metadata_sources/v2/ena_samples/chunk_002.xml	source_reported
rna_seq:SRR7443588	sex	Hermaphrodite	local_project_metadata	2026.4.20	source_reported
rna_seq:SRR7443588	sex	Hermaphrodite	sharepoint_samples_xlsx	Samples.xlsx	source_reported
rna_seq:SRR7443588	sex	hermaphrodite	ena_sample	shared/metadata_sources/v2/ena_samples/chunk_002.xml	source_reported
rna_seq:SRR7443588	biological_replicate	4	ena_sample	shared/metadata_sources/v2/ena_samples/chunk_002.xml	source_reported
rna_seq:SRR7443588	data_source	Warner/Murray 2019	provided_batch_table	2026.4.20	source_reported
rna_seq:SRR7443588	data_source	Warner/Murray 2019	sharepoint_samples_xlsx	Samples.xlsx	source_reported
rna_seq:SRR7443588	study_title	Deciphering the C. elegans embryonic transcriptome with tissue, time, and alternative splicing resolution	ena_study	shared/metadata_sources/v2/ena_studies/chunk_000.xml	source_reported
rna_seq:SRR7443588	library_strategy	RNA-Seq	ena_read_run	ENA read_run:SRR7443588; sample:SAMN09466718; study:SRP151477	source_reported
rna_seq:SRR7443588	library_layout	PAIRED	ena_read_run	ENA read_run:SRR7443588; sample:SAMN09466718; study:SRP151477	source_reported
rna_seq:SRR7443589	stage	Embryo T4	local_project_metadata	2026.4.20	source_reported
rna_seq:SRR7443589	stage	Embryo T4	sharepoint_samples_xlsx	Samples.xlsx	source_reported
rna_seq:SRR7443589	stage	4	ena_sample	shared/metadata_sources/v2/ena_samples/chunk_002.xml	source_reported
rna_seq:SRR7443589	tissue	Muscle (hlh-1)	local_project_metadata	2026.4.20	source_reported
rna_seq:SRR7443589	tissue	Muscle (hlh-1)	sharepoint_samples_xlsx	Samples.xlsx	source_reported
rna_seq:SRR7443589	tissue	FACS sorted embryonic cells	ena_sample	shared/metadata_sources/v2/ena_samples/chunk_002.xml	source_reported
rna_seq:SRR7443589	sex	Hermaphrodite	local_project_metadata	2026.4.20	source_reported
rna_seq:SRR7443589	sex	Hermaphrodite	sharepoint_samples_xlsx	Samples.xlsx	source_reported
rna_seq:SRR7443589	sex	hermaphrodite	ena_sample	shared/metadata_sources/v2/ena_samples/chunk_002.xml	source_reported
rna_seq:SRR7443589	biological_replicate	3	ena_sample	shared/metadata_sources/v2/ena_samples/chunk_002.xml	source_reported
rna_seq:SRR7443589	data_source	Warner/Murray 2019	provided_batch_table	2026.4.20	source_reported
rna_seq:SRR7443589	data_source	Warner/Murray 2019	sharepoint_samples_xlsx	Samples.xlsx	source_reported
rna_seq:SRR7443589	study_title	Deciphering the C. elegans embryonic transcriptome with tissue, time, and alternative splicing resolution	ena_study	shared/metadata_sources/v2/ena_studies/chunk_000.xml	source_reported
rna_seq:SRR7443589	library_strategy	RNA-Seq	ena_read_run	ENA read_run:SRR7443589; sample:SAMN09466715; study:SRP151477	source_reported
rna_seq:SRR7443589	library_layout	PAIRED	ena_read_run	ENA read_run:SRR7443589; sample:SAMN09466715; study:SRP151477	source_reported
rna_seq:SRR7443590	stage	Embryo T0	local_project_metadata	2026.4.20	source_reported
rna_seq:SRR7443590	stage	Embryo T0	sharepoint_samples_xlsx	Samples.xlsx	source_reported
rna_seq:SRR7443590	stage	0	ena_sample	shared/metadata_sources/v2/ena_samples/chunk_002.xml	source_reported
rna_seq:SRR7443590	tissue	Muscle (hlh-1)	local_project_metadata	2026.4.20	source_reported
rna_seq:SRR7443590	tissue	Muscle (hlh-1)	sharepoint_samples_xlsx	Samples.xlsx	source_reported
rna_seq:SRR7443590	tissue	FACS sorted embryonic cells	ena_sample	shared/metadata_sources/v2/ena_samples/chunk_002.xml	source_reported
rna_seq:SRR7443590	sex	Hermaphrodite	local_project_metadata	2026.4.20	source_reported
rna_seq:SRR7443590	sex	Hermaphrodite	sharepoint_samples_xlsx	Samples.xlsx	source_reported
rna_seq:SRR7443590	sex	hermaphrodite	ena_sample	shared/metadata_sources/v2/ena_samples/chunk_002.xml	source_reported
rna_seq:SRR7443590	biological_replicate	4	ena_sample	shared/metadata_sources/v2/ena_samples/chunk_002.xml	source_reported
rna_seq:SRR7443590	data_source	Warner/Murray 2019	provided_batch_table	2026.4.20	source_reported
rna_seq:SRR7443590	data_source	Warner/Murray 2019	sharepoint_samples_xlsx	Samples.xlsx	source_reported
rna_seq:SRR7443590	study_title	Deciphering the C. elegans embryonic transcriptome with tissue, time, and alternative splicing resolution	ena_study	shared/metadata_sources/v2/ena_studies/chunk_000.xml	source_reported
rna_seq:SRR7443590	library_strategy	RNA-Seq	ena_read_run	ENA read_run:SRR7443590; sample:SAMN09466716; study:SRP151477	source_reported
rna_seq:SRR7443590	library_layout	PAIRED	ena_read_run	ENA read_run:SRR7443590; sample:SAMN09466716; study:SRP151477	source_reported
rna_seq:SRR7443591	stage	Embryo T3	local_project_metadata	2026.4.20	source_reported
rna_seq:SRR7443591	stage	Embryo T3	sharepoint_samples_xlsx	Samples.xlsx	source_reported
rna_seq:SRR7443591	stage	3	ena_sample	shared/metadata_sources/v2/ena_samples/chunk_002.xml	source_reported
rna_seq:SRR7443591	tissue	Muscle (hlh-1)	local_project_metadata	2026.4.20	source_reported
rna_seq:SRR7443591	tissue	Muscle (hlh-1)	sharepoint_samples_xlsx	Samples.xlsx	source_reported
rna_seq:SRR7443591	tissue	FACS sorted embryonic cells	ena_sample	shared/metadata_sources/v2/ena_samples/chunk_002.xml	source_reported
rna_seq:SRR7443591	sex	Hermaphrodite	local_project_metadata	2026.4.20	source_reported
rna_seq:SRR7443591	sex	Hermaphrodite	sharepoint_samples_xlsx	Samples.xlsx	source_reported
rna_seq:SRR7443591	sex	hermaphrodite	ena_sample	shared/metadata_sources/v2/ena_samples/chunk_002.xml	source_reported
rna_seq:SRR7443591	biological_replicate	4	ena_sample	shared/metadata_sources/v2/ena_samples/chunk_002.xml	source_reported
rna_seq:SRR7443591	data_source	Warner/Murray 2019	provided_batch_table	2026.4.20	source_reported
rna_seq:SRR7443591	data_source	Warner/Murray 2019	sharepoint_samples_xlsx	Samples.xlsx	source_reported
rna_seq:SRR7443591	study_title	Deciphering the C. elegans embryonic transcriptome with tissue, time, and alternative splicing resolution	ena_study	shared/metadata_sources/v2/ena_studies/chunk_000.xml	source_reported
rna_seq:SRR7443591	library_strategy	RNA-Seq	ena_read_run	ENA read_run:SRR7443591; sample:SAMN09466719; study:SRP151477	source_reported
rna_seq:SRR7443591	library_layout	PAIRED	ena_read_run	ENA read_run:SRR7443591; sample:SAMN09466719; study:SRP151477	source_reported
rna_seq:SRR7443592	stage	Embryo T4	local_project_metadata	2026.4.20	source_reported
rna_seq:SRR7443592	stage	Embryo T4	sharepoint_samples_xlsx	Samples.xlsx	source_reported
rna_seq:SRR7443592	stage	4	ena_sample	shared/metadata_sources/v2/ena_samples/chunk_002.xml	source_reported
rna_seq:SRR7443592	tissue	Muscle (hlh-1)	local_project_metadata	2026.4.20	source_reported
rna_seq:SRR7443592	tissue	Muscle (hlh-1)	sharepoint_samples_xlsx	Samples.xlsx	source_reported
rna_seq:SRR7443592	tissue	FACS sorted embryonic cells	ena_sample	shared/metadata_sources/v2/ena_samples/chunk_002.xml	source_reported
rna_seq:SRR7443592	sex	Hermaphrodite	local_project_metadata	2026.4.20	source_reported
rna_seq:SRR7443592	sex	Hermaphrodite	sharepoint_samples_xlsx	Samples.xlsx	source_reported
rna_seq:SRR7443592	sex	hermaphrodite	ena_sample	shared/metadata_sources/v2/ena_samples/chunk_002.xml	source_reported
rna_seq:SRR7443592	biological_replicate	4	ena_sample	shared/metadata_sources/v2/ena_samples/chunk_002.xml	source_reported
rna_seq:SRR7443592	data_source	Warner/Murray 2019	provided_batch_table	2026.4.20	source_reported
rna_seq:SRR7443592	data_source	Warner/Murray 2019	sharepoint_samples_xlsx	Samples.xlsx	source_reported
rna_seq:SRR7443592	study_title	Deciphering the C. elegans embryonic transcriptome with tissue, time, and alternative splicing resolution	ena_study	shared/metadata_sources/v2/ena_studies/chunk_000.xml	source_reported
rna_seq:SRR7443592	library_strategy	RNA-Seq	ena_read_run	ENA read_run:SRR7443592; sample:SAMN09466720; study:SRP151477	source_reported
rna_seq:SRR7443592	library_layout	PAIRED	ena_read_run	ENA read_run:SRR7443592; sample:SAMN09466720; study:SRP151477	source_reported
rna_seq:SRR7443593	stage	Embryo T4	local_project_metadata	2026.4.20	source_reported
rna_seq:SRR7443593	stage	Embryo T4	sharepoint_samples_xlsx	Samples.xlsx	source_reported
rna_seq:SRR7443593	stage	4	ena_sample	shared/metadata_sources/v2/ena_samples/chunk_002.xml	source_reported
rna_seq:SRR7443593	tissue	Pharynx (pha-4)	local_project_metadata	2026.4.20	source_reported
rna_seq:SRR7443593	tissue	Pharynx (pha-4)	sharepoint_samples_xlsx	Samples.xlsx	source_reported
rna_seq:SRR7443593	tissue	FACS sorted embryonic cells	ena_sample	shared/metadata_sources/v2/ena_samples/chunk_002.xml	source_reported
rna_seq:SRR7443593	sex	Hermaphrodite	local_project_metadata	2026.4.20	source_reported
rna_seq:SRR7443593	sex	Hermaphrodite	sharepoint_samples_xlsx	Samples.xlsx	source_reported
rna_seq:SRR7443593	sex	hermaphrodite	ena_sample	shared/metadata_sources/v2/ena_samples/chunk_002.xml	source_reported
rna_seq:SRR7443593	biological_replicate	1	ena_sample	shared/metadata_sources/v2/ena_samples/chunk_002.xml	source_reported
rna_seq:SRR7443593	data_source	Warner/Murray 2019	provided_batch_table	2026.4.20	source_reported
rna_seq:SRR7443593	data_source	Warner/Murray 2019	sharepoint_samples_xlsx	Samples.xlsx	source_reported
rna_seq:SRR7443593	study_title	Deciphering the C. elegans embryonic transcriptome with tissue, time, and alternative splicing resolution	ena_study	shared/metadata_sources/v2/ena_studies/chunk_000.xml	source_reported
rna_seq:SRR7443593	library_strategy	RNA-Seq	ena_read_run	ENA read_run:SRR7443593; sample:SAMN09466735; study:SRP151477	source_reported
rna_seq:SRR7443593	library_layout	PAIRED	ena_read_run	ENA read_run:SRR7443593; sample:SAMN09466735; study:SRP151477	source_reported
rna_seq:SRR7443594	stage	Embryo T4	local_project_metadata	2026.4.20	source_reported
rna_seq:SRR7443594	stage	Embryo T4	sharepoint_samples_xlsx	Samples.xlsx	source_reported
rna_seq:SRR7443594	stage	4	ena_sample	shared/metadata_sources/v2/ena_samples/chunk_002.xml	source_reported
rna_seq:SRR7443594	tissue	Pharynx (pha-4)	local_project_metadata	2026.4.20	source_reported
rna_seq:SRR7443594	tissue	Pharynx (pha-4)	sharepoint_samples_xlsx	Samples.xlsx	source_reported
rna_seq:SRR7443594	tissue	FACS sorted embryonic cells	ena_sample	shared/metadata_sources/v2/ena_samples/chunk_002.xml	source_reported
rna_seq:SRR7443594	sex	Hermaphrodite	local_project_metadata	2026.4.20	source_reported
rna_seq:SRR7443594	sex	Hermaphrodite	sharepoint_samples_xlsx	Samples.xlsx	source_reported
rna_seq:SRR7443594	sex	hermaphrodite	ena_sample	shared/metadata_sources/v2/ena_samples/chunk_002.xml	source_reported
rna_seq:SRR7443594	biological_replicate	2	ena_sample	shared/metadata_sources/v2/ena_samples/chunk_002.xml	source_reported
rna_seq:SRR7443594	data_source	Warner/Murray 2019	provided_batch_table	2026.4.20	source_reported
rna_seq:SRR7443594	data_source	Warner/Murray 2019	sharepoint_samples_xlsx	Samples.xlsx	source_reported
rna_seq:SRR7443594	study_title	Deciphering the C. elegans embryonic transcriptome with tissue, time, and alternative splicing resolution	ena_study	shared/metadata_sources/v2/ena_studies/chunk_000.xml	source_reported
rna_seq:SRR7443594	library_strategy	RNA-Seq	ena_read_run	ENA read_run:SRR7443594; sample:SAMN09466740; study:SRP151477	source_reported
rna_seq:SRR7443594	library_layout	PAIRED	ena_read_run	ENA read_run:SRR7443594; sample:SAMN09466740; study:SRP151477	source_reported
rna_seq:SRR7443595	stage	Embryo T0	local_project_metadata	2026.4.20	source_reported
rna_seq:SRR7443595	stage	Embryo T0	sharepoint_samples_xlsx	Samples.xlsx	source_reported
rna_seq:SRR7443595	stage	0	ena_sample	shared/metadata_sources/v2/ena_samples/chunk_002.xml	source_reported
rna_seq:SRR7443595	tissue	Intestine (end1)	local_project_metadata	2026.4.20	source_reported
rna_seq:SRR7443595	tissue	Intestine (end1)	sharepoint_samples_xlsx	Samples.xlsx	source_reported
rna_seq:SRR7443595	tissue	FACS sorted embryonic cells	ena_sample	shared/metadata_sources/v2/ena_samples/chunk_002.xml	source_reported
rna_seq:SRR7443595	sex	Hermaphrodite	local_project_metadata	2026.4.20	source_reported
rna_seq:SRR7443595	sex	Hermaphrodite	sharepoint_samples_xlsx	Samples.xlsx	source_reported
rna_seq:SRR7443595	sex	hermaphrodite	ena_sample	shared/metadata_sources/v2/ena_samples/chunk_002.xml	source_reported
rna_seq:SRR7443595	biological_replicate	1	ena_sample	shared/metadata_sources/v2/ena_samples/chunk_002.xml	source_reported
rna_seq:SRR7443595	data_source	Warner/Murray 2019	provided_batch_table	2026.4.20	source_reported
rna_seq:SRR7443595	data_source	Warner/Murray 2019	sharepoint_samples_xlsx	Samples.xlsx	source_reported
rna_seq:SRR7443595	study_title	Deciphering the C. elegans embryonic transcriptome with tissue, time, and alternative splicing resolution	ena_study	shared/metadata_sources/v2/ena_studies/chunk_000.xml	source_reported
rna_seq:SRR7443595	library_strategy	RNA-Seq	ena_read_run	ENA read_run:SRR7443595; sample:SAMN09466691; study:SRP151477	source_reported
rna_seq:SRR7443595	library_layout	PAIRED	ena_read_run	ENA read_run:SRR7443595; sample:SAMN09466691; study:SRP151477	source_reported
rna_seq:SRR7443596	stage	Embryo T1	local_project_metadata	2026.4.20	source_reported
rna_seq:SRR7443596	stage	Embryo T1	sharepoint_samples_xlsx	Samples.xlsx	source_reported
rna_seq:SRR7443596	stage	1	ena_sample	shared/metadata_sources/v2/ena_samples/chunk_002.xml	source_reported
rna_seq:SRR7443596	tissue	Intestine (end1)	local_project_metadata	2026.4.20	source_reported
rna_seq:SRR7443596	tissue	Intestine (end1)	sharepoint_samples_xlsx	Samples.xlsx	source_reported
rna_seq:SRR7443596	tissue	FACS sorted embryonic cells	ena_sample	shared/metadata_sources/v2/ena_samples/chunk_002.xml	source_reported
rna_seq:SRR7443596	sex	Hermaphrodite	local_project_metadata	2026.4.20	source_reported
rna_seq:SRR7443596	sex	Hermaphrodite	sharepoint_samples_xlsx	Samples.xlsx	source_reported
rna_seq:SRR7443596	sex	hermaphrodite	ena_sample	shared/metadata_sources/v2/ena_samples/chunk_002.xml	source_reported
rna_seq:SRR7443596	biological_replicate	1	ena_sample	shared/metadata_sources/v2/ena_samples/chunk_002.xml	source_reported
rna_seq:SRR7443596	data_source	Warner/Murray 2019	provided_batch_table	2026.4.20	source_reported
rna_seq:SRR7443596	data_source	Warner/Murray 2019	sharepoint_samples_xlsx	Samples.xlsx	source_reported
rna_seq:SRR7443596	study_title	Deciphering the C. elegans embryonic transcriptome with tissue, time, and alternative splicing resolution	ena_study	shared/metadata_sources/v2/ena_studies/chunk_000.xml	source_reported
rna_seq:SRR7443596	library_strategy	RNA-Seq	ena_read_run	ENA read_run:SRR7443596; sample:SAMN09466692; study:SRP151477	source_reported
rna_seq:SRR7443596	library_layout	PAIRED	ena_read_run	ENA read_run:SRR7443596; sample:SAMN09466692; study:SRP151477	source_reported
rna_seq:SRR7443597	stage	Embryo T2	local_project_metadata	2026.4.20	source_reported
rna_seq:SRR7443597	stage	Embryo T2	sharepoint_samples_xlsx	Samples.xlsx	source_reported
rna_seq:SRR7443597	stage	2	ena_sample	shared/metadata_sources/v2/ena_samples/chunk_002.xml	source_reported
rna_seq:SRR7443597	tissue	Intestine (end1)	local_project_metadata	2026.4.20	source_reported
rna_seq:SRR7443597	tissue	Intestine (end1)	sharepoint_samples_xlsx	Samples.xlsx	source_reported
rna_seq:SRR7443597	tissue	FACS sorted embryonic cells	ena_sample	shared/metadata_sources/v2/ena_samples/chunk_002.xml	source_reported
rna_seq:SRR7443597	sex	Hermaphrodite	local_project_metadata	2026.4.20	source_reported
rna_seq:SRR7443597	sex	Hermaphrodite	sharepoint_samples_xlsx	Samples.xlsx	source_reported
rna_seq:SRR7443597	sex	hermaphrodite	ena_sample	shared/metadata_sources/v2/ena_samples/chunk_002.xml	source_reported
rna_seq:SRR7443597	biological_replicate	1	ena_sample	shared/metadata_sources/v2/ena_samples/chunk_002.xml	source_reported
rna_seq:SRR7443597	data_source	Warner/Murray 2019	provided_batch_table	2026.4.20	source_reported
rna_seq:SRR7443597	data_source	Warner/Murray 2019	sharepoint_samples_xlsx	Samples.xlsx	source_reported
rna_seq:SRR7443597	study_title	Deciphering the C. elegans embryonic transcriptome with tissue, time, and alternative splicing resolution	ena_study	shared/metadata_sources/v2/ena_studies/chunk_000.xml	source_reported
rna_seq:SRR7443597	library_strategy	RNA-Seq	ena_read_run	ENA read_run:SRR7443597; sample:SAMN09466693; study:SRP151477	source_reported
rna_seq:SRR7443597	library_layout	PAIRED	ena_read_run	ENA read_run:SRR7443597; sample:SAMN09466693; study:SRP151477	source_reported
rna_seq:SRR7443598	stage	Embryo T3	local_project_metadata	2026.4.20	source_reported
rna_seq:SRR7443598	stage	Embryo T3	sharepoint_samples_xlsx	Samples.xlsx	source_reported
rna_seq:SRR7443598	stage	3	ena_sample	shared/metadata_sources/v2/ena_samples/chunk_002.xml	source_reported
rna_seq:SRR7443598	tissue	Intestine (end1)	local_project_metadata	2026.4.20	source_reported
rna_seq:SRR7443598	tissue	Intestine (end1)	sharepoint_samples_xlsx	Samples.xlsx	source_reported
rna_seq:SRR7443598	tissue	FACS sorted embryonic cells	ena_sample	shared/metadata_sources/v2/ena_samples/chunk_002.xml	source_reported
rna_seq:SRR7443598	sex	Hermaphrodite	local_project_metadata	2026.4.20	source_reported
rna_seq:SRR7443598	sex	Hermaphrodite	sharepoint_samples_xlsx	Samples.xlsx	source_reported
rna_seq:SRR7443598	sex	hermaphrodite	ena_sample	shared/metadata_sources/v2/ena_samples/chunk_002.xml	source_reported
rna_seq:SRR7443598	biological_replicate	1	ena_sample	shared/metadata_sources/v2/ena_samples/chunk_002.xml	source_reported
rna_seq:SRR7443598	data_source	Warner/Murray 2019	provided_batch_table	2026.4.20	source_reported
rna_seq:SRR7443598	data_source	Warner/Murray 2019	sharepoint_samples_xlsx	Samples.xlsx	source_reported
rna_seq:SRR7443598	study_title	Deciphering the C. elegans embryonic transcriptome with tissue, time, and alternative splicing resolution	ena_study	shared/metadata_sources/v2/ena_studies/chunk_000.xml	source_reported
rna_seq:SRR7443598	library_strategy	RNA-Seq	ena_read_run	ENA read_run:SRR7443598; sample:SAMN09466694; study:SRP151477	source_reported
rna_seq:SRR7443598	library_layout	PAIRED	ena_read_run	ENA read_run:SRR7443598; sample:SAMN09466694; study:SRP151477	source_reported
rna_seq:SRR7443599	stage	Embryo T4	local_project_metadata	2026.4.20	source_reported
rna_seq:SRR7443599	stage	Embryo T4	sharepoint_samples_xlsx	Samples.xlsx	source_reported
rna_seq:SRR7443599	stage	4	ena_sample	shared/metadata_sources/v2/ena_samples/chunk_002.xml	source_reported
rna_seq:SRR7443599	tissue	Intestine (end1)	local_project_metadata	2026.4.20	source_reported
rna_seq:SRR7443599	tissue	Intestine (end1)	sharepoint_samples_xlsx	Samples.xlsx	source_reported
rna_seq:SRR7443599	tissue	FACS sorted embryonic cells	ena_sample	shared/metadata_sources/v2/ena_samples/chunk_002.xml	source_reported
rna_seq:SRR7443599	sex	Hermaphrodite	local_project_metadata	2026.4.20	source_reported
rna_seq:SRR7443599	sex	Hermaphrodite	sharepoint_samples_xlsx	Samples.xlsx	source_reported
rna_seq:SRR7443599	sex	hermaphrodite	ena_sample	shared/metadata_sources/v2/ena_samples/chunk_002.xml	source_reported
rna_seq:SRR7443599	biological_replicate	1	ena_sample	shared/metadata_sources/v2/ena_samples/chunk_002.xml	source_reported
rna_seq:SRR7443599	data_source	Warner/Murray 2019	provided_batch_table	2026.4.20	source_reported
rna_seq:SRR7443599	data_source	Warner/Murray 2019	sharepoint_samples_xlsx	Samples.xlsx	source_reported
rna_seq:SRR7443599	study_title	Deciphering the C. elegans embryonic transcriptome with tissue, time, and alternative splicing resolution	ena_study	shared/metadata_sources/v2/ena_studies/chunk_000.xml	source_reported
rna_seq:SRR7443599	library_strategy	RNA-Seq	ena_read_run	ENA read_run:SRR7443599; sample:SAMN09466695; study:SRP151477	source_reported
rna_seq:SRR7443599	library_layout	PAIRED	ena_read_run	ENA read_run:SRR7443599; sample:SAMN09466695; study:SRP151477	source_reported
rna_seq:SRR7443600	stage	Embryo T0	local_project_metadata	2026.4.20	source_reported
rna_seq:SRR7443600	stage	Embryo T0	sharepoint_samples_xlsx	Samples.xlsx	source_reported
rna_seq:SRR7443600	stage	0	ena_sample	shared/metadata_sources/v2/ena_samples/chunk_002.xml	source_reported
rna_seq:SRR7443600	tissue	Intestine (end1)	local_project_metadata	2026.4.20	source_reported
rna_seq:SRR7443600	tissue	Intestine (end1)	sharepoint_samples_xlsx	Samples.xlsx	source_reported
rna_seq:SRR7443600	tissue	FACS sorted embryonic cells	ena_sample	shared/metadata_sources/v2/ena_samples/chunk_002.xml	source_reported
rna_seq:SRR7443600	sex	Hermaphrodite	local_project_metadata	2026.4.20	source_reported
rna_seq:SRR7443600	sex	Hermaphrodite	sharepoint_samples_xlsx	Samples.xlsx	source_reported
rna_seq:SRR7443600	sex	hermaphrodite	ena_sample	shared/metadata_sources/v2/ena_samples/chunk_002.xml	source_reported
rna_seq:SRR7443600	biological_replicate	2	ena_sample	shared/metadata_sources/v2/ena_samples/chunk_002.xml	source_reported
rna_seq:SRR7443600	data_source	Warner/Murray 2019	provided_batch_table	2026.4.20	source_reported
rna_seq:SRR7443600	data_source	Warner/Murray 2019	sharepoint_samples_xlsx	Samples.xlsx	source_reported
rna_seq:SRR7443600	study_title	Deciphering the C. elegans embryonic transcriptome with tissue, time, and alternative splicing resolution	ena_study	shared/metadata_sources/v2/ena_studies/chunk_000.xml	source_reported
rna_seq:SRR7443600	library_strategy	RNA-Seq	ena_read_run	ENA read_run:SRR7443600; sample:SAMN09466696; study:SRP151477	source_reported
rna_seq:SRR7443600	library_layout	PAIRED	ena_read_run	ENA read_run:SRR7443600; sample:SAMN09466696; study:SRP151477	source_reported
rna_seq:SRR7443601	stage	Embryo T1	local_project_metadata	2026.4.20	source_reported
rna_seq:SRR7443601	stage	Embryo T1	sharepoint_samples_xlsx	Samples.xlsx	source_reported
rna_seq:SRR7443601	stage	1	ena_sample	shared/metadata_sources/v2/ena_samples/chunk_002.xml	source_reported
rna_seq:SRR7443601	tissue	Intestine (end1)	local_project_metadata	2026.4.20	source_reported
rna_seq:SRR7443601	tissue	Intestine (end1)	sharepoint_samples_xlsx	Samples.xlsx	source_reported
rna_seq:SRR7443601	tissue	FACS sorted embryonic cells	ena_sample	shared/metadata_sources/v2/ena_samples/chunk_002.xml	source_reported
rna_seq:SRR7443601	sex	Hermaphrodite	local_project_metadata	2026.4.20	source_reported
rna_seq:SRR7443601	sex	Hermaphrodite	sharepoint_samples_xlsx	Samples.xlsx	source_reported
rna_seq:SRR7443601	sex	hermaphrodite	ena_sample	shared/metadata_sources/v2/ena_samples/chunk_002.xml	source_reported
rna_seq:SRR7443601	biological_replicate	2	ena_sample	shared/metadata_sources/v2/ena_samples/chunk_002.xml	source_reported
rna_seq:SRR7443601	data_source	Warner/Murray 2019	provided_batch_table	2026.4.20	source_reported
rna_seq:SRR7443601	data_source	Warner/Murray 2019	sharepoint_samples_xlsx	Samples.xlsx	source_reported
rna_seq:SRR7443601	study_title	Deciphering the C. elegans embryonic transcriptome with tissue, time, and alternative splicing resolution	ena_study	shared/metadata_sources/v2/ena_studies/chunk_000.xml	source_reported
rna_seq:SRR7443601	library_strategy	RNA-Seq	ena_read_run	ENA read_run:SRR7443601; sample:SAMN09466697; study:SRP151477	source_reported
rna_seq:SRR7443601	library_layout	PAIRED	ena_read_run	ENA read_run:SRR7443601; sample:SAMN09466697; study:SRP151477	source_reported
rna_seq:SRR7443602	stage	Embryo T2	local_project_metadata	2026.4.20	source_reported
rna_seq:SRR7443602	stage	Embryo T2	sharepoint_samples_xlsx	Samples.xlsx	source_reported
rna_seq:SRR7443602	stage	2	ena_sample	shared/metadata_sources/v2/ena_samples/chunk_002.xml	source_reported
rna_seq:SRR7443602	tissue	Intestine (end1)	local_project_metadata	2026.4.20	source_reported
rna_seq:SRR7443602	tissue	Intestine (end1)	sharepoint_samples_xlsx	Samples.xlsx	source_reported
rna_seq:SRR7443602	tissue	FACS sorted embryonic cells	ena_sample	shared/metadata_sources/v2/ena_samples/chunk_002.xml	source_reported
rna_seq:SRR7443602	sex	Hermaphrodite	local_project_metadata	2026.4.20	source_reported
rna_seq:SRR7443602	sex	Hermaphrodite	sharepoint_samples_xlsx	Samples.xlsx	source_reported
rna_seq:SRR7443602	sex	hermaphrodite	ena_sample	shared/metadata_sources/v2/ena_samples/chunk_002.xml	source_reported
rna_seq:SRR7443602	biological_replicate	2	ena_sample	shared/metadata_sources/v2/ena_samples/chunk_002.xml	source_reported
rna_seq:SRR7443602	data_source	Warner/Murray 2019	provided_batch_table	2026.4.20	source_reported
rna_seq:SRR7443602	data_source	Warner/Murray 2019	sharepoint_samples_xlsx	Samples.xlsx	source_reported
rna_seq:SRR7443602	study_title	Deciphering the C. elegans embryonic transcriptome with tissue, time, and alternative splicing resolution	ena_study	shared/metadata_sources/v2/ena_studies/chunk_000.xml	source_reported
rna_seq:SRR7443602	library_strategy	RNA-Seq	ena_read_run	ENA read_run:SRR7443602; sample:SAMN09466698; study:SRP151477	source_reported
rna_seq:SRR7443602	library_layout	PAIRED	ena_read_run	ENA read_run:SRR7443602; sample:SAMN09466698; study:SRP151477	source_reported
rna_seq:SRR8440437	stage	Embryo	local_project_metadata	sharepoint_2026-07-13_new439	source_reported
rna_seq:SRR8440437	tissue	embryonic total RNA	ena_sample	shared/metadata_sources/v2/ena_samples/chunk_003.xml	source_reported
rna_seq:SRR8440437	strain	cnd-1(ju29)	ena_sample	shared/metadata_sources/v2/ena_samples/chunk_003.xml	source_reported
rna_seq:SRR8440437	genotype	mutated	provided_batch_table	sharepoint_2026-07-13_new439	source_reported
rna_seq:SRR8440437	data_source	PRJNA515039	provided_batch_table	sharepoint_2026-07-13_new439	source_reported
rna_seq:SRR8440437	study_title	C. elegans cnd-1/NeuroD1 functions with the Hox gene ceh-13/labial to control multiple genes required for nervous system development and function	ena_study	shared/metadata_sources/v2/ena_studies/chunk_000.xml	source_reported
rna_seq:SRR8440437	library_strategy	RNA-Seq	ena_read_run	ENA read_run:SRR8440437; sample:SAMN10741247; study:SRP179060	source_reported
rna_seq:SRR8440437	library_layout	SINGLE	ena_read_run	ENA read_run:SRR8440437; sample:SAMN10741247; study:SRP179060	source_reported
rna_seq:SRR8440438	stage	Embryo	local_project_metadata	sharepoint_2026-07-13_new439	source_reported
rna_seq:SRR8440438	tissue	embryonic total RNA	ena_sample	shared/metadata_sources/v2/ena_samples/chunk_003.xml	source_reported
rna_seq:SRR8440438	strain	N2	ena_sample	shared/metadata_sources/v2/ena_samples/chunk_003.xml	source_reported
rna_seq:SRR8440438	genotype	WT	provided_batch_table	sharepoint_2026-07-13_new439	source_reported
rna_seq:SRR8440438	data_source	PRJNA515039	provided_batch_table	sharepoint_2026-07-13_new439	source_reported
rna_seq:SRR8440438	study_title	C. elegans cnd-1/NeuroD1 functions with the Hox gene ceh-13/labial to control multiple genes required for nervous system development and function	ena_study	shared/metadata_sources/v2/ena_studies/chunk_000.xml	source_reported
rna_seq:SRR8440438	library_strategy	RNA-Seq	ena_read_run	ENA read_run:SRR8440438; sample:SAMN10741246; study:SRP179060	source_reported
rna_seq:SRR8440438	library_layout	SINGLE	ena_read_run	ENA read_run:SRR8440438; sample:SAMN10741246; study:SRP179060	source_reported
rna_seq:SRR8440439	stage	Embryo	local_project_metadata	sharepoint_2026-07-13_new439	source_reported
rna_seq:SRR8440439	tissue	embryonic total RNA	ena_sample	shared/metadata_sources/v2/ena_samples/chunk_003.xml	source_reported
rna_seq:SRR8440439	strain	N2	ena_sample	shared/metadata_sources/v2/ena_samples/chunk_003.xml	source_reported
rna_seq:SRR8440439	genotype	WT	provided_batch_table	sharepoint_2026-07-13_new439	source_reported
rna_seq:SRR8440439	data_source	PRJNA515039	provided_batch_table	sharepoint_2026-07-13_new439	source_reported
rna_seq:SRR8440439	study_title	C. elegans cnd-1/NeuroD1 functions with the Hox gene ceh-13/labial to control multiple genes required for nervous system development and function	ena_study	shared/metadata_sources/v2/ena_studies/chunk_000.xml	source_reported
rna_seq:SRR8440439	library_strategy	RNA-Seq	ena_read_run	ENA read_run:SRR8440439; sample:SAMN10741245; study:SRP179060	source_reported
rna_seq:SRR8440439	library_layout	SINGLE	ena_read_run	ENA read_run:SRR8440439; sample:SAMN10741245; study:SRP179060	source_reported
rna_seq:SRR8440440	stage	Embryo	local_project_metadata	sharepoint_2026-07-13_new439	source_reported
rna_seq:SRR8440440	tissue	embryonic total RNA	ena_sample	shared/metadata_sources/v2/ena_samples/chunk_003.xml	source_reported
rna_seq:SRR8440440	strain	cnd-1(ju29)	ena_sample	shared/metadata_sources/v2/ena_samples/chunk_003.xml	source_reported
rna_seq:SRR8440440	genotype	mutated	provided_batch_table	sharepoint_2026-07-13_new439	source_reported
rna_seq:SRR8440440	data_source	PRJNA515039	provided_batch_table	sharepoint_2026-07-13_new439	source_reported
rna_seq:SRR8440440	study_title	C. elegans cnd-1/NeuroD1 functions with the Hox gene ceh-13/labial to control multiple genes required for nervous system development and function	ena_study	shared/metadata_sources/v2/ena_studies/chunk_000.xml	source_reported
rna_seq:SRR8440440	library_strategy	RNA-Seq	ena_read_run	ENA read_run:SRR8440440; sample:SAMN10741244; study:SRP179060	source_reported
rna_seq:SRR8440440	library_layout	SINGLE	ena_read_run	ENA read_run:SRR8440440; sample:SAMN10741244; study:SRP179060	source_reported
rna_seq:SRR8440441	stage	Embryo	local_project_metadata	sharepoint_2026-07-13_new439	source_reported
rna_seq:SRR8440441	tissue	embryonic total RNA	ena_sample	shared/metadata_sources/v2/ena_samples/chunk_003.xml	source_reported
rna_seq:SRR8440441	strain	N2	ena_sample	shared/metadata_sources/v2/ena_samples/chunk_003.xml	source_reported
rna_seq:SRR8440441	genotype	WT	provided_batch_table	sharepoint_2026-07-13_new439	source_reported
rna_seq:SRR8440441	data_source	PRJNA515039	provided_batch_table	sharepoint_2026-07-13_new439	source_reported
rna_seq:SRR8440441	study_title	C. elegans cnd-1/NeuroD1 functions with the Hox gene ceh-13/labial to control multiple genes required for nervous system development and function	ena_study	shared/metadata_sources/v2/ena_studies/chunk_000.xml	source_reported
rna_seq:SRR8440441	library_strategy	RNA-Seq	ena_read_run	ENA read_run:SRR8440441; sample:SAMN10741243; study:SRP179060	source_reported
rna_seq:SRR8440441	library_layout	SINGLE	ena_read_run	ENA read_run:SRR8440441; sample:SAMN10741243; study:SRP179060	source_reported
rna_seq:SRR8440442	stage	Embryo	local_project_metadata	sharepoint_2026-07-13_new439	source_reported
rna_seq:SRR8440442	tissue	embryonic total RNA	ena_sample	shared/metadata_sources/v2/ena_samples/chunk_003.xml	source_reported
rna_seq:SRR8440442	strain	cnd-1(ju29)	ena_sample	shared/metadata_sources/v2/ena_samples/chunk_003.xml	source_reported
rna_seq:SRR8440442	genotype	mutated	provided_batch_table	sharepoint_2026-07-13_new439	source_reported
rna_seq:SRR8440442	data_source	PRJNA515039	provided_batch_table	sharepoint_2026-07-13_new439	source_reported
rna_seq:SRR8440442	study_title	C. elegans cnd-1/NeuroD1 functions with the Hox gene ceh-13/labial to control multiple genes required for nervous system development and function	ena_study	shared/metadata_sources/v2/ena_studies/chunk_000.xml	source_reported
rna_seq:SRR8440442	library_strategy	RNA-Seq	ena_read_run	ENA read_run:SRR8440442; sample:SAMN10741242; study:SRP179060	source_reported
rna_seq:SRR8440442	library_layout	SINGLE	ena_read_run	ENA read_run:SRR8440442; sample:SAMN10741242; study:SRP179060	source_reported
rna_seq:SRR941632	stage	0hr	local_project_metadata	2026.5.18	source_reported
rna_seq:SRR941632	stage	L1-L3(0H)	sharepoint_samples_xlsx	Samples.xlsx	source_reported
rna_seq:SRR941632	tissue	Whole worm (N2)	local_project_metadata	2026.5.18	source_reported
rna_seq:SRR941632	tissue	Whole worm	sharepoint_samples_xlsx	Samples.xlsx	source_reported
rna_seq:SRR941632	sex	Hermaphrodite	local_project_metadata	2026.5.18	source_reported
rna_seq:SRR941632	sex	Hermaphrodite	sharepoint_samples_xlsx	Samples.xlsx	source_reported
rna_seq:SRR941632	strain	N2	ena_sample	shared/metadata_sources/v2/ena_samples/chunk_000.xml	source_reported
rna_seq:SRR941632	genotype	N2	provided_batch_table	2026.5.18	source_reported
rna_seq:SRR941632	data_source	Grün et al. 2013 (GSE49043)	provided_batch_table	2026.5.18	source_reported
rna_seq:SRR941632	data_source	Kim et al. 2013, Nat Genet	sharepoint_samples_xlsx	Samples.xlsx	source_reported
rna_seq:SRR941632	study_title	Dampening of expression oscillations by synchronous regulation of a microRNA and its target	ena_study	shared/metadata_sources/v2/ena_studies/chunk_000.xml	source_reported
rna_seq:SRR941632	library_strategy	RNA-Seq	ena_read_run	ENA read_run:SRR941632; sample:SAMN02261050; study:SRP027592	source_reported
rna_seq:SRR941632	library_layout	SINGLE	ena_read_run	ENA read_run:SRR941632; sample:SAMN02261050; study:SRP027592	source_reported
rna_seq:SRR941633	stage	2hr	local_project_metadata	2026.5.18	source_reported
rna_seq:SRR941633	stage	L1-L3(2H)	sharepoint_samples_xlsx	Samples.xlsx	source_reported
rna_seq:SRR941633	tissue	Whole worm (N2)	local_project_metadata	2026.5.18	source_reported
rna_seq:SRR941633	tissue	Whole worm	sharepoint_samples_xlsx	Samples.xlsx	source_reported
rna_seq:SRR941633	sex	Hermaphrodite	local_project_metadata	2026.5.18	source_reported
rna_seq:SRR941633	sex	Hermaphrodite	sharepoint_samples_xlsx	Samples.xlsx	source_reported
rna_seq:SRR941633	strain	N2	ena_sample	shared/metadata_sources/v2/ena_samples/chunk_000.xml	source_reported
rna_seq:SRR941633	genotype	N2	provided_batch_table	2026.5.18	source_reported
rna_seq:SRR941633	data_source	Grün et al. 2013 (GSE49043)	provided_batch_table	2026.5.18	source_reported
rna_seq:SRR941633	data_source	Kim et al. 2013, Nat Genet	sharepoint_samples_xlsx	Samples.xlsx	source_reported
rna_seq:SRR941633	study_title	Dampening of expression oscillations by synchronous regulation of a microRNA and its target	ena_study	shared/metadata_sources/v2/ena_studies/chunk_000.xml	source_reported
rna_seq:SRR941633	library_strategy	RNA-Seq	ena_read_run	ENA read_run:SRR941633; sample:SAMN02261051; study:SRP027592	source_reported
rna_seq:SRR941633	library_layout	SINGLE	ena_read_run	ENA read_run:SRR941633; sample:SAMN02261051; study:SRP027592	source_reported
rna_seq:SRR941634	stage	4hr	local_project_metadata	2026.5.18	source_reported
rna_seq:SRR941634	stage	L1-L3(4H)	sharepoint_samples_xlsx	Samples.xlsx	source_reported
rna_seq:SRR941634	tissue	Whole worm (N2)	local_project_metadata	2026.5.18	source_reported
rna_seq:SRR941634	tissue	Whole worm	sharepoint_samples_xlsx	Samples.xlsx	source_reported
rna_seq:SRR941634	sex	Hermaphrodite	local_project_metadata	2026.5.18	source_reported
rna_seq:SRR941634	sex	Hermaphrodite	sharepoint_samples_xlsx	Samples.xlsx	source_reported
rna_seq:SRR941634	strain	N2	ena_sample	shared/metadata_sources/v2/ena_samples/chunk_000.xml	source_reported
rna_seq:SRR941634	genotype	N2	provided_batch_table	2026.5.18	source_reported
rna_seq:SRR941634	data_source	Grün et al. 2013 (GSE49043)	provided_batch_table	2026.5.18	source_reported
rna_seq:SRR941634	data_source	Kim et al. 2013, Nat Genet	sharepoint_samples_xlsx	Samples.xlsx	source_reported
rna_seq:SRR941634	study_title	Dampening of expression oscillations by synchronous regulation of a microRNA and its target	ena_study	shared/metadata_sources/v2/ena_studies/chunk_000.xml	source_reported
rna_seq:SRR941634	library_strategy	RNA-Seq	ena_read_run	ENA read_run:SRR941634; sample:SAMN02261049; study:SRP027592	source_reported
rna_seq:SRR941634	library_layout	SINGLE	ena_read_run	ENA read_run:SRR941634; sample:SAMN02261049; study:SRP027592	source_reported
rna_seq:SRR941635	stage	6hr	local_project_metadata	2026.5.18	source_reported
rna_seq:SRR941635	stage	L1-L3(6H)	sharepoint_samples_xlsx	Samples.xlsx	source_reported
rna_seq:SRR941635	tissue	Whole worm (N2)	local_project_metadata	2026.5.18	source_reported
rna_seq:SRR941635	tissue	Whole worm	sharepoint_samples_xlsx	Samples.xlsx	source_reported
rna_seq:SRR941635	sex	Hermaphrodite	local_project_metadata	2026.5.18	source_reported
rna_seq:SRR941635	sex	Hermaphrodite	sharepoint_samples_xlsx	Samples.xlsx	source_reported
rna_seq:SRR941635	strain	N2	ena_sample	shared/metadata_sources/v2/ena_samples/chunk_000.xml	source_reported
rna_seq:SRR941635	genotype	N2	provided_batch_table	2026.5.18	source_reported
rna_seq:SRR941635	data_source	Grün et al. 2013 (GSE49043)	provided_batch_table	2026.5.18	source_reported
rna_seq:SRR941635	data_source	Kim et al. 2013, Nat Genet	sharepoint_samples_xlsx	Samples.xlsx	source_reported
rna_seq:SRR941635	study_title	Dampening of expression oscillations by synchronous regulation of a microRNA and its target	ena_study	shared/metadata_sources/v2/ena_studies/chunk_000.xml	source_reported
rna_seq:SRR941635	library_strategy	RNA-Seq	ena_read_run	ENA read_run:SRR941635; sample:SAMN02261075; study:SRP027592	source_reported
rna_seq:SRR941635	library_layout	SINGLE	ena_read_run	ENA read_run:SRR941635; sample:SAMN02261075; study:SRP027592	source_reported
rna_seq:SRR941636	stage	8hr	local_project_metadata	2026.5.18	source_reported
rna_seq:SRR941636	stage	L1-L3(8H)	sharepoint_samples_xlsx	Samples.xlsx	source_reported
rna_seq:SRR941636	tissue	Whole worm (N2)	local_project_metadata	2026.5.18	source_reported
rna_seq:SRR941636	tissue	Whole worm	sharepoint_samples_xlsx	Samples.xlsx	source_reported
rna_seq:SRR941636	sex	Hermaphrodite	local_project_metadata	2026.5.18	source_reported
rna_seq:SRR941636	sex	Hermaphrodite	sharepoint_samples_xlsx	Samples.xlsx	source_reported
rna_seq:SRR941636	strain	N2	ena_sample	shared/metadata_sources/v2/ena_samples/chunk_000.xml	source_reported
rna_seq:SRR941636	genotype	N2	provided_batch_table	2026.5.18	source_reported
rna_seq:SRR941636	data_source	Grün et al. 2013 (GSE49043)	provided_batch_table	2026.5.18	source_reported
rna_seq:SRR941636	data_source	Kim et al. 2013, Nat Genet	sharepoint_samples_xlsx	Samples.xlsx	source_reported
rna_seq:SRR941636	study_title	Dampening of expression oscillations by synchronous regulation of a microRNA and its target	ena_study	shared/metadata_sources/v2/ena_studies/chunk_000.xml	source_reported
rna_seq:SRR941636	library_strategy	RNA-Seq	ena_read_run	ENA read_run:SRR941636; sample:SAMN02261076; study:SRP027592	source_reported
rna_seq:SRR941636	library_layout	SINGLE	ena_read_run	ENA read_run:SRR941636; sample:SAMN02261076; study:SRP027592	source_reported
rna_seq:SRR941637	stage	10hr	local_project_metadata	2026.5.18	source_reported
rna_seq:SRR941637	stage	L1-L3(10H)	sharepoint_samples_xlsx	Samples.xlsx	source_reported
rna_seq:SRR941637	tissue	Whole worm (N2)	local_project_metadata	2026.5.18	source_reported
rna_seq:SRR941637	tissue	Whole worm	sharepoint_samples_xlsx	Samples.xlsx	source_reported
rna_seq:SRR941637	sex	Hermaphrodite	local_project_metadata	2026.5.18	source_reported
rna_seq:SRR941637	sex	Hermaphrodite	sharepoint_samples_xlsx	Samples.xlsx	source_reported
rna_seq:SRR941637	strain	N2	ena_sample	shared/metadata_sources/v2/ena_samples/chunk_000.xml	source_reported
rna_seq:SRR941637	genotype	N2	provided_batch_table	2026.5.18	source_reported
rna_seq:SRR941637	data_source	Grün et al. 2013 (GSE49043)	provided_batch_table	2026.5.18	source_reported
rna_seq:SRR941637	data_source	Kim et al. 2013, Nat Genet	sharepoint_samples_xlsx	Samples.xlsx	source_reported
rna_seq:SRR941637	study_title	Dampening of expression oscillations by synchronous regulation of a microRNA and its target	ena_study	shared/metadata_sources/v2/ena_studies/chunk_000.xml	source_reported
rna_seq:SRR941637	library_strategy	RNA-Seq	ena_read_run	ENA read_run:SRR941637; sample:SAMN02261048; study:SRP027592	source_reported
rna_seq:SRR941637	library_layout	SINGLE	ena_read_run	ENA read_run:SRR941637; sample:SAMN02261048; study:SRP027592	source_reported
rna_seq:SRR941638	stage	12hr	local_project_metadata	2026.5.18	source_reported
rna_seq:SRR941638	stage	L1-L3(12H)	sharepoint_samples_xlsx	Samples.xlsx	source_reported
rna_seq:SRR941638	tissue	Whole worm (N2)	local_project_metadata	2026.5.18	source_reported
rna_seq:SRR941638	tissue	Whole worm	sharepoint_samples_xlsx	Samples.xlsx	source_reported
rna_seq:SRR941638	sex	Hermaphrodite	local_project_metadata	2026.5.18	source_reported
rna_seq:SRR941638	sex	Hermaphrodite	sharepoint_samples_xlsx	Samples.xlsx	source_reported
rna_seq:SRR941638	strain	N2	ena_sample	shared/metadata_sources/v2/ena_samples/chunk_000.xml	source_reported
rna_seq:SRR941638	genotype	N2	provided_batch_table	2026.5.18	source_reported
rna_seq:SRR941638	data_source	Grün et al. 2013 (GSE49043)	provided_batch_table	2026.5.18	source_reported
rna_seq:SRR941638	data_source	Kim et al. 2013, Nat Genet	sharepoint_samples_xlsx	Samples.xlsx	source_reported
rna_seq:SRR941638	study_title	Dampening of expression oscillations by synchronous regulation of a microRNA and its target	ena_study	shared/metadata_sources/v2/ena_studies/chunk_000.xml	source_reported
rna_seq:SRR941638	library_strategy	RNA-Seq	ena_read_run	ENA read_run:SRR941638; sample:SAMN02261070; study:SRP027592	source_reported
rna_seq:SRR941638	library_layout	SINGLE	ena_read_run	ENA read_run:SRR941638; sample:SAMN02261070; study:SRP027592	source_reported
rna_seq:SRR941639	stage	14hr	local_project_metadata	2026.5.18	source_reported
rna_seq:SRR941639	stage	L1-L3(14H)	sharepoint_samples_xlsx	Samples.xlsx	source_reported
rna_seq:SRR941639	tissue	Whole worm (N2)	local_project_metadata	2026.5.18	source_reported
rna_seq:SRR941639	tissue	Whole worm	sharepoint_samples_xlsx	Samples.xlsx	source_reported
rna_seq:SRR941639	sex	Hermaphrodite	local_project_metadata	2026.5.18	source_reported
rna_seq:SRR941639	sex	Hermaphrodite	sharepoint_samples_xlsx	Samples.xlsx	source_reported
rna_seq:SRR941639	strain	N2	ena_sample	shared/metadata_sources/v2/ena_samples/chunk_000.xml	source_reported
rna_seq:SRR941639	genotype	N2	provided_batch_table	2026.5.18	source_reported
rna_seq:SRR941639	data_source	Grün et al. 2013 (GSE49043)	provided_batch_table	2026.5.18	source_reported
rna_seq:SRR941639	data_source	Kim et al. 2013, Nat Genet	sharepoint_samples_xlsx	Samples.xlsx	source_reported
rna_seq:SRR941639	study_title	Dampening of expression oscillations by synchronous regulation of a microRNA and its target	ena_study	shared/metadata_sources/v2/ena_studies/chunk_000.xml	source_reported
rna_seq:SRR941639	library_strategy	RNA-Seq	ena_read_run	ENA read_run:SRR941639; sample:SAMN02261077; study:SRP027592	source_reported
rna_seq:SRR941639	library_layout	SINGLE	ena_read_run	ENA read_run:SRR941639; sample:SAMN02261077; study:SRP027592	source_reported
rna_seq:SRR941640	stage	16hr	local_project_metadata	2026.5.18	source_reported
rna_seq:SRR941640	stage	L1-L3(16H)	sharepoint_samples_xlsx	Samples.xlsx	source_reported
rna_seq:SRR941640	tissue	Whole worm (N2)	local_project_metadata	2026.5.18	source_reported
rna_seq:SRR941640	tissue	Whole worm	sharepoint_samples_xlsx	Samples.xlsx	source_reported
rna_seq:SRR941640	sex	Hermaphrodite	local_project_metadata	2026.5.18	source_reported
rna_seq:SRR941640	sex	Hermaphrodite	sharepoint_samples_xlsx	Samples.xlsx	source_reported
rna_seq:SRR941640	strain	N2	ena_sample	shared/metadata_sources/v2/ena_samples/chunk_000.xml	source_reported
rna_seq:SRR941640	genotype	N2	provided_batch_table	2026.5.18	source_reported
rna_seq:SRR941640	data_source	Grün et al. 2013 (GSE49043)	provided_batch_table	2026.5.18	source_reported
rna_seq:SRR941640	data_source	Kim et al. 2013, Nat Genet	sharepoint_samples_xlsx	Samples.xlsx	source_reported
rna_seq:SRR941640	study_title	Dampening of expression oscillations by synchronous regulation of a microRNA and its target	ena_study	shared/metadata_sources/v2/ena_studies/chunk_000.xml	source_reported
rna_seq:SRR941640	library_strategy	RNA-Seq	ena_read_run	ENA read_run:SRR941640; sample:SAMN02261072; study:SRP027592	source_reported
rna_seq:SRR941640	library_layout	SINGLE	ena_read_run	ENA read_run:SRR941640; sample:SAMN02261072; study:SRP027592	source_reported
rna_seq:SRR941641	stage	18hr	local_project_metadata	2026.5.18	source_reported
rna_seq:SRR941641	stage	L1-L3(18H)	sharepoint_samples_xlsx	Samples.xlsx	source_reported
rna_seq:SRR941641	tissue	Whole worm (N2)	local_project_metadata	2026.5.18	source_reported
rna_seq:SRR941641	tissue	Whole worm	sharepoint_samples_xlsx	Samples.xlsx	source_reported
rna_seq:SRR941641	sex	Hermaphrodite	local_project_metadata	2026.5.18	source_reported
rna_seq:SRR941641	sex	Hermaphrodite	sharepoint_samples_xlsx	Samples.xlsx	source_reported
rna_seq:SRR941641	strain	N2	ena_sample	shared/metadata_sources/v2/ena_samples/chunk_000.xml	source_reported
rna_seq:SRR941641	genotype	N2	provided_batch_table	2026.5.18	source_reported
rna_seq:SRR941641	data_source	Grün et al. 2013 (GSE49043)	provided_batch_table	2026.5.18	source_reported
rna_seq:SRR941641	data_source	Kim et al. 2013, Nat Genet	sharepoint_samples_xlsx	Samples.xlsx	source_reported
rna_seq:SRR941641	study_title	Dampening of expression oscillations by synchronous regulation of a microRNA and its target	ena_study	shared/metadata_sources/v2/ena_studies/chunk_000.xml	source_reported
rna_seq:SRR941641	library_strategy	RNA-Seq	ena_read_run	ENA read_run:SRR941641; sample:SAMN02261071; study:SRP027592	source_reported
rna_seq:SRR941641	library_layout	SINGLE	ena_read_run	ENA read_run:SRR941641; sample:SAMN02261071; study:SRP027592	source_reported
rna_seq:SRR941642	stage	20hr	local_project_metadata	2026.5.18	source_reported
rna_seq:SRR941642	stage	L1-L3(20H)	sharepoint_samples_xlsx	Samples.xlsx	source_reported
rna_seq:SRR941642	tissue	Whole worm (N2)	local_project_metadata	2026.5.18	source_reported
rna_seq:SRR941642	tissue	Whole worm	sharepoint_samples_xlsx	Samples.xlsx	source_reported
rna_seq:SRR941642	sex	Hermaphrodite	local_project_metadata	2026.5.18	source_reported
rna_seq:SRR941642	sex	Hermaphrodite	sharepoint_samples_xlsx	Samples.xlsx	source_reported
rna_seq:SRR941642	strain	N2	ena_sample	shared/metadata_sources/v2/ena_samples/chunk_000.xml	source_reported
rna_seq:SRR941642	genotype	N2	provided_batch_table	2026.5.18	source_reported
rna_seq:SRR941642	data_source	Grün et al. 2013 (GSE49043)	provided_batch_table	2026.5.18	source_reported
rna_seq:SRR941642	data_source	Kim et al. 2013, Nat Genet	sharepoint_samples_xlsx	Samples.xlsx	source_reported
rna_seq:SRR941642	study_title	Dampening of expression oscillations by synchronous regulation of a microRNA and its target	ena_study	shared/metadata_sources/v2/ena_studies/chunk_000.xml	source_reported
rna_seq:SRR941642	library_strategy	RNA-Seq	ena_read_run	ENA read_run:SRR941642; sample:SAMN02261069; study:SRP027592	source_reported
rna_seq:SRR941642	library_layout	SINGLE	ena_read_run	ENA read_run:SRR941642; sample:SAMN02261069; study:SRP027592	source_reported
rna_seq:SRR941643	stage	22hr	local_project_metadata	2026.5.18	source_reported
rna_seq:SRR941643	stage	L1-L3(22H)	sharepoint_samples_xlsx	Samples.xlsx	source_reported
rna_seq:SRR941643	tissue	Whole worm (N2)	local_project_metadata	2026.5.18	source_reported
rna_seq:SRR941643	tissue	Whole worm	sharepoint_samples_xlsx	Samples.xlsx	source_reported
rna_seq:SRR941643	sex	Hermaphrodite	local_project_metadata	2026.5.18	source_reported
rna_seq:SRR941643	sex	Hermaphrodite	sharepoint_samples_xlsx	Samples.xlsx	source_reported
rna_seq:SRR941643	strain	N2	ena_sample	shared/metadata_sources/v2/ena_samples/chunk_000.xml	source_reported
rna_seq:SRR941643	genotype	N2	provided_batch_table	2026.5.18	source_reported
rna_seq:SRR941643	data_source	Grün et al. 2013 (GSE49043)	provided_batch_table	2026.5.18	source_reported
rna_seq:SRR941643	data_source	Kim et al. 2013, Nat Genet	sharepoint_samples_xlsx	Samples.xlsx	source_reported
rna_seq:SRR941643	study_title	Dampening of expression oscillations by synchronous regulation of a microRNA and its target	ena_study	shared/metadata_sources/v2/ena_studies/chunk_000.xml	source_reported
rna_seq:SRR941643	library_strategy	RNA-Seq	ena_read_run	ENA read_run:SRR941643; sample:SAMN02261074; study:SRP027592	source_reported
rna_seq:SRR941643	library_layout	SINGLE	ena_read_run	ENA read_run:SRR941643; sample:SAMN02261074; study:SRP027592	source_reported
rna_seq:SRR941644	stage	24hr	local_project_metadata	2026.5.18	source_reported
rna_seq:SRR941644	stage	L1-L3(24H)	sharepoint_samples_xlsx	Samples.xlsx	source_reported
rna_seq:SRR941644	tissue	Whole worm (N2)	local_project_metadata	2026.5.18	source_reported
rna_seq:SRR941644	tissue	Whole worm	sharepoint_samples_xlsx	Samples.xlsx	source_reported
rna_seq:SRR941644	sex	Hermaphrodite	local_project_metadata	2026.5.18	source_reported
rna_seq:SRR941644	sex	Hermaphrodite	sharepoint_samples_xlsx	Samples.xlsx	source_reported
rna_seq:SRR941644	strain	N2	ena_sample	shared/metadata_sources/v2/ena_samples/chunk_000.xml	source_reported
rna_seq:SRR941644	genotype	N2	provided_batch_table	2026.5.18	source_reported
rna_seq:SRR941644	data_source	Grün et al. 2013 (GSE49043)	provided_batch_table	2026.5.18	source_reported
rna_seq:SRR941644	data_source	Kim et al. 2013, Nat Genet	sharepoint_samples_xlsx	Samples.xlsx	source_reported
rna_seq:SRR941644	study_title	Dampening of expression oscillations by synchronous regulation of a microRNA and its target	ena_study	shared/metadata_sources/v2/ena_studies/chunk_000.xml	source_reported
rna_seq:SRR941644	library_strategy	RNA-Seq	ena_read_run	ENA read_run:SRR941644; sample:SAMN02261065; study:SRP027592	source_reported
rna_seq:SRR941644	library_layout	SINGLE	ena_read_run	ENA read_run:SRR941644; sample:SAMN02261065; study:SRP027592	source_reported
rna_seq:SRR941645	stage	26hr	local_project_metadata	2026.5.18	source_reported
rna_seq:SRR941645	stage	L1-L3(26H)	sharepoint_samples_xlsx	Samples.xlsx	source_reported
rna_seq:SRR941645	tissue	Whole worm (N2)	local_project_metadata	2026.5.18	source_reported
rna_seq:SRR941645	tissue	Whole worm	sharepoint_samples_xlsx	Samples.xlsx	source_reported
rna_seq:SRR941645	sex	Hermaphrodite	local_project_metadata	2026.5.18	source_reported
rna_seq:SRR941645	sex	Hermaphrodite	sharepoint_samples_xlsx	Samples.xlsx	source_reported
rna_seq:SRR941645	strain	N2	ena_sample	shared/metadata_sources/v2/ena_samples/chunk_000.xml	source_reported
rna_seq:SRR941645	genotype	N2	provided_batch_table	2026.5.18	source_reported
rna_seq:SRR941645	data_source	Grün et al. 2013 (GSE49043)	provided_batch_table	2026.5.18	source_reported
rna_seq:SRR941645	data_source	Kim et al. 2013, Nat Genet	sharepoint_samples_xlsx	Samples.xlsx	source_reported
rna_seq:SRR941645	study_title	Dampening of expression oscillations by synchronous regulation of a microRNA and its target	ena_study	shared/metadata_sources/v2/ena_studies/chunk_000.xml	source_reported
rna_seq:SRR941645	library_strategy	RNA-Seq	ena_read_run	ENA read_run:SRR941645; sample:SAMN02261068; study:SRP027592	source_reported
rna_seq:SRR941645	library_layout	SINGLE	ena_read_run	ENA read_run:SRR941645; sample:SAMN02261068; study:SRP027592	source_reported
rna_seq:SRR941646	stage	28hr	local_project_metadata	2026.5.18	source_reported
rna_seq:SRR941646	stage	L1-L3(28H)	sharepoint_samples_xlsx	Samples.xlsx	source_reported
rna_seq:SRR941646	tissue	Whole worm (N2)	local_project_metadata	2026.5.18	source_reported
rna_seq:SRR941646	tissue	Whole worm	sharepoint_samples_xlsx	Samples.xlsx	source_reported
rna_seq:SRR941646	sex	Hermaphrodite	local_project_metadata	2026.5.18	source_reported
rna_seq:SRR941646	sex	Hermaphrodite	sharepoint_samples_xlsx	Samples.xlsx	source_reported
rna_seq:SRR941646	strain	N2	ena_sample	shared/metadata_sources/v2/ena_samples/chunk_000.xml	source_reported
rna_seq:SRR941646	genotype	N2	provided_batch_table	2026.5.18	source_reported
rna_seq:SRR941646	data_source	Grün et al. 2013 (GSE49043)	provided_batch_table	2026.5.18	source_reported
rna_seq:SRR941646	data_source	Kim et al. 2013, Nat Genet	sharepoint_samples_xlsx	Samples.xlsx	source_reported
rna_seq:SRR941646	study_title	Dampening of expression oscillations by synchronous regulation of a microRNA and its target	ena_study	shared/metadata_sources/v2/ena_studies/chunk_000.xml	source_reported
rna_seq:SRR941646	library_strategy	RNA-Seq	ena_read_run	ENA read_run:SRR941646; sample:SAMN02261073; study:SRP027592	source_reported
rna_seq:SRR941646	library_layout	SINGLE	ena_read_run	ENA read_run:SRR941646; sample:SAMN02261073; study:SRP027592	source_reported
rna_seq:SRR941647	stage	30hr	local_project_metadata	2026.5.18	source_reported
rna_seq:SRR941647	stage	L1-L3(30H)	sharepoint_samples_xlsx	Samples.xlsx	source_reported
rna_seq:SRR941647	tissue	Whole worm (N2)	local_project_metadata	2026.5.18	source_reported
rna_seq:SRR941647	tissue	Whole worm	sharepoint_samples_xlsx	Samples.xlsx	source_reported
rna_seq:SRR941647	sex	Hermaphrodite	local_project_metadata	2026.5.18	source_reported
rna_seq:SRR941647	sex	Hermaphrodite	sharepoint_samples_xlsx	Samples.xlsx	source_reported
rna_seq:SRR941647	strain	N2	ena_sample	shared/metadata_sources/v2/ena_samples/chunk_000.xml	source_reported
rna_seq:SRR941647	genotype	N2	provided_batch_table	2026.5.18	source_reported
rna_seq:SRR941647	data_source	Grün et al. 2013 (GSE49043)	provided_batch_table	2026.5.18	source_reported
rna_seq:SRR941647	data_source	Kim et al. 2013, Nat Genet	sharepoint_samples_xlsx	Samples.xlsx	source_reported
rna_seq:SRR941647	study_title	Dampening of expression oscillations by synchronous regulation of a microRNA and its target	ena_study	shared/metadata_sources/v2/ena_studies/chunk_000.xml	source_reported
rna_seq:SRR941647	library_strategy	RNA-Seq	ena_read_run	ENA read_run:SRR941647; sample:SAMN02261066; study:SRP027592	source_reported
rna_seq:SRR941647	library_layout	SINGLE	ena_read_run	ENA read_run:SRR941647; sample:SAMN02261066; study:SRP027592	source_reported
rna_seq:SRR941648	stage	32hr	local_project_metadata	2026.5.18	source_reported
rna_seq:SRR941648	stage	L1-L3(32H)	sharepoint_samples_xlsx	Samples.xlsx	source_reported
rna_seq:SRR941648	tissue	Whole worm (N2)	local_project_metadata	2026.5.18	source_reported
rna_seq:SRR941648	tissue	Whole worm	sharepoint_samples_xlsx	Samples.xlsx	source_reported
rna_seq:SRR941648	sex	Hermaphrodite	local_project_metadata	2026.5.18	source_reported
rna_seq:SRR941648	sex	Hermaphrodite	sharepoint_samples_xlsx	Samples.xlsx	source_reported
rna_seq:SRR941648	strain	N2	ena_sample	shared/metadata_sources/v2/ena_samples/chunk_000.xml	source_reported
rna_seq:SRR941648	genotype	N2	provided_batch_table	2026.5.18	source_reported
rna_seq:SRR941648	data_source	Grün et al. 2013 (GSE49043)	provided_batch_table	2026.5.18	source_reported
rna_seq:SRR941648	data_source	Kim et al. 2013, Nat Genet	sharepoint_samples_xlsx	Samples.xlsx	source_reported
rna_seq:SRR941648	study_title	Dampening of expression oscillations by synchronous regulation of a microRNA and its target	ena_study	shared/metadata_sources/v2/ena_studies/chunk_000.xml	source_reported
rna_seq:SRR941648	library_strategy	RNA-Seq	ena_read_run	ENA read_run:SRR941648; sample:SAMN02261067; study:SRP027592	source_reported
rna_seq:SRR941648	library_layout	SINGLE	ena_read_run	ENA read_run:SRR941648; sample:SAMN02261067; study:SRP027592	source_reported
rna_seq:SRR941649	stage	34hr	local_project_metadata	2026.5.18	source_reported
rna_seq:SRR941649	stage	L1-L3(34H)	sharepoint_samples_xlsx	Samples.xlsx	source_reported
rna_seq:SRR941649	tissue	Whole worm (N2)	local_project_metadata	2026.5.18	source_reported
rna_seq:SRR941649	tissue	Whole worm	sharepoint_samples_xlsx	Samples.xlsx	source_reported
rna_seq:SRR941649	sex	Hermaphrodite	local_project_metadata	2026.5.18	source_reported
rna_seq:SRR941649	sex	Hermaphrodite	sharepoint_samples_xlsx	Samples.xlsx	source_reported
rna_seq:SRR941649	strain	N2	ena_sample	shared/metadata_sources/v2/ena_samples/chunk_000.xml	source_reported
rna_seq:SRR941649	genotype	N2	provided_batch_table	2026.5.18	source_reported
rna_seq:SRR941649	data_source	Grün et al. 2013 (GSE49043)	provided_batch_table	2026.5.18	source_reported
rna_seq:SRR941649	data_source	Kim et al. 2013, Nat Genet	sharepoint_samples_xlsx	Samples.xlsx	source_reported
rna_seq:SRR941649	study_title	Dampening of expression oscillations by synchronous regulation of a microRNA and its target	ena_study	shared/metadata_sources/v2/ena_studies/chunk_000.xml	source_reported
rna_seq:SRR941649	library_strategy	RNA-Seq	ena_read_run	ENA read_run:SRR941649; sample:SAMN02261062; study:SRP027592	source_reported
rna_seq:SRR941649	library_layout	SINGLE	ena_read_run	ENA read_run:SRR941649; sample:SAMN02261062; study:SRP027592	source_reported
rna_seq:SRR941650	stage	36hr	local_project_metadata	2026.5.18	source_reported
rna_seq:SRR941650	stage	L1-L3(36H)	sharepoint_samples_xlsx	Samples.xlsx	source_reported
rna_seq:SRR941650	tissue	Whole worm (N2)	local_project_metadata	2026.5.18	source_reported
rna_seq:SRR941650	tissue	Whole worm	sharepoint_samples_xlsx	Samples.xlsx	source_reported
rna_seq:SRR941650	sex	Hermaphrodite	local_project_metadata	2026.5.18	source_reported
rna_seq:SRR941650	sex	Hermaphrodite	sharepoint_samples_xlsx	Samples.xlsx	source_reported
rna_seq:SRR941650	strain	N2	ena_sample	shared/metadata_sources/v2/ena_samples/chunk_000.xml	source_reported
rna_seq:SRR941650	genotype	N2	provided_batch_table	2026.5.18	source_reported
rna_seq:SRR941650	data_source	Grün et al. 2013 (GSE49043)	provided_batch_table	2026.5.18	source_reported
rna_seq:SRR941650	data_source	Kim et al. 2013, Nat Genet	sharepoint_samples_xlsx	Samples.xlsx	source_reported
rna_seq:SRR941650	study_title	Dampening of expression oscillations by synchronous regulation of a microRNA and its target	ena_study	shared/metadata_sources/v2/ena_studies/chunk_000.xml	source_reported
rna_seq:SRR941650	library_strategy	RNA-Seq	ena_read_run	ENA read_run:SRR941650; sample:SAMN02261064; study:SRP027592	source_reported
rna_seq:SRR941650	library_layout	SINGLE	ena_read_run	ENA read_run:SRR941650; sample:SAMN02261064; study:SRP027592	source_reported
rna_seq:SRR941651	stage	38hr	local_project_metadata	2026.5.18	source_reported
rna_seq:SRR941651	stage	L1-L3(38H)	sharepoint_samples_xlsx	Samples.xlsx	source_reported
rna_seq:SRR941651	tissue	Whole worm (N2)	local_project_metadata	2026.5.18	source_reported
rna_seq:SRR941651	tissue	Whole worm	sharepoint_samples_xlsx	Samples.xlsx	source_reported
rna_seq:SRR941651	sex	Hermaphrodite	local_project_metadata	2026.5.18	source_reported
rna_seq:SRR941651	sex	Hermaphrodite	sharepoint_samples_xlsx	Samples.xlsx	source_reported
rna_seq:SRR941651	strain	N2	ena_sample	shared/metadata_sources/v2/ena_samples/chunk_000.xml	source_reported
rna_seq:SRR941651	genotype	N2	provided_batch_table	2026.5.18	source_reported
rna_seq:SRR941651	data_source	Grün et al. 2013 (GSE49043)	provided_batch_table	2026.5.18	source_reported
rna_seq:SRR941651	data_source	Kim et al. 2013, Nat Genet	sharepoint_samples_xlsx	Samples.xlsx	source_reported
rna_seq:SRR941651	study_title	Dampening of expression oscillations by synchronous regulation of a microRNA and its target	ena_study	shared/metadata_sources/v2/ena_studies/chunk_000.xml	source_reported
rna_seq:SRR941651	library_strategy	RNA-Seq	ena_read_run	ENA read_run:SRR941651; sample:SAMN02261061; study:SRP027592	source_reported
rna_seq:SRR941651	library_layout	SINGLE	ena_read_run	ENA read_run:SRR941651; sample:SAMN02261061; study:SRP027592	source_reported
rna_seq:SRR941697	stage	38hr	local_project_metadata	2026.5.18	source_reported
rna_seq:SRR941697	stage	L4(38H)	sharepoint_samples_xlsx	Samples.xlsx	source_reported
rna_seq:SRR941697	tissue	Whole worm (N2)	local_project_metadata	2026.5.18	source_reported
rna_seq:SRR941697	tissue	Whole worm	sharepoint_samples_xlsx	Samples.xlsx	source_reported
rna_seq:SRR941697	sex	Hermaphrodite	local_project_metadata	2026.5.18	source_reported
rna_seq:SRR941697	sex	Hermaphrodite	sharepoint_samples_xlsx	Samples.xlsx	source_reported
rna_seq:SRR941697	strain	N2	ena_sample	shared/metadata_sources/v2/ena_samples/chunk_000.xml	source_reported
rna_seq:SRR941697	genotype	N2	provided_batch_table	2026.5.18	source_reported
rna_seq:SRR941697	data_source	Grün et al. 2013 (GSE49043)	provided_batch_table	2026.5.18	source_reported
rna_seq:SRR941697	data_source	Kim et al. 2013, Nat Genet	sharepoint_samples_xlsx	Samples.xlsx	source_reported
rna_seq:SRR941697	study_title	Dampening of expression oscillations by synchronous regulation of a microRNA and its target	ena_study	shared/metadata_sources/v2/ena_studies/chunk_000.xml	source_reported
rna_seq:SRR941697	library_strategy	RNA-Seq	ena_read_run	ENA read_run:SRR941697; sample:SAMN02261039; study:SRP027592	source_reported
rna_seq:SRR941697	library_layout	SINGLE	ena_read_run	ENA read_run:SRR941697; sample:SAMN02261039; study:SRP027592	source_reported
rna_seq:SRR941698	stage	40hr	local_project_metadata	2026.5.18	source_reported
rna_seq:SRR941698	stage	L4(40H)	sharepoint_samples_xlsx	Samples.xlsx	source_reported
rna_seq:SRR941698	tissue	Whole worm (N2)	local_project_metadata	2026.5.18	source_reported
rna_seq:SRR941698	tissue	Whole worm	sharepoint_samples_xlsx	Samples.xlsx	source_reported
rna_seq:SRR941698	sex	Hermaphrodite	local_project_metadata	2026.5.18	source_reported
rna_seq:SRR941698	sex	Hermaphrodite	sharepoint_samples_xlsx	Samples.xlsx	source_reported
rna_seq:SRR941698	strain	N2	ena_sample	shared/metadata_sources/v2/ena_samples/chunk_000.xml	source_reported
rna_seq:SRR941698	genotype	N2	provided_batch_table	2026.5.18	source_reported
rna_seq:SRR941698	data_source	Grün et al. 2013 (GSE49043)	provided_batch_table	2026.5.18	source_reported
rna_seq:SRR941698	data_source	Kim et al. 2013, Nat Genet	sharepoint_samples_xlsx	Samples.xlsx	source_reported
rna_seq:SRR941698	study_title	Dampening of expression oscillations by synchronous regulation of a microRNA and its target	ena_study	shared/metadata_sources/v2/ena_studies/chunk_000.xml	source_reported
rna_seq:SRR941698	library_strategy	RNA-Seq	ena_read_run	ENA read_run:SRR941698; sample:SAMN02261040; study:SRP027592	source_reported
rna_seq:SRR941698	library_layout	SINGLE	ena_read_run	ENA read_run:SRR941698; sample:SAMN02261040; study:SRP027592	source_reported
rna_seq:SRR941699	stage	42hr	local_project_metadata	2026.5.18	source_reported
rna_seq:SRR941699	stage	L4(42H)	sharepoint_samples_xlsx	Samples.xlsx	source_reported
rna_seq:SRR941699	tissue	Whole worm (N2)	local_project_metadata	2026.5.18	source_reported
rna_seq:SRR941699	tissue	Whole worm	sharepoint_samples_xlsx	Samples.xlsx	source_reported
rna_seq:SRR941699	sex	Hermaphrodite	local_project_metadata	2026.5.18	source_reported
rna_seq:SRR941699	sex	Hermaphrodite	sharepoint_samples_xlsx	Samples.xlsx	source_reported
rna_seq:SRR941699	strain	N2	ena_sample	shared/metadata_sources/v2/ena_samples/chunk_000.xml	source_reported
rna_seq:SRR941699	genotype	N2	provided_batch_table	2026.5.18	source_reported
rna_seq:SRR941699	data_source	Grün et al. 2013 (GSE49043)	provided_batch_table	2026.5.18	source_reported
rna_seq:SRR941699	data_source	Kim et al. 2013, Nat Genet	sharepoint_samples_xlsx	Samples.xlsx	source_reported
rna_seq:SRR941699	study_title	Dampening of expression oscillations by synchronous regulation of a microRNA and its target	ena_study	shared/metadata_sources/v2/ena_studies/chunk_000.xml	source_reported
rna_seq:SRR941699	library_strategy	RNA-Seq	ena_read_run	ENA read_run:SRR941699; sample:SAMN02261046; study:SRP027592	source_reported
rna_seq:SRR941699	library_layout	SINGLE	ena_read_run	ENA read_run:SRR941699; sample:SAMN02261046; study:SRP027592	source_reported
rna_seq:SRR941700	stage	44hr	local_project_metadata	2026.5.18	source_reported
rna_seq:SRR941700	stage	L4(44H)	sharepoint_samples_xlsx	Samples.xlsx	source_reported
rna_seq:SRR941700	tissue	Whole worm (N2)	local_project_metadata	2026.5.18	source_reported
rna_seq:SRR941700	tissue	Whole worm	sharepoint_samples_xlsx	Samples.xlsx	source_reported
rna_seq:SRR941700	sex	Hermaphrodite	local_project_metadata	2026.5.18	source_reported
rna_seq:SRR941700	sex	Hermaphrodite	sharepoint_samples_xlsx	Samples.xlsx	source_reported
rna_seq:SRR941700	strain	N2	ena_sample	shared/metadata_sources/v2/ena_samples/chunk_000.xml	source_reported
rna_seq:SRR941700	genotype	N2	provided_batch_table	2026.5.18	source_reported
rna_seq:SRR941700	data_source	Grün et al. 2013 (GSE49043)	provided_batch_table	2026.5.18	source_reported
rna_seq:SRR941700	data_source	Kim et al. 2013, Nat Genet	sharepoint_samples_xlsx	Samples.xlsx	source_reported
rna_seq:SRR941700	study_title	Dampening of expression oscillations by synchronous regulation of a microRNA and its target	ena_study	shared/metadata_sources/v2/ena_studies/chunk_000.xml	source_reported
rna_seq:SRR941700	library_strategy	RNA-Seq	ena_read_run	ENA read_run:SRR941700; sample:SAMN02261047; study:SRP027592	source_reported
rna_seq:SRR941700	library_layout	SINGLE	ena_read_run	ENA read_run:SRR941700; sample:SAMN02261047; study:SRP027592	source_reported
rna_seq:SRR941701	stage	46hr	local_project_metadata	2026.5.18	source_reported
rna_seq:SRR941701	stage	L4(46H)	sharepoint_samples_xlsx	Samples.xlsx	source_reported
rna_seq:SRR941701	tissue	Whole worm (N2)	local_project_metadata	2026.5.18	source_reported
rna_seq:SRR941701	tissue	Whole worm	sharepoint_samples_xlsx	Samples.xlsx	source_reported
rna_seq:SRR941701	sex	Hermaphrodite	local_project_metadata	2026.5.18	source_reported
rna_seq:SRR941701	sex	Hermaphrodite	sharepoint_samples_xlsx	Samples.xlsx	source_reported
rna_seq:SRR941701	strain	N2	ena_sample	shared/metadata_sources/v2/ena_samples/chunk_000.xml	source_reported
rna_seq:SRR941701	genotype	N2	provided_batch_table	2026.5.18	source_reported
rna_seq:SRR941701	data_source	Grün et al. 2013 (GSE49043)	provided_batch_table	2026.5.18	source_reported
rna_seq:SRR941701	data_source	Kim et al. 2013, Nat Genet	sharepoint_samples_xlsx	Samples.xlsx	source_reported
rna_seq:SRR941701	study_title	Dampening of expression oscillations by synchronous regulation of a microRNA and its target	ena_study	shared/metadata_sources/v2/ena_studies/chunk_000.xml	source_reported
rna_seq:SRR941701	library_strategy	RNA-Seq	ena_read_run	ENA read_run:SRR941701; sample:SAMN02261043; study:SRP027592	source_reported
rna_seq:SRR941701	library_layout	SINGLE	ena_read_run	ENA read_run:SRR941701; sample:SAMN02261043; study:SRP027592	source_reported
rna_seq:SRR941702	stage	48hr	local_project_metadata	2026.5.18	source_reported
rna_seq:SRR941702	stage	L4(48H)	sharepoint_samples_xlsx	Samples.xlsx	source_reported
rna_seq:SRR941702	tissue	Whole worm (N2)	local_project_metadata	2026.5.18	source_reported
rna_seq:SRR941702	tissue	Whole worm	sharepoint_samples_xlsx	Samples.xlsx	source_reported
rna_seq:SRR941702	sex	Hermaphrodite	local_project_metadata	2026.5.18	source_reported
rna_seq:SRR941702	sex	Hermaphrodite	sharepoint_samples_xlsx	Samples.xlsx	source_reported
rna_seq:SRR941702	strain	N2	ena_sample	shared/metadata_sources/v2/ena_samples/chunk_000.xml	source_reported
rna_seq:SRR941702	genotype	N2	provided_batch_table	2026.5.18	source_reported
rna_seq:SRR941702	data_source	Grün et al. 2013 (GSE49043)	provided_batch_table	2026.5.18	source_reported
rna_seq:SRR941702	data_source	Kim et al. 2013, Nat Genet	sharepoint_samples_xlsx	Samples.xlsx	source_reported
rna_seq:SRR941702	study_title	Dampening of expression oscillations by synchronous regulation of a microRNA and its target	ena_study	shared/metadata_sources/v2/ena_studies/chunk_000.xml	source_reported
rna_seq:SRR941702	library_strategy	RNA-Seq	ena_read_run	ENA read_run:SRR941702; sample:SAMN02261042; study:SRP027592	source_reported
rna_seq:SRR941702	library_layout	SINGLE	ena_read_run	ENA read_run:SRR941702; sample:SAMN02261042; study:SRP027592	source_reported
