group_id	sample_uid	run_accession	local_path	sha256	biological_replicate	technical_replicate	biological_replicate_evidence	technical_unit_id	technical_run_count	technical_replicate_status	membership_status	raw_bedgraph_total	decoded_total_signal	decoded_rescale_to_1e8
RNA_V2_G0001	rna_seq:SRR2541829	SRR2541829	alphagenome_custom/tracks/rna_seq_v2_normalized/SRR2541829.bw	88f2723075734146fc41449b1d610e5933eef84bdb15eb317094ab2232721a0b	1	unknown	ENA_sample_title_or_alias	SRX1297650	2	same_ENA_experiment_multiple_runs	formal_v2_uniform_reprocessed	291709434	99677546.4416	1.00323496685
RNA_V2_G0001	rna_seq:SRR2541830	SRR2541830	alphagenome_custom/tracks/rna_seq_v2_normalized/SRR2541830.bw	246666e07c85fb21f28f10bd95a989f057e62c16feb3d1a1359e098c1a6835d0	1	unknown	ENA_sample_title_or_alias	SRX1297650	2	same_ENA_experiment_multiple_runs	formal_v2_uniform_reprocessed	388742117	99684585.9653	1.00316412043
RNA_V2_G0001	rna_seq:SRR2541831	SRR2541831	alphagenome_custom/tracks/rna_seq_v2_normalized/SRR2541831.bw	13c82e5f93959b27500e1653edc72700bd1258774d159c2ee35e6da533e3b903	2	unknown	ENA_sample_title_or_alias	SRX1297651	3	same_ENA_experiment_multiple_runs	formal_v2_uniform_reprocessed	292416142	99744292.9618	1.00256362575
RNA_V2_G0001	rna_seq:SRR2541832	SRR2541832	alphagenome_custom/tracks/rna_seq_v2_normalized/SRR2541832.bw	36b192307faa72d60ee952d40c94eb1544620cdc17b9ddee9fd3c4540f5f4e40	2	unknown	ENA_sample_title_or_alias	SRX1297651	3	same_ENA_experiment_multiple_runs	formal_v2_uniform_reprocessed	91817712	99710067.0497	1.00290776006
RNA_V2_G0001	rna_seq:SRR2541833	SRR2541833	alphagenome_custom/tracks/rna_seq_v2_normalized/SRR2541833.bw	24eccd13cb685fa0401778e0436547b0dbc8cfc0af1318dc50ab763204bf83a4	2	unknown	ENA_sample_title_or_alias	SRX1297651	3	same_ENA_experiment_multiple_runs	formal_v2_uniform_reprocessed	140426240	99740486.8232	1.002601884
RNA_V2_G0001	rna_seq:SRR2541834	SRR2541834	alphagenome_custom/tracks/rna_seq_v2_normalized/SRR2541834.bw	8f94a8be33599861da213dfd9199dd755523b1e157ef2e8ddfb1321d1f2d0b48	3	unknown	ENA_sample_title_or_alias	SRX1297652	3	same_ENA_experiment_multiple_runs	formal_v2_uniform_reprocessed	319922183	99775983.318	1.00224519643
RNA_V2_G0001	rna_seq:SRR2541835	SRR2541835	alphagenome_custom/tracks/rna_seq_v2_normalized/SRR2541835.bw	800746cf17384c2cd6e30f9eb9390f29315234688cf4737cd369091e84ff2e16	3	unknown	ENA_sample_title_or_alias	SRX1297652	3	same_ENA_experiment_multiple_runs	formal_v2_uniform_reprocessed	123037676	99742336.6951	1.00258328924
RNA_V2_G0001	rna_seq:SRR2541836	SRR2541836	alphagenome_custom/tracks/rna_seq_v2_normalized/SRR2541836.bw	73e6a80dfaf4a36021c65f221308b377c57018c1d557e7c481b42fa1b70480b4	3	unknown	ENA_sample_title_or_alias	SRX1297652	3	same_ENA_experiment_multiple_runs	formal_v2_uniform_reprocessed	183904150	99776645.8249	1.00223854163
RNA_V2_G0002	rna_seq:SRR1956664	SRR1956664	alphagenome_custom/tracks/rna_seq_v2_normalized/SRR1956664.bw	e1a9422778a1282f68afa1d70b4609f6983858e3413de99e0fe4c40d9a88a4c1	1	unknown	ENA_sample_title_or_alias	SRX982153	2	same_ENA_experiment_multiple_runs	formal_v2_uniform_reprocessed	456358099	99757852.2313	1.00242735547
RNA_V2_G0002	rna_seq:SRR1956665	SRR1956665	alphagenome_custom/tracks/rna_seq_v2_normalized/SRR1956665.bw	2f9aa14507d48a589342af95758ca93303ba7efa75bfa54029bef16060fdf028	1	unknown	ENA_sample_title_or_alias	SRX982153	2	same_ENA_experiment_multiple_runs	formal_v2_uniform_reprocessed	735643488	99789785.9918	1.00210656838
RNA_V2_G0002	rna_seq:SRR1956666	SRR1956666	alphagenome_custom/tracks/rna_seq_v2_normalized/SRR1956666.bw	5084c4295cf2e219d26a4793d7b8e1177a521c08c44952936d94d0f70f9db771	2	unknown	ENA_sample_title_or_alias	SRX982154	2	same_ENA_experiment_multiple_runs	formal_v2_uniform_reprocessed	613051977	99858752.9144	1.00141446875
RNA_V2_G0002	rna_seq:SRR1956667	SRR1956667	alphagenome_custom/tracks/rna_seq_v2_normalized/SRR1956667.bw	159981f923307a3c779650de89862f415949cf26ba0dafd824387cafd58f7ce0	2	unknown	ENA_sample_title_or_alias	SRX982154	2	same_ENA_experiment_multiple_runs	formal_v2_uniform_reprocessed	970543815	99875621.5552	1.00124533337
RNA_V2_G0002	rna_seq:SRR1956668	SRR1956668	alphagenome_custom/tracks/rna_seq_v2_normalized/SRR1956668.bw	18d19347d60f7c40e96813bfaa2f78a2178ec4b37855fae3bc7de85c507935f1	3	unknown	ENA_sample_title_or_alias	SRX982155	1	single_run_for_ENA_experiment	formal_v2_uniform_reprocessed	1594172601	99708334.8985	1.00292518275
RNA_V2_G0002	rna_seq:SRR1956669	SRR1956669	alphagenome_custom/tracks/rna_seq_v2_normalized/SRR1956669.bw	da78245920f0d5289ab7c475c535e4a1775adbf2e700669137c67a3f57a54d7b	4	unknown	ENA_sample_title_or_alias	SRX982156	1	single_run_for_ENA_experiment	formal_v2_uniform_reprocessed	1262502914	99814288.0065	1.00186057525
RNA_V2_G0003	rna_seq:SRR1956670	SRR1956670	alphagenome_custom/tracks/rna_seq_v2_normalized/SRR1956670.bw	9292755cb9207275d3833ac69a753cd155e140bf57ce31a8ab9043c5282a4432	1	unknown	ENA_sample_title_or_alias	SRX982157	1	single_run_for_ENA_experiment	formal_v2_uniform_reprocessed	773063015	99711991.8383	1.00288840045
RNA_V2_G0003	rna_seq:SRR1956671	SRR1956671	alphagenome_custom/tracks/rna_seq_v2_normalized/SRR1956671.bw	0ac242552c1d2d4b467d77522d27e6a73326e86dc6d58f3e5895c9d2c47e7cf5	2	unknown	ENA_sample_title_or_alias	SRX982158	1	single_run_for_ENA_experiment	formal_v2_uniform_reprocessed	583560738	99680927.4214	1.0032009391
RNA_V2_G0003	rna_seq:SRR1956672	SRR1956672	alphagenome_custom/tracks/rna_seq_v2_normalized/SRR1956672.bw	3446ef405284efa87679e876219f986bbc0aa743db8b3bad30e2a5b20134ab55	3	unknown	ENA_sample_title_or_alias	SRX982159	1	single_run_for_ENA_experiment	formal_v2_uniform_reprocessed	1461170712	99835499.7927	1.00164771256
RNA_V2_G0003	rna_seq:SRR1956673	SRR1956673	alphagenome_custom/tracks/rna_seq_v2_normalized/SRR1956673.bw	e2eb991668637dddb3ef04f735d6ff24590c3b57a7caef153d5f73e76328bdf3	4	unknown	ENA_sample_title_or_alias	SRX982160	2	same_ENA_experiment_multiple_runs	formal_v2_uniform_reprocessed	544913390	99945536.2802	1.00054493399
RNA_V2_G0003	rna_seq:SRR1956674	SRR1956674	alphagenome_custom/tracks/rna_seq_v2_normalized/SRR1956674.bw	4b42054c18d0b77c769f7fbc44ef33646ec001e9ce4ccc1f4ee2f606f9a172b9	4	unknown	ENA_sample_title_or_alias	SRX982160	2	same_ENA_experiment_multiple_runs	formal_v2_uniform_reprocessed	364303314	99945992.8289	1.00054036355
RNA_V2_G0004	rna_seq:SRR1956641	SRR1956641	alphagenome_custom/tracks/rna_seq_v2_normalized/SRR1956641.bw	fd3d91902c7bd8406fbeffefdaa0fa61363160bc0bfa257e420355bb0e400739	1	unknown	ENA_sample_title_or_alias	SRX982138	3	same_ENA_experiment_multiple_runs	formal_v2_uniform_reprocessed	195334986	99581380.9356	1.0042037885
RNA_V2_G0004	rna_seq:SRR1956642	SRR1956642	alphagenome_custom/tracks/rna_seq_v2_normalized/SRR1956642.bw	545c3a119cb30c3ec8666ef438c0c58c3cf703828acac385a6f27c8ac3fc9953	1	unknown	ENA_sample_title_or_alias	SRX982138	3	same_ENA_experiment_multiple_runs	formal_v2_uniform_reprocessed	169498687	99552978.2261	1.00449029031
RNA_V2_G0004	rna_seq:SRR1956643	SRR1956643	alphagenome_custom/tracks/rna_seq_v2_normalized/SRR1956643.bw	16a4918af62797085bde6d86ddcd6091848444df4356d06ca01e18e29c186477	1	unknown	ENA_sample_title_or_alias	SRX982138	3	same_ENA_experiment_multiple_runs	formal_v2_uniform_reprocessed	220128033	99587457.8142	1.00414251146
RNA_V2_G0004	rna_seq:SRR1956644	SRR1956644	alphagenome_custom/tracks/rna_seq_v2_normalized/SRR1956644.bw	17f272e62bb97518b578a0d429153ee53ad8e62901947f1ded49064aee7526e4	2	unknown	ENA_sample_title_or_alias	SRX982139	2	same_ENA_experiment_multiple_runs	formal_v2_uniform_reprocessed	227808452	99648505.2631	1.0035273458
RNA_V2_G0004	rna_seq:SRR1956645	SRR1956645	alphagenome_custom/tracks/rna_seq_v2_normalized/SRR1956645.bw	c0a576176e976bf11d9469310bacbfe226ca23944755d07382c9762c59540a2a	2	unknown	ENA_sample_title_or_alias	SRX982139	2	same_ENA_experiment_multiple_runs	formal_v2_uniform_reprocessed	317793522	99659631.239	1.00341531227
RNA_V2_G0004	rna_seq:SRR1956646	SRR1956646	alphagenome_custom/tracks/rna_seq_v2_normalized/SRR1956646.bw	f5ef075907ba60e0ec6715196a1a04c5d7a7662e4b3565d131b570d40cf1e32f	3	unknown	ENA_sample_title_or_alias	SRX982140	2	same_ENA_experiment_multiple_runs	formal_v2_uniform_reprocessed	329764033	99708473.9416	1.00292378418
RNA_V2_G0004	rna_seq:SRR1956647	SRR1956647	alphagenome_custom/tracks/rna_seq_v2_normalized/SRR1956647.bw	7588c0ac4cb18c3f534cc62b920cd8111b8505921d90e33d22d992a21421d1a0	3	unknown	ENA_sample_title_or_alias	SRX982140	2	same_ENA_experiment_multiple_runs	formal_v2_uniform_reprocessed	260624173	99721250.2244	1.00279528962
RNA_V2_G0004	rna_seq:SRR1956659	SRR1956659	alphagenome_custom/tracks/rna_seq_v2_normalized/SRR1956659.bw	5e75bec29057b2030d16bcda9bacec0e5dcad552b0bee02b9be03a64f6cb648b	1	unknown	ENA_sample_title_or_alias	SRX982149	1	single_run_for_ENA_experiment	formal_v2_uniform_reprocessed	562564770	99758130.3136	1.00242456114
RNA_V2_G0004	rna_seq:SRR1956660	SRR1956660	alphagenome_custom/tracks/rna_seq_v2_normalized/SRR1956660.bw	1d7136d60121fb443f22b52eaa755c484ecf2e63665f2c7f980615ad8a5fb5a9	2	unknown	ENA_sample_title_or_alias	SRX982150	2	same_ENA_experiment_multiple_runs	formal_v2_uniform_reprocessed	432884166	99723746.1741	1.00277019102
RNA_V2_G0004	rna_seq:SRR1956661	SRR1956661	alphagenome_custom/tracks/rna_seq_v2_normalized/SRR1956661.bw	a36b7779b94dc399cae6aae288a369c13096701762b3a2765c50fe303b9f25bd	2	unknown	ENA_sample_title_or_alias	SRX982150	2	same_ENA_experiment_multiple_runs	formal_v2_uniform_reprocessed	695287588	99760681.6047	1.00239892502
RNA_V2_G0004	rna_seq:SRR1956662	SRR1956662	alphagenome_custom/tracks/rna_seq_v2_normalized/SRR1956662.bw	a37a135265d8d29c39d829e835c85f04147555560c1a0f5c1bd3e56dc986dabc	3	unknown	ENA_sample_title_or_alias	SRX982151	1	single_run_for_ENA_experiment	formal_v2_uniform_reprocessed	1556103446	99805328.4409	1.00195051268
RNA_V2_G0004	rna_seq:SRR1956663	SRR1956663	alphagenome_custom/tracks/rna_seq_v2_normalized/SRR1956663.bw	7ce87b7e7c8647b6b7d00c4d8af408fe7350a0d945635c9b85a6f65c0517bb97	4	unknown	ENA_sample_title_or_alias	SRX982152	1	single_run_for_ENA_experiment	formal_v2_uniform_reprocessed	913938240	99923857.3872	1.00076200634
RNA_V2_G0005	rna_seq:SRR1956694	SRR1956694	alphagenome_custom/tracks/rna_seq_v2_normalized/SRR1956694.bw	ae705c81ee60911206ea38af7dea62c12b563043f88c2b56c2889bc42aa6d6c6	1	unknown	ENA_sample_title_or_alias	SRX982177	1	single_run_for_ENA_experiment	formal_v2_uniform_reprocessed	1328282683	99371524.6077	1.00632450186
RNA_V2_G0005	rna_seq:SRR1956695	SRR1956695	alphagenome_custom/tracks/rna_seq_v2_normalized/SRR1956695.bw	2ca07fe7ac34acf352b08401b2521989a3fbe25999855563437540d323ddf208	2	unknown	ENA_sample_title_or_alias	SRX982178	1	single_run_for_ENA_experiment	formal_v2_uniform_reprocessed	392326246	99619617.9464	1.00381834483
RNA_V2_G0005	rna_seq:SRR1956696	SRR1956696	alphagenome_custom/tracks/rna_seq_v2_normalized/SRR1956696.bw	0c3aac634090e6c758c7f4a9e2d9e7b6ace7c44388eb92309f1469d670a50707	3	unknown	ENA_sample_title_or_alias	SRX982179	1	single_run_for_ENA_experiment	formal_v2_uniform_reprocessed	364580806	99627649.1625	1.00373742471
RNA_V2_G0005	rna_seq:SRR1956697	SRR1956697	alphagenome_custom/tracks/rna_seq_v2_normalized/SRR1956697.bw	ada6ceaddfa712213f0cf194e083aa1d7b005ff9d4bbf0c2c825dafe1fc547ec	4	unknown	ENA_sample_title_or_alias	SRX982180	1	single_run_for_ENA_experiment	formal_v2_uniform_reprocessed	356570999	99697096.7332	1.00303823558
RNA_V2_G0006	rna_seq:SRR1956698	SRR1956698	alphagenome_custom/tracks/rna_seq_v2_normalized/SRR1956698.bw	9cdf9f48f6be4c2609a750136aa9b97d2f891e1686a217c25717406d0a25c029	1	unknown	ENA_sample_title_or_alias	SRX982181	1	single_run_for_ENA_experiment	formal_v2_uniform_reprocessed	1176303968	99345467.9542	1.00658844393
RNA_V2_G0006	rna_seq:SRR1956699	SRR1956699	alphagenome_custom/tracks/rna_seq_v2_normalized/SRR1956699.bw	d2b97e5b8046ad19b5cb25fbf2d5f9e047295831ebbf5bb6fadc62c457346136	2	unknown	ENA_sample_title_or_alias	SRX982182	1	single_run_for_ENA_experiment	formal_v2_uniform_reprocessed	395589417	99297977.2565	1.00706985946
RNA_V2_G0006	rna_seq:SRR1956700	SRR1956700	alphagenome_custom/tracks/rna_seq_v2_normalized/SRR1956700.bw	3d1591a1e1371f4f6637bd30f740ab0d9d964f5fffc3cf74583831aca7e8da4e	3	unknown	ENA_sample_title_or_alias	SRX982183	1	single_run_for_ENA_experiment	formal_v2_uniform_reprocessed	368040856	99519834.3544	1.0048248236
RNA_V2_G0006	rna_seq:SRR1956701	SRR1956701	alphagenome_custom/tracks/rna_seq_v2_normalized/SRR1956701.bw	45aad369ec71364a95cdd61eca58ef1c5cc4256c863d5a404773355e45a923b2	4	unknown	ENA_sample_title_or_alias	SRX982184	1	single_run_for_ENA_experiment	formal_v2_uniform_reprocessed	261301874	99693730.9933	1.00307209895
RNA_V2_G0007	rna_seq:SRR4069206	SRR4069206	alphagenome_custom/tracks/rna_seq_v2_normalized/SRR4069206.bw	27ab2dc6314c94ba3fd6c3b570ae269c4cee7fc9c0f0a366fdc20020ddb2cace	1	unknown	ENA_sample_title_or_alias	SRX2055974	1	single_run_for_ENA_experiment	formal_v2_uniform_reprocessed	1005761334	98499527.047	1.01523330109
RNA_V2_G0007	rna_seq:SRR4069207	SRR4069207	alphagenome_custom/tracks/rna_seq_v2_normalized/SRR4069207.bw	ef923aaa9bb7accd0ec3b5202eb0b8907e178d873b2d3a6a1d24dea4b774ea32	2	unknown	ENA_sample_title_or_alias	SRX2055975	1	single_run_for_ENA_experiment	formal_v2_uniform_reprocessed	1218627703	98162300.9325	1.01872102681
RNA_V2_G0007	rna_seq:SRR4069208	SRR4069208	alphagenome_custom/tracks/rna_seq_v2_normalized/SRR4069208.bw	fcc3d424775d40b2c36f4fe67c10348f32c6563b55a9f92ed7725665eaae1271	3	unknown	ENA_sample_title_or_alias	SRX2055976	1	single_run_for_ENA_experiment	formal_v2_uniform_reprocessed	1039144464	98444563.242	1.01580012859
RNA_V2_G0007	rna_seq:SRR4069209	SRR4069209	alphagenome_custom/tracks/rna_seq_v2_normalized/SRR4069209.bw	dd6b49744b20874a5534226195ca23f9e03abfa2af6bc936a82d735196aec742	1	unknown	ENA_sample_title_or_alias	SRX2055977	1	single_run_for_ENA_experiment	formal_v2_uniform_reprocessed	1364263738	97459183.9411	1.02607056571
RNA_V2_G0007	rna_seq:SRR4069210	SRR4069210	alphagenome_custom/tracks/rna_seq_v2_normalized/SRR4069210.bw	3cc546aea75d7e50b77683f23b129f903255c3a7e4811a49d524ff465b319d27	2	unknown	ENA_sample_title_or_alias	SRX2055978	1	single_run_for_ENA_experiment	formal_v2_uniform_reprocessed	1466970969	97079450.9096	1.03008411217
RNA_V2_G0007	rna_seq:SRR4069211	SRR4069211	alphagenome_custom/tracks/rna_seq_v2_normalized/SRR4069211.bw	c441401f3463e7bb93c7c90b0ceb3880a5af169413ec83ff100074c9edfa12b4	3	unknown	ENA_sample_title_or_alias	SRX2055979	1	single_run_for_ENA_experiment	formal_v2_uniform_reprocessed	870566275	96749297.0468	1.03359924105
RNA_V2_G0008	rna_seq:SRR3535753	SRR3535753	alphagenome_custom/tracks/rna_seq_v2_normalized/SRR3535753.bw	596aa26b98fb2f87dca5db76953bac7d5186287a1b2792fa4ca9307203598399	1	unknown	ENA_sample_title_or_alias	SRX1769976	1	single_run_for_ENA_experiment	formal_v2_uniform_reprocessed	1310952954	98478499.6509	1.01545007646
RNA_V2_G0008	rna_seq:SRR3535754	SRR3535754	alphagenome_custom/tracks/rna_seq_v2_normalized/SRR3535754.bw	a3ae916952871a1d6eee92d49adb577bb6df9987a5d6fd4e9b6e35229fde5951	2	unknown	ENA_sample_title_or_alias	SRX1769977	1	single_run_for_ENA_experiment	formal_v2_uniform_reprocessed	1494589148	98215880.4813	1.01816528559
RNA_V2_G0008	rna_seq:SRR3535755	SRR3535755	alphagenome_custom/tracks/rna_seq_v2_normalized/SRR3535755.bw	68200dfa1f7092b86b81bd0f64234659fa678fe8fc024c9c2c768fc42823e813	3	unknown	ENA_sample_title_or_alias	SRX1769978	1	single_run_for_ENA_experiment	formal_v2_uniform_reprocessed	1060758108	98551716.2978	1.01469567205
RNA_V2_G0008	rna_seq:SRR3535756	SRR3535756	alphagenome_custom/tracks/rna_seq_v2_normalized/SRR3535756.bw	13ba226d38193f41db1a6ad1e560860605e678b2c15e230acbb3e3cfbc233c71	1	unknown	ENA_sample_title_or_alias	SRX1769979	1	single_run_for_ENA_experiment	formal_v2_uniform_reprocessed	977301064	97110847.2004	1.02975108222
RNA_V2_G0008	rna_seq:SRR3535757	SRR3535757	alphagenome_custom/tracks/rna_seq_v2_normalized/SRR3535757.bw	d182a2bd05d7688dfd58b11a40fea27ee8934b04b54f3ed147f25f1f73ccb7dd	2	unknown	ENA_sample_title_or_alias	SRX1769980	1	single_run_for_ENA_experiment	formal_v2_uniform_reprocessed	1321482350	97497571.9244	1.02566656816
RNA_V2_G0008	rna_seq:SRR3535758	SRR3535758	alphagenome_custom/tracks/rna_seq_v2_normalized/SRR3535758.bw	5a35e328be3abb277d237c2b80e106a34a1ec29287ca7b01db32f96c1d524ae2	3	unknown	ENA_sample_title_or_alias	SRX1769981	1	single_run_for_ENA_experiment	formal_v2_uniform_reprocessed	987308795	97171889.2987	1.02910420618
RNA_V2_G0009	rna_seq:SRR4069200	SRR4069200	alphagenome_custom/tracks/rna_seq_v2_normalized/SRR4069200.bw	685a375edba227648d04564cb7b3879fb54154fd8053da09aee607a0bd44548f	1	unknown	ENA_sample_title_or_alias	SRX2055968	1	single_run_for_ENA_experiment	formal_v2_uniform_reprocessed	1725486722	98539984.3478	1.01481647944
RNA_V2_G0009	rna_seq:SRR4069201	SRR4069201	alphagenome_custom/tracks/rna_seq_v2_normalized/SRR4069201.bw	56087202cf76622abfe19557c6c3d159175314fee1946dbf328c31b415f6ff5e	2	unknown	ENA_sample_title_or_alias	SRX2055969	1	single_run_for_ENA_experiment	formal_v2_uniform_reprocessed	1502535713	98527777.2178	1.01494221045
RNA_V2_G0009	rna_seq:SRR4069202	SRR4069202	alphagenome_custom/tracks/rna_seq_v2_normalized/SRR4069202.bw	f55ea68c882fde2020553fdafee704fac785f00e3c2d477b2469840597399ef9	3	unknown	ENA_sample_title_or_alias	SRX2055970	1	single_run_for_ENA_experiment	formal_v2_uniform_reprocessed	1486669098	98379646.6469	1.01647041241
RNA_V2_G0009	rna_seq:SRR4069203	SRR4069203	alphagenome_custom/tracks/rna_seq_v2_normalized/SRR4069203.bw	ff55f8f7800512a53b0c7f761bc37924aa521aa58b77a95604cdee861a727e70	1	unknown	ENA_sample_title_or_alias	SRX2055971	1	single_run_for_ENA_experiment	formal_v2_uniform_reprocessed	1268039615	97607404.1373	1.02451244231
RNA_V2_G0009	rna_seq:SRR4069204	SRR4069204	alphagenome_custom/tracks/rna_seq_v2_normalized/SRR4069204.bw	540edf6ddd2743f46eb9b649f75a02c2c866a3175dac8576dbfaa09e26c45aeb	2	unknown	ENA_sample_title_or_alias	SRX2055972	1	single_run_for_ENA_experiment	formal_v2_uniform_reprocessed	1864427790	97743029.1911	1.02309086211
RNA_V2_G0009	rna_seq:SRR4069205	SRR4069205	alphagenome_custom/tracks/rna_seq_v2_normalized/SRR4069205.bw	d5904bd539c18349e89219210b836e821cbc9cecf449cbf5fa41109243923a6f	3	unknown	ENA_sample_title_or_alias	SRX2055973	1	single_run_for_ENA_experiment	formal_v2_uniform_reprocessed	1753345643	97148665.9148	1.02935021349
RNA_V2_G0010	rna_seq:SRR3535790	SRR3535790	alphagenome_custom/tracks/rna_seq_v2_normalized/SRR3535790.bw	70af1c4c96569994b6ddad873b43cb3b2ef670a2b4cb200a7a947ccbcb419576	1	unknown	ENA_sample_title_or_alias	SRX1770006	1	single_run_for_ENA_experiment	formal_v2_uniform_reprocessed	1289815419	95680810.0042	1.04514165375
RNA_V2_G0010	rna_seq:SRR3535791	SRR3535791	alphagenome_custom/tracks/rna_seq_v2_normalized/SRR3535791.bw	1218eef4ef620958380cda0480f624455653db904d21702b1548e29dfa0c07be	2	unknown	ENA_sample_title_or_alias	SRX1770007	2	same_ENA_experiment_multiple_runs	formal_v2_uniform_reprocessed	256350412	99314912.8103	1.0068981301
RNA_V2_G0010	rna_seq:SRR3535792	SRR3535792	alphagenome_custom/tracks/rna_seq_v2_normalized/SRR3535792.bw	2264ff436ea9d9f57bd27b4f55cae509cd3d48e767a0f66aa20abbd2b6777f00	2	unknown	ENA_sample_title_or_alias	SRX1770007	2	same_ENA_experiment_multiple_runs	formal_v2_uniform_reprocessed	996120310	99311392.9131	1.00693381763
RNA_V2_G0010	rna_seq:SRR3535793	SRR3535793	alphagenome_custom/tracks/rna_seq_v2_normalized/SRR3535793.bw	e316e490972e4f2ea6fa8e6d4cda9b6a70f1d86eab018725513371074f8c5043	3	unknown	ENA_sample_title_or_alias	SRX1770008	1	single_run_for_ENA_experiment	formal_v2_uniform_reprocessed	1043752093	97817730.9062	1.02230954525
RNA_V2_G0011	rna_seq:SRR3535780	SRR3535780	alphagenome_custom/tracks/rna_seq_v2_normalized/SRR3535780.bw	c3f48d714cf8b46231d0ce006e789d4a1f16c05b7183025679bd14e285480069	1	unknown	ENA_sample_title_or_alias	SRX1770000	1	single_run_for_ENA_experiment	formal_v2_uniform_reprocessed	610909555	97245099.7788	1.0283294503
RNA_V2_G0011	rna_seq:SRR3535781	SRR3535781	alphagenome_custom/tracks/rna_seq_v2_normalized/SRR3535781.bw	8df7aa91869a7f03ab369d53d659c8f021a9eeedef7ba124f1b3109bbdd521d5	2	unknown	ENA_sample_title_or_alias	SRX1770001	2	same_ENA_experiment_multiple_runs	formal_v2_uniform_reprocessed	313183317	98008832.7514	1.02031620205
RNA_V2_G0011	rna_seq:SRR3535782	SRR3535782	alphagenome_custom/tracks/rna_seq_v2_normalized/SRR3535782.bw	071416046eca29576882199db2e86e03053b70d2185f80856608a797567b58a8	2	unknown	ENA_sample_title_or_alias	SRX1770001	2	same_ENA_experiment_multiple_runs	formal_v2_uniform_reprocessed	1255920088	97788077.0876	1.02261955627
RNA_V2_G0011	rna_seq:SRR3535783	SRR3535783	alphagenome_custom/tracks/rna_seq_v2_normalized/SRR3535783.bw	fc90bf9af256bdd281bdec128c29b068ebd20d0b4664eebc16b70db713347931	3	unknown	ENA_sample_title_or_alias	SRX1770002	2	same_ENA_experiment_multiple_runs	formal_v2_uniform_reprocessed	366940598	98296812.0551	1.01732699067
RNA_V2_G0011	rna_seq:SRR3535784	SRR3535784	alphagenome_custom/tracks/rna_seq_v2_normalized/SRR3535784.bw	1346ca221fff5d97300300a4b4c26b4d5e311f8c9bc6ef50307b6dbded89f95e	3	unknown	ENA_sample_title_or_alias	SRX1770002	2	same_ENA_experiment_multiple_runs	formal_v2_uniform_reprocessed	637904788	98153867.3561	1.01880855736
RNA_V2_G0012	rna_seq:SRR3535785	SRR3535785	alphagenome_custom/tracks/rna_seq_v2_normalized/SRR3535785.bw	d0ef74a877a55a70616b7bda0cd906abd0dd6fbbafef5e4057437c427aa204a0	1	unknown	ENA_sample_title_or_alias	SRX1770003	2	same_ENA_experiment_multiple_runs	formal_v2_uniform_reprocessed	961124044	99633487.3311	1.00367860926
RNA_V2_G0012	rna_seq:SRR3535786	SRR3535786	alphagenome_custom/tracks/rna_seq_v2_normalized/SRR3535786.bw	bdaf3ae37609039b11ea8d26f3c544dc921d5c6eab8826b713107a1d2a5cc466	1	unknown	ENA_sample_title_or_alias	SRX1770003	2	same_ENA_experiment_multiple_runs	formal_v2_uniform_reprocessed	894811105	95781856.3809	1.0440390673
RNA_V2_G0012	rna_seq:SRR3535787	SRR3535787	alphagenome_custom/tracks/rna_seq_v2_normalized/SRR3535787.bw	c8ec3a30d473501d2b636ba36b49c2d13bbb152613c42fed94d7802b9e026d4f	2	unknown	ENA_sample_title_or_alias	SRX1770004	2	same_ENA_experiment_multiple_runs	formal_v2_uniform_reprocessed	261541774	97954649.0559	1.0208805908
RNA_V2_G0012	rna_seq:SRR3535788	SRR3535788	alphagenome_custom/tracks/rna_seq_v2_normalized/SRR3535788.bw	aa52b6d73a223bfe3e77630ea7b769188d846b4fe5a5591609cfabe071375484	2	unknown	ENA_sample_title_or_alias	SRX1770004	2	same_ENA_experiment_multiple_runs	formal_v2_uniform_reprocessed	78258708	100000000.026	0.999999999741
RNA_V2_G0012	rna_seq:SRR3535789	SRR3535789	alphagenome_custom/tracks/rna_seq_v2_normalized/SRR3535789.bw	791e57e8d8612f89c86c1237fd7e3f643fb1d07ac0b0746e58076cfab00f021b	3	unknown	ENA_sample_title_or_alias	SRX1770005	1	single_run_for_ENA_experiment	formal_v2_uniform_reprocessed	1116631397	93157522.1897	1.07345062051
RNA_V2_G0013	rna_seq:SRR5227335	SRR5227335	alphagenome_custom/tracks/rna_seq_v2_normalized/SRR5227335.bw	b3b72f6c25e140ad8c4c78c033f29145a44c670435a55d4f2da1d09a2492f7eb	1	unknown	ENA_sample_title_or_alias	SRX2536450	1	single_run_for_ENA_experiment	formal_v2_uniform_reprocessed	505055849	98578675.8721	1.01441817021
RNA_V2_G0013	rna_seq:SRR5227336	SRR5227336	alphagenome_custom/tracks/rna_seq_v2_normalized/SRR5227336.bw	d544db3e15d61fe7331fd38ff701f95484838da5a88f96729b534f3b17786c84	2	unknown	ENA_sample_title_or_alias	SRX2536451	1	single_run_for_ENA_experiment	formal_v2_uniform_reprocessed	428456022	98966597.5479	1.0104419317
RNA_V2_G0013	rna_seq:SRR5227339	SRR5227339	alphagenome_custom/tracks/rna_seq_v2_normalized/SRR5227339.bw	7aff96e71972cf523dacdea6540fe658c5e8e752c1be9b3b2583599076fe7ead	1	unknown	ENA_sample_title_or_alias	SRX2536454	1	single_run_for_ENA_experiment	formal_v2_uniform_reprocessed	380946648	95836754.6773	1.043441009
RNA_V2_G0013	rna_seq:SRR5227340	SRR5227340	alphagenome_custom/tracks/rna_seq_v2_normalized/SRR5227340.bw	bbbdac0df27c3fdfa2016615c25ed85d4cd47347243ccfbc11cc57eba9b402e0	2	unknown	ENA_sample_title_or_alias	SRX2536455	1	single_run_for_ENA_experiment	formal_v2_uniform_reprocessed	390141235	100000000.083	0.999999999165
RNA_V2_G0014	rna_seq:SRR5227333	SRR5227333	alphagenome_custom/tracks/rna_seq_v2_normalized/SRR5227333.bw	5517d705f3ba9c46c2ac6f1da6c24ea7603b46c94b559efeb080c219b0cb30e9	1	unknown	ENA_sample_title_or_alias	SRX2536448	1	single_run_for_ENA_experiment	formal_v2_uniform_reprocessed	436701600	99026890.378	1.00982672099
RNA_V2_G0014	rna_seq:SRR5227334	SRR5227334	alphagenome_custom/tracks/rna_seq_v2_normalized/SRR5227334.bw	d6afc7ceacc71fec3f5cf25cb26443b0f6e464a2d49309542e54822d4e5904d8	2	unknown	ENA_sample_title_or_alias	SRX2536449	1	single_run_for_ENA_experiment	formal_v2_uniform_reprocessed	805403313	98598156.1418	1.01421774923
RNA_V2_G0014	rna_seq:SRR5227337	SRR5227337	alphagenome_custom/tracks/rna_seq_v2_normalized/SRR5227337.bw	3b126c1a0daf66793bc2f64a671489db5fac018b1c6c0c1d3061467bd507d506	1	unknown	ENA_sample_title_or_alias	SRX2536452	1	single_run_for_ENA_experiment	formal_v2_uniform_reprocessed	319577768	95003100.7019	1.05259722326
RNA_V2_G0014	rna_seq:SRR5227338	SRR5227338	alphagenome_custom/tracks/rna_seq_v2_normalized/SRR5227338.bw	ee8cdf17800f0dd6ed15cf42a1fec857dbab515016b7c6e72068babda66df8da	2	unknown	ENA_sample_title_or_alias	SRX2536453	1	single_run_for_ENA_experiment	formal_v2_uniform_reprocessed	361263182	98979627.9241	1.01030891
RNA_V2_G0015	rna_seq:SRR7443595	SRR7443595	alphagenome_custom/tracks/rna_seq_v2_normalized/SRR7443595.bw	2772addbf80009ea5a17294e1adb800d4de9cd7e25335e76cfc7aa671e35dac1	1	unknown	ENA_sample_attribute	SRX4314194	1	single_run_for_ENA_experiment	formal_v2_uniform_reprocessed	2234294150	86497445.2616	1.15610350916
RNA_V2_G0015	rna_seq:SRR7443600	SRR7443600	alphagenome_custom/tracks/rna_seq_v2_normalized/SRR7443600.bw	8ebbfdd7d614ff6ee34cff3993e553aa134f173685080bae3aebc66ca9920afb	2	unknown	ENA_sample_attribute	SRX4314189	1	single_run_for_ENA_experiment	formal_v2_uniform_reprocessed	1259033937	80514164.2796	1.24201748717
RNA_V2_G0016	rna_seq:SRR7443596	SRR7443596	alphagenome_custom/tracks/rna_seq_v2_normalized/SRR7443596.bw	dc0b746b9a5a453f1089623d3e27a059f31f2f51585b69c0582bf0bbd0e086a9	1	unknown	ENA_sample_attribute	SRX4314193	1	single_run_for_ENA_experiment	formal_v2_uniform_reprocessed	2511966088	88332475.7746	1.13208646223
RNA_V2_G0016	rna_seq:SRR7443601	SRR7443601	alphagenome_custom/tracks/rna_seq_v2_normalized/SRR7443601.bw	11c38a727d85c63c9c6edba0ab764895f4d9312bee65ce4282bf22e0b9447551	2	unknown	ENA_sample_attribute	SRX4314188	1	single_run_for_ENA_experiment	formal_v2_uniform_reprocessed	1824722636	88547383.8155	1.12933884313
RNA_V2_G0017	rna_seq:SRR7443597	SRR7443597	alphagenome_custom/tracks/rna_seq_v2_normalized/SRR7443597.bw	6147683f7dbcf5394154e46e32b0388935af70019ded347c9c68e87108081ffe	1	unknown	ENA_sample_attribute	SRX4314192	1	single_run_for_ENA_experiment	formal_v2_uniform_reprocessed	1573917665	82352874.9929	1.21428669016
RNA_V2_G0017	rna_seq:SRR7443602	SRR7443602	alphagenome_custom/tracks/rna_seq_v2_normalized/SRR7443602.bw	baf686c35a2c34d417e73924ca939975a9b1b14c24cc584c0d2e869b004cfc1f	2	unknown	ENA_sample_attribute	SRX4314187	1	single_run_for_ENA_experiment	formal_v2_uniform_reprocessed	1296826446	82782625.1768	1.20798295278
RNA_V2_G0018	rna_seq:SRR7443598	SRR7443598	alphagenome_custom/tracks/rna_seq_v2_normalized/SRR7443598.bw	5e321c6dd0b0da07ba7b062ea7823b3165f3989de54e1a22aee2a2b7769c0ddf	1	unknown	ENA_sample_attribute	SRX4314191	1	single_run_for_ENA_experiment	formal_v2_uniform_reprocessed	1853218333	82315432.8099	1.21483902333
RNA_V2_G0019	rna_seq:SRR7443599	SRR7443599	alphagenome_custom/tracks/rna_seq_v2_normalized/SRR7443599.bw	b1e34b4f4166b30ff84e04fdc45020a605e88bf476f83f776ef7a495444909e6	1	unknown	ENA_sample_attribute	SRX4314190	1	single_run_for_ENA_experiment	formal_v2_uniform_reprocessed	1908148052	82233948.525	1.2160427876
RNA_V2_G0020	rna_seq:SRR7443585	SRR7443585	alphagenome_custom/tracks/rna_seq_v2_normalized/SRR7443585.bw	ea3f8152dc1adb16fb8d1e7ded8ce493bc06b0451818294beef7e4ef67b686b1	3	unknown	ENA_sample_attribute	SRX4314204	1	single_run_for_ENA_experiment	formal_v2_uniform_reprocessed	4099477388	97058428.0686	1.03030722823
RNA_V2_G0020	rna_seq:SRR7443590	SRR7443590	alphagenome_custom/tracks/rna_seq_v2_normalized/SRR7443590.bw	88fdf234a410e8d0cc33ace93915090746ae1ce4f4a7325867d88c6152c4e728	4	unknown	ENA_sample_attribute	SRX4314199	1	single_run_for_ENA_experiment	formal_v2_uniform_reprocessed	1631111348	93602709.1463	1.06834514633
RNA_V2_G0021	rna_seq:SRR7443586	SRR7443586	alphagenome_custom/tracks/rna_seq_v2_normalized/SRR7443586.bw	bdcd88c2de77972cf282e68fe50496c715e26d20fe73de60301791ea18c3ab54	3	unknown	ENA_sample_attribute	SRX4314203	1	single_run_for_ENA_experiment	formal_v2_uniform_reprocessed	2574372585	97562253.141	1.02498657811
RNA_V2_G0021	rna_seq:SRR7443587	SRR7443587	alphagenome_custom/tracks/rna_seq_v2_normalized/SRR7443587.bw	2004ea71b6610f0e35021d66d3e12b089b1fc9c40bf9374dcdfadb490d94c8ec	4	unknown	ENA_sample_attribute	SRX4314202	1	single_run_for_ENA_experiment	formal_v2_uniform_reprocessed	1500271595	94596144.6942	1.05712553427
RNA_V2_G0022	rna_seq:SRR7443583	SRR7443583	alphagenome_custom/tracks/rna_seq_v2_normalized/SRR7443583.bw	bb1593066c9bcd5059fb87803c18c4777ba8b7a1c4ee60331c58e14bd90abfca	3	unknown	ENA_sample_attribute	SRX4314206	1	single_run_for_ENA_experiment	formal_v2_uniform_reprocessed	2429686440	97437206.4139	1.02630200188
RNA_V2_G0022	rna_seq:SRR7443588	SRR7443588	alphagenome_custom/tracks/rna_seq_v2_normalized/SRR7443588.bw	26335c8cf5b2e9bfc120c14f83fe5cb6177eacf97b552e5b4c1b80cb41ee79b8	4	unknown	ENA_sample_attribute	SRX4314201	1	single_run_for_ENA_experiment	formal_v2_uniform_reprocessed	1589890794	95796901.3199	1.04387510057
RNA_V2_G0023	rna_seq:SRR7443584	SRR7443584	alphagenome_custom/tracks/rna_seq_v2_normalized/SRR7443584.bw	106c8429ed395760724c9b7433248935f6921e212804da5bf2d1e3a8cbf5f546	3	unknown	ENA_sample_attribute	SRX4314205	1	single_run_for_ENA_experiment	formal_v2_uniform_reprocessed	3158292962	94712201.4523	1.05583017253
RNA_V2_G0023	rna_seq:SRR7443591	SRR7443591	alphagenome_custom/tracks/rna_seq_v2_normalized/SRR7443591.bw	e2acf8984b6c39ecd9abbeb718ab9b16d63f6413b8f5e7d12cabcd8062e8606f	4	unknown	ENA_sample_attribute	SRX4314198	1	single_run_for_ENA_experiment	formal_v2_uniform_reprocessed	1506571688	90178457.9872	1.10891228606
RNA_V2_G0024	rna_seq:SRR7443589	SRR7443589	alphagenome_custom/tracks/rna_seq_v2_normalized/SRR7443589.bw	41dc0542f46d81a2a28644116f5969374b8c98e4a6554781fecc2dbcb5ea6d79	3	unknown	ENA_sample_attribute	SRX4314200	1	single_run_for_ENA_experiment	formal_v2_uniform_reprocessed	2943278231	92885105.7766	1.07659887087
RNA_V2_G0024	rna_seq:SRR7443592	SRR7443592	alphagenome_custom/tracks/rna_seq_v2_normalized/SRR7443592.bw	67599cc4a63d20d400b369520702b3d9c023c6da706f91f8bcbbb1bf73c1ae50	4	unknown	ENA_sample_attribute	SRX4314197	1	single_run_for_ENA_experiment	formal_v2_uniform_reprocessed	1716325350	94595670.3719	1.05713083492
RNA_V2_G0025	rna_seq:SRR7443593	SRR7443593	alphagenome_custom/tracks/rna_seq_v2_normalized/SRR7443593.bw	ac87b7fcbfb168c77f5ab9c78a7249f99287120007cf9d18301d46afaffdb103	1	unknown	ENA_sample_attribute	SRX4314196	1	single_run_for_ENA_experiment	formal_v2_uniform_reprocessed	1847683979	78874675.8083	1.26783405415
RNA_V2_G0025	rna_seq:SRR7443594	SRR7443594	alphagenome_custom/tracks/rna_seq_v2_normalized/SRR7443594.bw	2e0c042d378727bd3a71d64708d830edb9ce04823306f81146c4ba833f7ee74f	2	unknown	ENA_sample_attribute	SRX4314195	1	single_run_for_ENA_experiment	formal_v2_uniform_reprocessed	1701897126	66480039.2436	1.50421090507
RNA_V2_G0026	rna_seq:SRR8440438	SRR8440438	alphagenome_custom/tracks/rna_seq_v2_normalized/SRR8440438.bw	2ebefc99db4f01dd1a8c87001de0327466d92eebf313c451e0630333750b1849	1	unknown	ENA_sample_title_or_alias	SRX5247791	1	single_run_for_ENA_experiment	formal_v2_uniform_reprocessed	3753049870	99204570.0009	1.00801807819
RNA_V2_G0026	rna_seq:SRR8440439	SRR8440439	alphagenome_custom/tracks/rna_seq_v2_normalized/SRR8440439.bw	845216a3eb619fa169bdfe4c33b37deacd80134fb16e6960d851c69be0843e16	2	unknown	ENA_sample_title_or_alias	SRX5247792	1	single_run_for_ENA_experiment	formal_v2_uniform_reprocessed	3467522507	99266455.5395	1.00738965098
RNA_V2_G0026	rna_seq:SRR8440441	SRR8440441	alphagenome_custom/tracks/rna_seq_v2_normalized/SRR8440441.bw	09402c4ded797b86c84dd496f2d469b0de25d635e58bab61b2ae4001748cd28e	3	unknown	ENA_sample_title_or_alias	SRX5247794	1	single_run_for_ENA_experiment	formal_v2_uniform_reprocessed	3707168782	99399488.2268	1.00604139703
RNA_V2_G0027	rna_seq:SRR8440437	SRR8440437	alphagenome_custom/tracks/rna_seq_v2_normalized/SRR8440437.bw	83eb8089abeb164253832cd0c2e9046bf0068e80d58cd3ec1980e7c779f629dc	1	unknown	ENA_sample_title_or_alias	SRX5247790	1	single_run_for_ENA_experiment	formal_v2_uniform_reprocessed	3558429712	98910323.7228	1.01101681034
RNA_V2_G0027	rna_seq:SRR8440440	SRR8440440	alphagenome_custom/tracks/rna_seq_v2_normalized/SRR8440440.bw	313b345a8af7e7346c618966b2a6bdc691b938e9c2aa8ecdf64b33ccc2d8b292	2	unknown	ENA_sample_title_or_alias	SRX5247793	1	single_run_for_ENA_experiment	formal_v2_uniform_reprocessed	3615038234	98907277.8366	1.01104794498
RNA_V2_G0027	rna_seq:SRR8440442	SRR8440442	alphagenome_custom/tracks/rna_seq_v2_normalized/SRR8440442.bw	9436eaef5f79a48a212885e860427e11daf51d41131bb42a9ce92de4d912d213	3	unknown	ENA_sample_title_or_alias	SRX5247795	1	single_run_for_ENA_experiment	formal_v2_uniform_reprocessed	3471778994	98979481.5013	1.01031040457
RNA_V2_G0028	rna_seq:SRR10882545	SRR10882545	alphagenome_custom/tracks/rna_seq_v2_normalized/SRR10882545.bw	bae80d3a2d1f8342ccc0757caea3b688a5379641b38d5e36d9cc8ac181f46a00	1	unknown	ENA_sample_title_or_alias	SRX7551587	1	single_run_for_ENA_experiment	formal_v2_uniform_reprocessed	2876951280	99204195.873	1.00802187972
RNA_V2_G0028	rna_seq:SRR10882546	SRR10882546	alphagenome_custom/tracks/rna_seq_v2_normalized/SRR10882546.bw	120d6a3b374ab27d34297157d9e398c028bab54e5a1c11cd06231eaf4efdda71	2	unknown	ENA_sample_title_or_alias	SRX7551588	1	single_run_for_ENA_experiment	formal_v2_uniform_reprocessed	3040562498	99364520.256	1.00639543916
RNA_V2_G0028	rna_seq:SRR10882547	SRR10882547	alphagenome_custom/tracks/rna_seq_v2_normalized/SRR10882547.bw	7ecbab7caf907358b569b1b8c1c5b11b5f150e4437b5369c08f2ebffa4531c38	3	unknown	ENA_sample_title_or_alias	SRX7551589	1	single_run_for_ENA_experiment	formal_v2_uniform_reprocessed	2745644098	99389704.6009	1.00614042874
RNA_V2_G0028	rna_seq:SRR10882548	SRR10882548	alphagenome_custom/tracks/rna_seq_v2_normalized/SRR10882548.bw	d1a64834336a1d0275d0f7433c435e7bfe8ab024a09d1deab467fb86f6d60da1	4	unknown	ENA_sample_title_or_alias	SRX7551590	1	single_run_for_ENA_experiment	formal_v2_uniform_reprocessed	3242857968	99419636.4762	1.00583751404
RNA_V2_G0029	rna_seq:SRR10882549	SRR10882549	alphagenome_custom/tracks/rna_seq_v2_normalized/SRR10882549.bw	2be455f588e9bfe632cc292fb0526186c3b6753b61bb480d1a660d8af339ae20	1	unknown	ENA_sample_title_or_alias	SRX7551591	1	single_run_for_ENA_experiment	formal_v2_uniform_reprocessed	3511719446	99393347.285	1.00610355453
RNA_V2_G0029	rna_seq:SRR10882550	SRR10882550	alphagenome_custom/tracks/rna_seq_v2_normalized/SRR10882550.bw	a04b35c0e2db54b7105eca7a0c3202b2d8c78093d7ac1014cf8d160a343a56b6	2	unknown	ENA_sample_title_or_alias	SRX7551592	1	single_run_for_ENA_experiment	formal_v2_uniform_reprocessed	3025533241	99382456.3385	1.0062138096
RNA_V2_G0029	rna_seq:SRR10882551	SRR10882551	alphagenome_custom/tracks/rna_seq_v2_normalized/SRR10882551.bw	9d2c4d400a06ddbbd0a8e0c17b63c9405df1f880bc461ddb3c42c35ea4fd96a7	3	unknown	ENA_sample_title_or_alias	SRX7551593	1	single_run_for_ENA_experiment	formal_v2_uniform_reprocessed	3316882719	99303256.7348	1.00701631838
RNA_V2_G0029	rna_seq:SRR10882552	SRR10882552	alphagenome_custom/tracks/rna_seq_v2_normalized/SRR10882552.bw	821ac8cf21ef3942080c81a855386faec6d36be74ef81776e9015fbd9553d232	4	unknown	ENA_sample_title_or_alias	SRX7551594	1	single_run_for_ENA_experiment	formal_v2_uniform_reprocessed	2794838745	99369459.5317	1.00634541509
RNA_V2_G0030	rna_seq:SRR12483327	SRR12483327	alphagenome_custom/tracks/rna_seq_v2_normalized/SRR12483327.bw	cbe10dc39592f2b1673742d57cf4ac3120872d742c6e2a27b14fbc07f87cc95a	1	unknown	ENA_sample_title_or_alias	SRX8976748	1	single_run_for_ENA_experiment	formal_v2_uniform_reprocessed	3708788706	86826755.1264	1.15171872834
RNA_V2_G0030	rna_seq:SRR12483328	SRR12483328	alphagenome_custom/tracks/rna_seq_v2_normalized/SRR12483328.bw	3c0b0f66de7618398f2cecebf26e7a656c64bb67f561d536408db68952902bb4	2	unknown	ENA_sample_title_or_alias	SRX8976749	1	single_run_for_ENA_experiment	formal_v2_uniform_reprocessed	3035683314	88154332.527	1.13437419504
RNA_V2_G0030	rna_seq:SRR12483329	SRR12483329	alphagenome_custom/tracks/rna_seq_v2_normalized/SRR12483329.bw	1f42db0ff5e600408ed0a25a890e4dbc2472307056c9664aa572b24c3bddd608	3	unknown	ENA_sample_title_or_alias	SRX8976750	1	single_run_for_ENA_experiment	formal_v2_uniform_reprocessed	3006267697	87963356.3399	1.13683702124
RNA_V2_G0031	rna_seq:SRR12483339	SRR12483339	alphagenome_custom/tracks/rna_seq_v2_normalized/SRR12483339.bw	6ce5d4cac8ed9fe49f5816b437f182f221bf164fdc242e02678e7411c92b4648	1	unknown	ENA_sample_title_or_alias	SRX8976760	1	single_run_for_ENA_experiment	formal_v2_uniform_reprocessed	3241777286	88419523.6924	1.13097193724
RNA_V2_G0031	rna_seq:SRR12483340	SRR12483340	alphagenome_custom/tracks/rna_seq_v2_normalized/SRR12483340.bw	a81cb1fe7eaf03691f1bd67808c3b3a4fefed01f13ec0a397690980cc4044fa5	2	unknown	ENA_sample_title_or_alias	SRX8976761	1	single_run_for_ENA_experiment	formal_v2_uniform_reprocessed	3368215066	90694124.9726	1.10260725301
RNA_V2_G0031	rna_seq:SRR12483341	SRR12483341	alphagenome_custom/tracks/rna_seq_v2_normalized/SRR12483341.bw	c2e99955a1d7bcd25ed34a19d542f37d29c0e52326467610cc4a3b8a2e47396e	3	unknown	ENA_sample_title_or_alias	SRX8976762	1	single_run_for_ENA_experiment	formal_v2_uniform_reprocessed	3520731100	89650889.0549	1.11543790646
RNA_V2_G0032	rna_seq:SRR12483342	SRR12483342	alphagenome_custom/tracks/rna_seq_v2_normalized/SRR12483342.bw	2ba09762fb23cc5ccd01170bbd46f742053dfbd19351b4af139e2398c6cb2f9a	1	unknown	ENA_sample_title_or_alias	SRX8976763	1	single_run_for_ENA_experiment	formal_v2_uniform_reprocessed	1377178156	89718279.0339	1.11460006898
RNA_V2_G0032	rna_seq:SRR12483343	SRR12483343	alphagenome_custom/tracks/rna_seq_v2_normalized/SRR12483343.bw	009ac9b4c52382afed59b6184a9a8638ae8472eb573ff4057fc37e5e63ce5b79	2	unknown	ENA_sample_title_or_alias	SRX8976764	1	single_run_for_ENA_experiment	formal_v2_uniform_reprocessed	1416696033	88558201.8451	1.12920088616
RNA_V2_G0032	rna_seq:SRR12483344	SRR12483344	alphagenome_custom/tracks/rna_seq_v2_normalized/SRR12483344.bw	007fdbc1e77c723222663f9bc9b3cfad67783ada7fc3e8a87a3b79c1128279b0	3	unknown	ENA_sample_title_or_alias	SRX8976765	1	single_run_for_ENA_experiment	formal_v2_uniform_reprocessed	1639003715	89274236.8785	1.12014399111
RNA_V2_G0033	rna_seq:SRR12483333	SRR12483333	alphagenome_custom/tracks/rna_seq_v2_normalized/SRR12483333.bw	9f73762cc4d2672933e678f08e6684297749e7a91543d5ace4cfb1541d2578b2	1	unknown	ENA_sample_title_or_alias	SRX8976754	1	single_run_for_ENA_experiment	formal_v2_uniform_reprocessed	1460831358	87222942.0433	1.14648735364
RNA_V2_G0033	rna_seq:SRR12483334	SRR12483334	alphagenome_custom/tracks/rna_seq_v2_normalized/SRR12483334.bw	3014ea7982d55b38ef969f27300ed78bd39264b0a85609176b9667d5a8fe4461	2	unknown	ENA_sample_title_or_alias	SRX8976755	1	single_run_for_ENA_experiment	formal_v2_uniform_reprocessed	1739346093	91163903.2796	1.09692538826
RNA_V2_G0033	rna_seq:SRR12483335	SRR12483335	alphagenome_custom/tracks/rna_seq_v2_normalized/SRR12483335.bw	35752b55382f37fc1d79f15bf2e4af6bda3b02195abcaea4edc4a7738fd86af4	3	unknown	ENA_sample_title_or_alias	SRX8976756	1	single_run_for_ENA_experiment	formal_v2_uniform_reprocessed	1477411232	86640448.7646	1.15419531438
RNA_V2_G0034	rna_seq:SRR12483330	SRR12483330	alphagenome_custom/tracks/rna_seq_v2_normalized/SRR12483330.bw	90531114ec00b6f34c1fb01189dca32300c1aa5d26a59981b164135bb01d54f7	1	unknown	ENA_sample_title_or_alias	SRX8976751	1	single_run_for_ENA_experiment	formal_v2_uniform_reprocessed	1446075338	87512812.8836	1.14268981541
RNA_V2_G0034	rna_seq:SRR12483331	SRR12483331	alphagenome_custom/tracks/rna_seq_v2_normalized/SRR12483331.bw	7395d9c7e030771b6c14717b43d876a9b23423522850c56e4fb4389e343cc157	2	unknown	ENA_sample_title_or_alias	SRX8976752	1	single_run_for_ENA_experiment	formal_v2_uniform_reprocessed	1527924951	89439670.8843	1.11807209274
RNA_V2_G0034	rna_seq:SRR12483332	SRR12483332	alphagenome_custom/tracks/rna_seq_v2_normalized/SRR12483332.bw	16cb6743405fa63564a1a292bac22dbebf6b04fd59d92495d3040fe0c199d6cc	3	unknown	ENA_sample_title_or_alias	SRX8976753	1	single_run_for_ENA_experiment	formal_v2_uniform_reprocessed	1460177527	90326679.485	1.10709261727
RNA_V2_G0035	rna_seq:SRR12483345	SRR12483345	alphagenome_custom/tracks/rna_seq_v2_normalized/SRR12483345.bw	fc5a5bfe1205df9dfee1d4ac1fc0f108e4fb44918be428194fe80d3454e63c50	1	unknown	ENA_sample_title_or_alias	SRX8976766	1	single_run_for_ENA_experiment	formal_v2_uniform_reprocessed	1648769655	87165008.9806	1.1472493512
RNA_V2_G0035	rna_seq:SRR12483346	SRR12483346	alphagenome_custom/tracks/rna_seq_v2_normalized/SRR12483346.bw	32650fbde7221ae79df3aaf50731e05e3f1dce07d0adb54a4a71ccab935ef242	2	unknown	ENA_sample_title_or_alias	SRX8976767	1	single_run_for_ENA_experiment	formal_v2_uniform_reprocessed	1509222922	84146083.6686	1.18840943797
RNA_V2_G0035	rna_seq:SRR12483347	SRR12483347	alphagenome_custom/tracks/rna_seq_v2_normalized/SRR12483347.bw	da18a90d7a045ad5d598e66ec0adc9e1a38ca02b79a27bf77998dd7bfceae692	3	unknown	ENA_sample_title_or_alias	SRX8976768	1	single_run_for_ENA_experiment	formal_v2_uniform_reprocessed	1570292989	84647173.6336	1.18137435318
RNA_V2_G0036	rna_seq:SRR12483336	SRR12483336	alphagenome_custom/tracks/rna_seq_v2_normalized/SRR12483336.bw	7835d2c56336c07edbfefbb8a096e1ab6c759effc5bc00d37c9120a262a873e3	1	unknown	ENA_sample_title_or_alias	SRX8976757	1	single_run_for_ENA_experiment	formal_v2_uniform_reprocessed	1477700335	86424634.4634	1.15707750019
RNA_V2_G0036	rna_seq:SRR12483337	SRR12483337	alphagenome_custom/tracks/rna_seq_v2_normalized/SRR12483337.bw	10a3764d5c97929c4ba40366a0889b212dafc4d397c3f66b1aa1bf9fb77f6fee	2	unknown	ENA_sample_title_or_alias	SRX8976758	1	single_run_for_ENA_experiment	formal_v2_uniform_reprocessed	1528309949	89471324.3039	1.11767653802
RNA_V2_G0036	rna_seq:SRR12483338	SRR12483338	alphagenome_custom/tracks/rna_seq_v2_normalized/SRR12483338.bw	9557440309430a7e8e2a9e8684f825a24e0277353e8423b31fcc232040de7d55	3	unknown	ENA_sample_title_or_alias	SRX8976759	1	single_run_for_ENA_experiment	formal_v2_uniform_reprocessed	1275927569	89787824.7271	1.11373674887
RNA_V2_G0037	rna_seq:SRR13757744	SRR13757744	alphagenome_custom/tracks/rna_seq_v2_normalized/SRR13757744.bw	7b412963bd68fd223d5cb280b1bce5be6ce708414dc7b49fa98ec37d8f7779b8	1	unknown	ENA_sample_title_or_alias	SRX10144495	1	single_run_for_ENA_experiment	formal_v2_uniform_reprocessed	794916952	94991861.2298	1.05272176695
RNA_V2_G0037	rna_seq:SRR13757745	SRR13757745	alphagenome_custom/tracks/rna_seq_v2_normalized/SRR13757745.bw	89f38aa8eb22ada6a83db1767d76a83d641fd361aff51fb4671e788426ea197b	2	unknown	ENA_sample_title_or_alias	SRX10144496	1	single_run_for_ENA_experiment	formal_v2_uniform_reprocessed	736792267	95598791.7948	1.04603832457
RNA_V2_G0037	rna_seq:SRR13757746	SRR13757746	alphagenome_custom/tracks/rna_seq_v2_normalized/SRR13757746.bw	264d524f80de64ca9dd46e2861e43de7a7060073819757d3de4bd899f1f9491b	1	unknown	ENA_sample_title_or_alias	SRX10144497	1	single_run_for_ENA_experiment	formal_v2_uniform_reprocessed	840927798	96425030.4555	1.03707511968
RNA_V2_G0037	rna_seq:SRR13757747	SRR13757747	alphagenome_custom/tracks/rna_seq_v2_normalized/SRR13757747.bw	d9b8722d9afe1a74a74ce86b0cab435174e95ea6dc5460355fd804b21ba02bdd	2	unknown	ENA_sample_title_or_alias	SRX10144498	1	single_run_for_ENA_experiment	formal_v2_uniform_reprocessed	698586852	95913215.4485	1.04260919137
RNA_V2_G0038	rna_seq:SRR13757748	SRR13757748	alphagenome_custom/tracks/rna_seq_v2_normalized/SRR13757748.bw	2ca1f1c9251d312e03f0b22f706fd7b35d74c7286b00a3f6666e18f05801fdc4	1	unknown	ENA_sample_title_or_alias	SRX10144499	1	single_run_for_ENA_experiment	formal_v2_uniform_reprocessed	781429964	95881867.094	1.04295007003
RNA_V2_G0038	rna_seq:SRR13757749	SRR13757749	alphagenome_custom/tracks/rna_seq_v2_normalized/SRR13757749.bw	79c99be407f0ba375b1c8589ff3af6ba9f10cd569004b80e94a2cdc8134ae842	2	unknown	ENA_sample_title_or_alias	SRX10144500	1	single_run_for_ENA_experiment	formal_v2_uniform_reprocessed	729767833	97060569.2007	1.03028449991
RNA_V2_G0039	rna_seq:SRR13757752	SRR13757752	alphagenome_custom/tracks/rna_seq_v2_normalized/SRR13757752.bw	48852b322b6d02fcf9a23bf29d822a2ec51a15b6c0adc5ab94a569e69cb72112	1	unknown	ENA_sample_title_or_alias	SRX10144503	1	single_run_for_ENA_experiment	formal_v2_uniform_reprocessed	802187342	97103537.2599	1.02982860174
RNA_V2_G0039	rna_seq:SRR13757753	SRR13757753	alphagenome_custom/tracks/rna_seq_v2_normalized/SRR13757753.bw	27030375f55b9dae453ad5a06ceb2a38559351a7f74e99577cc5871b87e819eb	2	unknown	ENA_sample_title_or_alias	SRX10144504	1	single_run_for_ENA_experiment	formal_v2_uniform_reprocessed	724346405	96632392.3242	1.03484967716
RNA_V2_G0040	rna_seq:SRR13757770	SRR13757770	alphagenome_custom/tracks/rna_seq_v2_normalized/SRR13757770.bw	bdf5675982b3fe5f802ef843076972e0e00d5cc91ae44384f43171d4edff4b3d	1	unknown	ENA_sample_title_or_alias	SRX10144513	1	single_run_for_ENA_experiment	formal_v2_uniform_reprocessed	1476013812	97005730.0548	1.03086693893
RNA_V2_G0040	rna_seq:SRR13757771	SRR13757771	alphagenome_custom/tracks/rna_seq_v2_normalized/SRR13757771.bw	3814db60f1e5f49f22f5572863a2fb982b50a296ec38d12cf0c5f8c22fd26388	2	unknown	ENA_sample_title_or_alias	SRX10144514	1	single_run_for_ENA_experiment	formal_v2_uniform_reprocessed	1650436890	96182785.7702	1.03968708329
RNA_V2_G0041	rna_seq:SRR13757750	SRR13757750	alphagenome_custom/tracks/rna_seq_v2_normalized/SRR13757750.bw	725d9a85b54504565a3cfbeacd3a95f79ce824ea23e34535d0ebb394b2816411	1	unknown	ENA_sample_title_or_alias	SRX10144501	1	single_run_for_ENA_experiment	formal_v2_uniform_reprocessed	669376795	94619481.4125	1.05686480741
RNA_V2_G0041	rna_seq:SRR13757751	SRR13757751	alphagenome_custom/tracks/rna_seq_v2_normalized/SRR13757751.bw	8d3b2e5c6ac401e0a57f455be3271a98f3207e422d980ce36d1fdf3f31064019	2	unknown	ENA_sample_title_or_alias	SRX10144502	1	single_run_for_ENA_experiment	formal_v2_uniform_reprocessed	902904936	97082813.7825	1.03004843086
RNA_V2_G0042	rna_seq:SRR13757772	SRR13757772	alphagenome_custom/tracks/rna_seq_v2_normalized/SRR13757772.bw	e0acd000a7d02f8f8d876e06ee50a591aecd6e562d324e31d7e6266987981af4	1	unknown	ENA_sample_title_or_alias	SRX10144515	1	single_run_for_ENA_experiment	formal_v2_uniform_reprocessed	1633796222	96475840.4172	1.03652893375
RNA_V2_G0042	rna_seq:SRR13757773	SRR13757773	alphagenome_custom/tracks/rna_seq_v2_normalized/SRR13757773.bw	541e3c293e7890a3b2034dd8711735929a312bcee781434b8ffd0a0f3ec23106	2	unknown	ENA_sample_title_or_alias	SRX10144516	1	single_run_for_ENA_experiment	formal_v2_uniform_reprocessed	819199443	96700268.2043	1.03412329518
RNA_V2_G0043	rna_seq:SRR13757754	SRR13757754	alphagenome_custom/tracks/rna_seq_v2_normalized/SRR13757754.bw	78cf21e6b77e26e85bc20a49a3293cc97af72b1e0499f1a968bf819e55ab934d	1	unknown	ENA_sample_title_or_alias	SRX10144505	2	same_ENA_experiment_multiple_runs	formal_v2_uniform_reprocessed	724453961	98260510.8749	1.01770283005
RNA_V2_G0043	rna_seq:SRR13757755	SRR13757755	alphagenome_custom/tracks/rna_seq_v2_normalized/SRR13757755.bw	95f5d042e2611f9965521923ece1ee167d907be5e89b02b2e279be7763c87cbb	1	unknown	ENA_sample_title_or_alias	SRX10144505	2	same_ENA_experiment_multiple_runs	formal_v2_uniform_reprocessed	723795662	98260132.6363	1.01770674756
RNA_V2_G0043	rna_seq:SRR13757756	SRR13757756	alphagenome_custom/tracks/rna_seq_v2_normalized/SRR13757756.bw	1ad84bcc12a33b15e6b9e9d7cf9dba649fd17ed62d0a5c2d4ca7c8f221ddc6a1	2	unknown	ENA_sample_title_or_alias	SRX10144506	2	same_ENA_experiment_multiple_runs	formal_v2_uniform_reprocessed	701519328	98661502.1806	1.01356656639
RNA_V2_G0043	rna_seq:SRR13757757	SRR13757757	alphagenome_custom/tracks/rna_seq_v2_normalized/SRR13757757.bw	e0abeb89bc37d5fe1835afd1d560462da7008594da34521ed267ce90fea9e44c	2	unknown	ENA_sample_title_or_alias	SRX10144506	2	same_ENA_experiment_multiple_runs	formal_v2_uniform_reprocessed	700074767	98661391.7194	1.01356770118
RNA_V2_G0044	rna_seq:SRR13757758	SRR13757758	alphagenome_custom/tracks/rna_seq_v2_normalized/SRR13757758.bw	21be6b7311bce2c73d2277765cfd4c0d970f9cdb00a054ae489f862c771261de	1	unknown	ENA_sample_title_or_alias	SRX10144507	2	same_ENA_experiment_multiple_runs	formal_v2_uniform_reprocessed	714070122	98864763.6072	1.01148271994
RNA_V2_G0044	rna_seq:SRR13757759	SRR13757759	alphagenome_custom/tracks/rna_seq_v2_normalized/SRR13757759.bw	19ce36b33834a318ab422dcc5ea6484da879ac5ce4aa00eef7e68c92fe0d37d1	1	unknown	ENA_sample_title_or_alias	SRX10144507	2	same_ENA_experiment_multiple_runs	formal_v2_uniform_reprocessed	716105779	98859858.948	1.01153290187
RNA_V2_G0044	rna_seq:SRR13757760	SRR13757760	alphagenome_custom/tracks/rna_seq_v2_normalized/SRR13757760.bw	2a749b1153b407da6d6c04fb9e76401223b876a41e7d942d4a555ab093fb0d67	2	unknown	ENA_sample_title_or_alias	SRX10144508	2	same_ENA_experiment_multiple_runs	formal_v2_uniform_reprocessed	690025379	98852535.4306	1.01160784156
RNA_V2_G0044	rna_seq:SRR13757761	SRR13757761	alphagenome_custom/tracks/rna_seq_v2_normalized/SRR13757761.bw	88befc4cc5d69a5e77a33273a348098d9e4dffae7a520529d57e278fe0d6b176	2	unknown	ENA_sample_title_or_alias	SRX10144508	2	same_ENA_experiment_multiple_runs	formal_v2_uniform_reprocessed	689502045	98853699.1432	1.01159593285
RNA_V2_G0045	rna_seq:SRR13757766	SRR13757766	alphagenome_custom/tracks/rna_seq_v2_normalized/SRR13757766.bw	f650903716b4dab426414c50608f3ddace0f4e22f506d0f1b501a1ab730590f4	1	unknown	ENA_sample_title_or_alias	SRX10144511	2	same_ENA_experiment_multiple_runs	formal_v2_uniform_reprocessed	878737790	98503527.6589	1.01519206851
RNA_V2_G0045	rna_seq:SRR13757767	SRR13757767	alphagenome_custom/tracks/rna_seq_v2_normalized/SRR13757767.bw	b3f64fd2f494bd36c1046799ae6320d5178a765c163cc65fc7111220c982b04c	1	unknown	ENA_sample_title_or_alias	SRX10144511	2	same_ENA_experiment_multiple_runs	formal_v2_uniform_reprocessed	876956349	98506489.5877	1.01516154335
RNA_V2_G0045	rna_seq:SRR13757768	SRR13757768	alphagenome_custom/tracks/rna_seq_v2_normalized/SRR13757768.bw	3a9ea172fbe9592e022e16513da53c8a1925c469f3f8cf2675d667336b226dd4	2	unknown	ENA_sample_title_or_alias	SRX10144512	2	same_ENA_experiment_multiple_runs	formal_v2_uniform_reprocessed	804209501	98722412.2844	1.0129412125
RNA_V2_G0045	rna_seq:SRR13757769	SRR13757769	alphagenome_custom/tracks/rna_seq_v2_normalized/SRR13757769.bw	89e6e7c2b98dbf29a1938073e15455e9539792245913462e7789ccaa8a32a3fd	2	unknown	ENA_sample_title_or_alias	SRX10144512	2	same_ENA_experiment_multiple_runs	formal_v2_uniform_reprocessed	802456274	98715192.1912	1.01301529967
RNA_V2_G0046	rna_seq:SRR13757762	SRR13757762	alphagenome_custom/tracks/rna_seq_v2_normalized/SRR13757762.bw	0530f46e76c87795ea527fb93b8370fbba149d60f2340039854e036829b4c50b	1	unknown	ENA_sample_title_or_alias	SRX10144509	2	same_ENA_experiment_multiple_runs	formal_v2_uniform_reprocessed	748708145	98972982.1731	1.01037674933
RNA_V2_G0046	rna_seq:SRR13757763	SRR13757763	alphagenome_custom/tracks/rna_seq_v2_normalized/SRR13757763.bw	409cbf9f867386e8b3593773dd7a6bbc7c967737f96757b3873f48f65286c4e4	1	unknown	ENA_sample_title_or_alias	SRX10144509	2	same_ENA_experiment_multiple_runs	formal_v2_uniform_reprocessed	746963740	98974306.6111	1.01036322884
RNA_V2_G0046	rna_seq:SRR13757764	SRR13757764	alphagenome_custom/tracks/rna_seq_v2_normalized/SRR13757764.bw	004494f0aac4fae620c0ff66e2a231a8faea4ba5c0eb957c92807c629a5b7403	2	unknown	ENA_sample_title_or_alias	SRX10144510	2	same_ENA_experiment_multiple_runs	formal_v2_uniform_reprocessed	758778892	99040806.5764	1.00968483049
RNA_V2_G0046	rna_seq:SRR13757765	SRR13757765	alphagenome_custom/tracks/rna_seq_v2_normalized/SRR13757765.bw	89473f75e2487d7e6cf8d628f95ba4c7dc798f1babc9d134418c518d49d77c24	2	unknown	ENA_sample_title_or_alias	SRX10144510	2	same_ENA_experiment_multiple_runs	formal_v2_uniform_reprocessed	758861028	99038281.272	1.00971057571
RNA_V2_G0047	rna_seq:SRR13964557	SRR13964557	alphagenome_custom/tracks/rna_seq_v2_normalized/SRR13964557.bw	44324ba5d1c5ed615ca52807160bb3950f404bba02324963098b29d17bcf6b18	1	unknown	ENA_sample_title_or_alias	SRX10342547	2	same_ENA_experiment_multiple_runs	formal_v2_uniform_reprocessed	977912876	94428222.6806	1.05900542403
RNA_V2_G0047	rna_seq:SRR13964558	SRR13964558	alphagenome_custom/tracks/rna_seq_v2_normalized/SRR13964558.bw	2711b4b8c840e845d466578a6c102e6be92c8652b3c82a39a499c8cea435283c	1	unknown	ENA_sample_title_or_alias	SRX10342547	2	same_ENA_experiment_multiple_runs	formal_v2_uniform_reprocessed	977085251	94423476.4295	1.05905865555
RNA_V2_G0047	rna_seq:SRR13964559	SRR13964559	alphagenome_custom/tracks/rna_seq_v2_normalized/SRR13964559.bw	287adec01baa10ae38cf3832a182189191164b88a183b737abc88125969e8028	2	unknown	ENA_sample_title_or_alias	SRX10342548	2	same_ENA_experiment_multiple_runs	formal_v2_uniform_reprocessed	976337238	94291359.7375	1.06054255956
RNA_V2_G0047	rna_seq:SRR13964560	SRR13964560	alphagenome_custom/tracks/rna_seq_v2_normalized/SRR13964560.bw	dc44a30c4fc6fcbc3d90be8f7f78884647ac31a11c8a7d8721e7adf0e1e5b1ae	2	unknown	ENA_sample_title_or_alias	SRX10342548	2	same_ENA_experiment_multiple_runs	formal_v2_uniform_reprocessed	974753205	94284386.8436	1.06062099302
RNA_V2_G0047	rna_seq:SRR13964561	SRR13964561	alphagenome_custom/tracks/rna_seq_v2_normalized/SRR13964561.bw	abfd8ec425ab8a655c24927abc90cf5ecc23b15065c26869a686d45678bcf689	3	unknown	ENA_sample_title_or_alias	SRX10342549	2	same_ENA_experiment_multiple_runs	formal_v2_uniform_reprocessed	876700395	94282116.7109	1.06064653074
RNA_V2_G0047	rna_seq:SRR13964562	SRR13964562	alphagenome_custom/tracks/rna_seq_v2_normalized/SRR13964562.bw	22baaf8eeeff514df2e47c0aced9165cc320b65c96e772cf8f1c817b1379a391	3	unknown	ENA_sample_title_or_alias	SRX10342549	2	same_ENA_experiment_multiple_runs	formal_v2_uniform_reprocessed	875390799	94274691.9846	1.06073006334
RNA_V2_G0048	rna_seq:SRR13964575	SRR13964575	alphagenome_custom/tracks/rna_seq_v2_normalized/SRR13964575.bw	7cadf1590ae998a2a6da2691a8bacc6951e86094651d1589266c48e9db46665f	1	unknown	ENA_sample_title_or_alias	SRX10342556	4	same_ENA_experiment_multiple_runs	formal_v2_uniform_reprocessed	769490320	94770654.2621	1.05517895575
RNA_V2_G0048	rna_seq:SRR13964576	SRR13964576	alphagenome_custom/tracks/rna_seq_v2_normalized/SRR13964576.bw	4aea8e23eb73138b359584264cbe8fef312023e4e66837ff5a5b00d6b17780bd	1	unknown	ENA_sample_title_or_alias	SRX10342556	4	same_ENA_experiment_multiple_runs	formal_v2_uniform_reprocessed	768183208	94780832.8056	1.05506563975
RNA_V2_G0048	rna_seq:SRR13964577	SRR13964577	alphagenome_custom/tracks/rna_seq_v2_normalized/SRR13964577.bw	0ce7aea36cb4db9e7c0d25cb278baf49a6962ca8724a08f8e99ffdd331c7d69e	1	unknown	ENA_sample_title_or_alias	SRX10342556	4	same_ENA_experiment_multiple_runs	formal_v2_uniform_reprocessed	712581318	97903858.8101	1.02141019992
RNA_V2_G0048	rna_seq:SRR13964578	SRR13964578	alphagenome_custom/tracks/rna_seq_v2_normalized/SRR13964578.bw	0e5c611050c1ab8766ab67b1217ee8c0a381e21605f102df8e5abb41faa146c8	1	unknown	ENA_sample_title_or_alias	SRX10342556	4	same_ENA_experiment_multiple_runs	formal_v2_uniform_reprocessed	712344518	97899124.4959	1.0214595944
RNA_V2_G0048	rna_seq:SRR13964579	SRR13964579	alphagenome_custom/tracks/rna_seq_v2_normalized/SRR13964579.bw	8f3fe58b19bc8a4b526bef3cdc04b43a6b75ede9043efdf5468575fbacaaf03d	2	unknown	ENA_sample_title_or_alias	SRX10342557	4	same_ENA_experiment_multiple_runs	formal_v2_uniform_reprocessed	856594674	96454220.6214	1.03676126722
RNA_V2_G0048	rna_seq:SRR13964580	SRR13964580	alphagenome_custom/tracks/rna_seq_v2_normalized/SRR13964580.bw	a13ff248956bbf5bad8412fd3ca6a37d2a355d1d4146834f6b89268fd2dcdabb	2	unknown	ENA_sample_title_or_alias	SRX10342557	4	same_ENA_experiment_multiple_runs	formal_v2_uniform_reprocessed	855577466	96467952.5439	1.03661368737
RNA_V2_G0048	rna_seq:SRR13964581	SRR13964581	alphagenome_custom/tracks/rna_seq_v2_normalized/SRR13964581.bw	24f241aee006b5f9305347a29aadca72669448751d2c8054ba92e41c878b2a38	2	unknown	ENA_sample_title_or_alias	SRX10342557	4	same_ENA_experiment_multiple_runs	formal_v2_uniform_reprocessed	764321804	97861075.0777	1.02185674867
RNA_V2_G0048	rna_seq:SRR13964582	SRR13964582	alphagenome_custom/tracks/rna_seq_v2_normalized/SRR13964582.bw	aaea176a4facb5c14a823dd145f097ef57e719f9222c475ae2170eebaca824ad	2	unknown	ENA_sample_title_or_alias	SRX10342557	4	same_ENA_experiment_multiple_runs	formal_v2_uniform_reprocessed	763960090	97857686.0711	1.0218921376
RNA_V2_G0048	rna_seq:SRR13964583	SRR13964583	alphagenome_custom/tracks/rna_seq_v2_normalized/SRR13964583.bw	3e92d6dce8066b712c156ad6d62dbfe85d34ad4258e2bb8f51b62d80d7c93634	3	unknown	ENA_sample_title_or_alias	SRX10342558	4	same_ENA_experiment_multiple_runs	formal_v2_uniform_reprocessed	828180484	93821710.1686	1.06585138792
RNA_V2_G0048	rna_seq:SRR13964584	SRR13964584	alphagenome_custom/tracks/rna_seq_v2_normalized/SRR13964584.bw	df8e9e3d64a0bc0d18215439c20e092ce79802e73e92e790b98f36167fcc50a5	3	unknown	ENA_sample_title_or_alias	SRX10342558	4	same_ENA_experiment_multiple_runs	formal_v2_uniform_reprocessed	825640040	93849440.2852	1.06553645601
RNA_V2_G0048	rna_seq:SRR13964585	SRR13964585	alphagenome_custom/tracks/rna_seq_v2_normalized/SRR13964585.bw	29f5ec29aa91dec54011dfd8c23c9af8fb6e123752ab0a25240365cfcf63deb8	3	unknown	ENA_sample_title_or_alias	SRX10342558	4	same_ENA_experiment_multiple_runs	formal_v2_uniform_reprocessed	836547259	97387387.1466	1.02682701456
RNA_V2_G0048	rna_seq:SRR13964586	SRR13964586	alphagenome_custom/tracks/rna_seq_v2_normalized/SRR13964586.bw	9c13a2e3c9b855424b822116c3cb4c8aedb77fa74b9605d04857709aa64f92bf	3	unknown	ENA_sample_title_or_alias	SRX10342558	4	same_ENA_experiment_multiple_runs	formal_v2_uniform_reprocessed	836548586	97377052.8217	1.02693598853
RNA_V2_G0049	rna_seq:SRR13964563	SRR13964563	alphagenome_custom/tracks/rna_seq_v2_normalized/SRR13964563.bw	d79cd9f6e191a47ccb7217c35a2327a3339d77a52b0d1721bec8474472e80ff6	1	unknown	ENA_sample_title_or_alias	SRX10342550	2	same_ENA_experiment_multiple_runs	formal_v2_uniform_reprocessed	876815272	94960406.1348	1.05307047506
RNA_V2_G0049	rna_seq:SRR13964564	SRR13964564	alphagenome_custom/tracks/rna_seq_v2_normalized/SRR13964564.bw	b6334fa0684ed03a3b10224d9a749442af0d8eaba9eccbbe353721c929356114	1	unknown	ENA_sample_title_or_alias	SRX10342550	2	same_ENA_experiment_multiple_runs	formal_v2_uniform_reprocessed	875096603	94961048.0536	1.0530633565
RNA_V2_G0049	rna_seq:SRR13964565	SRR13964565	alphagenome_custom/tracks/rna_seq_v2_normalized/SRR13964565.bw	4eb5a11e5c664d94332e5b81a3afc1d300bf62abda33a471646a1513db4f09e9	2	unknown	ENA_sample_title_or_alias	SRX10342551	2	same_ENA_experiment_multiple_runs	formal_v2_uniform_reprocessed	908188569	94123805.9099	1.06243047689
RNA_V2_G0049	rna_seq:SRR13964566	SRR13964566	alphagenome_custom/tracks/rna_seq_v2_normalized/SRR13964566.bw	a34164f4be7e2566cccce228a028209ee4bc14beba0a9a8ca05f3e90f8a393d6	2	unknown	ENA_sample_title_or_alias	SRX10342551	2	same_ENA_experiment_multiple_runs	formal_v2_uniform_reprocessed	907069532	94124522.2092	1.06242239167
RNA_V2_G0049	rna_seq:SRR13964567	SRR13964567	alphagenome_custom/tracks/rna_seq_v2_normalized/SRR13964567.bw	aa4d01f25a028914bab4645359443512cc7c760d684535d31ac4348f07a33596	3	unknown	ENA_sample_title_or_alias	SRX10342552	2	same_ENA_experiment_multiple_runs	formal_v2_uniform_reprocessed	787824479	95929390.285	1.04243339505
RNA_V2_G0049	rna_seq:SRR13964568	SRR13964568	alphagenome_custom/tracks/rna_seq_v2_normalized/SRR13964568.bw	54170bb417fca228c870b9525a86dff27624950feb76c37d6064d538bb48a0a5	3	unknown	ENA_sample_title_or_alias	SRX10342552	2	same_ENA_experiment_multiple_runs	formal_v2_uniform_reprocessed	786960363	95921961.1999	1.04251413075
RNA_V2_G0050	rna_seq:SRR13964569	SRR13964569	alphagenome_custom/tracks/rna_seq_v2_normalized/SRR13964569.bw	d46fc060a0abe584c434531b7b83d909c27002b0a659743de7a703b92073c83c	1	unknown	ENA_sample_title_or_alias	SRX10342553	2	same_ENA_experiment_multiple_runs	formal_v2_uniform_reprocessed	710183506	95438882.4586	1.0477909781
RNA_V2_G0050	rna_seq:SRR13964570	SRR13964570	alphagenome_custom/tracks/rna_seq_v2_normalized/SRR13964570.bw	3f7a87dd9dc4615f4c0281b2e50f7aea996f1b7afe60fa9f8831af7b37388b7b	1	unknown	ENA_sample_title_or_alias	SRX10342553	2	same_ENA_experiment_multiple_runs	formal_v2_uniform_reprocessed	709671202	95439287.529	1.04778653099
RNA_V2_G0050	rna_seq:SRR13964571	SRR13964571	alphagenome_custom/tracks/rna_seq_v2_normalized/SRR13964571.bw	c7d657930fc1e59bae5a6674c907720ec7a7c206e0c6d80e72fc438371e07812	2	unknown	ENA_sample_title_or_alias	SRX10342554	2	same_ENA_experiment_multiple_runs	formal_v2_uniform_reprocessed	802933846	95525521.3238	1.0468406622
RNA_V2_G0050	rna_seq:SRR13964572	SRR13964572	alphagenome_custom/tracks/rna_seq_v2_normalized/SRR13964572.bw	be92ffa9efb38cb3beaccd7f373df585d7c0032a2d44b9a6d7b1c17e944e3db9	2	unknown	ENA_sample_title_or_alias	SRX10342554	2	same_ENA_experiment_multiple_runs	formal_v2_uniform_reprocessed	802665116	95521056.2646	1.04688959598
RNA_V2_G0050	rna_seq:SRR13964573	SRR13964573	alphagenome_custom/tracks/rna_seq_v2_normalized/SRR13964573.bw	9c2e4d48e5e0f51b28499888c118d4eecf826a2a4dde1fcb0985db618edf3507	3	unknown	ENA_sample_title_or_alias	SRX10342555	2	same_ENA_experiment_multiple_runs	formal_v2_uniform_reprocessed	740665425	96422119.9815	1.0371064235
RNA_V2_G0050	rna_seq:SRR13964574	SRR13964574	alphagenome_custom/tracks/rna_seq_v2_normalized/SRR13964574.bw	81b8235eea2f3fe5bf5bab839d168095f416cacc70f77c3e1d6ba35afec1f5eb	3	unknown	ENA_sample_title_or_alias	SRX10342555	2	same_ENA_experiment_multiple_runs	formal_v2_uniform_reprocessed	739622893	96412771.5194	1.03720698435
RNA_V2_G0051	rna_seq:SRR23049917	SRR23049917	alphagenome_custom/tracks/rna_seq_v2_normalized/SRR23049917.bw	024d5e50f3021bb0b877d58a5285edcd6437eba9bd7b4cfe5f7697d9d701a766	alg-1(AEDH); alg-2(AEDH) mixed embryos experiment 1rep1	unknown	ENA_sample_attribute	SRX19003406	1	single_run_for_ENA_experiment	formal_v2_uniform_reprocessed	2847071364	99638026.458	1.0036328855
RNA_V2_G0051	rna_seq:SRR23049953	SRR23049953	alphagenome_custom/tracks/rna_seq_v2_normalized/SRR23049953.bw	e64433ec4f2ad1884be8058eb5cc1221403383a99e9aa6a6f5eb31c81b410b29	alg-1(AEDH); alg-2(AEDH) mixed embryos experiment 1rep4	unknown	ENA_sample_attribute	SRX19003370	1	single_run_for_ENA_experiment	formal_v2_uniform_reprocessed	3545353251	99399946.9526	1.0060367542
RNA_V2_G0051	rna_seq:SRR23049956	SRR23049956	alphagenome_custom/tracks/rna_seq_v2_normalized/SRR23049956.bw	b2b32b115194bba0c26a97c212846459025e71d511dfd4ba3fa2d098d46b5b33	alg-1(AEDH); alg-2(AEDH) mixed embryos experiment 1rep3	unknown	ENA_sample_attribute	SRX19003367	1	single_run_for_ENA_experiment	formal_v2_uniform_reprocessed	3868103032	99210135.3623	1.0079615317
RNA_V2_G0051	rna_seq:SRR23049958	SRR23049958	alphagenome_custom/tracks/rna_seq_v2_normalized/SRR23049958.bw	8fa3eb21da9f18ebbcd5811ca06b3c198c9f35468a992bbaba0f547fbc2329d6	alg-1(AEDH); alg-2(AEDH) mixed embryos experiment 1rep2	unknown	ENA_sample_attribute	SRX19003365	1	single_run_for_ENA_experiment	formal_v2_uniform_reprocessed	3889383708	99670752.0963	1.00330335526
RNA_V2_G0052	rna_seq:SRR23049928	SRR23049928	alphagenome_custom/tracks/rna_seq_v2_normalized/SRR23049928.bw	85b1cf8e243a24173e585777a6c8c215c1e7b9db19793fdb9b3cec0312bdee6c	wild type mixed embryos experiment 1rep1	unknown	ENA_sample_attribute	SRX19003395	1	single_run_for_ENA_experiment	formal_v2_uniform_reprocessed	3783166272	99631243.7614	1.00370121083
RNA_V2_G0052	rna_seq:SRR23049954	SRR23049954	alphagenome_custom/tracks/rna_seq_v2_normalized/SRR23049954.bw	34bb18b07cc09ed3187d2f7e64b280132753567e6efbf5eb150511aae2658136	wild type mixed embryos experiment 1rep4	unknown	ENA_sample_attribute	SRX19003369	1	single_run_for_ENA_experiment	formal_v2_uniform_reprocessed	3114174774	98990470.2233	1.01019825216
RNA_V2_G0052	rna_seq:SRR23049957	SRR23049957	alphagenome_custom/tracks/rna_seq_v2_normalized/SRR23049957.bw	2d9aba07eef82a2bfd252bd3ced3e98a50502b9708a90f308fc14312020bfa94	wild type mixed embryos experiment 1rep3	unknown	ENA_sample_attribute	SRX19003366	1	single_run_for_ENA_experiment	formal_v2_uniform_reprocessed	3862958327	99357380.727	1.00646775578
RNA_V2_G0052	rna_seq:SRR23049959	SRR23049959	alphagenome_custom/tracks/rna_seq_v2_normalized/SRR23049959.bw	694dd885bc3e0c927ca03a9a614da2811521bef2fc1f8cae579fdaa0a7e1e50c	wild type mixed embryos experiment 1rep2	unknown	ENA_sample_attribute	SRX19003364	1	single_run_for_ENA_experiment	formal_v2_uniform_reprocessed	3414527199	99800438.4771	1.00199960567
RNA_V2_G0053	rna_seq:SRR23049895	SRR23049895	alphagenome_custom/tracks/rna_seq_v2_normalized/SRR23049895.bw	beb036dad5de82d4a6d1889233a9743d942744a78ffed96dbe855d03f6e072bb	alg-1(AEDH); alg-2(AEDH) young adult experiment 1rep2	unknown	ENA_sample_attribute	SRX19003428	1	single_run_for_ENA_experiment	formal_v2_uniform_reprocessed	3616584844	99690143.6164	1.00310819478
RNA_V2_G0053	rna_seq:SRR23049936	SRR23049936	alphagenome_custom/tracks/rna_seq_v2_normalized/SRR23049936.bw	0ba3f973fbfaaa37f40f0007db61d07cfa356a65f727359ae3c30df263f2f531	alg-1(AEDH); alg-2(AEDH) young adult experiment 1rep3	unknown	ENA_sample_attribute	SRX19003387	1	single_run_for_ENA_experiment	formal_v2_uniform_reprocessed	3730092465	99439879.812	1.00563275206
RNA_V2_G0053	rna_seq:SRR23049964	SRR23049964	alphagenome_custom/tracks/rna_seq_v2_normalized/SRR23049964.bw	04bdcf1f95b2de69f8d834076d2cd5b2a7e465ccb83fda68fe4c8fe9d33df786	alg-1(AEDH); alg-2(AEDH) young adult experiment 1rep4	unknown	ENA_sample_attribute	SRX19003359	1	single_run_for_ENA_experiment	formal_v2_uniform_reprocessed	4069355550	99631819.1458	1.00369541435
RNA_V2_G0053	rna_seq:SRR23049967	SRR23049967	alphagenome_custom/tracks/rna_seq_v2_normalized/SRR23049967.bw	0d261bbe0fa7fc1a7a1077c2527e3f4aaf494348663b5f6d204570a3f6b43268	alg-1(AEDH); alg-2(AEDH) young adult experiment 1rep1	unknown	ENA_sample_attribute	SRX19003356	1	single_run_for_ENA_experiment	formal_v2_uniform_reprocessed	4150880135	99590540.175	1.00411143292
RNA_V2_G0054	rna_seq:SRR23049906	SRR23049906	alphagenome_custom/tracks/rna_seq_v2_normalized/SRR23049906.bw	6510bd2ed9c411fb9f43225b8b447f5fbcabce8cb0d6da2b840a802fba40e9b8	wild type young adult experiment 1rep2	unknown	ENA_sample_attribute	SRX19003417	1	single_run_for_ENA_experiment	formal_v2_uniform_reprocessed	4041045241	98313647.8838	1.01715277739
RNA_V2_G0054	rna_seq:SRR23049937	SRR23049937	alphagenome_custom/tracks/rna_seq_v2_normalized/SRR23049937.bw	21fc418912b733967b8daaf466cbdfc85c99a433d942a00584fac7f1fe4e9000	wild type young adult experiment 1rep3	unknown	ENA_sample_attribute	SRX19003386	1	single_run_for_ENA_experiment	formal_v2_uniform_reprocessed	3644022758	99818729.0594	1.00181600129
RNA_V2_G0054	rna_seq:SRR23049965	SRR23049965	alphagenome_custom/tracks/rna_seq_v2_normalized/SRR23049965.bw	909f9f207bcf061de5b97069254318ff34f0f598cdc6417cf97d5f294558ba2c	wild type young adult experiment 1rep4	unknown	ENA_sample_attribute	SRX19003358	1	single_run_for_ENA_experiment	formal_v2_uniform_reprocessed	3970305327	99064185.0427	1.00944655182
RNA_V2_G0054	rna_seq:SRR23049966	SRR23049966	alphagenome_custom/tracks/rna_seq_v2_normalized/SRR23049966.bw	17f2fdde31dd3265f4e615d180a0a6c9efb3b98e62484802b42e23206c90af2c	wild type young adult experiment 1rep1	unknown	ENA_sample_attribute	SRX19003357	1	single_run_for_ENA_experiment	formal_v2_uniform_reprocessed	4086835373	99577094.6856	1.00424701399
RNA_V2_G0055	rna_seq:SRR27352845	SRR27352845	alphagenome_custom/tracks/rna_seq_v2_normalized/SRR27352845.bw	bc1185b9b23daae31b423d76abc8496e9de96f1bda5e2c7175aa13ed1263c919	3	unknown	ENA_sample_title_or_alias	SRX23029407	1	single_run_for_ENA_experiment	formal_v2_uniform_reprocessed	408878380	96232972.5284	1.03914487283
RNA_V2_G0055	rna_seq:SRR27352855	SRR27352855	alphagenome_custom/tracks/rna_seq_v2_normalized/SRR27352855.bw	495ee6b44fea3ef99d5a48e6c4ebfac68ee6493fe22ac0bd2e9069fc3989811e	2	unknown	ENA_sample_title_or_alias	SRX23029397	1	single_run_for_ENA_experiment	formal_v2_uniform_reprocessed	469633452	97439529.3211	1.02627753538
RNA_V2_G0055	rna_seq:SRR27352856	SRR27352856	alphagenome_custom/tracks/rna_seq_v2_normalized/SRR27352856.bw	6bc4d2981e68e154807b567288cfe48a4bc41c789f965a82b4350f2547a9d1b0	1	unknown	ENA_sample_title_or_alias	SRX23029396	1	single_run_for_ENA_experiment	formal_v2_uniform_reprocessed	508320671	96337303.0294	1.03801950911
RNA_V2_G0056	rna_seq:SRR27352849	SRR27352849	alphagenome_custom/tracks/rna_seq_v2_normalized/SRR27352849.bw	c2bafa1d1371ce1f1f7f2d129770770c1406867a7c4bb7705240b96a899bdbb5	3	unknown	ENA_sample_title_or_alias	SRX23029403	1	single_run_for_ENA_experiment	formal_v2_uniform_reprocessed	434104733	92051618.6536	1.0863470025
RNA_V2_G0056	rna_seq:SRR27352850	SRR27352850	alphagenome_custom/tracks/rna_seq_v2_normalized/SRR27352850.bw	a835d7d66e36be0f5c4eadafb5d58472a0ff7db969f5cd26ba2559654c2a865e	2	unknown	ENA_sample_title_or_alias	SRX23029402	1	single_run_for_ENA_experiment	formal_v2_uniform_reprocessed	436809767	92822123.7083	1.07732936939
RNA_V2_G0056	rna_seq:SRR27352851	SRR27352851	alphagenome_custom/tracks/rna_seq_v2_normalized/SRR27352851.bw	1fac98870a31e64d88910069795cd7585de402a8aa2be1d593794aa6397996fc	1	unknown	ENA_sample_title_or_alias	SRX23029401	1	single_run_for_ENA_experiment	formal_v2_uniform_reprocessed	438335256	93934674.918	1.06456960741
RNA_V2_G0057	rna_seq:SRR27352852	SRR27352852	alphagenome_custom/tracks/rna_seq_v2_normalized/SRR27352852.bw	c9875927ca91dbb6a8d9a9109bfee97b8217e317086cbe0da479a1707c393852	3	unknown	ENA_sample_title_or_alias	SRX23029400	1	single_run_for_ENA_experiment	formal_v2_uniform_reprocessed	456790520	97220352.9309	1.02859120529
RNA_V2_G0057	rna_seq:SRR27352853	SRR27352853	alphagenome_custom/tracks/rna_seq_v2_normalized/SRR27352853.bw	2c283db42976b117a05c098195e3bded6c4779ac672c162321db462d136f3f7d	2	unknown	ENA_sample_title_or_alias	SRX23029399	1	single_run_for_ENA_experiment	formal_v2_uniform_reprocessed	500321298	95834935.3586	1.04346081756
RNA_V2_G0057	rna_seq:SRR27352854	SRR27352854	alphagenome_custom/tracks/rna_seq_v2_normalized/SRR27352854.bw	b21cccd21cfd111b8565b8c689f40f083087fadc47018f59e21f44b8f8f0e7e2	1	unknown	ENA_sample_title_or_alias	SRX23029398	1	single_run_for_ENA_experiment	formal_v2_uniform_reprocessed	498103830	96775288.9496	1.03332163701
RNA_V2_G0058	rna_seq:SRR27352857	SRR27352857	alphagenome_custom/tracks/rna_seq_v2_normalized/SRR27352857.bw	fff55ea6c386d474f9df901dbf1ab0cc1b4e5ff61749f8be7a9475cd50705ccf	3	unknown	ENA_sample_title_or_alias	SRX23029395	1	single_run_for_ENA_experiment	formal_v2_uniform_reprocessed	558286178	96350505.8206	1.03787727058
RNA_V2_G0058	rna_seq:SRR27352858	SRR27352858	alphagenome_custom/tracks/rna_seq_v2_normalized/SRR27352858.bw	a2afb465a17bf609586593c3c599f73761267aef19e1700b654386707f2d9002	2	unknown	ENA_sample_title_or_alias	SRX23029394	1	single_run_for_ENA_experiment	formal_v2_uniform_reprocessed	483250262	96504789.1857	1.03621800373
RNA_V2_G0058	rna_seq:SRR27352859	SRR27352859	alphagenome_custom/tracks/rna_seq_v2_normalized/SRR27352859.bw	b75c5d5b3c32958a868cabbf4ea2a98f5b97cd6bc2c8a30992ba7555d1797c46	1	unknown	ENA_sample_title_or_alias	SRX23029393	1	single_run_for_ENA_experiment	formal_v2_uniform_reprocessed	478357014	94961031.1714	1.05306354371
RNA_V2_G0059	rna_seq:SRR27352860	SRR27352860	alphagenome_custom/tracks/rna_seq_v2_normalized/SRR27352860.bw	02b6be0b0ddc59e549b064173d9d2ee05c032a4e37ff0695cd8740b1e4debcd8	3	unknown	ENA_sample_title_or_alias	SRX23029392	1	single_run_for_ENA_experiment	formal_v2_uniform_reprocessed	531490601	95997565.8445	1.04169307961
RNA_V2_G0059	rna_seq:SRR27352861	SRR27352861	alphagenome_custom/tracks/rna_seq_v2_normalized/SRR27352861.bw	2bbc3f98e0ea146f7fa066ef65840276a895f8fa82f4cf068a9a5a868eaf1873	2	unknown	ENA_sample_title_or_alias	SRX23029391	1	single_run_for_ENA_experiment	formal_v2_uniform_reprocessed	473679229	97497555.2756	1.02566674331
RNA_V2_G0059	rna_seq:SRR27352862	SRR27352862	alphagenome_custom/tracks/rna_seq_v2_normalized/SRR27352862.bw	f26170b79304f13afdba251aaf45d8f57701edf157f0de74ab4e90e664b9210f	1	unknown	ENA_sample_title_or_alias	SRX23029390	1	single_run_for_ENA_experiment	formal_v2_uniform_reprocessed	452861249	96383740.9432	1.03751938887
RNA_V2_G0060	rna_seq:SRR27352846	SRR27352846	alphagenome_custom/tracks/rna_seq_v2_normalized/SRR27352846.bw	9386e89396b9b86d551f84dfd631cd73e78b6b5e16cca2ba3bea3db33c13e82b	3	unknown	ENA_sample_title_or_alias	SRX23029406	1	single_run_for_ENA_experiment	formal_v2_uniform_reprocessed	477969683	95406450.2987	1.04814716077
RNA_V2_G0060	rna_seq:SRR27352847	SRR27352847	alphagenome_custom/tracks/rna_seq_v2_normalized/SRR27352847.bw	b147038f733396cad488bf82f2af8a686af2f2602262a687c29e67bde4412d67	2	unknown	ENA_sample_title_or_alias	SRX23029405	1	single_run_for_ENA_experiment	formal_v2_uniform_reprocessed	537942682	93806023.3424	1.06602962621
RNA_V2_G0060	rna_seq:SRR27352848	SRR27352848	alphagenome_custom/tracks/rna_seq_v2_normalized/SRR27352848.bw	8674f6002b486f9c6a09fd175ecd3139a156939d1c61ba4cf0ccb748090d3247	1	unknown	ENA_sample_title_or_alias	SRX23029404	1	single_run_for_ENA_experiment	formal_v2_uniform_reprocessed	506910964	94637998.7777	1.05665801572
RNA_V2_G0061	rna_seq:SRR30917239	SRR30917239	alphagenome_custom/tracks/rna_seq_v2_normalized/SRR30917239.bw	47bccac87389d85b3e8f4da480cf15b81bf54d3d2f047c70eb052384cb776b9f	4	unknown	ENA_sample_title_or_alias	SRX26320469	1	single_run_for_ENA_experiment	formal_v2_uniform_reprocessed	2325990337	99105980.2929	1.0090208452
RNA_V2_G0061	rna_seq:SRR30917243	SRR30917243	alphagenome_custom/tracks/rna_seq_v2_normalized/SRR30917243.bw	87d71b9131d79b7c60332bba81ed3377a275ffafd24d1987ca4ff8f8b0eb4871	3	unknown	ENA_sample_title_or_alias	SRX26320465	1	single_run_for_ENA_experiment	formal_v2_uniform_reprocessed	2725260748	99125946.4371	1.00881760623
RNA_V2_G0061	rna_seq:SRR30917247	SRR30917247	alphagenome_custom/tracks/rna_seq_v2_normalized/SRR30917247.bw	b9b5bc6f19523a7fa701db57b5fc48596c8e50fd2c39a8c710573e9f0ec9e0eb	2	unknown	ENA_sample_title_or_alias	SRX26320461	1	single_run_for_ENA_experiment	formal_v2_uniform_reprocessed	2560315688	98983908.3785	1.01026522026
RNA_V2_G0061	rna_seq:SRR30917251	SRR30917251	alphagenome_custom/tracks/rna_seq_v2_normalized/SRR30917251.bw	dfe66f1a1466f9f0ceeeec0fc805689d435eaa1511fcfb4e84df013976f2438a	1	unknown	ENA_sample_title_or_alias	SRX26320457	1	single_run_for_ENA_experiment	formal_v2_uniform_reprocessed	2710825100	98981862.3503	1.01028610319
RNA_V2_G0062	rna_seq:SRR30917240	SRR30917240	alphagenome_custom/tracks/rna_seq_v2_normalized/SRR30917240.bw	66c1113f2b324c1dcd2f8445efae4455eb77d1e4dfd5612edcf116f39392d158	4	unknown	ENA_sample_title_or_alias	SRX26320468	1	single_run_for_ENA_experiment	formal_v2_uniform_reprocessed	2831199334	98828790.0749	1.01185089815
RNA_V2_G0062	rna_seq:SRR30917244	SRR30917244	alphagenome_custom/tracks/rna_seq_v2_normalized/SRR30917244.bw	b6e628c1932c49c4e2bbd98e8cfb715e0bf8bbb970a1eab949beb316675e8460	3	unknown	ENA_sample_title_or_alias	SRX26320464	1	single_run_for_ENA_experiment	formal_v2_uniform_reprocessed	2617270961	98801946.2477	1.01212581126
RNA_V2_G0062	rna_seq:SRR30917248	SRR30917248	alphagenome_custom/tracks/rna_seq_v2_normalized/SRR30917248.bw	4c60611cbfd15329fa2973c5bb497ffd8ec680101edc829adb34c3df17fcffec	2	unknown	ENA_sample_title_or_alias	SRX26320460	1	single_run_for_ENA_experiment	formal_v2_uniform_reprocessed	2751792639	98835623.4637	1.01178093986
RNA_V2_G0062	rna_seq:SRR30917252	SRR30917252	alphagenome_custom/tracks/rna_seq_v2_normalized/SRR30917252.bw	1fce1d7795a9fffdccde578970c2d09f1b84de5406be458ffe2e147bbca757dd	1	unknown	ENA_sample_title_or_alias	SRX26320456	1	single_run_for_ENA_experiment	formal_v2_uniform_reprocessed	2610305900	98697897.1539	1.01319281245
RNA_V2_G0063	rna_seq:SRR30917237	SRR30917237	alphagenome_custom/tracks/rna_seq_v2_normalized/SRR30917237.bw	4092cd2d3c5c54305c42ef6647628510d016899c0b9d0a825d8bed9bb4310157	4	unknown	ENA_sample_title_or_alias	SRX26320471	1	single_run_for_ENA_experiment	formal_v2_uniform_reprocessed	2942307846	98834319.5534	1.01179428818
RNA_V2_G0063	rna_seq:SRR30917241	SRR30917241	alphagenome_custom/tracks/rna_seq_v2_normalized/SRR30917241.bw	ca0874d17b1fd655f20c89f139e70633d179bc11a14839ecc299f2b7c594e0cd	3	unknown	ENA_sample_title_or_alias	SRX26320467	1	single_run_for_ENA_experiment	formal_v2_uniform_reprocessed	2788677189	98918247.2674	1.01093582592
RNA_V2_G0063	rna_seq:SRR30917245	SRR30917245	alphagenome_custom/tracks/rna_seq_v2_normalized/SRR30917245.bw	06da6e47eed5550208cb0800d01bc160affc44ddb564a683d4dafba2ffcf4452	2	unknown	ENA_sample_title_or_alias	SRX26320463	1	single_run_for_ENA_experiment	formal_v2_uniform_reprocessed	3026467187	98817349.0771	1.01196804948
RNA_V2_G0063	rna_seq:SRR30917249	SRR30917249	alphagenome_custom/tracks/rna_seq_v2_normalized/SRR30917249.bw	0d7b332bf7bc54a5eb66acc9a346ac0c45cd956d28a0f210ef85dced175984f8	1	unknown	ENA_sample_title_or_alias	SRX26320459	1	single_run_for_ENA_experiment	formal_v2_uniform_reprocessed	2948253829	98844607.4865	1.01168897872
RNA_V2_G0064	rna_seq:SRR30917238	SRR30917238	alphagenome_custom/tracks/rna_seq_v2_normalized/SRR30917238.bw	ce25d84d8f380e016e3860a7e37f814ba63ad793af4d6cd63cfdb96ff3eb84a3	4	unknown	ENA_sample_title_or_alias	SRX26320470	1	single_run_for_ENA_experiment	formal_v2_uniform_reprocessed	2802367536	98827065.1758	1.0118685587
RNA_V2_G0064	rna_seq:SRR30917242	SRR30917242	alphagenome_custom/tracks/rna_seq_v2_normalized/SRR30917242.bw	3f3f4cbaae34d428f9208b5524d3de21363e1f9aa3f0bbf7d67d950763dece7d	3	unknown	ENA_sample_title_or_alias	SRX26320466	1	single_run_for_ENA_experiment	formal_v2_uniform_reprocessed	2475922080	98787349.6661	1.01227536054
RNA_V2_G0064	rna_seq:SRR30917246	SRR30917246	alphagenome_custom/tracks/rna_seq_v2_normalized/SRR30917246.bw	d08e16f1ad3739fc5468c39544ea6c57b1761fa3d7b312b2e61f5d527dc2c49d	2	unknown	ENA_sample_title_or_alias	SRX26320462	1	single_run_for_ENA_experiment	formal_v2_uniform_reprocessed	2779426081	98875753.0849	1.01137029939
RNA_V2_G0064	rna_seq:SRR30917250	SRR30917250	alphagenome_custom/tracks/rna_seq_v2_normalized/SRR30917250.bw	9b4b947d9dd6d3e841c97875f71749a33991cdf30cb81c4cb90e4f12fedb7d25	1	unknown	ENA_sample_title_or_alias	SRX26320458	1	single_run_for_ENA_experiment	formal_v2_uniform_reprocessed	2499008003	98735466.5861	1.01280728656
RNA_V2_G0065	rna_seq:SRR31283481	SRR31283481	alphagenome_custom/tracks/rna_seq_v2_normalized/SRR31283481.bw	697ffcc844d72d7b4b7ec4564574ac3538f9ae3f0420180331354c6c2e6e953a	3	unknown	ENA_sample_title_or_alias	SRX26662527	1	single_run_for_ENA_experiment	formal_v2_uniform_reprocessed	373615791	99999999.8171	1.00000000183
RNA_V2_G0065	rna_seq:SRR31283482	SRR31283482	alphagenome_custom/tracks/rna_seq_v2_normalized/SRR31283482.bw	6e82f1ffcf8276b233c897aa9b732b8ea8de346c90a07dc5634f84eee785e4d1	2	unknown	ENA_sample_title_or_alias	SRX26662526	1	single_run_for_ENA_experiment	formal_v2_uniform_reprocessed	288482125	99101128.0722	1.0090702492
RNA_V2_G0065	rna_seq:SRR31283483	SRR31283483	alphagenome_custom/tracks/rna_seq_v2_normalized/SRR31283483.bw	932be5c74400ff07fdb189388ddc5e80d0175e4bdacad5ba00be1f2c1ef9bc85	1	unknown	ENA_sample_title_or_alias	SRX26662525	1	single_run_for_ENA_experiment	formal_v2_uniform_reprocessed	331777516	99999999.8746	1.00000000125
RNA_V2_G0065	rna_seq:SRR31283484	SRR31283484	alphagenome_custom/tracks/rna_seq_v2_normalized/SRR31283484.bw	74e8470543b62f53f6fa89d0598341bfc1bdb919594fbe9cbc1e6e56dcaf4e6f	3	unknown	ENA_sample_title_or_alias	SRX26662524	1	single_run_for_ENA_experiment	formal_v2_uniform_reprocessed	406109635	100000000.218	0.999999997821
RNA_V2_G0065	rna_seq:SRR31283485	SRR31283485	alphagenome_custom/tracks/rna_seq_v2_normalized/SRR31283485.bw	69a8a755161eda6d3bdc90ab5be5d6c7963b5a9e18a75086f2b37c860b215dff	2	unknown	ENA_sample_title_or_alias	SRX26662523	1	single_run_for_ENA_experiment	formal_v2_uniform_reprocessed	394877487	99310921.2295	1.00693860013
RNA_V2_G0065	rna_seq:SRR31283486	SRR31283486	alphagenome_custom/tracks/rna_seq_v2_normalized/SRR31283486.bw	3d56ef9dc704516b3943b4bdc2a07fa1eb827805521ed831155c7828c0ee56ca	1	unknown	ENA_sample_title_or_alias	SRX26662522	1	single_run_for_ENA_experiment	formal_v2_uniform_reprocessed	340429000	99999999.9526	1.00000000047
RNA_V2_G0065	rna_seq:SRR31283487	SRR31283487	alphagenome_custom/tracks/rna_seq_v2_normalized/SRR31283487.bw	0eeadfd2ee2bd36b51d267a430d6fa070222137aa1e80e156bde53101ead56b7	3	unknown	ENA_sample_title_or_alias	SRX26662521	1	single_run_for_ENA_experiment	formal_v2_uniform_reprocessed	415647982	100000000.281	0.999999997186
RNA_V2_G0065	rna_seq:SRR31283488	SRR31283488	alphagenome_custom/tracks/rna_seq_v2_normalized/SRR31283488.bw	4121fae950e74c1a2abe1e63fea5bd3cd03b9832886a36271c0a7dbed15a943a	2	unknown	ENA_sample_title_or_alias	SRX26662520	1	single_run_for_ENA_experiment	formal_v2_uniform_reprocessed	326775627	100000000.12	0.999999998796
RNA_V2_G0065	rna_seq:SRR31283514	SRR31283514	alphagenome_custom/tracks/rna_seq_v2_normalized/SRR31283514.bw	7eefccdb60d8b32d605399a2a572dd523a53e41bb22fc549ffbb17a9c54e0ae0	1	unknown	ENA_sample_title_or_alias	SRX26662494	1	single_run_for_ENA_experiment	formal_v2_uniform_reprocessed	357238259	100000000.074	0.999999999262
RNA_V2_G0065	rna_seq:SRR31283515	SRR31283515	alphagenome_custom/tracks/rna_seq_v2_normalized/SRR31283515.bw	5ff548aa4dd5361bdacbf94def541e0ff0bb10fe8ab0241f7b610a12e68f4b50	3	unknown	ENA_sample_title_or_alias	SRX26662493	1	single_run_for_ENA_experiment	formal_v2_uniform_reprocessed	390667747	98955800.4059	1.01055218178
RNA_V2_G0065	rna_seq:SRR31283516	SRR31283516	alphagenome_custom/tracks/rna_seq_v2_normalized/SRR31283516.bw	45f53706f7ce55cbf9dc47244afd1226ee8128597ff9d5cf7dcbdb3f613a59c0	2	unknown	ENA_sample_title_or_alias	SRX26662492	1	single_run_for_ENA_experiment	formal_v2_uniform_reprocessed	407279488	99213223.5579	1.00793015703
RNA_V2_G0065	rna_seq:SRR31283517	SRR31283517	alphagenome_custom/tracks/rna_seq_v2_normalized/SRR31283517.bw	b61fb3ed718989621c45146bbb96b8a07ef9e7f4705de30675be0c4bf1d44d08	1	unknown	ENA_sample_title_or_alias	SRX26662491	1	single_run_for_ENA_experiment	formal_v2_uniform_reprocessed	436661884	99093860.4174	1.00914425555
RNA_V2_G0066	rna_seq:SRR31283489	SRR31283489	alphagenome_custom/tracks/rna_seq_v2_normalized/SRR31283489.bw	44c0297dc9428ae52134cbd47b331284909b3bc67868e5b7cdb9646e710d9dbe	3	unknown	ENA_sample_title_or_alias	SRX26662519	1	single_run_for_ENA_experiment	formal_v2_uniform_reprocessed	622512934	99267085.0941	1.00738326209
RNA_V2_G0066	rna_seq:SRR31283498	SRR31283498	alphagenome_custom/tracks/rna_seq_v2_normalized/SRR31283498.bw	fcd32ffd111ff7c6b5b5a8a21d3b7f651c9108ee31a7c3aedf4a4c2ae1154abe	2	unknown	ENA_sample_title_or_alias	SRX26662510	1	single_run_for_ENA_experiment	formal_v2_uniform_reprocessed	243310100	99999999.942	1.00000000058
RNA_V2_G0066	rna_seq:SRR31283499	SRR31283499	alphagenome_custom/tracks/rna_seq_v2_normalized/SRR31283499.bw	61d5cc8d03d7c189b23dd4a6a2e428157c2baec364d11bbb5824782ff9573ba6	1	unknown	ENA_sample_title_or_alias	SRX26662509	1	single_run_for_ENA_experiment	formal_v2_uniform_reprocessed	204391538	100000000.071	0.999999999293
RNA_V2_G0066	rna_seq:SRR31283500	SRR31283500	alphagenome_custom/tracks/rna_seq_v2_normalized/SRR31283500.bw	69652323d1ca967aa0e03ce5f2b1336a3605ae965ab949b76ee179447b357c1b	3	unknown	ENA_sample_title_or_alias	SRX26662508	1	single_run_for_ENA_experiment	formal_v2_uniform_reprocessed	601726968	99767632.1207	1.00232909085
RNA_V2_G0066	rna_seq:SRR31283501	SRR31283501	alphagenome_custom/tracks/rna_seq_v2_normalized/SRR31283501.bw	21e96307cc431d18fb5eee08c69de7a0ba34dc6fdf6f4c81395c585228bf093a	2	unknown	ENA_sample_title_or_alias	SRX26662507	1	single_run_for_ENA_experiment	formal_v2_uniform_reprocessed	355045747	100000000.124	0.99999999876
RNA_V2_G0066	rna_seq:SRR31283502	SRR31283502	alphagenome_custom/tracks/rna_seq_v2_normalized/SRR31283502.bw	7cfac32ea859c39eb6cd5ff1b004c402e7c4efdc00595fceaae5fed65a4f1435	1	unknown	ENA_sample_title_or_alias	SRX26662506	1	single_run_for_ENA_experiment	formal_v2_uniform_reprocessed	203057677	100000000.038	0.999999999619
RNA_V2_G0066	rna_seq:SRR31283503	SRR31283503	alphagenome_custom/tracks/rna_seq_v2_normalized/SRR31283503.bw	a92145439b93eabcc890a628f0048b758adaf3fc0e7673c4dcccc63cd022921e	3	unknown	ENA_sample_title_or_alias	SRX26662505	1	single_run_for_ENA_experiment	formal_v2_uniform_reprocessed	332288875	99407350.7039	1.00596182568
RNA_V2_G0066	rna_seq:SRR31283504	SRR31283504	alphagenome_custom/tracks/rna_seq_v2_normalized/SRR31283504.bw	e1efb5be82757e372915c31e6bdc9734339b369768d91a954564b98b7da815bb	2	unknown	ENA_sample_title_or_alias	SRX26662504	1	single_run_for_ENA_experiment	formal_v2_uniform_reprocessed	372935972	99178697.4644	1.00828103773
RNA_V2_G0066	rna_seq:SRR31283505	SRR31283505	alphagenome_custom/tracks/rna_seq_v2_normalized/SRR31283505.bw	e977b6bf8a2e6a5662f98ef8c7192537dcf8cf02ea315602f7320125c3397bce	1	unknown	ENA_sample_title_or_alias	SRX26662503	1	single_run_for_ENA_experiment	formal_v2_uniform_reprocessed	336213079	99278814.0885	1.00726424785
RNA_V2_G0067	rna_seq:SRR34430875	SRR34430875	alphagenome_custom/tracks/rna_seq_v2_normalized/SRR34430875.bw	cdfa3c4cee9bf63d68780ff277b5280b5071b4a9b75f98cc3aa75074add46b35	2	unknown	ENA_sample_title_or_alias	SRX29592161	1	single_run_for_ENA_experiment	formal_v2_uniform_reprocessed	10609050108	98561657.967	1.01459332222
RNA_V2_G0067	rna_seq:SRR34430876	SRR34430876	alphagenome_custom/tracks/rna_seq_v2_normalized/SRR34430876.bw	2bab72cda067ac53c578f3667138aa1aaca0fe85b5c7064fa0036a3714c99348	2	unknown	ENA_sample_title_or_alias	SRX29592160	1	single_run_for_ENA_experiment	formal_v2_uniform_reprocessed	12564231984	97848143.9644	1.02199179206
RNA_V2_G0067	rna_seq:SRR34430877	SRR34430877	alphagenome_custom/tracks/rna_seq_v2_normalized/SRR34430877.bw	c7a010e55e76621e1d7ef25422693480777d57703b58e293cd7d833424f4b876	2	unknown	ENA_sample_title_or_alias	SRX29592159	1	single_run_for_ENA_experiment	formal_v2_uniform_reprocessed	11448409044	97938436.0286	1.02104959049
RNA_V2_G0068	rna_seq:SRR34430878	SRR34430878	alphagenome_custom/tracks/rna_seq_v2_normalized/SRR34430878.bw	0e896201ad873cf59e6771461ecca302a91f127c08a955d63cb1754ea0414327	2	unknown	ENA_sample_title_or_alias	SRX29592158	1	single_run_for_ENA_experiment	formal_v2_uniform_reprocessed	11241150072	98187956.3812	1.01845484605
RNA_V2_G0068	rna_seq:SRR34430879	SRR34430879	alphagenome_custom/tracks/rna_seq_v2_normalized/SRR34430879.bw	5d5c50a5b27fcb0855b6b422a5f6c8269c31d63deef0bdb40fe1e323d0bf8a7e	2	unknown	ENA_sample_title_or_alias	SRX29592157	1	single_run_for_ENA_experiment	formal_v2_uniform_reprocessed	12691135176	98244432.705	1.01786938198
RNA_V2_G0068	rna_seq:SRR34430880	SRR34430880	alphagenome_custom/tracks/rna_seq_v2_normalized/SRR34430880.bw	df69437c81a5e123e0241740341bf99967f80d5780405b6ecc2a687686eb7bbd	2	unknown	ENA_sample_title_or_alias	SRX29592156	1	single_run_for_ENA_experiment	formal_v2_uniform_reprocessed	13608737907	97825805.0027	1.02222516847
RNA_V2_G0068	rna_seq:SRR34430887	SRR34430887	alphagenome_custom/tracks/rna_seq_v2_normalized/SRR34430887.bw	51e23b382218d7511c1ed68fb67c69f1867d66e8a484f95bbd25cc3a14cafd57	1	unknown	ENA_sample_title_or_alias	SRX29592149	1	single_run_for_ENA_experiment	formal_v2_uniform_reprocessed	4628063286	99589226.4554	1.00412467853
RNA_V2_G0068	rna_seq:SRR34430888	SRR34430888	alphagenome_custom/tracks/rna_seq_v2_normalized/SRR34430888.bw	86774e64f77eb5f39c04d9173e6a8f45815c07c3bf299d01e68e311b8ac0c8ff	1	unknown	ENA_sample_title_or_alias	SRX29592148	1	single_run_for_ENA_experiment	formal_v2_uniform_reprocessed	3693336124	99724159.8734	1.00276603109
RNA_V2_G0068	rna_seq:SRR34430889	SRR34430889	alphagenome_custom/tracks/rna_seq_v2_normalized/SRR34430889.bw	8469945c15f187f1b751ab29a4292e94ae12f0e25d55c31a2485eef9a47b738b	1	unknown	ENA_sample_title_or_alias	SRX29592147	1	single_run_for_ENA_experiment	formal_v2_uniform_reprocessed	4371618686	99542301.9945	1.00459802512
RNA_V2_G0069	rna_seq:SRR34430881	SRR34430881	alphagenome_custom/tracks/rna_seq_v2_normalized/SRR34430881.bw	5b53d85367edb91247cdc2cf2253a60153cf5f29a509da99e57bfbe463e20105	1	unknown	ENA_sample_title_or_alias	SRX29592155	1	single_run_for_ENA_experiment	formal_v2_uniform_reprocessed	3917530644	99825207.8906	1.00175098167
RNA_V2_G0069	rna_seq:SRR34430882	SRR34430882	alphagenome_custom/tracks/rna_seq_v2_normalized/SRR34430882.bw	f0835e4356b0091a531ecbe211a20fbc267970d13295421c3fcf7c7d95b06d49	1	unknown	ENA_sample_title_or_alias	SRX29592154	1	single_run_for_ENA_experiment	formal_v2_uniform_reprocessed	3903543100	99839995.3827	1.00160261042
RNA_V2_G0069	rna_seq:SRR34430883	SRR34430883	alphagenome_custom/tracks/rna_seq_v2_normalized/SRR34430883.bw	bf1578b406c89b80efdff1d2529e8924c92ea671a1f38456b9717df76e65f145	1	unknown	ENA_sample_title_or_alias	SRX29592153	1	single_run_for_ENA_experiment	formal_v2_uniform_reprocessed	4155345374	99891320.3329	1.00108797908
RNA_V2_G0070	rna_seq:SRR34430884	SRR34430884	alphagenome_custom/tracks/rna_seq_v2_normalized/SRR34430884.bw	c780742871e9eff51fd466f90f758edc854ccda7d16c6145420fe4c1c980dec5	1	unknown	ENA_sample_title_or_alias	SRX29592152	1	single_run_for_ENA_experiment	formal_v2_uniform_reprocessed	4363033681	99358289.3997	1.00645855121
RNA_V2_G0070	rna_seq:SRR34430885	SRR34430885	alphagenome_custom/tracks/rna_seq_v2_normalized/SRR34430885.bw	70fc6c1122a6dbade40cbc8569902d9f8b9226551e37f7167d31a2331647975b	1	unknown	ENA_sample_title_or_alias	SRX29592151	1	single_run_for_ENA_experiment	formal_v2_uniform_reprocessed	4620112386	99436456.9586	1.00566736847
RNA_V2_G0070	rna_seq:SRR34430886	SRR34430886	alphagenome_custom/tracks/rna_seq_v2_normalized/SRR34430886.bw	e5bbba7aef66053377462a148186488203560ab00d85ddc9e574c46e456c29a8	1	unknown	ENA_sample_title_or_alias	SRX29592150	1	single_run_for_ENA_experiment	formal_v2_uniform_reprocessed	4678895035	99231266.9474	1.00774688338
RNA_V2_G0071	rna_seq:SRR34582731	SRR34582731	alphagenome_custom/tracks/rna_seq_v2_normalized/SRR34582731.bw	58c008a006d446777528f0566241e2ea9363a6fdc9984418de46fc00fb6f25ea	3	unknown	ENA_sample_title_or_alias	SRX29724079	1	single_run_for_ENA_experiment	formal_v2_uniform_reprocessed	5081989666	98347866.5025	1.01679887481
RNA_V2_G0071	rna_seq:SRR34582732	SRR34582732	alphagenome_custom/tracks/rna_seq_v2_normalized/SRR34582732.bw	5f0a6573b12be77fb9d855e328fccaa5157a02024996d62f86a2dbe64d821085	2	unknown	ENA_sample_title_or_alias	SRX29724078	1	single_run_for_ENA_experiment	formal_v2_uniform_reprocessed	3245446597	97995456.812	1.02045547062
RNA_V2_G0071	rna_seq:SRR34582733	SRR34582733	alphagenome_custom/tracks/rna_seq_v2_normalized/SRR34582733.bw	a43f7d32c5ff981b678bdb9e46117b3e5f51582f0a4911091ab0295662a6357a	1	unknown	ENA_sample_title_or_alias	SRX29724077	1	single_run_for_ENA_experiment	formal_v2_uniform_reprocessed	4455379889	98266538.4947	1.01764040468
RNA_V2_G0072	rna_seq:SRR34582728	SRR34582728	alphagenome_custom/tracks/rna_seq_v2_normalized/SRR34582728.bw	e4c27e524cc6ddaec0dc59c00778ed80010236771890159ae18d9fbe45daec36	3	unknown	ENA_sample_title_or_alias	SRX29724082	1	single_run_for_ENA_experiment	formal_v2_uniform_reprocessed	4917773969	98528691.4642	1.01493279281
RNA_V2_G0072	rna_seq:SRR34582729	SRR34582729	alphagenome_custom/tracks/rna_seq_v2_normalized/SRR34582729.bw	878a9b5b9730fb1e591c42e76001fe5b7a1001eba0944bbe3c8394851f643ab4	2	unknown	ENA_sample_title_or_alias	SRX29724081	1	single_run_for_ENA_experiment	formal_v2_uniform_reprocessed	3726288357	99031387.3407	1.00978086529
RNA_V2_G0072	rna_seq:SRR34582730	SRR34582730	alphagenome_custom/tracks/rna_seq_v2_normalized/SRR34582730.bw	2c07daa75a0d59eb1aeadcc712c6d90231a57889041eb47e8c8caa11065133a8	1	unknown	ENA_sample_title_or_alias	SRX29724080	1	single_run_for_ENA_experiment	formal_v2_uniform_reprocessed	2855821978	98927639.7813	1.01083984437
RNA_V2_G0073	rna_seq:SRR34582725	SRR34582725	alphagenome_custom/tracks/rna_seq_v2_normalized/SRR34582725.bw	3775df8077b901cc7a53fe37751571e1ce8dfb09c5244ef0cb08690a519f2c82	3	unknown	ENA_sample_title_or_alias	SRX29724085	1	single_run_for_ENA_experiment	formal_v2_uniform_reprocessed	3058438419	98374033.1449	1.0165284151
RNA_V2_G0073	rna_seq:SRR34582726	SRR34582726	alphagenome_custom/tracks/rna_seq_v2_normalized/SRR34582726.bw	658e4448c3fda2c029568221aff66191cc3e2544b45ad6dc154075cccdb28d7d	2	unknown	ENA_sample_title_or_alias	SRX29724084	1	single_run_for_ENA_experiment	formal_v2_uniform_reprocessed	3973955551	99059671.7794	1.00949254327
RNA_V2_G0073	rna_seq:SRR34582727	SRR34582727	alphagenome_custom/tracks/rna_seq_v2_normalized/SRR34582727.bw	a41201ac60755204c570a838fd0cacd90d2716f333d6890fb29be12078d18655	1	unknown	ENA_sample_title_or_alias	SRX29724083	1	single_run_for_ENA_experiment	formal_v2_uniform_reprocessed	3620998827	98667116.7023	1.01350889073
RNA_V2_G0074	rna_seq:SRR34582722	SRR34582722	alphagenome_custom/tracks/rna_seq_v2_normalized/SRR34582722.bw	a5d8b49707803c26360ac23d5566b78b8fb305d10da4a45a429adc0fbca7c4eb	3	unknown	ENA_sample_title_or_alias	SRX29724088	1	single_run_for_ENA_experiment	formal_v2_uniform_reprocessed	4365525216	98980475.7361	1.01030025625
RNA_V2_G0074	rna_seq:SRR34582723	SRR34582723	alphagenome_custom/tracks/rna_seq_v2_normalized/SRR34582723.bw	801a76d527cf071422699f7d20e43d43450dac3c265d67cc870d3faf88d4a45e	2	unknown	ENA_sample_title_or_alias	SRX29724087	1	single_run_for_ENA_experiment	formal_v2_uniform_reprocessed	3771830473	98947819.2279	1.0106336934
RNA_V2_G0074	rna_seq:SRR34582724	SRR34582724	alphagenome_custom/tracks/rna_seq_v2_normalized/SRR34582724.bw	6ed9c2b983a5eaefe264bbc38c33bae60c9a14e7be5826de3815592714116003	1	unknown	ENA_sample_title_or_alias	SRX29724086	1	single_run_for_ENA_experiment	formal_v2_uniform_reprocessed	3921124153	98742921.0705	1.01273082582
RNA_V2_G0075	rna_seq:SRR34628133	SRR34628133	alphagenome_custom/tracks/rna_seq_v2_normalized/SRR34628133.bw	4163dc4ddc8da1c526d3ad3562bf030e8620206f6ece24e20ba29e31b28cb6fd	3	unknown	ENA_sample_title_or_alias	SRX29769293	1	single_run_for_ENA_experiment	formal_v2_uniform_reprocessed	3411974888	99570211.5524	1.00431643602
RNA_V2_G0075	rna_seq:SRR34628134	SRR34628134	alphagenome_custom/tracks/rna_seq_v2_normalized/SRR34628134.bw	484d2c4231eed2dcd89f8801b76601e8ee2a5a875ff1852dad4da138b01160bb	2	unknown	ENA_sample_title_or_alias	SRX29769292	1	single_run_for_ENA_experiment	formal_v2_uniform_reprocessed	3560736404	99689973.9815	1.00310990169
RNA_V2_G0075	rna_seq:SRR34628135	SRR34628135	alphagenome_custom/tracks/rna_seq_v2_normalized/SRR34628135.bw	d996915183c421a23afa94db2034f9a91bf12957fe5030627f4cff582f49f35f	1	unknown	ENA_sample_title_or_alias	SRX29769291	1	single_run_for_ENA_experiment	formal_v2_uniform_reprocessed	3740164515	99787407.4468	1.00213045472
RNA_V2_G0076	rna_seq:SRR34628130	SRR34628130	alphagenome_custom/tracks/rna_seq_v2_normalized/SRR34628130.bw	62baa5303596d3e29cf5da5f10420b6fd5cdb5ec30c8a2d37adab32c6e1db39f	3	unknown	ENA_sample_title_or_alias	SRX29769296	1	single_run_for_ENA_experiment	formal_v2_uniform_reprocessed	3982557291	99562115.1236	1.00439810741
RNA_V2_G0076	rna_seq:SRR34628131	SRR34628131	alphagenome_custom/tracks/rna_seq_v2_normalized/SRR34628131.bw	160f71e98324a5ce60c2900dc6509121c01ab9d249edb05a717b63ae7d441bc2	2	unknown	ENA_sample_title_or_alias	SRX29769295	1	single_run_for_ENA_experiment	formal_v2_uniform_reprocessed	3257786758	99793746.1914	1.00206680094
RNA_V2_G0076	rna_seq:SRR34628132	SRR34628132	alphagenome_custom/tracks/rna_seq_v2_normalized/SRR34628132.bw	827110a77320c042a3288329d486f056105a2013a4d48cb45d5bee69a4e216be	1	unknown	ENA_sample_title_or_alias	SRX29769294	1	single_run_for_ENA_experiment	formal_v2_uniform_reprocessed	2862182792	98747244.682	1.01268648378
RNA_V2_G0077	rna_seq:SRR34628127	SRR34628127	alphagenome_custom/tracks/rna_seq_v2_normalized/SRR34628127.bw	108da6d30f360688d17adef3c3c5c61850221b2ce645ec0e4905fd719134ed46	3	unknown	ENA_sample_title_or_alias	SRX29769299	1	single_run_for_ENA_experiment	formal_v2_uniform_reprocessed	4353015576	99622614.7298	1.00378814862
RNA_V2_G0077	rna_seq:SRR34628128	SRR34628128	alphagenome_custom/tracks/rna_seq_v2_normalized/SRR34628128.bw	9e7a3688126ad5a8dfb686d22fa1c83dbecdfabacd88bdd96e37a3516141c49c	2	unknown	ENA_sample_title_or_alias	SRX29769298	1	single_run_for_ENA_experiment	formal_v2_uniform_reprocessed	2927307050	99435303.114	1.00567903821
RNA_V2_G0077	rna_seq:SRR34628129	SRR34628129	alphagenome_custom/tracks/rna_seq_v2_normalized/SRR34628129.bw	ad42d80e8690db7f0c931ffb1dd8f8699754f153b0bc25d150e7ac44d47798c7	1	unknown	ENA_sample_title_or_alias	SRX29769297	1	single_run_for_ENA_experiment	formal_v2_uniform_reprocessed	3190831247	99606270.7789	1.00395285576
RNA_V2_G0078	rna_seq:SRR34628124	SRR34628124	alphagenome_custom/tracks/rna_seq_v2_normalized/SRR34628124.bw	14533b1c8a9495ebaff0e5a818a417ed72d92e6bf47e037e753fbe09f5f798ae	3	unknown	ENA_sample_title_or_alias	SRX29769302	1	single_run_for_ENA_experiment	formal_v2_uniform_reprocessed	3476541099	99773329.1917	1.00227185772
RNA_V2_G0078	rna_seq:SRR34628125	SRR34628125	alphagenome_custom/tracks/rna_seq_v2_normalized/SRR34628125.bw	bb0c2ff815b428368d167859188a10ffaecac59132d991c48a5002d24afeec64	2	unknown	ENA_sample_title_or_alias	SRX29769301	1	single_run_for_ENA_experiment	formal_v2_uniform_reprocessed	3432710670	99752103.6911	1.00248512362
RNA_V2_G0078	rna_seq:SRR34628126	SRR34628126	alphagenome_custom/tracks/rna_seq_v2_normalized/SRR34628126.bw	834f95a04768e9b93ccbac0632725053c4f45d4d3d5f40b7b99f72ff87a3ce84	1	unknown	ENA_sample_title_or_alias	SRX29769300	1	single_run_for_ENA_experiment	formal_v2_uniform_reprocessed	3247366586	99326863.1755	1.00677698664
RNA_V2_G0079	rna_seq:SRR34629314	SRR34629314	alphagenome_custom/tracks/rna_seq_v2_normalized/SRR34629314.bw	c396b0191f432873e455d5463f450a072dfa4c42b670d9be94482e7920114777	4	unknown	ENA_sample_title_or_alias	SRX29770460	1	single_run_for_ENA_experiment	formal_v2_uniform_reprocessed	5558188481	99545603.9904	1.00456470192
RNA_V2_G0079	rna_seq:SRR34629315	SRR34629315	alphagenome_custom/tracks/rna_seq_v2_normalized/SRR34629315.bw	f4a6dcae3fb1aa8dc94a57f770fef01f1b9a8133a07cee97eaf97a0c6b4f8e4f	3	unknown	ENA_sample_title_or_alias	SRX29770459	1	single_run_for_ENA_experiment	formal_v2_uniform_reprocessed	5469291766	96072824.8192	1.04087706579
RNA_V2_G0079	rna_seq:SRR34629316	SRR34629316	alphagenome_custom/tracks/rna_seq_v2_normalized/SRR34629316.bw	5aa542ea0f1b183f494aca76c838850eb50eb0b45dec450acfb6b7cc7bcb1af4	2	unknown	ENA_sample_title_or_alias	SRX29770458	1	single_run_for_ENA_experiment	formal_v2_uniform_reprocessed	5367274526	100000000	0.999999999999
RNA_V2_G0079	rna_seq:SRR34629317	SRR34629317	alphagenome_custom/tracks/rna_seq_v2_normalized/SRR34629317.bw	e40e6d30569217b5ab2fde648e718017511655c74a2f94417d500b0b9f396ad7	1	unknown	ENA_sample_title_or_alias	SRX29770457	1	single_run_for_ENA_experiment	formal_v2_uniform_reprocessed	6427467074	99500232.0269	1.00502278199
RNA_V2_G0080	rna_seq:SRR34629318	SRR34629318	alphagenome_custom/tracks/rna_seq_v2_normalized/SRR34629318.bw	e82722889170968bc2cfd1589a11188f4d9525e9a047bd986d4f8cf3e27e0869	3	unknown	ENA_sample_title_or_alias	SRX29770456	1	single_run_for_ENA_experiment	formal_v2_uniform_reprocessed	6272197180	98768620.0487	1.01246731959
RNA_V2_G0080	rna_seq:SRR34629319	SRR34629319	alphagenome_custom/tracks/rna_seq_v2_normalized/SRR34629319.bw	6969a74d403a673886e351ce68b9bbc9bfce8ed7c0dc5fbd5c035e817d0d2341	2	unknown	ENA_sample_title_or_alias	SRX29770455	1	single_run_for_ENA_experiment	formal_v2_uniform_reprocessed	6053444780	98762974.6486	1.01252519333
RNA_V2_G0080	rna_seq:SRR34629320	SRR34629320	alphagenome_custom/tracks/rna_seq_v2_normalized/SRR34629320.bw	55444e3ff5d6263b9d4c66e9c513835ac55bea100f75411d260d9bef19b77b58	1	unknown	ENA_sample_title_or_alias	SRX29770454	1	single_run_for_ENA_experiment	formal_v2_uniform_reprocessed	5979464936	98254921.2905	1.01776072574
RNA_V2_G0081	rna_seq:SRR36521013	SRR36521013	alphagenome_custom/tracks/rna_seq_v2_normalized/SRR36521013.bw	94f57716482afe8ef56d1b5a0b2ae606dc04a8e206a5b5980d1d64a04d3cb1c1	3	unknown	ENA_sample_title_or_alias	SRX31541178	1	single_run_for_ENA_experiment	formal_v2_uniform_reprocessed	12082205633	98736802.9941	1.01279357815
RNA_V2_G0081	rna_seq:SRR36521017	SRR36521017	alphagenome_custom/tracks/rna_seq_v2_normalized/SRR36521017.bw	96f9cacca896fc0760045c199bac9f985f8c946fe277b2e4d1198a77b5c2f405	2	unknown	ENA_sample_title_or_alias	SRX31541174	1	single_run_for_ENA_experiment	formal_v2_uniform_reprocessed	11666156266	98582617.7878	1.01437760778
RNA_V2_G0081	rna_seq:SRR36521021	SRR36521021	alphagenome_custom/tracks/rna_seq_v2_normalized/SRR36521021.bw	f1bcf4135285b72500b1661b676ed591164101d150b4406e0fd18db89cdfe2df	1	unknown	ENA_sample_title_or_alias	SRX31541170	1	single_run_for_ENA_experiment	formal_v2_uniform_reprocessed	9017535595	98599153.2144	1.01420749307
RNA_V2_G0082	rna_seq:SRR36521011	SRR36521011	alphagenome_custom/tracks/rna_seq_v2_normalized/SRR36521011.bw	46fa8b306be331996edd00027ca9d2efabab9370b78c498fdd8bd44815f9f69a	3	unknown	ENA_sample_title_or_alias	SRX31541180	1	single_run_for_ENA_experiment	formal_v2_uniform_reprocessed	11795425849	98385847.3108	1.01640635044
RNA_V2_G0082	rna_seq:SRR36521015	SRR36521015	alphagenome_custom/tracks/rna_seq_v2_normalized/SRR36521015.bw	0e1b96221c164efb7de41139ae10172c25f77ac98362f7cb2875595b861cae71	2	unknown	ENA_sample_title_or_alias	SRX31541176	1	single_run_for_ENA_experiment	formal_v2_uniform_reprocessed	9540094217	98370069.4279	1.01656937503
RNA_V2_G0082	rna_seq:SRR36521019	SRR36521019	alphagenome_custom/tracks/rna_seq_v2_normalized/SRR36521019.bw	fd9010d3afc2b2776a1c01b95cb9dbfbaf223073ab88053f1d4d6b94ea70af95	1	unknown	ENA_sample_title_or_alias	SRX31541172	1	single_run_for_ENA_experiment	formal_v2_uniform_reprocessed	10840832413	98286481.8923	1.01743391436
RNA_V2_G0083	rna_seq:SRR36521012	SRR36521012	alphagenome_custom/tracks/rna_seq_v2_normalized/SRR36521012.bw	b9ea753f7f6eb51750307449a7672cfeea960fea26435428287d123d2f1e8f81	3	unknown	ENA_sample_title_or_alias	SRX31541179	1	single_run_for_ENA_experiment	formal_v2_uniform_reprocessed	10432020241	98685220.104	1.01332296665
RNA_V2_G0083	rna_seq:SRR36521016	SRR36521016	alphagenome_custom/tracks/rna_seq_v2_normalized/SRR36521016.bw	fd32be83d5acba5ac352496e780ece6e9a13b4c5cd608e3647fe973dc1b6b503	2	unknown	ENA_sample_title_or_alias	SRX31541175	1	single_run_for_ENA_experiment	formal_v2_uniform_reprocessed	8784266739	98916664.4507	1.01095200243
RNA_V2_G0083	rna_seq:SRR36521020	SRR36521020	alphagenome_custom/tracks/rna_seq_v2_normalized/SRR36521020.bw	9172162d468d1ef94c667c3a0e28a02dad67e927926d7acd294cb14fe2c32cb0	1	unknown	ENA_sample_title_or_alias	SRX31541171	1	single_run_for_ENA_experiment	formal_v2_uniform_reprocessed	7570168985	98697875.7335	1.01319303234
RNA_V2_G0084	rna_seq:SRR36521014	SRR36521014	alphagenome_custom/tracks/rna_seq_v2_normalized/SRR36521014.bw	642d02553e569f29d5075d7eb694a2f002ec08c460af86e1cef894fc7b34356a	3	unknown	ENA_sample_title_or_alias	SRX31541177	1	single_run_for_ENA_experiment	formal_v2_uniform_reprocessed	10489704958	98761413.4763	1.01254119884
RNA_V2_G0084	rna_seq:SRR36521018	SRR36521018	alphagenome_custom/tracks/rna_seq_v2_normalized/SRR36521018.bw	9a264b1873fc20240fec801f2b8d6490a000bb0dd2d46849cdedf388c78d8f05	2	unknown	ENA_sample_title_or_alias	SRX31541173	1	single_run_for_ENA_experiment	formal_v2_uniform_reprocessed	9235801629	98741512.2229	1.01274527551
RNA_V2_G0084	rna_seq:SRR36521022	SRR36521022	alphagenome_custom/tracks/rna_seq_v2_normalized/SRR36521022.bw	7db480e43a274c5346d123aa773dbde2d66e1315f517bbaf25b51f10c2b252bb	1	unknown	ENA_sample_title_or_alias	SRX31541169	1	single_run_for_ENA_experiment	formal_v2_uniform_reprocessed	10164460214	98355410.954	1.01672088022
RNA_V2_G0085	rna_seq:SRR941632	SRR941632	alphagenome_custom/tracks/rna_seq_v2_normalized/SRR941632.bw	bbf4d9a7d95fa47497951e5dea2201613c13d1629600bf3a0642567ac406da28		unknown		SRX326668	1	single_run_for_ENA_experiment	formal_v2_uniform_reprocessed	734364293	97791556.2375	1.02258317433
RNA_V2_G0086	rna_seq:SRR941637	SRR941637	alphagenome_custom/tracks/rna_seq_v2_normalized/SRR941637.bw	622b731a563a2b678c54a16ecd71b6b71ad542d885bcec8de0a61153d6aacede		unknown		SRX326673	1	single_run_for_ENA_experiment	formal_v2_uniform_reprocessed	989481460	97951182.3756	1.02091672173
RNA_V2_G0087	rna_seq:SRR941638	SRR941638	alphagenome_custom/tracks/rna_seq_v2_normalized/SRR941638.bw	62092b1abffbdc7daed1f08deb89145e4382296aec571513285e9d635ae3b5d5		unknown		SRX326674	1	single_run_for_ENA_experiment	formal_v2_uniform_reprocessed	986846867	98013516.8226	1.02026744108
RNA_V2_G0088	rna_seq:SRR941639	SRR941639	alphagenome_custom/tracks/rna_seq_v2_normalized/SRR941639.bw	23c5851c6de3c5245f6ddefcd8f4725cd2137ebf779f9694ad6126887459801b		unknown		SRX326675	1	single_run_for_ENA_experiment	formal_v2_uniform_reprocessed	854080266	98338450.7929	1.01689623127
RNA_V2_G0089	rna_seq:SRR941640	SRR941640	alphagenome_custom/tracks/rna_seq_v2_normalized/SRR941640.bw	40b0f4188d86603932497b10beccdae55c77f6371d17b8452d11acef9296b18d		unknown		SRX326676	1	single_run_for_ENA_experiment	formal_v2_uniform_reprocessed	525231788	98416680.8707	1.01608791432
RNA_V2_G0090	rna_seq:SRR941641	SRR941641	alphagenome_custom/tracks/rna_seq_v2_normalized/SRR941641.bw	16441213894cbe523664fe30c68390ccbab3c8a016d5908739bb0c073f1a2ad9		unknown		SRX326677	1	single_run_for_ENA_experiment	formal_v2_uniform_reprocessed	477782211	98360141.4386	1.01667198255
RNA_V2_G0091	rna_seq:SRR941642	SRR941642	alphagenome_custom/tracks/rna_seq_v2_normalized/SRR941642.bw	15099f8a393535b0a2249616a76d04b89246600ff7d86679c4075ce1ebd93194		unknown		SRX326678	1	single_run_for_ENA_experiment	formal_v2_uniform_reprocessed	642795118	97776669.2059	1.0227388682
RNA_V2_G0092	rna_seq:SRR941643	SRR941643	alphagenome_custom/tracks/rna_seq_v2_normalized/SRR941643.bw	aa170b09226031a8b0e30331d517dd7b04b108830b872dfd433703485c6c5dcd		unknown		SRX326679	1	single_run_for_ENA_experiment	formal_v2_uniform_reprocessed	581360530	98074968.9764	1.01962815837
RNA_V2_G0093	rna_seq:SRR941644	SRR941644	alphagenome_custom/tracks/rna_seq_v2_normalized/SRR941644.bw	0b69cfa350d4288a702bd220e2c515ba8aa498912be1aa99cbc75b9b5ab9dc6e		unknown		SRX326680	1	single_run_for_ENA_experiment	formal_v2_uniform_reprocessed	597892380	97724006.663	1.0232900125
RNA_V2_G0094	rna_seq:SRR941645	SRR941645	alphagenome_custom/tracks/rna_seq_v2_normalized/SRR941645.bw	135a9b809fcba268738fd7841244a2f89289217bf026effc07ff53c7c5a2aa34		unknown		SRX326681	1	single_run_for_ENA_experiment	formal_v2_uniform_reprocessed	627438875	98182494.7581	1.0185114999
RNA_V2_G0095	rna_seq:SRR941646	SRR941646	alphagenome_custom/tracks/rna_seq_v2_normalized/SRR941646.bw	f3271f8330b9d5cc5d54ec40aaef8e0e8b5ae197d92b7774bd8e073cdc49146e		unknown		SRX326682	1	single_run_for_ENA_experiment	formal_v2_uniform_reprocessed	895153937	97827194.6966	1.02221064715
RNA_V2_G0096	rna_seq:SRR941633	SRR941633	alphagenome_custom/tracks/rna_seq_v2_normalized/SRR941633.bw	4990fa9fbc06d9ec3359e4e4228ab7d93262389d0c373f827ddc6807579d3ea8		unknown		SRX326669	1	single_run_for_ENA_experiment	formal_v2_uniform_reprocessed	677230180	97704074.6641	1.02349876752
RNA_V2_G0097	rna_seq:SRR941647	SRR941647	alphagenome_custom/tracks/rna_seq_v2_normalized/SRR941647.bw	cd9349f29058b67012f8ca3ae2bd722033c6608850ccdd9adbd05a9115edf464		unknown		SRX326683	1	single_run_for_ENA_experiment	formal_v2_uniform_reprocessed	1125313183	97372055.5718	1.02698869211
RNA_V2_G0098	rna_seq:SRR941648	SRR941648	alphagenome_custom/tracks/rna_seq_v2_normalized/SRR941648.bw	25785a920a801f12fe1131448ee106459d248d8782be4dc31e902ffbcb33b0b3		unknown		SRX326684	1	single_run_for_ENA_experiment	formal_v2_uniform_reprocessed	1229595054	97299082.748	1.02775891792
RNA_V2_G0099	rna_seq:SRR941649	SRR941649	alphagenome_custom/tracks/rna_seq_v2_normalized/SRR941649.bw	12eb9daf8d187c818b518d95de6c01302594b977f74d2ca1768f47f3b293396c		unknown		SRX326685	1	single_run_for_ENA_experiment	formal_v2_uniform_reprocessed	1127305768	97653957.5552	1.02402403859
RNA_V2_G0100	rna_seq:SRR941650	SRR941650	alphagenome_custom/tracks/rna_seq_v2_normalized/SRR941650.bw	11e259a445ebc465b0b3f1a9b72d50bbe24e413db6694fa238153b41d05b02b5		unknown		SRX326686	1	single_run_for_ENA_experiment	formal_v2_uniform_reprocessed	1442375355	97589365.1324	1.02470181935
RNA_V2_G0101	rna_seq:SRR941651	SRR941651	alphagenome_custom/tracks/rna_seq_v2_normalized/SRR941651.bw	2cea9ed53c8cbc100722a1d2d53875c2a5652dde1b00e1ab122680ecd94d9078		unknown		SRX326687	1	single_run_for_ENA_experiment	formal_v2_uniform_reprocessed	793899008	98025394.8379	1.02014381238
RNA_V2_G0102	rna_seq:SRR941634	SRR941634	alphagenome_custom/tracks/rna_seq_v2_normalized/SRR941634.bw	445cd800f64e40da4cd5547460e64a976e023f0409adba070289718c5ad8993c		unknown		SRX326670	1	single_run_for_ENA_experiment	formal_v2_uniform_reprocessed	1059171170	98133413.7219	1.01902090437
RNA_V2_G0103	rna_seq:SRR941635	SRR941635	alphagenome_custom/tracks/rna_seq_v2_normalized/SRR941635.bw	ed8d7d68d3dcada6fe348ba9b83a41a11b1a4f7cd5f0600c9588b69cb8f80904		unknown		SRX326671	1	single_run_for_ENA_experiment	formal_v2_uniform_reprocessed	766411598	98282973.7378	1.01747023108
RNA_V2_G0104	rna_seq:SRR941636	SRR941636	alphagenome_custom/tracks/rna_seq_v2_normalized/SRR941636.bw	0778a7ba2d003f8f3dee7536c254bc6007627ce0f3a35380288c5d68556ab4da		unknown		SRX326672	1	single_run_for_ENA_experiment	formal_v2_uniform_reprocessed	559308106	98044852.2308	1.01994136076
RNA_V2_G0105	rna_seq:SRR941697	SRR941697	alphagenome_custom/tracks/rna_seq_v2_normalized/SRR941697.bw	0d3c93502984bf80c2b76cd0c0abd88dbb89ed9cea98c4f6736ee3d1bdf3d03f		unknown		SRX326733	1	single_run_for_ENA_experiment	formal_v2_uniform_reprocessed	1204909145	98511450.626	1.0151104198
RNA_V2_G0106	rna_seq:SRR941698	SRR941698	alphagenome_custom/tracks/rna_seq_v2_normalized/SRR941698.bw	bfd5827898e247eab595af3a789f761fbb406b9ae227677889342eb7e326b20b		unknown		SRX326734	1	single_run_for_ENA_experiment	formal_v2_uniform_reprocessed	1360571429	98446946.5835	1.01577553668
RNA_V2_G0107	rna_seq:SRR941699	SRR941699	alphagenome_custom/tracks/rna_seq_v2_normalized/SRR941699.bw	e6f5a2278bad6a37d577d53ab9ffa2085c21220a3719d41af89b2d2597398393		unknown		SRX326735	1	single_run_for_ENA_experiment	formal_v2_uniform_reprocessed	1138676424	98386556.7083	1.01639902184
RNA_V2_G0108	rna_seq:SRR941700	SRR941700	alphagenome_custom/tracks/rna_seq_v2_normalized/SRR941700.bw	78ef44a2bd71e66dd305ae897a1b01f3a6d03dc240051592d36f98de581844af		unknown		SRX326736	1	single_run_for_ENA_experiment	formal_v2_uniform_reprocessed	1158790358	98342105.4748	1.01685844041
RNA_V2_G0109	rna_seq:SRR941701	SRR941701	alphagenome_custom/tracks/rna_seq_v2_normalized/SRR941701.bw	bc69ee36a60b5ac9fd2e23ae4a9f98d053223b8f30c279eebfd723c67e034d8c		unknown		SRX326737	1	single_run_for_ENA_experiment	formal_v2_uniform_reprocessed	1179299864	98311735.2701	1.01717256567
RNA_V2_G0110	rna_seq:SRR941702	SRR941702	alphagenome_custom/tracks/rna_seq_v2_normalized/SRR941702.bw	e9055c6780e4916f5a45de187a5519d5b687e8cc6e61cf99c1aafeff0f2965ec		unknown		SRX326738	1	single_run_for_ENA_experiment	formal_v2_uniform_reprocessed	1413461140	98480867.8175	1.01542565796
RNA_V2_G0111	rna_seq:SRR3657224	SRR3657224	alphagenome_custom/tracks/rna_seq_v2_normalized/SRR3657224.bw	f62769f70f8e1245977a6232455ab4a7f771839f245b9d47f2df114ae1f75da5		unknown		SRX1836925	1	single_run_for_ENA_experiment	formal_v2_uniform_reprocessed	1009556853	93315994.8092	1.07162764759
RNA_V2_G0112	rna_seq:SRR3657229	SRR3657229	alphagenome_custom/tracks/rna_seq_v2_normalized/SRR3657229.bw	275e5ab3fd8ca447e651de133bba1fdade4782fbf9c166e5caa3a824c3195e5b		unknown		SRX1836930	1	single_run_for_ENA_experiment	formal_v2_uniform_reprocessed	1142706568	93736605.8957	1.06681908358
RNA_V2_G0113	rna_seq:SRR3657225	SRR3657225	alphagenome_custom/tracks/rna_seq_v2_normalized/SRR3657225.bw	b1f4af9cbccf5fbc1fc557924aa6c829116867804cfc5f39bb6883140d9453b5		unknown		SRX1836926	1	single_run_for_ENA_experiment	formal_v2_uniform_reprocessed	870045539	100000000.031	0.999999999687
RNA_V2_G0114	rna_seq:SRR3657226	SRR3657226	alphagenome_custom/tracks/rna_seq_v2_normalized/SRR3657226.bw	6ec32c176afc378a5dd212296d9775c0f899c6cc92f03ca3a0d54dc377cc243b		unknown		SRX1836927	1	single_run_for_ENA_experiment	formal_v2_uniform_reprocessed	860401007	94449915.6015	1.05876219543
RNA_V2_G0115	rna_seq:SRR3657230	SRR3657230	alphagenome_custom/tracks/rna_seq_v2_normalized/SRR3657230.bw	948d518757440680b8190e59d324288c5a9a78b2475a91ec79abbaf124d63d3e		unknown		SRX1836931	1	single_run_for_ENA_experiment	formal_v2_uniform_reprocessed	2970955092	92820395.7313	1.07734942533
RNA_V2_G0116	rna_seq:SRR3657231	SRR3657231	alphagenome_custom/tracks/rna_seq_v2_normalized/SRR3657231.bw	2c9dfbfc88e7753db6de66c153236879c411382815e66686928c614ac7d12ca8		unknown		SRX1836932	1	single_run_for_ENA_experiment	formal_v2_uniform_reprocessed	1947085811	89632923.3547	1.11566148082
RNA_V2_G0117	rna_seq:SRR3657227	SRR3657227	alphagenome_custom/tracks/rna_seq_v2_normalized/SRR3657227.bw	5e5b415c983bb56130a75f8ece67f3c84779b42837e819576d03c291047571ca		unknown		SRX1836928	1	single_run_for_ENA_experiment	formal_v2_uniform_reprocessed	1937323678	96254791.1074	1.0389093244
RNA_V2_G0118	rna_seq:SRR3657228	SRR3657228	alphagenome_custom/tracks/rna_seq_v2_normalized/SRR3657228.bw	bb4de0ff45cf197e8d5c7096c7acf5f09c93fa1b8b8b71be219c7252c56092e7		unknown		SRX1836929	1	single_run_for_ENA_experiment	formal_v2_uniform_reprocessed	1864245660	96739915.0082	1.03369948166
RNA_V2_G0119	rna_seq:SRR3657232	SRR3657232	alphagenome_custom/tracks/rna_seq_v2_normalized/SRR3657232.bw	4cda479fa0bddf853c64da72f9e83552fc927cf0aacf89cc303df255847a791e		unknown		SRX1836933	1	single_run_for_ENA_experiment	formal_v2_uniform_reprocessed	1307604842	94068176.1081	1.06305877436
RNA_V2_G0120	rna_seq:SRR3657233	SRR3657233	alphagenome_custom/tracks/rna_seq_v2_normalized/SRR3657233.bw	f86efa31b21504e5e514eae98d26df2e9894a884c8959d2b6664b6e5b7fa4708		unknown		SRX1836934	1	single_run_for_ENA_experiment	formal_v2_uniform_reprocessed	1274317536	91556397.5395	1.09222296516
RNA_V2_G0121	rna_seq:SRR14191081	SRR14191081	alphagenome_custom/tracks/rna_seq_v2_normalized/SRR14191081.bw	f40010d94ea59b5a7fc70de3676110acca188d744a92c5e5dbc04f61864879f7		unknown		SRX10558032	1	single_run_for_ENA_experiment	formal_v2_uniform_reprocessed	1574779414	98071384.2243	1.01966542831
RNA_V2_G0122	rna_seq:SRR14191082	SRR14191082	alphagenome_custom/tracks/rna_seq_v2_normalized/SRR14191082.bw	d4bf22864de5d203c1596b0b6fbd834282ff281bc205ea7b126d9f50e5699d2a		unknown		SRX10558033	1	single_run_for_ENA_experiment	formal_v2_uniform_reprocessed	1747896267	98055773.3267	1.0198277634
RNA_V2_G0123	rna_seq:SRR14191083	SRR14191083	alphagenome_custom/tracks/rna_seq_v2_normalized/SRR14191083.bw	880aa57b5f9aae8a5055e9b411b36f4605d4296fb1ce898d3c4e46d314cd5a2c		unknown		SRX10558034	1	single_run_for_ENA_experiment	formal_v2_uniform_reprocessed	1459186227	97748138.3479	1.02303738659
RNA_V2_G0124	rna_seq:SRR14191084	SRR14191084	alphagenome_custom/tracks/rna_seq_v2_normalized/SRR14191084.bw	65176f2a958c01788ab018eb9e8e08ac8530eef26c6669bdc6846b73f377dc85		unknown		SRX10558035	1	single_run_for_ENA_experiment	formal_v2_uniform_reprocessed	1531161684	97915545.6505	1.02128828814
RNA_V2_G0125	rna_seq:SRR14191085	SRR14191085	alphagenome_custom/tracks/rna_seq_v2_normalized/SRR14191085.bw	aa81f311c496bc31d157538989fa9cfdbda6e2911dfa7afe32ee8a2b23ff7e98		unknown		SRX10558036	1	single_run_for_ENA_experiment	formal_v2_uniform_reprocessed	1360724755	98064526.4711	1.01973673456
RNA_V2_G0126	rna_seq:SRR14191086	SRR14191086	alphagenome_custom/tracks/rna_seq_v2_normalized/SRR14191086.bw	bf72d08858fab50857edc4415253695a1d9a9410cce6c1fcb0a55a0036ecd740		unknown		SRX10558037	1	single_run_for_ENA_experiment	formal_v2_uniform_reprocessed	1507949119	97989994.5445	1.02051235399
RNA_V2_G0127	rna_seq:SRR14191087	SRR14191087	alphagenome_custom/tracks/rna_seq_v2_normalized/SRR14191087.bw	e32b1b42c6161d0dba187024dffb3d3b963fe0a8b1aa612d4d9b81a7205329e6		unknown		SRX10558038	1	single_run_for_ENA_experiment	formal_v2_uniform_reprocessed	1491830082	98275386.6779	1.01754878185
RNA_V2_G0128	rna_seq:SRR14191088	SRR14191088	alphagenome_custom/tracks/rna_seq_v2_normalized/SRR14191088.bw	ff1145ec2ef546245273a1c21c3f5715d96c614f6f1f004bfcd2f0e0858a2e27		unknown		SRX10558039	1	single_run_for_ENA_experiment	formal_v2_uniform_reprocessed	1437634201	98255388.2213	1.01775588912
RNA_V2_G0129	rna_seq:SRR14191089	SRR14191089	alphagenome_custom/tracks/rna_seq_v2_normalized/SRR14191089.bw	c646c986474b89b17299be20c15a8eb805e4d6ed25ae74ee119ab33e049b22b4		unknown		SRX10558040	1	single_run_for_ENA_experiment	formal_v2_uniform_reprocessed	2042586045	98046425.0362	1.01992499944
RNA_V2_G0130	rna_seq:SRR14191090	SRR14191090	alphagenome_custom/tracks/rna_seq_v2_normalized/SRR14191090.bw	7f9d36f92291246c5fce98cd2a303f2b9b9907e6d8e8a630b39709f83a0c0726		unknown		SRX10558041	1	single_run_for_ENA_experiment	formal_v2_uniform_reprocessed	1675026175	98550477.0218	1.01470843188
RNA_V2_G0131	rna_seq:SRR14191091	SRR14191091	alphagenome_custom/tracks/rna_seq_v2_normalized/SRR14191091.bw	7c4470bb0f2e38d530c264b59acaa7ac0ec831ed9f3b12a024bbc80e3d8df206		unknown		SRX10558042	1	single_run_for_ENA_experiment	formal_v2_uniform_reprocessed	1296700055	97592726.87	1.02466652185
RNA_V2_G0132	rna_seq:SRR14191092	SRR14191092	alphagenome_custom/tracks/rna_seq_v2_normalized/SRR14191092.bw	54bcff3bba88955ed782ec4aa54fcd4c3cfd70341f656115bb60de895a00cb6e		unknown		SRX10558043	1	single_run_for_ENA_experiment	formal_v2_uniform_reprocessed	1531112786	97320592.5199	1.02753176292
RNA_V2_G0133	rna_seq:SRR14701362	SRR14701362	alphagenome_custom/tracks/rna_seq_v2_normalized/SRR14701362.bw	bae04f795f7dea5afb6d64b232373162f4e623e6f1eb94d1c1fb780203a5941a		unknown		SRX11039408	1	single_run_for_ENA_experiment	formal_v2_uniform_reprocessed	10812898760	98917128.1736	1.01094726309
RNA_V2_G0134	rna_seq:SRR14701363	SRR14701363	alphagenome_custom/tracks/rna_seq_v2_normalized/SRR14701363.bw	7224bbe732fc93799e25bc3babcde6a55422e49ad1f71808150f7fdd0c5baf4e		unknown		SRX11039409	1	single_run_for_ENA_experiment	formal_v2_uniform_reprocessed	12557441211	98796319.2649	1.01218345728
RNA_V2_G0135	rna_seq:SRR14701364	SRR14701364	alphagenome_custom/tracks/rna_seq_v2_normalized/SRR14701364.bw	80054a5aa65bbb0527831a4e342a86ba01c498ec4f9bb34e0c4bbd16822d2189		unknown		SRX11039410	1	single_run_for_ENA_experiment	formal_v2_uniform_reprocessed	10344829694	98498052.3869	1.01524850062
RNA_V2_G0136	rna_seq:SRR14701371	SRR14701371	alphagenome_custom/tracks/rna_seq_v2_normalized/SRR14701371.bw	624027b0825c8382aaccc8ee37f64c7133af48f868107e95528edbc439273275		unknown		SRX11039417	1	single_run_for_ENA_experiment	formal_v2_uniform_reprocessed	11730724126	97740387.6754	1.02311851199
RNA_V2_G0137	rna_seq:SRR14701372	SRR14701372	alphagenome_custom/tracks/rna_seq_v2_normalized/SRR14701372.bw	6eb6d7e3d53f214bf6c46ffcd392c215498492c5c9a8bfe0e5375e9dea9f22f9		unknown		SRX11039418	1	single_run_for_ENA_experiment	formal_v2_uniform_reprocessed	8136589225	98668039.2691	1.0134994142
RNA_V2_G0138	rna_seq:SRR14701373	SRR14701373	alphagenome_custom/tracks/rna_seq_v2_normalized/SRR14701373.bw	536bdfb0d461f228deb8c6257e5cfb7220aeeddf27091679ed460f331fcb1518		unknown		SRX11039419	1	single_run_for_ENA_experiment	formal_v2_uniform_reprocessed	9875987561	97916917.4236	1.02127398034
RNA_V2_G0139	rna_seq:SRR14701380	SRR14701380	alphagenome_custom/tracks/rna_seq_v2_normalized/SRR14701380.bw	fdd7f4aa3a7665801afbe40f97287fc7816ed5f08feabf76d87fabf8eed61e11		unknown		SRX11039426	1	single_run_for_ENA_experiment	formal_v2_uniform_reprocessed	8262410000	98922743.4926	1.01088987698
RNA_V2_G0140	rna_seq:SRR14701381	SRR14701381	alphagenome_custom/tracks/rna_seq_v2_normalized/SRR14701381.bw	c586ca3abd61af0da1ad120ca098be46aefecdab8885a3855c004475d89c97eb		unknown		SRX11039427	1	single_run_for_ENA_experiment	formal_v2_uniform_reprocessed	10149239424	98527962.6173	1.01494030064
RNA_V2_G0141	rna_seq:SRR14701382	SRR14701382	alphagenome_custom/tracks/rna_seq_v2_normalized/SRR14701382.bw	dbee6dcbe6b9463d260c007043648b0777d5da5fd84b7ca6efdd576c609f3141		unknown		SRX11039428	1	single_run_for_ENA_experiment	formal_v2_uniform_reprocessed	12074923485	98121357.7219	1.01914610969
RNA_V2_G0142	rna_seq:SRR14701389	SRR14701389	alphagenome_custom/tracks/rna_seq_v2_normalized/SRR14701389.bw	349ec1eb0b26d7b76c48b7f39fba7b22789f8290a07007af3b9cd6728b6e3fd3		unknown		SRX11039435	1	single_run_for_ENA_experiment	formal_v2_uniform_reprocessed	7870949121	99014441.6465	1.00995368289
RNA_V2_G0143	rna_seq:SRR14701390	SRR14701390	alphagenome_custom/tracks/rna_seq_v2_normalized/SRR14701390.bw	9a4ac00c028920d02f646494659217a821ea8f7d4651b9aed0f9593889de80f4		unknown		SRX11039436	1	single_run_for_ENA_experiment	formal_v2_uniform_reprocessed	11041643803	98495693.7449	1.01527281242
RNA_V2_G0144	rna_seq:SRR14701391	SRR14701391	alphagenome_custom/tracks/rna_seq_v2_normalized/SRR14701391.bw	b83806cce95b31ab0c07ac0258b11ad4b5fa6a1a965d8bfd54ca192168678fb4		unknown		SRX11039437	1	single_run_for_ENA_experiment	formal_v2_uniform_reprocessed	10734489535	98380107.1705	1.01646565425
RNA_V2_G0145	rna_seq:SRR14701359	SRR14701359	alphagenome_custom/tracks/rna_seq_v2_normalized/SRR14701359.bw	34851addaeff3129d36f0147430bb51b6fb5991af51003e7cbe39748d4a235b9		unknown		SRX11039405	1	single_run_for_ENA_experiment	formal_v2_uniform_reprocessed	12276232228	97610696.9739	1.02447788101
RNA_V2_G0146	rna_seq:SRR14701360	SRR14701360	alphagenome_custom/tracks/rna_seq_v2_normalized/SRR14701360.bw	b39b36774036124973649ac63bb3ea9df96543d222e00e68f9fc27adf241dfc8		unknown		SRX11039406	1	single_run_for_ENA_experiment	formal_v2_uniform_reprocessed	9903127476	98356409.3975	1.01671055921
RNA_V2_G0147	rna_seq:SRR14701361	SRR14701361	alphagenome_custom/tracks/rna_seq_v2_normalized/SRR14701361.bw	fd8814141e008f42a27b07382fba00345ee23c27d63e8baea61365894122f514		unknown		SRX11039407	1	single_run_for_ENA_experiment	formal_v2_uniform_reprocessed	13472302743	98329003.7968	1.01699392996
RNA_V2_G0148	rna_seq:SRR14701365	SRR14701365	alphagenome_custom/tracks/rna_seq_v2_normalized/SRR14701365.bw	a26b8f5b9f192b2e254097cb5508e88e33662a03fbbd0606b7c5a05e2da7a709		unknown		SRX11039411	1	single_run_for_ENA_experiment	formal_v2_uniform_reprocessed	10022232793	98275144.1638	1.01755129286
RNA_V2_G0149	rna_seq:SRR14701366	SRR14701366	alphagenome_custom/tracks/rna_seq_v2_normalized/SRR14701366.bw	9451ea0aa37a32ea033f65f641d95f5742ba80966b365a55d9dfaece47151273		unknown		SRX11039412	1	single_run_for_ENA_experiment	formal_v2_uniform_reprocessed	11077941694	98203529.508	1.01829333936
RNA_V2_G0150	rna_seq:SRR14701367	SRR14701367	alphagenome_custom/tracks/rna_seq_v2_normalized/SRR14701367.bw	e52b7cc40b6aed2417d7c3841d3321b1ae95e26f09871e5c510077a8a3e3120f		unknown		SRX11039413	1	single_run_for_ENA_experiment	formal_v2_uniform_reprocessed	10539217656	98191546.4146	1.01841760978
RNA_V2_G0151	rna_seq:SRR14701368	SRR14701368	alphagenome_custom/tracks/rna_seq_v2_normalized/SRR14701368.bw	3c2443f8892df755344aec7f8b274cf742418d16a1701d883effc4bbf8a00f29		unknown		SRX11039414	1	single_run_for_ENA_experiment	formal_v2_uniform_reprocessed	16987805221	98650100.6025	1.0136837103
RNA_V2_G0152	rna_seq:SRR14701369	SRR14701369	alphagenome_custom/tracks/rna_seq_v2_normalized/SRR14701369.bw	a035f38d78ea105d40f962a5002e4b90e8f52f0b56a6657c89792c8b06bbc976		unknown		SRX11039415	1	single_run_for_ENA_experiment	formal_v2_uniform_reprocessed	9704885314	98596781.4998	1.01423188951
RNA_V2_G0153	rna_seq:SRR14701370	SRR14701370	alphagenome_custom/tracks/rna_seq_v2_normalized/SRR14701370.bw	ea70bddcec94a2b9b2a9c9e35225e1416ee4c14b5f35780277bcd7647d21d40c		unknown		SRX11039416	1	single_run_for_ENA_experiment	formal_v2_uniform_reprocessed	10270105878	98493031.9692	1.01530025019
RNA_V2_G0154	rna_seq:SRR14701374	SRR14701374	alphagenome_custom/tracks/rna_seq_v2_normalized/SRR14701374.bw	534277f969ed88930e22118ca6e89c8758dc1cd19735b1640b67f5e9f4a1743d		unknown		SRX11039420	1	single_run_for_ENA_experiment	formal_v2_uniform_reprocessed	10602888067	98392593.6411	1.0163366601
RNA_V2_G0155	rna_seq:SRR14701375	SRR14701375	alphagenome_custom/tracks/rna_seq_v2_normalized/SRR14701375.bw	aefa910d98d477ebba88b0640349f80c73a6e9416818bc9c340b3a894268b0b1		unknown		SRX11039421	1	single_run_for_ENA_experiment	formal_v2_uniform_reprocessed	12436958259	98731460.0295	1.01284838663
RNA_V2_G0156	rna_seq:SRR14701376	SRR14701376	alphagenome_custom/tracks/rna_seq_v2_normalized/SRR14701376.bw	4d7659d8c61f293ee2fb764bc9aec1ed6a5bb03a329d4a71c37eedbb966e42a1		unknown		SRX11039422	1	single_run_for_ENA_experiment	formal_v2_uniform_reprocessed	9241974130	98158149.6424	1.01876411041
RNA_V2_G0157	rna_seq:SRR14701377	SRR14701377	alphagenome_custom/tracks/rna_seq_v2_normalized/SRR14701377.bw	3a8cb3d8d728a0aef26293120aaff0d6982de884506674263e0b6d2ad2ef0f80		unknown		SRX11039423	1	single_run_for_ENA_experiment	formal_v2_uniform_reprocessed	13514299460	98418503.3387	1.01606909887
RNA_V2_G0158	rna_seq:SRR14701378	SRR14701378	alphagenome_custom/tracks/rna_seq_v2_normalized/SRR14701378.bw	c98eee65b7c6cec2490630cd52348fb97d42931f26990540aad6744094f4d608		unknown		SRX11039424	1	single_run_for_ENA_experiment	formal_v2_uniform_reprocessed	10035385795	98407763.5867	1.01617998779
RNA_V2_G0159	rna_seq:SRR14701379	SRR14701379	alphagenome_custom/tracks/rna_seq_v2_normalized/SRR14701379.bw	d0f9e472eeb887ca212a26dfd75569456cbbd91bc74aa27f1b369364b87d81f0		unknown		SRX11039425	1	single_run_for_ENA_experiment	formal_v2_uniform_reprocessed	10954665284	98293897.4814	1.01735715606
RNA_V2_G0160	rna_seq:SRR14701383	SRR14701383	alphagenome_custom/tracks/rna_seq_v2_normalized/SRR14701383.bw	a7fc8fd280424b21cb5edc56b129cc4e4ffaf3ae58c50040fa16cb84ad5ea00e		unknown		SRX11039429	1	single_run_for_ENA_experiment	formal_v2_uniform_reprocessed	8722100154	98942748.5787	1.01068548667
RNA_V2_G0161	rna_seq:SRR14701384	SRR14701384	alphagenome_custom/tracks/rna_seq_v2_normalized/SRR14701384.bw	5156ba9cdaec1e8af5bb0c098ee1b4fbac2e43b6978e52a9bdf548864c339127		unknown		SRX11039430	1	single_run_for_ENA_experiment	formal_v2_uniform_reprocessed	8726813662	98820633.9262	1.01193441113
RNA_V2_G0162	rna_seq:SRR14701385	SRR14701385	alphagenome_custom/tracks/rna_seq_v2_normalized/SRR14701385.bw	8137ffd43481c6e3102847d72bdae1a3925b005a16aaf466abb5bb3de9e6879b		unknown		SRX11039431	1	single_run_for_ENA_experiment	formal_v2_uniform_reprocessed	7530421833	98783033.2022	1.01231959334
RNA_V2_G0163	rna_seq:SRR14701386	SRR14701386	alphagenome_custom/tracks/rna_seq_v2_normalized/SRR14701386.bw	4fe87b6c586de96bd5f504ca27b70eb86d910fab40a8450795661cee5f3a4b7a		unknown		SRX11039432	1	single_run_for_ENA_experiment	formal_v2_uniform_reprocessed	15253030541	98799460.2328	1.0121512786
RNA_V2_G0164	rna_seq:SRR14701387	SRR14701387	alphagenome_custom/tracks/rna_seq_v2_normalized/SRR14701387.bw	e3deca4540932f480456e31fdcf23d92073ce346cf92fe92e743662349e49b00		unknown		SRX11039433	1	single_run_for_ENA_experiment	formal_v2_uniform_reprocessed	10563286261	98964460.0406	1.01046375597
RNA_V2_G0165	rna_seq:SRR14701388	SRR14701388	alphagenome_custom/tracks/rna_seq_v2_normalized/SRR14701388.bw	3baedfb6c62400518e5c692a1ce83b94dd12aac253696277676fe1a0f618e20f		unknown		SRX11039434	1	single_run_for_ENA_experiment	formal_v2_uniform_reprocessed	11043512873	98739297.021	1.0127679963
RNA_V2_G0166	rna_seq:SRR28628837	SRR28628837	alphagenome_custom/tracks/rna_seq_v2_normalized/SRR28628837.bw	90c1b0b40be876d2eca07164e227c00c8698a71ff8b56e00c2fbb59afeac3447		unknown		SRX24226671	1	single_run_for_ENA_experiment	formal_v2_uniform_reprocessed	5353043591	99072463.4973	1.00936220288
RNA_V2_G0167	rna_seq:SRR28628836	SRR28628836	alphagenome_custom/tracks/rna_seq_v2_normalized/SRR28628836.bw	313828fa9cfc20ccc13094c864b835fe212119db086eb1659ff0e72f1c53fe42		unknown		SRX24226672	1	single_run_for_ENA_experiment	formal_v2_uniform_reprocessed	5186891887	98730155.0326	1.01286177427
RNA_V2_G0168	rna_seq:SRR28628835	SRR28628835	alphagenome_custom/tracks/rna_seq_v2_normalized/SRR28628835.bw	dca48114a8a5d86ffd7431378bb37abd6169acfd5a2d7465ca309b72aa4e4c36		unknown		SRX24226673	1	single_run_for_ENA_experiment	formal_v2_uniform_reprocessed	5453861540	98611712.541	1.01407832217
RNA_V2_G0169	rna_seq:SRR28628825	SRR28628825	alphagenome_custom/tracks/rna_seq_v2_normalized/SRR28628825.bw	84c7312f2a3a5f1f1b18f3dfa1262b9f19b67407a06abd1a53a23c1206819b9e		unknown		SRX24226683	1	single_run_for_ENA_experiment	formal_v2_uniform_reprocessed	4716646597	98828975.5483	1.0118489992
RNA_V2_G0170	rna_seq:SRR28628824	SRR28628824	alphagenome_custom/tracks/rna_seq_v2_normalized/SRR28628824.bw	3b45a3d4c261850226b8362134de217d0f9353e122c42a2e77da156d8ad57e32		unknown		SRX24226684	1	single_run_for_ENA_experiment	formal_v2_uniform_reprocessed	4415508520	98610816.8941	1.01408753268
RNA_V2_G0171	rna_seq:SRR28628823	SRR28628823	alphagenome_custom/tracks/rna_seq_v2_normalized/SRR28628823.bw	c8a7b965367dd2aae2d0af1580ce3b0194fbe16474d969765eee4bf42d31146b		unknown		SRX24226685	1	single_run_for_ENA_experiment	formal_v2_uniform_reprocessed	5497000893	98666829.2844	1.01351184309
RNA_V2_G0172	rna_seq:SRR28628831	SRR28628831	alphagenome_custom/tracks/rna_seq_v2_normalized/SRR28628831.bw	bcaa75414bb0ffd9f2cfdde60c7cc5545f9c6243b5b51eabc83412caba44842b		unknown		SRX24226677	1	single_run_for_ENA_experiment	formal_v2_uniform_reprocessed	6591680526	98459888.6788	1.0156420177
RNA_V2_G0173	rna_seq:SRR28628830	SRR28628830	alphagenome_custom/tracks/rna_seq_v2_normalized/SRR28628830.bw	f248d9a253361a6c642b5b7470d299fe8602dfab49694ac561a74d334108ac64		unknown		SRX24226678	1	single_run_for_ENA_experiment	formal_v2_uniform_reprocessed	5249303296	98479247.5799	1.01544236433
RNA_V2_G0174	rna_seq:SRR28628829	SRR28628829	alphagenome_custom/tracks/rna_seq_v2_normalized/SRR28628829.bw	c1b5c0eea06d5a9ab40b69ba0e0beb29d2e2db6c2f570fb3d9cdbc796789c22d		unknown		SRX24226679	1	single_run_for_ENA_experiment	formal_v2_uniform_reprocessed	4142267563	98614933.5993	1.01404519934
RNA_V2_G0175	rna_seq:SRR28628828	SRR28628828	alphagenome_custom/tracks/rna_seq_v2_normalized/SRR28628828.bw	cf4b5bca989cac6810aa836e8254b2905de0b1b24cf19913f77c34862ec15be7		unknown		SRX24226680	1	single_run_for_ENA_experiment	formal_v2_uniform_reprocessed	5664220529	98764718.0555	1.01250732011
RNA_V2_G0176	rna_seq:SRR28628827	SRR28628827	alphagenome_custom/tracks/rna_seq_v2_normalized/SRR28628827.bw	74d45616bc33a842e8a7f7e2c0b7c764da4f883f466cf7a89875a23959be191f		unknown		SRX24226681	1	single_run_for_ENA_experiment	formal_v2_uniform_reprocessed	6337875293	98677484.7711	1.01340240108
RNA_V2_G0177	rna_seq:SRR28628826	SRR28628826	alphagenome_custom/tracks/rna_seq_v2_normalized/SRR28628826.bw	8317ae7c73d5a5df4c55fbae2815829ee545bd9d0010fbc0b466c0e779c70066		unknown		SRX24226682	1	single_run_for_ENA_experiment	formal_v2_uniform_reprocessed	8383092031	98562321.1134	1.01458649584
RNA_V2_G0178	rna_seq:SRR28628816	SRR28628816	alphagenome_custom/tracks/rna_seq_v2_normalized/SRR28628816.bw	c06239876c58490445acf3e1ef8f9f48b8fa09b337566f2068af9ac8670113c6		unknown		SRX24226692	1	single_run_for_ENA_experiment	formal_v2_uniform_reprocessed	4411947681	99079013.2463	1.00929547765
RNA_V2_G0179	rna_seq:SRR28628815	SRR28628815	alphagenome_custom/tracks/rna_seq_v2_normalized/SRR28628815.bw	b38d2f448c17637a52ccf10aa632a111cdbe1ebda66530e7bd1732376e484717		unknown		SRX24226693	1	single_run_for_ENA_experiment	formal_v2_uniform_reprocessed	5922170418	98378431.905	1.01648296343
RNA_V2_G0180	rna_seq:SRR28628814	SRR28628814	alphagenome_custom/tracks/rna_seq_v2_normalized/SRR28628814.bw	73954a20b6399fbf65246656dbb263a48a77b45c9a9374d996a34226af81798c		unknown		SRX24226694	1	single_run_for_ENA_experiment	formal_v2_uniform_reprocessed	4281807325	98346525.1404	1.01681274308
RNA_V2_G0181	rna_seq:SRR28628822	SRR28628822	alphagenome_custom/tracks/rna_seq_v2_normalized/SRR28628822.bw	3aacf136d09d56995f159c80fcbe6b0d4a7fd408a8a63cc17dde99e66b5feedf		unknown		SRX24226686	1	single_run_for_ENA_experiment	formal_v2_uniform_reprocessed	4594428702	98379546.7997	1.01647144405
RNA_V2_G0182	rna_seq:SRR28628821	SRR28628821	alphagenome_custom/tracks/rna_seq_v2_normalized/SRR28628821.bw	d1ca18ef5552ae93bebb09e2bb82a3c3150d3ba7cdb2842746fed2855a9306ad		unknown		SRX24226687	1	single_run_for_ENA_experiment	formal_v2_uniform_reprocessed	5683912876	98218442.53	1.01813872654
RNA_V2_G0183	rna_seq:SRR28628820	SRR28628820	alphagenome_custom/tracks/rna_seq_v2_normalized/SRR28628820.bw	ee66f8f6acfb5b80c9cfb5a0c1e78ccd4b7f8e80bd48a614757f4c3945b0a2cf		unknown		SRX24226688	1	single_run_for_ENA_experiment	formal_v2_uniform_reprocessed	5362085769	98609766.5721	1.01409833403
RNA_V2_G0184	rna_seq:SRR28628819	SRR28628819	alphagenome_custom/tracks/rna_seq_v2_normalized/SRR28628819.bw	72c8999f70a8cd81fac29f1b1d942c2dc9d6f3af9822a7d911abbdfc0f157c50		unknown		SRX24226689	1	single_run_for_ENA_experiment	formal_v2_uniform_reprocessed	5631893309	98409782.7944	1.01615913744
RNA_V2_G0185	rna_seq:SRR28628818	SRR28628818	alphagenome_custom/tracks/rna_seq_v2_normalized/SRR28628818.bw	1ce9f0483c54413e46cd7962520482675bca932b20908240861d3a30670e3c23		unknown		SRX24226690	1	single_run_for_ENA_experiment	formal_v2_uniform_reprocessed	7398340646	98428678.4039	1.01596406273
RNA_V2_G0186	rna_seq:SRR28628817	SRR28628817	alphagenome_custom/tracks/rna_seq_v2_normalized/SRR28628817.bw	10b3049a043607dcfd0186b5419abf073de0530c308f908d465dd81ca312de83		unknown		SRX24226691	1	single_run_for_ENA_experiment	formal_v2_uniform_reprocessed	5286261709	98233563.0231	1.01798201065
RNA_V2_G0187	rna_seq:SRR28628834	SRR28628834	alphagenome_custom/tracks/rna_seq_v2_normalized/SRR28628834.bw	9c19834c2eb473ba2a6c3df7a7f86675591cf7a72648b2d1ff87ae81d308111b		unknown		SRX24226674	1	single_run_for_ENA_experiment	formal_v2_uniform_reprocessed	6488198304	98321946.4521	1.01706692766
RNA_V2_G0188	rna_seq:SRR28628833	SRR28628833	alphagenome_custom/tracks/rna_seq_v2_normalized/SRR28628833.bw	9378cffbb1d717700f4c34c4e6f05074ef7057f747774a69c4352f35170d7c87		unknown		SRX24226675	1	single_run_for_ENA_experiment	formal_v2_uniform_reprocessed	7142342394	98292127.0412	1.01737548072
RNA_V2_G0189	rna_seq:SRR28628832	SRR28628832	alphagenome_custom/tracks/rna_seq_v2_normalized/SRR28628832.bw	d69d34fe240461653c18be7c88faeedd0d94d3cb453126effd4351c73d83f39e		unknown		SRX24226676	1	single_run_for_ENA_experiment	formal_v2_uniform_reprocessed	6688832780	97996303.9269	1.02044664944
RNA_V2_G0190	rna_seq:SRR28645113	SRR28645113	alphagenome_custom/tracks/rna_seq_v2_normalized/SRR28645113.bw	910603519243affcd4fc456393e2b625feaf2b1f2e7dd8ba1002ee50ec8a3abc		unknown		SRX24238185	1	single_run_for_ENA_experiment	formal_v2_uniform_reprocessed	7977105716	98459023.1934	1.01565094551
RNA_V2_G0191	rna_seq:SRR28645112	SRR28645112	alphagenome_custom/tracks/rna_seq_v2_normalized/SRR28645112.bw	b3e842fa64b51b389d99645c84f255309846087b46896a24ac1e98452e890dcb		unknown		SRX24238186	1	single_run_for_ENA_experiment	formal_v2_uniform_reprocessed	6993156212	98608555.8017	1.01411078569
RNA_V2_G0192	rna_seq:SRR28645111	SRR28645111	alphagenome_custom/tracks/rna_seq_v2_normalized/SRR28645111.bw	1aae953ffa2150aeb989097c83f16cc7692d55bbb490a092caae9e9356691b69		unknown		SRX24238187	1	single_run_for_ENA_experiment	formal_v2_uniform_reprocessed	6673667808	98438995.9708	1.01585757772
RNA_V2_G0193	rna_seq:SRR28645092	SRR28645092	alphagenome_custom/tracks/rna_seq_v2_normalized/SRR28645092.bw	adda0a64147b479fc5832957ccf46a9818c5a44f6309737a6fd826d1a8fc9dad		unknown		SRX24238206	1	single_run_for_ENA_experiment	formal_v2_uniform_reprocessed	7682800376	98850684.3026	1.01162678544
RNA_V2_G0194	rna_seq:SRR28645095	SRR28645095	alphagenome_custom/tracks/rna_seq_v2_normalized/SRR28645095.bw	936b5d647d608f722af58f016d4cce61d8adda36b7f1e191bf536b3edb3c19a2		unknown		SRX24238203	1	single_run_for_ENA_experiment	formal_v2_uniform_reprocessed	8970962948	98502509.2278	1.01520256473
RNA_V2_G0195	rna_seq:SRR28645094	SRR28645094	alphagenome_custom/tracks/rna_seq_v2_normalized/SRR28645094.bw	37e15397b8c4a06fbadfee9c6ce056441d0404fcd64044dd5c124aa2a5c61a80		unknown		SRX24238204	1	single_run_for_ENA_experiment	formal_v2_uniform_reprocessed	11154676912	98590918.3334	1.01429220551
RNA_V2_G0196	rna_seq:SRR28645093	SRR28645093	alphagenome_custom/tracks/rna_seq_v2_normalized/SRR28645093.bw	3b25a5c726e4726ce2e8202c38787512f3e65471a3ee236ee34d8e0771f53216		unknown		SRX24238205	1	single_run_for_ENA_experiment	formal_v2_uniform_reprocessed	6934260024	98581220.8553	1.01439198188
RNA_V2_G0197	rna_seq:SRR28645091	SRR28645091	alphagenome_custom/tracks/rna_seq_v2_normalized/SRR28645091.bw	c49c5f1d9c4288a60f1437126e02480c56a4e793ea31a398240eb6bdb4e7e2ce		unknown		SRX24238207	1	single_run_for_ENA_experiment	formal_v2_uniform_reprocessed	5634211631	98837581.636	1.01176089444
RNA_V2_G0198	rna_seq:SRR28645090	SRR28645090	alphagenome_custom/tracks/rna_seq_v2_normalized/SRR28645090.bw	c64246a2d2691310e8d614c920c17a7eaecf01c17f6e7148617ea00b9b194c2f		unknown		SRX24238208	1	single_run_for_ENA_experiment	formal_v2_uniform_reprocessed	5878043364	98887916.327	1.01124590055
RNA_V2_G0199	rna_seq:SRR28645089	SRR28645089	alphagenome_custom/tracks/rna_seq_v2_normalized/SRR28645089.bw	8f8909ac7340c450318a78a79be059c0bcc70b491d84a4c1a2a52956bb8998b7		unknown		SRX24238209	1	single_run_for_ENA_experiment	formal_v2_uniform_reprocessed	6256713324	98791400.0897	1.01223385749
RNA_V2_G0200	rna_seq:SRR28645107	SRR28645107	alphagenome_custom/tracks/rna_seq_v2_normalized/SRR28645107.bw	ed078c83d6eef2b7195bbf2433c8aba89e644df52ebadc1a62990e2c79c04907		unknown		SRX24238191	1	single_run_for_ENA_experiment	formal_v2_uniform_reprocessed	6369608241	98521096.0873	1.01501103795
RNA_V2_G0201	rna_seq:SRR28645106	SRR28645106	alphagenome_custom/tracks/rna_seq_v2_normalized/SRR28645106.bw	c6a136ec3b2ec173a3d72457b5ead71e3a61c34195960be8d84cdae5a2046cc9		unknown		SRX24238192	1	single_run_for_ENA_experiment	formal_v2_uniform_reprocessed	8145188658	98485849.4225	1.01537429576
RNA_V2_G0202	rna_seq:SRR28645105	SRR28645105	alphagenome_custom/tracks/rna_seq_v2_normalized/SRR28645105.bw	e5144dd617b0bafa155bd6e2cbff9ad51df049d98087a623c21d3577d13f818d		unknown		SRX24238193	1	single_run_for_ENA_experiment	formal_v2_uniform_reprocessed	7735890706	98523130.6485	1.01499007737
RNA_V2_G0203	rna_seq:SRR28645110	SRR28645110	alphagenome_custom/tracks/rna_seq_v2_normalized/SRR28645110.bw	d270ccd5b734fc89b2099ab63ee56f6b1848c6398707a50feb7d3a32b9e89850		unknown		SRX24238188	1	single_run_for_ENA_experiment	formal_v2_uniform_reprocessed	8735763776	98656376.6544	1.01361922454
RNA_V2_G0204	rna_seq:SRR28645109	SRR28645109	alphagenome_custom/tracks/rna_seq_v2_normalized/SRR28645109.bw	21a728440b22c31490ecbba90aa209867f532acf8996f9ba022fce142a2f24c2		unknown		SRX24238189	1	single_run_for_ENA_experiment	formal_v2_uniform_reprocessed	7792795884	98621406.2383	1.01397864636
RNA_V2_G0205	rna_seq:SRR28645108	SRR28645108	alphagenome_custom/tracks/rna_seq_v2_normalized/SRR28645108.bw	51910efad35f2642f3dff98d4a2a4ab5a53539808aaa81d6f73eb215e4843b22		unknown		SRX24238190	1	single_run_for_ENA_experiment	formal_v2_uniform_reprocessed	11593613957	98728220.1671	1.01288162423
RNA_V2_G0206	rna_seq:SRR28645104	SRR28645104	alphagenome_custom/tracks/rna_seq_v2_normalized/SRR28645104.bw	59c3c3c225060a91358ab977b52f9d31bed210ccf32e4014e26a884aafbe2e7f		unknown		SRX24238194	1	single_run_for_ENA_experiment	formal_v2_uniform_reprocessed	10603471938	98520304.0272	1.0150191982
RNA_V2_G0207	rna_seq:SRR28645103	SRR28645103	alphagenome_custom/tracks/rna_seq_v2_normalized/SRR28645103.bw	afb47d94991214f81bcfb6dcb82660619fcb9f0f97a48ed2ec75208e59ceaa77		unknown		SRX24238195	1	single_run_for_ENA_experiment	formal_v2_uniform_reprocessed	7718723767	98624829.8163	1.01394344798
RNA_V2_G0208	rna_seq:SRR28645102	SRR28645102	alphagenome_custom/tracks/rna_seq_v2_normalized/SRR28645102.bw	18c327303ff4502570c6a1ab6c76530a13c66b9d80b8f1ba301c1eedd6c72685		unknown		SRX24238196	1	single_run_for_ENA_experiment	formal_v2_uniform_reprocessed	11736380423	98680291.5386	1.01337357684
RNA_V2_G0209	rna_seq:SRR28645098	SRR28645098	alphagenome_custom/tracks/rna_seq_v2_normalized/SRR28645098.bw	9299590cad0f3a5ca8751e976aebd6f9f75278e4e0aa19b8e777339395084add		unknown		SRX24238200	1	single_run_for_ENA_experiment	formal_v2_uniform_reprocessed	7476766992	98786714.2278	1.01228187193
RNA_V2_G0210	rna_seq:SRR28645097	SRR28645097	alphagenome_custom/tracks/rna_seq_v2_normalized/SRR28645097.bw	b6a93e2ed6277f22d9a5dbdc5e2ab1b21468fd51d525f43c7bcbf78f87932cbe		unknown		SRX24238201	1	single_run_for_ENA_experiment	formal_v2_uniform_reprocessed	7712415549	98014740.9556	1.02025469868
RNA_V2_G0211	rna_seq:SRR28645096	SRR28645096	alphagenome_custom/tracks/rna_seq_v2_normalized/SRR28645096.bw	fe93b05672d9d1c66a288143f4b1aaf343ac0c9ede4c9e49b93ee7f09cd2f385		unknown		SRX24238202	1	single_run_for_ENA_experiment	formal_v2_uniform_reprocessed	8464389006	98532206.1896	1.01489658932
RNA_V2_G0212	rna_seq:SRR28645101	SRR28645101	alphagenome_custom/tracks/rna_seq_v2_normalized/SRR28645101.bw	a124478a1745afc3781140681ca0c4c4f434537ad97342edea8aa5abf15864ea		unknown		SRX24238197	1	single_run_for_ENA_experiment	formal_v2_uniform_reprocessed	7642915350	98572614.1928	1.01448055141
RNA_V2_G0213	rna_seq:SRR28645100	SRR28645100	alphagenome_custom/tracks/rna_seq_v2_normalized/SRR28645100.bw	f4232e72ecf334099967b07a66274c94b2e1afbed8d6883ff68b5dbb5acd5707		unknown		SRX24238198	1	single_run_for_ENA_experiment	formal_v2_uniform_reprocessed	9169831407	98757519.6397	1.01258112157
RNA_V2_G0214	rna_seq:SRR28645099	SRR28645099	alphagenome_custom/tracks/rna_seq_v2_normalized/SRR28645099.bw	91794de52bde96f8113b80a50f8704af1e9e027f7c8103042f115733b13c4455		unknown		SRX24238199	1	single_run_for_ENA_experiment	formal_v2_uniform_reprocessed	9103087836	98722916.0981	1.01293604314
RNA_V2_G0215	rna_seq:SRR32243498	SRR32243498	alphagenome_custom/tracks/rna_seq_v2_normalized/SRR32243498.bw	d0f9f478c8180fef4e933c51faab52bb4e9e2568b0973d2959a41f783958c1d9		unknown		SRX27583316	1	single_run_for_ENA_experiment	formal_v2_uniform_reprocessed	5051628780	99691278.4993	1.00309677542
RNA_V2_G0216	rna_seq:SRR32243497	SRR32243497	alphagenome_custom/tracks/rna_seq_v2_normalized/SRR32243497.bw	5e97e68163e2f64c32df94cf55a4e5dbf535ad2f2fdb008829605b027021e36a		unknown		SRX27583317	1	single_run_for_ENA_experiment	formal_v2_uniform_reprocessed	5827062966	99804611.3334	1.00195771181
RNA_V2_G0217	rna_seq:SRR36719221	SRR36719221	alphagenome_custom/tracks/rna_seq_v2_normalized/SRR36719221.bw	8e387b39dbb14f82141cf557a7105c2ad4df7bba671b55f6b3fe12b55687e319		unknown		SRX31723522	1	single_run_for_ENA_experiment	formal_v2_uniform_reprocessed	1370866287	99131410.7788	1.00876199798
RNA_V2_G0218	rna_seq:SRR36719220	SRR36719220	alphagenome_custom/tracks/rna_seq_v2_normalized/SRR36719220.bw	a3d0a09d66a857c72f9b4edfc35570016303b35b3467c01e8e8510d69b7c0306		unknown		SRX31723523	1	single_run_for_ENA_experiment	formal_v2_uniform_reprocessed	1462258916	99149690.9075	1.00857601355
RNA_V2_G0219	rna_seq:SRR36719209	SRR36719209	alphagenome_custom/tracks/rna_seq_v2_normalized/SRR36719209.bw	92c1dc72f6d7a8dc7fe751d7bb4509f1d42be3001cff8bbf874491e0e90cc922		unknown		SRX31723534	1	single_run_for_ENA_experiment	formal_v2_uniform_reprocessed	1438362860	99062789.1954	1.00946077546
RNA_V2_G0220	rna_seq:SRR36719217	SRR36719217	alphagenome_custom/tracks/rna_seq_v2_normalized/SRR36719217.bw	5cd8aa2bb0ea094fc6f417a3377ecd3f075cc2c6bd86b6708feed210b00e4f9c		unknown		SRX31723526	1	single_run_for_ENA_experiment	formal_v2_uniform_reprocessed	1770235501	99010894.5801	1.00998986449
RNA_V2_G0221	rna_seq:SRR36719216	SRR36719216	alphagenome_custom/tracks/rna_seq_v2_normalized/SRR36719216.bw	006edb0fc581b91bc3ed3c6296e89d31cdb14aa02022247f97e20cd7bf25f67b		unknown		SRX31723527	1	single_run_for_ENA_experiment	formal_v2_uniform_reprocessed	1497535972	99137221.8833	1.0087028676
RNA_V2_G0222	rna_seq:SRR36719215	SRR36719215	alphagenome_custom/tracks/rna_seq_v2_normalized/SRR36719215.bw	40a5315049823586cf294ae85900733255b3bca3e42af8cc6ba22d5e03f873b7		unknown		SRX31723528	1	single_run_for_ENA_experiment	formal_v2_uniform_reprocessed	1743856805	99209156.3944	1.00797147798
RNA_V2_G0223	rna_seq:SRR36719204	SRR36719204	alphagenome_custom/tracks/rna_seq_v2_normalized/SRR36719204.bw	17e5db2e660ca7eeee7381dc64f210a72ff8f04a5520730d991530c00de223f1		unknown		SRX31723539	1	single_run_for_ENA_experiment	formal_v2_uniform_reprocessed	1465948051	98947132.2799	1.0106407098
RNA_V2_G0224	rna_seq:SRR36719203	SRR36719203	alphagenome_custom/tracks/rna_seq_v2_normalized/SRR36719203.bw	8293b7d4582dff53a853db40e73da97926c2ec255dbc49e93d48156b789475a1		unknown		SRX31723540	1	single_run_for_ENA_experiment	formal_v2_uniform_reprocessed	1513114480	99031983.1488	1.00977479013
RNA_V2_G0225	rna_seq:SRR36719202	SRR36719202	alphagenome_custom/tracks/rna_seq_v2_normalized/SRR36719202.bw	5be912533e992bc71b96a1121e1ebfd11cbb146bfdf510d6ac8ba153ee6f517e		unknown		SRX31723541	1	single_run_for_ENA_experiment	formal_v2_uniform_reprocessed	1487392404	98931276.7303	1.01080268349
RNA_V2_G0226	rna_seq:SRR36719201	SRR36719201	alphagenome_custom/tracks/rna_seq_v2_normalized/SRR36719201.bw	5df0f06ad28ec82c19f27015fd886176ad1e58611b86dc809e3b8ab096ba2216		unknown		SRX31723542	1	single_run_for_ENA_experiment	formal_v2_uniform_reprocessed	1517380397	99170598.8981	1.00836337696
RNA_V2_G0227	rna_seq:SRR36719200	SRR36719200	alphagenome_custom/tracks/rna_seq_v2_normalized/SRR36719200.bw	359a4d5749b78b6b6ee216b44af26273f56ac4140a0aa82aa0c1c6b717d50b07		unknown		SRX31723543	1	single_run_for_ENA_experiment	formal_v2_uniform_reprocessed	1620112142	99205954.5476	1.00800401
RNA_V2_G0228	rna_seq:SRR36719199	SRR36719199	alphagenome_custom/tracks/rna_seq_v2_normalized/SRR36719199.bw	fb8f56c012f841d9b999cbff7dd919b5afee7e2f8208862a67b5512707c68b45		unknown		SRX31723544	1	single_run_for_ENA_experiment	formal_v2_uniform_reprocessed	1950227592	99140055.073	1.00867404125
RNA_V2_G0229	rna_seq:SRR36719198	SRR36719198	alphagenome_custom/tracks/rna_seq_v2_normalized/SRR36719198.bw	86944f66f8419b18b9951932d1fb3d8fd3755efed6910f59268900c81b80b02d		unknown		SRX31723545	1	single_run_for_ENA_experiment	formal_v2_uniform_reprocessed	1588119694	98933555.9518	1.01077939672
RNA_V2_G0230	rna_seq:SRR36719219	SRR36719219	alphagenome_custom/tracks/rna_seq_v2_normalized/SRR36719219.bw	b42b7d1f516e72c5052282a97c90bb99268bc6fe70129f649bab426e46d23904		unknown		SRX31723524	1	single_run_for_ENA_experiment	formal_v2_uniform_reprocessed	1576803764	98369697.9012	1.01657321445
RNA_V2_G0231	rna_seq:SRR36719218	SRR36719218	alphagenome_custom/tracks/rna_seq_v2_normalized/SRR36719218.bw	e043e00659dbec755c617d9cc332645553b7ab9496ff6ac90b1efed1db8c2579		unknown		SRX31723525	1	single_run_for_ENA_experiment	formal_v2_uniform_reprocessed	1591063655	98296220.4569	1.01733311347
RNA_V2_G0232	rna_seq:SRR36719214	SRR36719214	alphagenome_custom/tracks/rna_seq_v2_normalized/SRR36719214.bw	d8e9de29b28cda12b526f7267c4efdd395ec220b726caca816f8ab03676f6e8d		unknown		SRX31723529	1	single_run_for_ENA_experiment	formal_v2_uniform_reprocessed	1432518204	98901054.1082	1.01111156905
RNA_V2_G0233	rna_seq:SRR36719213	SRR36719213	alphagenome_custom/tracks/rna_seq_v2_normalized/SRR36719213.bw	98901fbbf68e657494e00a0fff3f24d17492d6b8bcc3c7a707e3f511cb7aab83		unknown		SRX31723530	1	single_run_for_ENA_experiment	formal_v2_uniform_reprocessed	1051109329	98927820.9739	1.01083799295
RNA_V2_G0234	rna_seq:SRR36719212	SRR36719212	alphagenome_custom/tracks/rna_seq_v2_normalized/SRR36719212.bw	8260628bfe2b616b4ffda3ced30703c771318ea47bb8249ead3e8d9d8fa09480		unknown		SRX31723531	1	single_run_for_ENA_experiment	formal_v2_uniform_reprocessed	1327907041	99271677.1178	1.00733666342
RNA_V2_G0235	rna_seq:SRR36719211	SRR36719211	alphagenome_custom/tracks/rna_seq_v2_normalized/SRR36719211.bw	0e4dc85c63d388e37425f7f2f1586ad57569446804746d66aa33e768e9a00555		unknown		SRX31723532	1	single_run_for_ENA_experiment	formal_v2_uniform_reprocessed	1123117054	98904207.0199	1.01107933639
RNA_V2_G0236	rna_seq:SRR36719210	SRR36719210	alphagenome_custom/tracks/rna_seq_v2_normalized/SRR36719210.bw	8934787ce486adff9839420b8b1a4f1b3424e5fcbd349a33d9ee42a9eec61dec		unknown		SRX31723533	1	single_run_for_ENA_experiment	formal_v2_uniform_reprocessed	1247062484	99070991.3746	1.00937720126
RNA_V2_G0237	rna_seq:SRR36719208	SRR36719208	alphagenome_custom/tracks/rna_seq_v2_normalized/SRR36719208.bw	10875f1321a9c5a82260518ffe8fb5e2e971c0c76d6f52e0e3aed901f39ce847		unknown		SRX31723535	1	single_run_for_ENA_experiment	formal_v2_uniform_reprocessed	1170858969	99291716.1043	1.00713336342
RNA_V2_G0238	rna_seq:SRR36719207	SRR36719207	alphagenome_custom/tracks/rna_seq_v2_normalized/SRR36719207.bw	0c5e2f5fa7bc66b8badbf585f52e79212107a6406d5281369c73bf2e8652fc9e		unknown		SRX31723536	1	single_run_for_ENA_experiment	formal_v2_uniform_reprocessed	1476856670	98808668.742	1.0120569508
RNA_V2_G0239	rna_seq:SRR36719206	SRR36719206	alphagenome_custom/tracks/rna_seq_v2_normalized/SRR36719206.bw	8928b3a9c1c78a0a65d4e4526478dbf59e96e8b1eb2b8ef338ada827dbbd6ef3		unknown		SRX31723537	1	single_run_for_ENA_experiment	formal_v2_uniform_reprocessed	1258459684	98586613.2148	1.01433649802
RNA_V2_G0240	rna_seq:SRR36719205	SRR36719205	alphagenome_custom/tracks/rna_seq_v2_normalized/SRR36719205.bw	83e69063624b38373870f25a8c94e4bd186aea9f9fc79a2ffbfbc34116749e78		unknown		SRX31723538	1	single_run_for_ENA_experiment	formal_v2_uniform_reprocessed	1451140437	97857480.1671	1.02189428779
RNA_V2_G0241	rna_seq:SRR13964554	SRR13964554	alphagenome_custom/tracks/rna_seq_v2_normalized/SRR13964554.bw	cbe10dc39592f2b1673742d57cf4ac3120872d742c6e2a27b14fbc07f87cc95a	1	unknown	ENA_sample_title_or_alias	SRX10342559	1	single_run_for_ENA_experiment	formal_v2_uniform_reprocessed	3708788706	86826755.1264	1.15171872834
RNA_V2_G0241	rna_seq:SRR13964555	SRR13964555	alphagenome_custom/tracks/rna_seq_v2_normalized/SRR13964555.bw	3c0b0f66de7618398f2cecebf26e7a656c64bb67f561d536408db68952902bb4	2	unknown	ENA_sample_title_or_alias	SRX10342560	1	single_run_for_ENA_experiment	formal_v2_uniform_reprocessed	3035683314	88154332.527	1.13437419504
RNA_V2_G0241	rna_seq:SRR13964556	SRR13964556	alphagenome_custom/tracks/rna_seq_v2_normalized/SRR13964556.bw	1f42db0ff5e600408ed0a25a890e4dbc2472307056c9664aa572b24c3bddd608	3	unknown	ENA_sample_title_or_alias	SRX10342546	1	single_run_for_ENA_experiment	formal_v2_uniform_reprocessed	3006267697	87963356.3399	1.13683702124
