sample_uid	run_accession	experiment_accession	biosample_accession	sample_alias	sample_title	geo_sample_accession	source_name	sra_study_accession	bioproject_accession	geo_accession	assay	strandedness	tissue_or_cell_type	development_stage	sex	strain	genotype	condition	biological_replicate	biological_replicate_evidence	technical_unit_id	technical_run_count	technical_replicate_status	local_path	sha256	technical_replicate	context_evidence
rna_seq:SRR10882545	SRR10882545	SRX7551587	SAMN13840505	GSM4263661	N2_4_S1_rep1	GSM4263661	WT_embryo	SRP241835	PRJNA601008	GSE143599	RNA-Seq	unknown	embryo	Embryo		WT	wild type		1	ENA_sample_title_or_alias	SRX7551587	1	single_run_for_ENA_experiment	shared/sharepoint_2026-07-13/training_input_bigwig/SRR10882545.bw	6fc164ee4e4d2cbbf287334b564beba8745e9e287f98db3cfec8efcb8969b108	unknown	shared/metadata_sources/v2/ena_samples/chunk_003.xml
rna_seq:SRR10882546	SRR10882546	SRX7551588	SAMN13840504	GSM4263662	N2_5_S2_rep2	GSM4263662	WT_embryo	SRP241835	PRJNA601008	GSE143599	RNA-Seq	unknown	embryo	Embryo		WT	wild type		2	ENA_sample_title_or_alias	SRX7551588	1	single_run_for_ENA_experiment	shared/sharepoint_2026-07-13/training_input_bigwig/SRR10882546.bw	9971e2d5d18d73faa361aa8ebedb34a56e40b2685e037757c79ee6b683d83a4f	unknown	shared/metadata_sources/v2/ena_samples/chunk_003.xml
rna_seq:SRR10882547	SRR10882547	SRX7551589	SAMN13840502	GSM4263663	N2_6_S3_rep3	GSM4263663	WT_embryo	SRP241835	PRJNA601008	GSE143599	RNA-Seq	unknown	embryo	Embryo		WT	wild type		3	ENA_sample_title_or_alias	SRX7551589	1	single_run_for_ENA_experiment	shared/sharepoint_2026-07-13/training_input_bigwig/SRR10882547.bw	ae199b4ae53ebc8aa7dbbf96e2f2929ad637662b30ffcfcda83562a54754abaa	unknown	shared/metadata_sources/v2/ena_samples/chunk_003.xml
rna_seq:SRR10882548	SRR10882548	SRX7551590	SAMN13840501	GSM4263664	N2_11A_S4_rep4	GSM4263664	WT_embryo	SRP241835	PRJNA601008	GSE143599	RNA-Seq	unknown	embryo	Embryo		WT	wild type		4	ENA_sample_title_or_alias	SRX7551590	1	single_run_for_ENA_experiment	shared/sharepoint_2026-07-13/training_input_bigwig/SRR10882548.bw	a56dfcae82fe5b1a03b5901cc4a28a7577cdce18f18d344f5b8b9e910df3d6e2	unknown	shared/metadata_sources/v2/ena_samples/chunk_003.xml
rna_seq:SRR10882549	SRR10882549	SRX7551591	SAMN13840499	GSM4263665	ngn-1_7B_S5_rep1	GSM4263665	ngn-1(ok2200)_embryo	SRP241835	PRJNA601008	GSE143599	RNA-Seq	unknown	embryo	Embryo		mutated	ngn-1(ok2200)		1	ENA_sample_title_or_alias	SRX7551591	1	single_run_for_ENA_experiment	shared/sharepoint_2026-07-13/training_input_bigwig/SRR10882549.bw	590432f65f1bee99197180ea9b17af9a4ecee8ca3484b5a78722591ea372b56c	unknown	shared/metadata_sources/v2/ena_samples/chunk_003.xml
rna_seq:SRR10882550	SRR10882550	SRX7551592	SAMN13840498	GSM4263666	ngn-1_8_S6_rep2	GSM4263666	ngn-1(ok2200)_embryo	SRP241835	PRJNA601008	GSE143599	RNA-Seq	unknown	embryo	Embryo		mutated	ngn-1(ok2200)		2	ENA_sample_title_or_alias	SRX7551592	1	single_run_for_ENA_experiment	shared/sharepoint_2026-07-13/training_input_bigwig/SRR10882550.bw	017c1c35c914f70ef8738cd07ee4c5ac1112d382417bf32578de062c50c27baa	unknown	shared/metadata_sources/v2/ena_samples/chunk_003.xml
rna_seq:SRR10882551	SRR10882551	SRX7551593	SAMN13840506	GSM4263667	ngn-1_9A_S7_rep3	GSM4263667	ngn-1(ok2200)_embryo	SRP241835	PRJNA601008	GSE143599	RNA-Seq	unknown	embryo	Embryo		mutated	ngn-1(ok2200)		3	ENA_sample_title_or_alias	SRX7551593	1	single_run_for_ENA_experiment	shared/sharepoint_2026-07-13/training_input_bigwig/SRR10882551.bw	4e9888f90e39b6b61b31f1a0660f7a17209b143ccf541dbb6f767db3463d8000	unknown	shared/metadata_sources/v2/ena_samples/chunk_003.xml
rna_seq:SRR10882552	SRR10882552	SRX7551594	SAMN13840497	GSM4263668	ngn-1_10_S8_rep4	GSM4263668	ngn-1(ok2200)_embryo	SRP241835	PRJNA601008	GSE143599	RNA-Seq	unknown	embryo	Embryo		mutated	ngn-1(ok2200)		4	ENA_sample_title_or_alias	SRX7551594	1	single_run_for_ENA_experiment	shared/sharepoint_2026-07-13/training_input_bigwig/SRR10882552.bw	7e3cb462ad4fdf513a3b481e370cba497257c7929cb3aec8e7efdaa276344190	unknown	shared/metadata_sources/v2/ena_samples/chunk_003.xml
rna_seq:SRR12483327	SRR12483327	SRX8976748	SAMN15866067	GSM4733418	875F13: N2_eemb_20°C_rep1	GSM4733418	early embryo	SRP278203	PRJNA658329	GSE156549	RNA-Seq	unknown	early embryo	Embryo		N2 (Bristol)	WT		1	ENA_sample_title_or_alias	SRX8976748	1	single_run_for_ENA_experiment	shared/sharepoint_2026-07-13/training_input_bigwig/SRR12483327.bw	8422277939b1a41f7c44fe783d293e2204b0bd157984178aad42c268d6929180	unknown	shared/metadata_sources/v2/ena_samples/chunk_003.xml
rna_seq:SRR12483328	SRR12483328	SRX8976749	SAMN15866066	GSM4733419	875F14: N2_eemb_20°C_rep2	GSM4733419	early embryo	SRP278203	PRJNA658329	GSE156549	RNA-Seq	unknown	early embryo	Embryo		N2 (Bristol)	WT		2	ENA_sample_title_or_alias	SRX8976749	1	single_run_for_ENA_experiment	shared/sharepoint_2026-07-13/training_input_bigwig/SRR12483328.bw	886da97271d0fe93ba8e57d526eca4da580563b89f502358b3fae2356507c768	unknown	shared/metadata_sources/v2/ena_samples/chunk_003.xml
rna_seq:SRR12483329	SRR12483329	SRX8976750	SAMN15866065	GSM4733420	875F15: N2_eemb_20°C_rep3	GSM4733420	early embryo	SRP278203	PRJNA658329	GSE156549	RNA-Seq	unknown	early embryo	Embryo		N2 (Bristol)	WT		3	ENA_sample_title_or_alias	SRX8976750	1	single_run_for_ENA_experiment	shared/sharepoint_2026-07-13/training_input_bigwig/SRR12483329.bw	a26ae684bf43d13f33579bdb476a5361bc204802b74baea89fd28a52a01fa7e1	unknown	shared/metadata_sources/v2/ena_samples/chunk_003.xml
rna_seq:SRR12483330	SRR12483330	SRX8976751	SAMN15866064	GSM4733421	1121F10: nrde3_eemb_20°C_rep1	GSM4733421	early embryo	SRP278203	PRJNA658329	GSE156549	RNA-Seq	unknown	early embryo	Embryo		nrde-3(tm1116) X	mutated		1	ENA_sample_title_or_alias	SRX8976751	1	single_run_for_ENA_experiment	shared/sharepoint_2026-07-13/training_input_bigwig/SRR12483330.bw	b9193ae9ba4dcac7e2a60880e83df43c0b3ae59404de4ef4420f30d9c27877c8	unknown	shared/metadata_sources/v2/ena_samples/chunk_003.xml
rna_seq:SRR12483331	SRR12483331	SRX8976752	SAMN15866063	GSM4733422	1121F11: nrde3_eemb_20°C_rep2	GSM4733422	early embryo	SRP278203	PRJNA658329	GSE156549	RNA-Seq	unknown	early embryo	Embryo		nrde-3(tm1116) X	mutated		2	ENA_sample_title_or_alias	SRX8976752	1	single_run_for_ENA_experiment	shared/sharepoint_2026-07-13/training_input_bigwig/SRR12483331.bw	b3306ac69bc5f7aa3ee2967f424119a6d5b16651dcd410492ad5a29a10a7c965	unknown	shared/metadata_sources/v2/ena_samples/chunk_003.xml
rna_seq:SRR12483332	SRR12483332	SRX8976753	SAMN15866062	GSM4733423	1121F12: nrde3_eemb_20°C_rep3	GSM4733423	early embryo	SRP278203	PRJNA658329	GSE156549	RNA-Seq	unknown	early embryo	Embryo		nrde-3(tm1116) X	mutated		3	ENA_sample_title_or_alias	SRX8976753	1	single_run_for_ENA_experiment	shared/sharepoint_2026-07-13/training_input_bigwig/SRR12483332.bw	547487a86b66b0ee50968baea9ccdf76d49469e0d9479988e2ba70e801faf48a	unknown	shared/metadata_sources/v2/ena_samples/chunk_003.xml
rna_seq:SRR12483333	SRR12483333	SRX8976754	SAMN15866061	GSM4733424	1121F13: nrde3_met2_eemb_20°C_rep1	GSM4733424	early embryo	SRP278203	PRJNA658329	GSE156549	RNA-Seq	unknown	early embryo	Embryo		met-2(n4256) III nrde-3(tm1116) X	mutated		1	ENA_sample_title_or_alias	SRX8976754	1	single_run_for_ENA_experiment	shared/sharepoint_2026-07-13/training_input_bigwig/SRR12483333.bw	a642dd8a18b97c622b20bfe52cd9632623a21d78dad6f1101d0253788bc58c10	unknown	shared/metadata_sources/v2/ena_samples/chunk_003.xml
rna_seq:SRR12483334	SRR12483334	SRX8976755	SAMN15866059	GSM4733425	1121F14: nrde3_met2_eemb_20°C_rep2	GSM4733425	early embryo	SRP278203	PRJNA658329	GSE156549	RNA-Seq	unknown	early embryo	Embryo		met-2(n4256) III nrde-3(tm1116) X	mutated		2	ENA_sample_title_or_alias	SRX8976755	1	single_run_for_ENA_experiment	shared/sharepoint_2026-07-13/training_input_bigwig/SRR12483334.bw	320bebcc6721cbab1f7999707eeb7cfac9a8745d5e6605d58ac6635b3289673c	unknown	shared/metadata_sources/v2/ena_samples/chunk_003.xml
rna_seq:SRR12483335	SRR12483335	SRX8976756	SAMN15866058	GSM4733426	1121F15: nrde3_met2_eemb_20°C_rep3	GSM4733426	early embryo	SRP278203	PRJNA658329	GSE156549	RNA-Seq	unknown	early embryo	Embryo		met-2(n4256) III nrde-3(tm1116) X	mutated		3	ENA_sample_title_or_alias	SRX8976756	1	single_run_for_ENA_experiment	shared/sharepoint_2026-07-13/training_input_bigwig/SRR12483335.bw	1c108d59bcf46bd28a19cbc680e8c2f3e05d2c01cfeb70a1704092399e2e259c	unknown	shared/metadata_sources/v2/ena_samples/chunk_003.xml
rna_seq:SRR12483336	SRR12483336	SRX8976757	SAMN15866057	GSM4733427	1121F16: nrde3_set25_eemb_20°C_rep1	GSM4733427	early embryo	SRP278203	PRJNA658329	GSE156549	RNA-Seq	unknown	early embryo	Embryo		set-25(n5021) III nrde-3(tm1116) X	mutated		1	ENA_sample_title_or_alias	SRX8976757	1	single_run_for_ENA_experiment	shared/sharepoint_2026-07-13/training_input_bigwig/SRR12483336.bw	bcc362f9562d674de651f7850c4fe3feb3ff794f59cc3d07767c985fbaff0e99	unknown	shared/metadata_sources/v2/ena_samples/chunk_003.xml
rna_seq:SRR12483337	SRR12483337	SRX8976758	SAMN15866056	GSM4733428	1121F17: nrde3_set25_eemb_20°C_rep2	GSM4733428	early embryo	SRP278203	PRJNA658329	GSE156549	RNA-Seq	unknown	early embryo	Embryo		set-25(n5021) III nrde-3(tm1116) X	mutated		2	ENA_sample_title_or_alias	SRX8976758	1	single_run_for_ENA_experiment	shared/sharepoint_2026-07-13/training_input_bigwig/SRR12483337.bw	435ee271e6771ee086accf32e84a071f175be20f563b702ae6b78ab80d170264	unknown	shared/metadata_sources/v2/ena_samples/chunk_003.xml
rna_seq:SRR12483338	SRR12483338	SRX8976759	SAMN15866055	GSM4733429	1121F18: nrde3_set25_eemb_20°C_rep3	GSM4733429	early embryo	SRP278203	PRJNA658329	GSE156549	RNA-Seq	unknown	early embryo	Embryo		set-25(n5021) III nrde-3(tm1116) X	mutated		3	ENA_sample_title_or_alias	SRX8976759	1	single_run_for_ENA_experiment	shared/sharepoint_2026-07-13/training_input_bigwig/SRR12483338.bw	4a13a210689c5abf2b11211efa4d4452d320fa6afb3f965a9a200b939250e097	unknown	shared/metadata_sources/v2/ena_samples/chunk_003.xml
rna_seq:SRR12483339	SRR12483339	SRX8976760	SAMN15866054	GSM4733430	875F7: lin61_eemb_20°C_rep1	GSM4733430	early embryo	SRP278203	PRJNA658329	GSE156549	RNA-Seq	unknown	early embryo	Embryo		lin-61(tm2649) I	mutated		1	ENA_sample_title_or_alias	SRX8976760	1	single_run_for_ENA_experiment	shared/sharepoint_2026-07-13/training_input_bigwig/SRR12483339.bw	f55f74668c6c84c3fbaed56443c666cec71fd98746a56779412a8cc3910a3303	unknown	shared/metadata_sources/v2/ena_samples/chunk_003.xml
rna_seq:SRR12483340	SRR12483340	SRX8976761	SAMN15866053	GSM4733431	875F8: lin61_eemb_20°C_rep2	GSM4733431	early embryo	SRP278203	PRJNA658329	GSE156549	RNA-Seq	unknown	early embryo	Embryo		lin-61(tm2649) I	mutated		2	ENA_sample_title_or_alias	SRX8976761	1	single_run_for_ENA_experiment	shared/sharepoint_2026-07-13/training_input_bigwig/SRR12483340.bw	4f229fa0cb732cc06d3ff39bc047214639984666ad2496f0323af311298245c8	unknown	shared/metadata_sources/v2/ena_samples/chunk_003.xml
rna_seq:SRR12483341	SRR12483341	SRX8976762	SAMN15866052	GSM4733432	875F9: lin61_eemb_20°C_rep3	GSM4733432	early embryo	SRP278203	PRJNA658329	GSE156549	RNA-Seq	unknown	early embryo	Embryo		lin-61(tm2649) I	mutated		3	ENA_sample_title_or_alias	SRX8976762	1	single_run_for_ENA_experiment	shared/sharepoint_2026-07-13/training_input_bigwig/SRR12483341.bw	83fe004c2c8d4e1ed0f927b1c922c15ae3c4e24720182c61b70662fa922757cb	unknown	shared/metadata_sources/v2/ena_samples/chunk_003.xml
rna_seq:SRR12483342	SRR12483342	SRX8976763	SAMN15866051	GSM4733433	1121F19: lin61_met2_eemb_20°C_rep1	GSM4733433	early embryo	SRP278203	PRJNA658329	GSE156549	RNA-Seq	unknown	early embryo	Embryo		met-2(n4256) III lin-61(tm2649) I	mutated		1	ENA_sample_title_or_alias	SRX8976763	1	single_run_for_ENA_experiment	shared/sharepoint_2026-07-13/training_input_bigwig/SRR12483342.bw	c0a6a17aa2a12401a1b205885dd24761eba2f21c7c3b11067302021eebf8c56b	unknown	shared/metadata_sources/v2/ena_samples/chunk_003.xml
rna_seq:SRR12483343	SRR12483343	SRX8976764	SAMN15866087	GSM4733434	1121F20: lin61_met2_eemb_20°C_rep2	GSM4733434	early embryo	SRP278203	PRJNA658329	GSE156549	RNA-Seq	unknown	early embryo	Embryo		met-2(n4256) III lin-61(tm2649) I	mutated		2	ENA_sample_title_or_alias	SRX8976764	1	single_run_for_ENA_experiment	shared/sharepoint_2026-07-13/training_input_bigwig/SRR12483343.bw	bda6bcd888bb3cd574ba17ce163ec2c1ca4ffd0e81701fb0757125cca27c278e	unknown	shared/metadata_sources/v2/ena_samples/chunk_003.xml
rna_seq:SRR12483344	SRR12483344	SRX8976765	SAMN15866086	GSM4733435	1121F21: lin61_met2_eemb_20°C_rep3	GSM4733435	early embryo	SRP278203	PRJNA658329	GSE156549	RNA-Seq	unknown	early embryo	Embryo		met-2(n4256) III lin-61(tm2649) I	mutated		3	ENA_sample_title_or_alias	SRX8976765	1	single_run_for_ENA_experiment	shared/sharepoint_2026-07-13/training_input_bigwig/SRR12483344.bw	2e140392c83e76e300b7498fe8b19aabac0846e867cf2924a6963b663873785c	unknown	shared/metadata_sources/v2/ena_samples/chunk_003.xml
rna_seq:SRR12483345	SRR12483345	SRX8976766	SAMN15866085	GSM4733436	1121F22: lin61_set25_eemb_20°C_rep1	GSM4733436	early embryo	SRP278203	PRJNA658329	GSE156549	RNA-Seq	unknown	early embryo	Embryo		set-25(n5021) III lin-61(tm2649) I	mutated		1	ENA_sample_title_or_alias	SRX8976766	1	single_run_for_ENA_experiment	shared/sharepoint_2026-07-13/training_input_bigwig/SRR12483345.bw	a8aec9fa4ead577b705a6138c23a5ffe66a1eb90d3546bdaa7ba34b6cf627c73	unknown	shared/metadata_sources/v2/ena_samples/chunk_003.xml
rna_seq:SRR12483346	SRR12483346	SRX8976767	SAMN15866084	GSM4733437	1121F23: lin61_set25_eemb_20°C_rep2	GSM4733437	early embryo	SRP278203	PRJNA658329	GSE156549	RNA-Seq	unknown	early embryo	Embryo		set-25(n5021) III lin-61(tm2649) I	mutated		2	ENA_sample_title_or_alias	SRX8976767	1	single_run_for_ENA_experiment	shared/sharepoint_2026-07-13/training_input_bigwig/SRR12483346.bw	0a3b73a39861a25776ec0da6f20c61ca772874aa1147572137133be40d05ea5c	unknown	shared/metadata_sources/v2/ena_samples/chunk_003.xml
rna_seq:SRR12483347	SRR12483347	SRX8976768	SAMN15866083	GSM4733438	1121F24: lin61_set25_eemb_20°C_rep3	GSM4733438	early embryo	SRP278203	PRJNA658329	GSE156549	RNA-Seq	unknown	early embryo	Embryo		set-25(n5021) III lin-61(tm2649) I	mutated		3	ENA_sample_title_or_alias	SRX8976768	1	single_run_for_ENA_experiment	shared/sharepoint_2026-07-13/training_input_bigwig/SRR12483347.bw	265997a00e1a8a1e85af7edd642ecf81af1010f803eb5815c6fe2142235a1e34	unknown	shared/metadata_sources/v2/ena_samples/chunk_003.xml
rna_seq:SRR13757744	SRR13757744	SRX10144495	SAMN18021484	GSM5098328	RNA_N2_muscle_rep1 [muscle_wt_1]	GSM5098328	RNA_N2_muscle	SRP307349	PRJNA703543	GSE167167	RNA-Seq	unknown	L3 body wall muscle	L3		WT	N2 (Bristol)		1	ENA_sample_title_or_alias	SRX10144495	1	single_run_for_ENA_experiment	shared/sharepoint_2026-07-13/training_input_bigwig/SRR13757744.bw	b6fb65d68f00e78f9564bf9a87fe256ed0d68d5fde8ba78d4b8461df5f156ae1	unknown	shared/metadata_sources/v2/ena_samples/chunk_003.xml
rna_seq:SRR13757745	SRR13757745	SRX10144496	SAMN18021510	GSM5098329	RNA_N2_muscle_rep2 [muscle_wt_2]	GSM5098329	RNA_N2_muscle	SRP307349	PRJNA703543	GSE167167	RNA-Seq	unknown	L3 body wall muscle	L3		WT	N2 (Bristol)		2	ENA_sample_title_or_alias	SRX10144496	1	single_run_for_ENA_experiment	shared/sharepoint_2026-07-13/training_input_bigwig/SRR13757745.bw	a2455799cc9d19c571885c5eaeb58a5ebef800dfebc0e5ca77a3252282763e03	unknown	shared/metadata_sources/v2/ena_samples/chunk_004.xml
rna_seq:SRR13757746	SRR13757746	SRX10144497	SAMN18021509	GSM5098330	RNA_N2_non-muscle_rep1 [negative_wt_1]	GSM5098330	RNA_N2_non-muscle	SRP307349	PRJNA703543	GSE167167	RNA-Seq	unknown	L3 body wall muscle	L3		WT	N2 (Bristol)		1	ENA_sample_title_or_alias	SRX10144497	1	single_run_for_ENA_experiment	shared/sharepoint_2026-07-13/training_input_bigwig/SRR13757746.bw	3c67b3b37af990db6480f5ead9e83ddb69ff448f891c861134d4b60e8f195287	unknown	shared/metadata_sources/v2/ena_samples/chunk_004.xml
rna_seq:SRR13757747	SRR13757747	SRX10144498	SAMN18021508	GSM5098331	RNA_N2_non-muscle_rep2 [negative_wt_2]	GSM5098331	RNA_N2_non-muscle	SRP307349	PRJNA703543	GSE167167	RNA-Seq	unknown	L3 body wall muscle	L3		WT	N2 (Bristol)		2	ENA_sample_title_or_alias	SRX10144498	1	single_run_for_ENA_experiment	shared/sharepoint_2026-07-13/training_input_bigwig/SRR13757747.bw	428279cce30a6bae6447c14b1894a1779b28cc3c9be620257a950338f2b4ba0d	unknown	shared/metadata_sources/v2/ena_samples/chunk_004.xml
rna_seq:SRR13757748	SRR13757748	SRX10144499	SAMN18021507	GSM5098332	RNA_met2_muscle_rep1 [muscle_GWmet2_1]	GSM5098332	RNA_met2_muscle	SRP307349	PRJNA703543	GSE167167	RNA-Seq	unknown	L3 body wall muscle	L3		mutated	met-2(n4256) III		1	ENA_sample_title_or_alias	SRX10144499	1	single_run_for_ENA_experiment	shared/sharepoint_2026-07-13/training_input_bigwig/SRR13757748.bw	b7941ae8da9505adf4e363df0ae5663b95b24cc61a511f2ec676b698d5222a4c	unknown	shared/metadata_sources/v2/ena_samples/chunk_004.xml
rna_seq:SRR13757749	SRR13757749	SRX10144500	SAMN18021506	GSM5098333	RNA_met2_muscle_rep2 [muscle_met2_2]	GSM5098333	RNA_met2_muscle	SRP307349	PRJNA703543	GSE167167	RNA-Seq	unknown	L3 body wall muscle	L3		mutated	met-2(n4256) III		2	ENA_sample_title_or_alias	SRX10144500	1	single_run_for_ENA_experiment	shared/sharepoint_2026-07-13/training_input_bigwig/SRR13757749.bw	772a7c4c9e5fa4da1d5c05515cff8b0e8cc484784c902ff2bee4be6d656bb13e	unknown	shared/metadata_sources/v2/ena_samples/chunk_004.xml
rna_seq:SRR13757750	SRR13757750	SRX10144501	SAMN18021504	GSM5098334	RNA_set25_muscle_rep1 [muscle_set25_1]	GSM5098334	RNA_set25_muscle	SRP307349	PRJNA703543	GSE167167	RNA-Seq	unknown	L3 body wall muscle	L3		mutated	set-25(n5021) III		1	ENA_sample_title_or_alias	SRX10144501	1	single_run_for_ENA_experiment	shared/sharepoint_2026-07-13/training_input_bigwig/SRR13757750.bw	56b6649e463b54e81e05bcd486bcd01e0b2de8852e43edcf3facef17fb918d0e	unknown	shared/metadata_sources/v2/ena_samples/chunk_004.xml
rna_seq:SRR13757751	SRR13757751	SRX10144502	SAMN18021503	GSM5098335	RNA_set25_muscle_rep2 [muscle_set25_2]	GSM5098335	RNA_set25_muscle	SRP307349	PRJNA703543	GSE167167	RNA-Seq	unknown	L3 body wall muscle	L3		mutated	set-25(n5021) III		2	ENA_sample_title_or_alias	SRX10144502	1	single_run_for_ENA_experiment	shared/sharepoint_2026-07-13/training_input_bigwig/SRR13757751.bw	f34d41cc2cf03c9c79a4981f9526fcb787587217d74d95e447b40abf54583930	unknown	shared/metadata_sources/v2/ena_samples/chunk_004.xml
rna_seq:SRR13757752	SRR13757752	SRX10144503	SAMN18021498	GSM5098336	RNA_met2set25_muscle_rep1 [muscle_met2set25_1]	GSM5098336	RNA_met2set25_muscle	SRP307349	PRJNA703543	GSE167167	RNA-Seq	unknown	L3 body wall muscle	L3		mutated	met-2(n4256) III, set-25(n5021) III		1	ENA_sample_title_or_alias	SRX10144503	1	single_run_for_ENA_experiment	shared/sharepoint_2026-07-13/training_input_bigwig/SRR13757752.bw	7d48f8af26838828314090e79b7b0889ce599fd23d1fee3e95b3a5e5e6f6059d	unknown	shared/metadata_sources/v2/ena_samples/chunk_003.xml
rna_seq:SRR13757753	SRR13757753	SRX10144504	SAMN18021502	GSM5098337	RNA_met2set25_muscle_rep2 [muscle_met2set25_2]	GSM5098337	RNA_met2set25_muscle	SRP307349	PRJNA703543	GSE167167	RNA-Seq	unknown	L3 body wall muscle	L3		mutated	met-2(n4256) III, set-25(n5021) III		2	ENA_sample_title_or_alias	SRX10144504	1	single_run_for_ENA_experiment	shared/sharepoint_2026-07-13/training_input_bigwig/SRR13757753.bw	c191c36895acc4c952ff666ac43e6a7e841b03a4b392cb07bd21c31dccd6ef74	unknown	shared/metadata_sources/v2/ena_samples/chunk_004.xml
rna_seq:SRR13757754	SRR13757754	SRX10144505	SAMN18021501	GSM5098338	RNA_N2_seamcell_rep1 [wt_a]	GSM5098338	RNA_N2_seamcell	SRP307349	PRJNA703543	GSE167167	RNA-Seq	unknown	L3 seamcell	L3		WT	N2 (Bristol)		1	ENA_sample_title_or_alias	SRX10144505	2	same_ENA_experiment_multiple_runs	shared/sharepoint_2026-07-13/training_input_bigwig/SRR13757754.bw	cb26ca5a6116cee3dfadd9d6822befe27c793ddffa4dbf2faa67187ac224394e	unknown	shared/metadata_sources/v2/ena_samples/chunk_003.xml
rna_seq:SRR13757755	SRR13757755	SRX10144505	SAMN18021501	GSM5098338	RNA_N2_seamcell_rep1 [wt_a]	GSM5098338	RNA_N2_seamcell	SRP307349	PRJNA703543	GSE167167	RNA-Seq	unknown	L3 seamcell	L3		WT	N2 (Bristol)		1	ENA_sample_title_or_alias	SRX10144505	2	same_ENA_experiment_multiple_runs	shared/sharepoint_2026-07-13/training_input_bigwig/SRR13757755.bw	2eab3c435a953a36b30c2ff599002ba940ff5b31af7813fea2ade087b71aecb7	unknown	shared/metadata_sources/v2/ena_samples/chunk_003.xml
rna_seq:SRR13757756	SRR13757756	SRX10144506	SAMN18021500	GSM5098339	RNA_N2_seamcell_rep2 [wt_b]	GSM5098339	RNA_N2_seamcell	SRP307349	PRJNA703543	GSE167167	RNA-Seq	unknown	L3 seamcell	L3		WT	N2 (Bristol)		2	ENA_sample_title_or_alias	SRX10144506	2	same_ENA_experiment_multiple_runs	shared/sharepoint_2026-07-13/training_input_bigwig/SRR13757756.bw	0c3bddf1f5de3137e9338e5830da4ea79ca6689402aac036e0980f1490f2bb6f	unknown	shared/metadata_sources/v2/ena_samples/chunk_003.xml
rna_seq:SRR13757757	SRR13757757	SRX10144506	SAMN18021500	GSM5098339	RNA_N2_seamcell_rep2 [wt_b]	GSM5098339	RNA_N2_seamcell	SRP307349	PRJNA703543	GSE167167	RNA-Seq	unknown	L3 seamcell	L3		WT	N2 (Bristol)		2	ENA_sample_title_or_alias	SRX10144506	2	same_ENA_experiment_multiple_runs	shared/sharepoint_2026-07-13/training_input_bigwig/SRR13757757.bw	98a4e50e9e79dc283345375f34ef5f83bfc6cfef88d0d8752e3f1c72c17dacc1	unknown	shared/metadata_sources/v2/ena_samples/chunk_003.xml
rna_seq:SRR13757758	SRR13757758	SRX10144507	SAMN18021505	GSM5098340	RNA_met2_seamcell_rep1 [met2_a]	GSM5098340	RNA_met2_seamcell	SRP307349	PRJNA703543	GSE167167	RNA-Seq	unknown	L3 seamcell	L3		mutated	met-2(n4256) III		1	ENA_sample_title_or_alias	SRX10144507	2	same_ENA_experiment_multiple_runs	shared/sharepoint_2026-07-13/training_input_bigwig/SRR13757758.bw	5f406f1128114003eeae9c6ebe2f9452c2c935f9027555130d3c722ca1b34ea9	unknown	shared/metadata_sources/v2/ena_samples/chunk_004.xml
rna_seq:SRR13757759	SRR13757759	SRX10144507	SAMN18021505	GSM5098340	RNA_met2_seamcell_rep1 [met2_a]	GSM5098340	RNA_met2_seamcell	SRP307349	PRJNA703543	GSE167167	RNA-Seq	unknown	L3 seamcell	L3		mutated	met-2(n4256) III		1	ENA_sample_title_or_alias	SRX10144507	2	same_ENA_experiment_multiple_runs	shared/sharepoint_2026-07-13/training_input_bigwig/SRR13757759.bw	ab7e8f32f8c5dfb7bfcf1b4c7b8bcfaa5db8f92b8804251b79d9e6dd98dea6c6	unknown	shared/metadata_sources/v2/ena_samples/chunk_004.xml
rna_seq:SRR13757760	SRR13757760	SRX10144508	SAMN18021499	GSM5098341	RNA_met2_seamcell_rep2 [met2_b]	GSM5098341	RNA_met2_seamcell	SRP307349	PRJNA703543	GSE167167	RNA-Seq	unknown	L3 seamcell	L3		mutated	met-2(n4256) III		2	ENA_sample_title_or_alias	SRX10144508	2	same_ENA_experiment_multiple_runs	shared/sharepoint_2026-07-13/training_input_bigwig/SRR13757760.bw	7480d154aff8ee8ec4200d70273c82c85b78021c0604ee11764e4804e194ef46	unknown	shared/metadata_sources/v2/ena_samples/chunk_003.xml
rna_seq:SRR13757761	SRR13757761	SRX10144508	SAMN18021499	GSM5098341	RNA_met2_seamcell_rep2 [met2_b]	GSM5098341	RNA_met2_seamcell	SRP307349	PRJNA703543	GSE167167	RNA-Seq	unknown	L3 seamcell	L3		mutated	met-2(n4256) III		2	ENA_sample_title_or_alias	SRX10144508	2	same_ENA_experiment_multiple_runs	shared/sharepoint_2026-07-13/training_input_bigwig/SRR13757761.bw	821036d89e1fbd80db9e503317d04f6aca722500fa467db6cd6e10b603fd1145	unknown	shared/metadata_sources/v2/ena_samples/chunk_003.xml
rna_seq:SRR13757762	SRR13757762	SRX10144509	SAMN18021518	GSM5098342	RNA_set25_seamcell_rep1 [set25_a]	GSM5098342	RNA_set25_seamcell	SRP307349	PRJNA703543	GSE167167	RNA-Seq	unknown	L3 seamcell	L3		mutated	set-25(n5021) III		1	ENA_sample_title_or_alias	SRX10144509	2	same_ENA_experiment_multiple_runs	shared/sharepoint_2026-07-13/training_input_bigwig/SRR13757762.bw	5aee6d7a2f7496d260c19a8f659c804eb8bc7ff21d9ee0f187655e7f025e245f	unknown	shared/metadata_sources/v2/ena_samples/chunk_004.xml
rna_seq:SRR13757763	SRR13757763	SRX10144509	SAMN18021518	GSM5098342	RNA_set25_seamcell_rep1 [set25_a]	GSM5098342	RNA_set25_seamcell	SRP307349	PRJNA703543	GSE167167	RNA-Seq	unknown	L3 seamcell	L3		mutated	set-25(n5021) III		1	ENA_sample_title_or_alias	SRX10144509	2	same_ENA_experiment_multiple_runs	shared/sharepoint_2026-07-13/training_input_bigwig/SRR13757763.bw	25ea4b1bab45d4d6fcc274b1706f397a455b1ec2443d8ca3aa5f0e6b922a44ad	unknown	shared/metadata_sources/v2/ena_samples/chunk_004.xml
rna_seq:SRR13757764	SRR13757764	SRX10144510	SAMN18021517	GSM5098343	RNA_set25_seamcell_rep2 [set25_b]	GSM5098343	RNA_set25_seamcell	SRP307349	PRJNA703543	GSE167167	RNA-Seq	unknown	L3 seamcell	L3		mutated	set-25(n5021) III		2	ENA_sample_title_or_alias	SRX10144510	2	same_ENA_experiment_multiple_runs	shared/sharepoint_2026-07-13/training_input_bigwig/SRR13757764.bw	759c81bd62275844548889d62ae1427d509493f65879206d345e3f45ec670d1d	unknown	shared/metadata_sources/v2/ena_samples/chunk_004.xml
rna_seq:SRR13757765	SRR13757765	SRX10144510	SAMN18021517	GSM5098343	RNA_set25_seamcell_rep2 [set25_b]	GSM5098343	RNA_set25_seamcell	SRP307349	PRJNA703543	GSE167167	RNA-Seq	unknown	L3 seamcell	L3		mutated	set-25(n5021) III		2	ENA_sample_title_or_alias	SRX10144510	2	same_ENA_experiment_multiple_runs	shared/sharepoint_2026-07-13/training_input_bigwig/SRR13757765.bw	18b5c46516e49cbc67ff7c0f34e71577d106be26a206faaf2b3bf8662f17821b	unknown	shared/metadata_sources/v2/ena_samples/chunk_004.xml
rna_seq:SRR13757766	SRR13757766	SRX10144511	SAMN18021516	GSM5098344	RNA_met2set25_seamcell_rep1 [met2set25_a]	GSM5098344	RNA_met2set25_seamcell	SRP307349	PRJNA703543	GSE167167	RNA-Seq	unknown	L3 seamcell	L3		mutated	met-2(n4256) III, set-25(n5021) III		1	ENA_sample_title_or_alias	SRX10144511	2	same_ENA_experiment_multiple_runs	shared/sharepoint_2026-07-13/training_input_bigwig/SRR13757766.bw	64e1e940ef9a58746d73d7d14f14d82f4880cc6fb5492db7ec86789ab61fff19	unknown	shared/metadata_sources/v2/ena_samples/chunk_004.xml
rna_seq:SRR13757767	SRR13757767	SRX10144511	SAMN18021516	GSM5098344	RNA_met2set25_seamcell_rep1 [met2set25_a]	GSM5098344	RNA_met2set25_seamcell	SRP307349	PRJNA703543	GSE167167	RNA-Seq	unknown	L3 seamcell	L3		mutated	met-2(n4256) III, set-25(n5021) III		1	ENA_sample_title_or_alias	SRX10144511	2	same_ENA_experiment_multiple_runs	shared/sharepoint_2026-07-13/training_input_bigwig/SRR13757767.bw	ead49f0f6a0aa928afa87d8c738fb33813e231ea73acc15f08ad5f0498615948	unknown	shared/metadata_sources/v2/ena_samples/chunk_004.xml
rna_seq:SRR13757768	SRR13757768	SRX10144512	SAMN18021515	GSM5098345	RNA_met2set25_seamcell_rep2 [met2set25_b]	GSM5098345	RNA_met2set25_seamcell	SRP307349	PRJNA703543	GSE167167	RNA-Seq	unknown	L3 seamcell	L3		mutated	met-2(n4256) III, set-25(n5021) III		2	ENA_sample_title_or_alias	SRX10144512	2	same_ENA_experiment_multiple_runs	shared/sharepoint_2026-07-13/training_input_bigwig/SRR13757768.bw	8daf543f986812f8973e8f49fe36b3990131ee849316ccb91b724011c7bcd85a	unknown	shared/metadata_sources/v2/ena_samples/chunk_004.xml
rna_seq:SRR13757769	SRR13757769	SRX10144512	SAMN18021515	GSM5098345	RNA_met2set25_seamcell_rep2 [met2set25_b]	GSM5098345	RNA_met2set25_seamcell	SRP307349	PRJNA703543	GSE167167	RNA-Seq	unknown	L3 seamcell	L3		mutated	met-2(n4256) III, set-25(n5021) III		2	ENA_sample_title_or_alias	SRX10144512	2	same_ENA_experiment_multiple_runs	shared/sharepoint_2026-07-13/training_input_bigwig/SRR13757769.bw	21dd6f5613299733fd49f48a0627f0e5b798ad1f0166986d0ee7e88145cec839	unknown	shared/metadata_sources/v2/ena_samples/chunk_004.xml
rna_seq:SRR13757770	SRR13757770	SRX10144513	SAMN18021514	GSM5098346	RNA_degron-nonauxin_muscle_rep1 [no_auxin_1]	GSM5098346	RNA_degron-nonauxin_muscle	SRP307349	PRJNA703543	GSE167167	RNA-Seq	unknown	L3 body wall muscle	L3		mutated	met-2::degron		1	ENA_sample_title_or_alias	SRX10144513	1	single_run_for_ENA_experiment	shared/sharepoint_2026-07-13/training_input_bigwig/SRR13757770.bw	fc13bf3a0e975b5fcd59b3623b14886678199b2e8562620b8ea3a3ab60974d60	unknown	shared/metadata_sources/v2/ena_samples/chunk_004.xml
rna_seq:SRR13757771	SRR13757771	SRX10144514	SAMN18021513	GSM5098347	RNA_degron-nonauxin_muscle_rep2 [no_auxin_2]	GSM5098347	RNA_degron-nonauxin_muscle	SRP307349	PRJNA703543	GSE167167	RNA-Seq	unknown	L3 body wall muscle	L3		mutated	met-2::degron		2	ENA_sample_title_or_alias	SRX10144514	1	single_run_for_ENA_experiment	shared/sharepoint_2026-07-13/training_input_bigwig/SRR13757771.bw	19a951c11129b4b7f41caafea21fe66f9b79f2e6d71ac5c2dcdb05088911f469	unknown	shared/metadata_sources/v2/ena_samples/chunk_004.xml
rna_seq:SRR13757772	SRR13757772	SRX10144515	SAMN18021512	GSM5098348	RNA_degron-auxin_muscle_rep1 [auxin_1]	GSM5098348	RNA_degron-auxin_muscle	SRP307349	PRJNA703543	GSE167167	RNA-Seq	unknown	L3 body wall muscle	L3		mutated+treated	met-2::degron		1	ENA_sample_title_or_alias	SRX10144515	1	single_run_for_ENA_experiment	shared/sharepoint_2026-07-13/training_input_bigwig/SRR13757772.bw	e7bc3afb4d6eaa3a9c4c83ab718379a545948bc101adf199476791d14adf927c	unknown	shared/metadata_sources/v2/ena_samples/chunk_004.xml
rna_seq:SRR13757773	SRR13757773	SRX10144516	SAMN18021511	GSM5098349	RNA_degron-auxin_muscle_rep2 [auxin_2]	GSM5098349	RNA_degron-auxin_muscle	SRP307349	PRJNA703543	GSE167167	RNA-Seq	unknown	L3 body wall muscle	L3		mutated+treated	met-2::degron		2	ENA_sample_title_or_alias	SRX10144516	1	single_run_for_ENA_experiment	shared/sharepoint_2026-07-13/training_input_bigwig/SRR13757773.bw	e2fe233b9f6e069a535382ffb0974a1c8592062edd61f8467ed5bb241d1491a1	unknown	shared/metadata_sources/v2/ena_samples/chunk_004.xml
rna_seq:SRR13964554	SRR13964554	SRX10342559	SAMN18313039	GSM5172427	N2_eemb_20°C_rep1	GSM5172427	N2_eemb_20°C_rep1	SRP310676	PRJNA714608	GSE168924	RNA-Seq	unknown	early embryo	Embryo		N2 (Bristol)	WT		1	ENA_sample_title_or_alias	SRX10342559	1	single_run_for_ENA_experiment	shared/sharepoint_2026-07-13/training_input_bigwig/SRR13964554.bw	8422277939b1a41f7c44fe783d293e2204b0bd157984178aad42c268d6929180	unknown	shared/metadata_sources/v2/ena_samples/chunk_004.xml
rna_seq:SRR13964555	SRR13964555	SRX10342560	SAMN18313038	GSM5172428	N2_eemb_20°C_rep2	GSM5172428	N2_eemb_20°C_rep2	SRP310676	PRJNA714608	GSE168924	RNA-Seq	unknown	early embryo	Embryo		N2 (Bristol)	WT		2	ENA_sample_title_or_alias	SRX10342560	1	single_run_for_ENA_experiment	shared/sharepoint_2026-07-13/training_input_bigwig/SRR13964555.bw	886da97271d0fe93ba8e57d526eca4da580563b89f502358b3fae2356507c768	unknown	shared/metadata_sources/v2/ena_samples/chunk_004.xml
rna_seq:SRR13964556	SRR13964556	SRX10342546	SAMN18313037	GSM5172429	N2_eemb_20°C_rep3	GSM5172429	N2_eemb_20°C_rep3	SRP310676	PRJNA714608	GSE168924	RNA-Seq	unknown	early embryo	Embryo		N2 (Bristol)	WT		3	ENA_sample_title_or_alias	SRX10342546	1	single_run_for_ENA_experiment	shared/sharepoint_2026-07-13/training_input_bigwig/SRR13964556.bw	a26ae684bf43d13f33579bdb476a5361bc204802b74baea89fd28a52a01fa7e1	unknown	shared/metadata_sources/v2/ena_samples/chunk_004.xml
rna_seq:SRR13964557	SRR13964557	SRX10342547	SAMN18313036	GSM5172430	N2_eemb_37°C_rep1	GSM5172430	N2_eemb_37°C_rep1	SRP310676	PRJNA714608	GSE168924	RNA-Seq	unknown	early embryo	Embryo		N2 (Bristol)	treated		1	ENA_sample_title_or_alias	SRX10342547	2	same_ENA_experiment_multiple_runs	shared/sharepoint_2026-07-13/training_input_bigwig/SRR13964557.bw	d09303a534490d7b3f0ffc260d12a719c900053917de880828dc3814a89b29a9	unknown	shared/metadata_sources/v2/ena_samples/chunk_004.xml
rna_seq:SRR13964558	SRR13964558	SRX10342547	SAMN18313036	GSM5172430	N2_eemb_37°C_rep1	GSM5172430	N2_eemb_37°C_rep1	SRP310676	PRJNA714608	GSE168924	RNA-Seq	unknown	early embryo	Embryo		N2 (Bristol)	treated		1	ENA_sample_title_or_alias	SRX10342547	2	same_ENA_experiment_multiple_runs	shared/sharepoint_2026-07-13/training_input_bigwig/SRR13964558.bw	6ab8c4f6a53ad2c2ffd8e89da6e8913e1997952175b33790ee552a677d6befc3	unknown	shared/metadata_sources/v2/ena_samples/chunk_004.xml
rna_seq:SRR13964559	SRR13964559	SRX10342548	SAMN18313035	GSM5172431	N2_eemb_37°C_rep2	GSM5172431	N2_eemb_37°C_rep2	SRP310676	PRJNA714608	GSE168924	RNA-Seq	unknown	early embryo	Embryo		N2 (Bristol)	treated		2	ENA_sample_title_or_alias	SRX10342548	2	same_ENA_experiment_multiple_runs	shared/sharepoint_2026-07-13/training_input_bigwig/SRR13964559.bw	91e016973cafff86dcadeb9200cdbe28f50bac12055a45fc3b3eaec526c0802d	unknown	shared/metadata_sources/v2/ena_samples/chunk_004.xml
rna_seq:SRR13964560	SRR13964560	SRX10342548	SAMN18313035	GSM5172431	N2_eemb_37°C_rep2	GSM5172431	N2_eemb_37°C_rep2	SRP310676	PRJNA714608	GSE168924	RNA-Seq	unknown	early embryo	Embryo		N2 (Bristol)	treated		2	ENA_sample_title_or_alias	SRX10342548	2	same_ENA_experiment_multiple_runs	shared/sharepoint_2026-07-13/training_input_bigwig/SRR13964560.bw	885fb2c54031c6bcb8e5394a2e3bd5e68bdf1a89edf3531b49fbd9f9f0894466	unknown	shared/metadata_sources/v2/ena_samples/chunk_004.xml
rna_seq:SRR13964561	SRR13964561	SRX10342549	SAMN18313034	GSM5172432	N2_eemb_37°C_rep3	GSM5172432	N2_eemb_37°C_rep3	SRP310676	PRJNA714608	GSE168924	RNA-Seq	unknown	early embryo	Embryo		N2 (Bristol)	treated		3	ENA_sample_title_or_alias	SRX10342549	2	same_ENA_experiment_multiple_runs	shared/sharepoint_2026-07-13/training_input_bigwig/SRR13964561.bw	acadedc0579ce43cad10cd1871f364e8c709e9e582581afefe7a126d0c0d2da0	unknown	shared/metadata_sources/v2/ena_samples/chunk_004.xml
rna_seq:SRR13964562	SRR13964562	SRX10342549	SAMN18313034	GSM5172432	N2_eemb_37°C_rep3	GSM5172432	N2_eemb_37°C_rep3	SRP310676	PRJNA714608	GSE168924	RNA-Seq	unknown	early embryo	Embryo		N2 (Bristol)	treated		3	ENA_sample_title_or_alias	SRX10342549	2	same_ENA_experiment_multiple_runs	shared/sharepoint_2026-07-13/training_input_bigwig/SRR13964562.bw	00256ead4ee69dc822f7917923107bd540a870cc8a5e0f5dc88eae55ad0f327f	unknown	shared/metadata_sources/v2/ena_samples/chunk_004.xml
rna_seq:SRR13964563	SRR13964563	SRX10342550	SAMN18313033	GSM5172433	met2_eemb_20°C_rep1	GSM5172433	met2_eemb_20°C_rep1	SRP310676	PRJNA714608	GSE168924	RNA-Seq	unknown	early embryo	Embryo		met-2(n4256) III	mutated		1	ENA_sample_title_or_alias	SRX10342550	2	same_ENA_experiment_multiple_runs	shared/sharepoint_2026-07-13/training_input_bigwig/SRR13964563.bw	970fd179305137973fc211793f44040586ec6e1732008313cf5a10d14fd12039	unknown	shared/metadata_sources/v2/ena_samples/chunk_004.xml
rna_seq:SRR13964564	SRR13964564	SRX10342550	SAMN18313033	GSM5172433	met2_eemb_20°C_rep1	GSM5172433	met2_eemb_20°C_rep1	SRP310676	PRJNA714608	GSE168924	RNA-Seq	unknown	early embryo	Embryo		met-2(n4256) III	mutated		1	ENA_sample_title_or_alias	SRX10342550	2	same_ENA_experiment_multiple_runs	shared/sharepoint_2026-07-13/training_input_bigwig/SRR13964564.bw	17874c0ef6fea8c544d5f761d89c336d421f4a697354bb10e8c68238df6171ad	unknown	shared/metadata_sources/v2/ena_samples/chunk_004.xml
rna_seq:SRR13964565	SRR13964565	SRX10342551	SAMN18313032	GSM5172434	met2_eemb_20°C_rep2	GSM5172434	met2_eemb_20°C_rep2	SRP310676	PRJNA714608	GSE168924	RNA-Seq	unknown	early embryo	Embryo		met-2(n4256) III	mutated		2	ENA_sample_title_or_alias	SRX10342551	2	same_ENA_experiment_multiple_runs	shared/sharepoint_2026-07-13/training_input_bigwig/SRR13964565.bw	f465fc2095c9d8a0a08698580372f41947b5a11afc3b76be5eb669a37721f4c0	unknown	shared/metadata_sources/v2/ena_samples/chunk_004.xml
rna_seq:SRR13964566	SRR13964566	SRX10342551	SAMN18313032	GSM5172434	met2_eemb_20°C_rep2	GSM5172434	met2_eemb_20°C_rep2	SRP310676	PRJNA714608	GSE168924	RNA-Seq	unknown	early embryo	Embryo		met-2(n4256) III	mutated		2	ENA_sample_title_or_alias	SRX10342551	2	same_ENA_experiment_multiple_runs	shared/sharepoint_2026-07-13/training_input_bigwig/SRR13964566.bw	a010c045a04c6f8f51826f4f8889c1d11c3857ef6b0629ecbba35e387f5c5e2a	unknown	shared/metadata_sources/v2/ena_samples/chunk_004.xml
rna_seq:SRR13964567	SRR13964567	SRX10342552	SAMN18313031	GSM5172435	met2_eemb_20°C_rep3	GSM5172435	met2_eemb_20°C_rep3	SRP310676	PRJNA714608	GSE168924	RNA-Seq	unknown	early embryo	Embryo		met-2(n4256) III	mutated		3	ENA_sample_title_or_alias	SRX10342552	2	same_ENA_experiment_multiple_runs	shared/sharepoint_2026-07-13/training_input_bigwig/SRR13964567.bw	96bdf9ea7f0f868dc90115e96d00870edb565b6be6cc5950ead3faefbde8f507	unknown	shared/metadata_sources/v2/ena_samples/chunk_004.xml
rna_seq:SRR13964568	SRR13964568	SRX10342552	SAMN18313031	GSM5172435	met2_eemb_20°C_rep3	GSM5172435	met2_eemb_20°C_rep3	SRP310676	PRJNA714608	GSE168924	RNA-Seq	unknown	early embryo	Embryo		met-2(n4256) III	mutated		3	ENA_sample_title_or_alias	SRX10342552	2	same_ENA_experiment_multiple_runs	shared/sharepoint_2026-07-13/training_input_bigwig/SRR13964568.bw	9fbca89db945c87e6f52d0380dfde835b4e26ef7293156ef94d9d553861c0227	unknown	shared/metadata_sources/v2/ena_samples/chunk_004.xml
rna_seq:SRR13964569	SRR13964569	SRX10342553	SAMN18313030	GSM5172436	met2_eemb_37°C_rep1	GSM5172436	met2_eemb_37°C_rep1	SRP310676	PRJNA714608	GSE168924	RNA-Seq	unknown	early embryo	Embryo		met-2(n4256) III	mutated+treated		1	ENA_sample_title_or_alias	SRX10342553	2	same_ENA_experiment_multiple_runs	shared/sharepoint_2026-07-13/training_input_bigwig/SRR13964569.bw	2547b3cd408012b80e343078320810ff53dfb7241cd3abe1d34ab26fbb285e1e	unknown	shared/metadata_sources/v2/ena_samples/chunk_004.xml
rna_seq:SRR13964570	SRR13964570	SRX10342553	SAMN18313030	GSM5172436	met2_eemb_37°C_rep1	GSM5172436	met2_eemb_37°C_rep1	SRP310676	PRJNA714608	GSE168924	RNA-Seq	unknown	early embryo	Embryo		met-2(n4256) III	mutated+treated		1	ENA_sample_title_or_alias	SRX10342553	2	same_ENA_experiment_multiple_runs	shared/sharepoint_2026-07-13/training_input_bigwig/SRR13964570.bw	9340499ded82a3781c088262bc0fb9403aeb712cb0c6ae48f5520cb1966f142d	unknown	shared/metadata_sources/v2/ena_samples/chunk_004.xml
rna_seq:SRR13964571	SRR13964571	SRX10342554	SAMN18313029	GSM5172437	met2_eemb_37°C_rep2	GSM5172437	met2_eemb_37°C_rep2	SRP310676	PRJNA714608	GSE168924	RNA-Seq	unknown	early embryo	Embryo		met-2(n4256) III	mutated+treated		2	ENA_sample_title_or_alias	SRX10342554	2	same_ENA_experiment_multiple_runs	shared/sharepoint_2026-07-13/training_input_bigwig/SRR13964571.bw	9477c1246b0aefcfdf413f4f7034bfb53995435cb2d8e857199dda7b224137c4	unknown	shared/metadata_sources/v2/ena_samples/chunk_004.xml
rna_seq:SRR13964572	SRR13964572	SRX10342554	SAMN18313029	GSM5172437	met2_eemb_37°C_rep2	GSM5172437	met2_eemb_37°C_rep2	SRP310676	PRJNA714608	GSE168924	RNA-Seq	unknown	early embryo	Embryo		met-2(n4256) III	mutated+treated		2	ENA_sample_title_or_alias	SRX10342554	2	same_ENA_experiment_multiple_runs	shared/sharepoint_2026-07-13/training_input_bigwig/SRR13964572.bw	89c219796d2cfd41b98d72817e87c0e361ea9e14799dd02a788407a8c82d4fe5	unknown	shared/metadata_sources/v2/ena_samples/chunk_004.xml
rna_seq:SRR13964573	SRR13964573	SRX10342555	SAMN18313028	GSM5172438	met2_eemb_37°C_rep3	GSM5172438	met2_eemb_37°C_rep3	SRP310676	PRJNA714608	GSE168924	RNA-Seq	unknown	early embryo	Embryo		met-2(n4256) III	mutated+treated		3	ENA_sample_title_or_alias	SRX10342555	2	same_ENA_experiment_multiple_runs	shared/sharepoint_2026-07-13/training_input_bigwig/SRR13964573.bw	b0c6248a8b4c9b395e987e0780e03b3f794ab654a486c6fc75a3dc7edbfc8403	unknown	shared/metadata_sources/v2/ena_samples/chunk_004.xml
rna_seq:SRR13964574	SRR13964574	SRX10342555	SAMN18313028	GSM5172438	met2_eemb_37°C_rep3	GSM5172438	met2_eemb_37°C_rep3	SRP310676	PRJNA714608	GSE168924	RNA-Seq	unknown	early embryo	Embryo		met-2(n4256) III	mutated+treated		3	ENA_sample_title_or_alias	SRX10342555	2	same_ENA_experiment_multiple_runs	shared/sharepoint_2026-07-13/training_input_bigwig/SRR13964574.bw	73df99e9ecda06264bf2f75a17c38033a9c5ad19cad55ee80e5f32e52fe5407e	unknown	shared/metadata_sources/v2/ena_samples/chunk_004.xml
rna_seq:SRR13964575	SRR13964575	SRX10342556	SAMN18313027	GSM5172439	met2cd_eemb_20°C_rep1	GSM5172439	met2cd_eemb_20°C_rep1	SRP310676	PRJNA714608	GSE168924	RNA-Seq	unknown	early embryo	Embryo		met-2(gw1660) III	mutated		1	ENA_sample_title_or_alias	SRX10342556	4	same_ENA_experiment_multiple_runs	shared/sharepoint_2026-07-13/training_input_bigwig/SRR13964575.bw	bb252687be7225148beda1e62bf2dfd3598af2f233438cdd53d88cdf4fa776e0	unknown	shared/metadata_sources/v2/ena_samples/chunk_004.xml
rna_seq:SRR13964576	SRR13964576	SRX10342556	SAMN18313027	GSM5172439	met2cd_eemb_20°C_rep1	GSM5172439	met2cd_eemb_20°C_rep1	SRP310676	PRJNA714608	GSE168924	RNA-Seq	unknown	early embryo	Embryo		met-2(gw1660) III	mutated		1	ENA_sample_title_or_alias	SRX10342556	4	same_ENA_experiment_multiple_runs	shared/sharepoint_2026-07-13/training_input_bigwig/SRR13964576.bw	0c9e5811051683aa0b1e290866c142be45a93d100f1c8c68ce23eb0ee25ce767	unknown	shared/metadata_sources/v2/ena_samples/chunk_004.xml
rna_seq:SRR13964577	SRR13964577	SRX10342556	SAMN18313027	GSM5172439	met2cd_eemb_20°C_rep1	GSM5172439	met2cd_eemb_20°C_rep1	SRP310676	PRJNA714608	GSE168924	RNA-Seq	unknown	early embryo	Embryo		met-2(gw1660) III	mutated		1	ENA_sample_title_or_alias	SRX10342556	4	same_ENA_experiment_multiple_runs	shared/sharepoint_2026-07-13/training_input_bigwig/SRR13964577.bw	3a3a59133dffba1adceebe083a6ff4fb521241c5533765638dc725a8e377c72e	unknown	shared/metadata_sources/v2/ena_samples/chunk_004.xml
rna_seq:SRR13964578	SRR13964578	SRX10342556	SAMN18313027	GSM5172439	met2cd_eemb_20°C_rep1	GSM5172439	met2cd_eemb_20°C_rep1	SRP310676	PRJNA714608	GSE168924	RNA-Seq	unknown	early embryo	Embryo		met-2(gw1660) III	mutated		1	ENA_sample_title_or_alias	SRX10342556	4	same_ENA_experiment_multiple_runs	shared/sharepoint_2026-07-13/training_input_bigwig/SRR13964578.bw	2657a6acbb1467665bdbee84131931e18294ef216353168fd4dd62c3c4fc449f	unknown	shared/metadata_sources/v2/ena_samples/chunk_004.xml
rna_seq:SRR13964579	SRR13964579	SRX10342557	SAMN18313026	GSM5172440	met2cd_eemb_20°C_rep2	GSM5172440	met2cd_eemb_20°C_rep2	SRP310676	PRJNA714608	GSE168924	RNA-Seq	unknown	early embryo	Embryo		met-2(gw1660) III	mutated		2	ENA_sample_title_or_alias	SRX10342557	4	same_ENA_experiment_multiple_runs	shared/sharepoint_2026-07-13/training_input_bigwig/SRR13964579.bw	bb9cfb3398738c6ab4d6ccb5931eafd9fcd73eb01b821c277631a48395239917	unknown	shared/metadata_sources/v2/ena_samples/chunk_004.xml
rna_seq:SRR13964580	SRR13964580	SRX10342557	SAMN18313026	GSM5172440	met2cd_eemb_20°C_rep2	GSM5172440	met2cd_eemb_20°C_rep2	SRP310676	PRJNA714608	GSE168924	RNA-Seq	unknown	early embryo	Embryo		met-2(gw1660) III	mutated		2	ENA_sample_title_or_alias	SRX10342557	4	same_ENA_experiment_multiple_runs	shared/sharepoint_2026-07-13/training_input_bigwig/SRR13964580.bw	33469a72fe0dfdd7125fdbdb7782f7bfde27a1e7f074be01a452b8e88ae17ab9	unknown	shared/metadata_sources/v2/ena_samples/chunk_004.xml
rna_seq:SRR13964581	SRR13964581	SRX10342557	SAMN18313026	GSM5172440	met2cd_eemb_20°C_rep2	GSM5172440	met2cd_eemb_20°C_rep2	SRP310676	PRJNA714608	GSE168924	RNA-Seq	unknown	early embryo	Embryo		met-2(gw1660) III	mutated		2	ENA_sample_title_or_alias	SRX10342557	4	same_ENA_experiment_multiple_runs	shared/sharepoint_2026-07-13/training_input_bigwig/SRR13964581.bw	3933f405ba156619322a5c58a2311b8d4baa9ca780903948efdc5cd2db09c1a5	unknown	shared/metadata_sources/v2/ena_samples/chunk_004.xml
rna_seq:SRR13964582	SRR13964582	SRX10342557	SAMN18313026	GSM5172440	met2cd_eemb_20°C_rep2	GSM5172440	met2cd_eemb_20°C_rep2	SRP310676	PRJNA714608	GSE168924	RNA-Seq	unknown	early embryo	Embryo		met-2(gw1660) III	mutated		2	ENA_sample_title_or_alias	SRX10342557	4	same_ENA_experiment_multiple_runs	shared/sharepoint_2026-07-13/training_input_bigwig/SRR13964582.bw	670cbafb32e27d5c3dcf7e44f0d0b3fb07a2cd1cf9d328e9065461a5cb954ab7	unknown	shared/metadata_sources/v2/ena_samples/chunk_004.xml
rna_seq:SRR13964583	SRR13964583	SRX10342558	SAMN18313025	GSM5172441	met2cd_eemb_20°C_rep3	GSM5172441	met2cd_eemb_20°C_rep3	SRP310676	PRJNA714608	GSE168924	RNA-Seq	unknown	early embryo	Embryo		met-2(gw1660) III	mutated		3	ENA_sample_title_or_alias	SRX10342558	4	same_ENA_experiment_multiple_runs	shared/sharepoint_2026-07-13/training_input_bigwig/SRR13964583.bw	a117bc7c1c821becf220f88098f8ba91dcc23efdbd14a41d4bb7b5671aa5d342	unknown	shared/metadata_sources/v2/ena_samples/chunk_004.xml
rna_seq:SRR13964584	SRR13964584	SRX10342558	SAMN18313025	GSM5172441	met2cd_eemb_20°C_rep3	GSM5172441	met2cd_eemb_20°C_rep3	SRP310676	PRJNA714608	GSE168924	RNA-Seq	unknown	early embryo	Embryo		met-2(gw1660) III	mutated		3	ENA_sample_title_or_alias	SRX10342558	4	same_ENA_experiment_multiple_runs	shared/sharepoint_2026-07-13/training_input_bigwig/SRR13964584.bw	e69c07fc255cf1c34dc51f84a6df0ee2f7fc44c1ef388b897418e16b799824f5	unknown	shared/metadata_sources/v2/ena_samples/chunk_004.xml
rna_seq:SRR13964585	SRR13964585	SRX10342558	SAMN18313025	GSM5172441	met2cd_eemb_20°C_rep3	GSM5172441	met2cd_eemb_20°C_rep3	SRP310676	PRJNA714608	GSE168924	RNA-Seq	unknown	early embryo	Embryo		met-2(gw1660) III	mutated		3	ENA_sample_title_or_alias	SRX10342558	4	same_ENA_experiment_multiple_runs	shared/sharepoint_2026-07-13/training_input_bigwig/SRR13964585.bw	308db19abc6b06f3bbfedcdba9df9411c62e8a7f7618694125697c5ad10d8fa6	unknown	shared/metadata_sources/v2/ena_samples/chunk_004.xml
rna_seq:SRR13964586	SRR13964586	SRX10342558	SAMN18313025	GSM5172441	met2cd_eemb_20°C_rep3	GSM5172441	met2cd_eemb_20°C_rep3	SRP310676	PRJNA714608	GSE168924	RNA-Seq	unknown	early embryo	Embryo		met-2(gw1660) III	mutated		3	ENA_sample_title_or_alias	SRX10342558	4	same_ENA_experiment_multiple_runs	shared/sharepoint_2026-07-13/training_input_bigwig/SRR13964586.bw	117911227ff6399a36680c0cf153cf6fa8780607c22075685913bb9b9a851163	unknown	shared/metadata_sources/v2/ena_samples/chunk_004.xml
rna_seq:SRR14191081	SRR14191081	SRX10558032	SAMN18675570	GSM5232888	DG3913_rep_A [RNA-seq]	GSM5232888	whole animal	SRP314086	PRJNA720677	GSE171733	RNA-Seq	unknown	whole animal	L4		lin-41(tn1541)	lin-41(tn1541)				SRX10558032	1	single_run_for_ENA_experiment	shared/sharepoint_2026-07-13/training_input_bigwig/SRR14191081.bw	8514ed1212ab3988b8d01b695e2dc930b8e86a7077647fe9a8659236d248644f	unknown	shared/metadata_sources/v2/ena_samples/chunk_005.xml
rna_seq:SRR14191082	SRR14191082	SRX10558033	SAMN18675569	GSM5232889	DG3913_rep_B [RNA-seq]	GSM5232889	whole animal	SRP314086	PRJNA720677	GSE171733	RNA-Seq	unknown	whole animal	L4		lin-41(tn1541)	lin-41(tn1541)				SRX10558033	1	single_run_for_ENA_experiment	shared/sharepoint_2026-07-13/training_input_bigwig/SRR14191082.bw	4e9fd159ba206ea8e9f47fa50fbb9581e903e4bbab4674c6ce4656798aec1d53	unknown	shared/metadata_sources/v2/ena_samples/chunk_005.xml
rna_seq:SRR14191083	SRR14191083	SRX10558034	SAMN18675568	GSM5232890	DG3913_rep_C [RNA-seq]	GSM5232890	whole animal	SRP314086	PRJNA720677	GSE171733	RNA-Seq	unknown	whole animal	L4		lin-41(tn1541)	lin-41(tn1541)				SRX10558034	1	single_run_for_ENA_experiment	shared/sharepoint_2026-07-13/training_input_bigwig/SRR14191083.bw	9f713cf59c19c32f422639e9222523cea8013adc32db39869680df22418a01dd	unknown	shared/metadata_sources/v2/ena_samples/chunk_005.xml
rna_seq:SRR14191084	SRR14191084	SRX10558035	SAMN18675567	GSM5232891	VT3878_rep_A [RNA-seq]	GSM5232891	whole animal	SRP314086	PRJNA720677	GSE171733	RNA-Seq	unknown	whole animal	L4		lin-41(tn1541ma480);let-7(ma432)	lin-41(tn1541ma480);let-7(ma432)				SRX10558035	1	single_run_for_ENA_experiment	shared/sharepoint_2026-07-13/training_input_bigwig/SRR14191084.bw	73d3137ee741720d796a290b836844709dbb8930e5629dc80199d86f2fffa2e3	unknown	shared/metadata_sources/v2/ena_samples/chunk_005.xml
rna_seq:SRR14191085	SRR14191085	SRX10558036	SAMN18675566	GSM5232892	VT3878_rep_B [RNA-seq]	GSM5232892	whole animal	SRP314086	PRJNA720677	GSE171733	RNA-Seq	unknown	whole animal	L4		lin-41(tn1541ma480);let-7(ma432)	lin-41(tn1541ma480);let-7(ma432)				SRX10558036	1	single_run_for_ENA_experiment	shared/sharepoint_2026-07-13/training_input_bigwig/SRR14191085.bw	29b5d04fdbda1824a85af49da3e5e0c25546fd39566c207b13816b375f2e669d	unknown	shared/metadata_sources/v2/ena_samples/chunk_004.xml
rna_seq:SRR14191086	SRR14191086	SRX10558037	SAMN18675565	GSM5232893	VT3878_rep_C [RNA-seq]	GSM5232893	whole animal	SRP314086	PRJNA720677	GSE171733	RNA-Seq	unknown	whole animal	L4		lin-41(tn1541ma480);let-7(ma432)	lin-41(tn1541ma480);let-7(ma432)				SRX10558037	1	single_run_for_ENA_experiment	shared/sharepoint_2026-07-13/training_input_bigwig/SRR14191086.bw	4d511331eeefc102715cf527f3240156c30c668f052ea9b369f701858881de44	unknown	shared/metadata_sources/v2/ena_samples/chunk_004.xml
rna_seq:SRR14191087	SRR14191087	SRX10558038	SAMN18675564	GSM5232894	VT1367_rep_A [RNA-seq]	GSM5232894	whole animal	SRP314086	PRJNA720677	GSE171733	RNA-Seq	unknown	whole animal	L4		maIs105	maIs105				SRX10558038	1	single_run_for_ENA_experiment	shared/sharepoint_2026-07-13/training_input_bigwig/SRR14191087.bw	6c5743a3f05d6e1df91cd49ebf5617b16fe255f9b12b1b09d305a235b6615d6e	unknown	shared/metadata_sources/v2/ena_samples/chunk_004.xml
rna_seq:SRR14191088	SRR14191088	SRX10558039	SAMN18675563	GSM5232895	VT1367_rep_B [RNA-seq]	GSM5232895	whole animal	SRP314086	PRJNA720677	GSE171733	RNA-Seq	unknown	whole animal	L4		maIs105	maIs105				SRX10558039	1	single_run_for_ENA_experiment	shared/sharepoint_2026-07-13/training_input_bigwig/SRR14191088.bw	83ea4a8751f1232a8a7691440c5492e3cb374d11d3239fd323c0b3ada2e52d18	unknown	shared/metadata_sources/v2/ena_samples/chunk_004.xml
rna_seq:SRR14191089	SRR14191089	SRX10558040	SAMN18675562	GSM5232896	VT1367_rep_C [RNA-seq]	GSM5232896	whole animal	SRP314086	PRJNA720677	GSE171733	RNA-Seq	unknown	whole animal	L4		maIs105	maIs105				SRX10558040	1	single_run_for_ENA_experiment	shared/sharepoint_2026-07-13/training_input_bigwig/SRR14191089.bw	1a83b2b9ab9bc5cbd53427b01f1bb21cb44f155c2f0cd898b1942a69173104e6	unknown	shared/metadata_sources/v2/ena_samples/chunk_004.xml
rna_seq:SRR14191090	SRR14191090	SRX10558041	SAMN18675561	GSM5232897	VT3797_rep_A [RNA-seq]	GSM5232897	whole animal	SRP314086	PRJNA720677	GSE171733	RNA-Seq	unknown	whole animal	L4		maIs105;let-7(ma435)	maIs105;let-7(ma435)				SRX10558041	1	single_run_for_ENA_experiment	shared/sharepoint_2026-07-13/training_input_bigwig/SRR14191090.bw	836ca1b890e4df81fb785f49349deb1b48ca3ea59a8e6b78492bd07b91da854b	unknown	shared/metadata_sources/v2/ena_samples/chunk_004.xml
rna_seq:SRR14191091	SRR14191091	SRX10558042	SAMN18675560	GSM5232898	VT3797_rep_B [RNA-seq]	GSM5232898	whole animal	SRP314086	PRJNA720677	GSE171733	RNA-Seq	unknown	whole animal	L4		maIs105;let-7(ma435)	maIs105;let-7(ma435)				SRX10558042	1	single_run_for_ENA_experiment	shared/sharepoint_2026-07-13/training_input_bigwig/SRR14191091.bw	e8e41d61b02c2f041927399687e1916f30e9a95bb74497566fc056478640f26c	unknown	shared/metadata_sources/v2/ena_samples/chunk_004.xml
rna_seq:SRR14191092	SRR14191092	SRX10558043	SAMN18675559	GSM5232899	VT3797_rep_C [RNA-seq]	GSM5232899	whole animal	SRP314086	PRJNA720677	GSE171733	RNA-Seq	unknown	whole animal	L4		maIs105;let-7(ma435)	maIs105;let-7(ma435)				SRX10558043	1	single_run_for_ENA_experiment	shared/sharepoint_2026-07-13/training_input_bigwig/SRR14191092.bw	ff0b4429ed47823cc556f278dba2f1b7d971152c6a7fe34dcbf069d6c5a5bcb5	unknown	shared/metadata_sources/v2/ena_samples/chunk_004.xml
rna_seq:SRR14701359	SRR14701359	SRX11039405	SAMN19488777	GSM5351204	Sample_F0E1 Generation 1 Exposed	GSM5351204	Entire young adult	SRP322151	PRJNA734302	GSE175918	RNA-Seq	unknown	whole animal	Young Adult		treated	N2				SRX11039405	1	single_run_for_ENA_experiment	shared/sharepoint_2026-07-13/training_input_bigwig/SRR14701359.bw	940663b0dfdc85a0a6a7f59545375ade1cd6d3b960c93ee04931015d449fe1c6	unknown	shared/metadata_sources/v2/ena_samples/chunk_005.xml
rna_seq:SRR14701360	SRR14701360	SRX11039406	SAMN19488776	GSM5351205	Sample_F0E2 Generation 1 Exposed	GSM5351205	Entire young adult	SRP322151	PRJNA734302	GSE175918	RNA-Seq	unknown	whole animal	Young Adult		treated	N2				SRX11039406	1	single_run_for_ENA_experiment	shared/sharepoint_2026-07-13/training_input_bigwig/SRR14701360.bw	7f146d0a38901d85298665a6b733904f31ea85d46c92d56541c2d5e83ca81b7b	unknown	shared/metadata_sources/v2/ena_samples/chunk_005.xml
rna_seq:SRR14701361	SRR14701361	SRX11039407	SAMN19488775	GSM5351206	Sample_F0E3 Generation 1 Exposed	GSM5351206	Entire young adult	SRP322151	PRJNA734302	GSE175918	RNA-Seq	unknown	whole animal	Young Adult		treated	N2				SRX11039407	1	single_run_for_ENA_experiment	shared/sharepoint_2026-07-13/training_input_bigwig/SRR14701361.bw	1184c282284eed95d098aa9c1cad5395bd8a63f36b9c1002045ddab31164aea1	unknown	shared/metadata_sources/v2/ena_samples/chunk_005.xml
rna_seq:SRR14701362	SRR14701362	SRX11039408	SAMN19488774	GSM5351207	Sample_F0T1 Generation 1 Control	GSM5351207	Entire young adult	SRP322151	PRJNA734302	GSE175918	RNA-Seq	unknown	whole animal	Young Adult		WT	N2				SRX11039408	1	single_run_for_ENA_experiment	shared/sharepoint_2026-07-13/training_input_bigwig/SRR14701362.bw	39b283d8639aba95d24888d30798a4e6b78fd87060dbb7b1b2a4bbb9368d7bec	unknown	shared/metadata_sources/v2/ena_samples/chunk_005.xml
rna_seq:SRR14701363	SRR14701363	SRX11039409	SAMN19488773	GSM5351208	Sample_F0T2 Generation 1 Control	GSM5351208	Entire young adult	SRP322151	PRJNA734302	GSE175918	RNA-Seq	unknown	whole animal	Young Adult		WT	N2				SRX11039409	1	single_run_for_ENA_experiment	shared/sharepoint_2026-07-13/training_input_bigwig/SRR14701363.bw	035b4ec3e85a6f3fac0c27a0d2c9223daa5dd7ecf96ca028b12d5e1b3e6e242f	unknown	shared/metadata_sources/v2/ena_samples/chunk_005.xml
rna_seq:SRR14701364	SRR14701364	SRX11039410	SAMN19488772	GSM5351209	Sample_F0T3 Generation 1 Control	GSM5351209	Entire young adult	SRP322151	PRJNA734302	GSE175918	RNA-Seq	unknown	whole animal	Young Adult		WT	N2				SRX11039410	1	single_run_for_ENA_experiment	shared/sharepoint_2026-07-13/training_input_bigwig/SRR14701364.bw	f886a28ead56f0ca88da4d79cbc8056ba5f51044101f7e6dd468b2dc4e63065e	unknown	shared/metadata_sources/v2/ena_samples/chunk_005.xml
rna_seq:SRR14701365	SRR14701365	SRX11039411	SAMN19488800	GSM5351210	Sample_F1E1 Generation 2 Exposed	GSM5351210	Entire young adult	SRP322151	PRJNA734302	GSE175918	RNA-Seq	unknown	whole animal	Young Adult		treated	N2				SRX11039411	1	single_run_for_ENA_experiment	shared/sharepoint_2026-07-13/training_input_bigwig/SRR14701365.bw	c471ca8a348d894e57273e507dc0fecfe9aaae55f0c24b7e96325b25403e4d8b	unknown	shared/metadata_sources/v2/ena_samples/chunk_005.xml
rna_seq:SRR14701366	SRR14701366	SRX11039412	SAMN19488799	GSM5351211	Sample_F1E2 Generation 2 Exposed	GSM5351211	Entire young adult	SRP322151	PRJNA734302	GSE175918	RNA-Seq	unknown	whole animal	Young Adult		treated	N2				SRX11039412	1	single_run_for_ENA_experiment	shared/sharepoint_2026-07-13/training_input_bigwig/SRR14701366.bw	72d70b4ade7281f788d9877e9a17bf0eaa4e4892b2ba0a483e0bbccce74a1ca4	unknown	shared/metadata_sources/v2/ena_samples/chunk_005.xml
rna_seq:SRR14701367	SRR14701367	SRX11039413	SAMN19488798	GSM5351212	Sample_F1E3 Generation 2 Exposed	GSM5351212	Entire young adult	SRP322151	PRJNA734302	GSE175918	RNA-Seq	unknown	whole animal	Young Adult		treated	N2				SRX11039413	1	single_run_for_ENA_experiment	shared/sharepoint_2026-07-13/training_input_bigwig/SRR14701367.bw	beeaf2e251df9f9f30a351e92f8b9a72e48011e98c5f70ec25d6c97ef71db61a	unknown	shared/metadata_sources/v2/ena_samples/chunk_005.xml
rna_seq:SRR14701368	SRR14701368	SRX11039414	SAMN19488797	GSM5351213	Sample_F1R1 Generation 2 Recovery	GSM5351213	Entire young adult	SRP322151	PRJNA734302	GSE175918	RNA-Seq	unknown	whole animal	Young Adult		treated	N2				SRX11039414	1	single_run_for_ENA_experiment	shared/sharepoint_2026-07-13/training_input_bigwig/SRR14701368.bw	f56ff6fa76e17a47040a4ad02ddbf9fcc58418d2a1687ecde239805ef3c880c3	unknown	shared/metadata_sources/v2/ena_samples/chunk_005.xml
rna_seq:SRR14701369	SRR14701369	SRX11039415	SAMN19488796	GSM5351214	Sample_F1R2 Generation 2 Recovery	GSM5351214	Entire young adult	SRP322151	PRJNA734302	GSE175918	RNA-Seq	unknown	whole animal	Young Adult		treated	N2				SRX11039415	1	single_run_for_ENA_experiment	shared/sharepoint_2026-07-13/training_input_bigwig/SRR14701369.bw	3ea161134965727d75f721341f35b67eadf4349d15c189d221dfd70f3b7e8e1b	unknown	shared/metadata_sources/v2/ena_samples/chunk_005.xml
rna_seq:SRR14701370	SRR14701370	SRX11039416	SAMN19488795	GSM5351215	Sample_F1R3 Generation 2 Recovery	GSM5351215	Entire young adult	SRP322151	PRJNA734302	GSE175918	RNA-Seq	unknown	whole animal	Young Adult		treated	N2				SRX11039416	1	single_run_for_ENA_experiment	shared/sharepoint_2026-07-13/training_input_bigwig/SRR14701370.bw	656ef089d59b982e34c38a05d9a729082b9c05168691423a70ecf0df45590292	unknown	shared/metadata_sources/v2/ena_samples/chunk_005.xml
rna_seq:SRR14701371	SRR14701371	SRX11039417	SAMN19488794	GSM5351216	Sample_F1T1 Generation 2 Control	GSM5351216	Entire young adult	SRP322151	PRJNA734302	GSE175918	RNA-Seq	unknown	whole animal	Young Adult		WT	N2				SRX11039417	1	single_run_for_ENA_experiment	shared/sharepoint_2026-07-13/training_input_bigwig/SRR14701371.bw	94ee7e24fb7929fc35546f4ecb2985076948bd518a28b926bef67eb025cf706f	unknown	shared/metadata_sources/v2/ena_samples/chunk_005.xml
rna_seq:SRR14701372	SRR14701372	SRX11039418	SAMN19488793	GSM5351217	Sample_F1T2 Generation 2 Control	GSM5351217	Entire young adult	SRP322151	PRJNA734302	GSE175918	RNA-Seq	unknown	whole animal	Young Adult		WT	N2				SRX11039418	1	single_run_for_ENA_experiment	shared/sharepoint_2026-07-13/training_input_bigwig/SRR14701372.bw	98e204d6225731ea4985093855d60d420ba438411fc8ddfd2642c16ef6d641fc	unknown	shared/metadata_sources/v2/ena_samples/chunk_005.xml
rna_seq:SRR14701373	SRR14701373	SRX11039419	SAMN19488771	GSM5351218	Sample_F1T3 Generation 2 Control	GSM5351218	Entire young adult	SRP322151	PRJNA734302	GSE175918	RNA-Seq	unknown	whole animal	Young Adult		WT	N2				SRX11039419	1	single_run_for_ENA_experiment	shared/sharepoint_2026-07-13/training_input_bigwig/SRR14701373.bw	f09ed49badc052471af16ffba202331816221148e377c891b0728dcd84c097a8	unknown	shared/metadata_sources/v2/ena_samples/chunk_005.xml
rna_seq:SRR14701374	SRR14701374	SRX11039420	SAMN19488782	GSM5351219	Sample_F2E1 Generation 3 Exposed	GSM5351219	Entire young adult	SRP322151	PRJNA734302	GSE175918	RNA-Seq	unknown	whole animal	Young Adult		treated	N2				SRX11039420	1	single_run_for_ENA_experiment	shared/sharepoint_2026-07-13/training_input_bigwig/SRR14701374.bw	830148f8db76ee48e1d6dbf79711eaa51598e56cd7907a4e1df665eb62178cf6	unknown	shared/metadata_sources/v2/ena_samples/chunk_005.xml
rna_seq:SRR14701375	SRR14701375	SRX11039421	SAMN19488781	GSM5351220	Sample_F2E2 Generation 3 Exposed	GSM5351220	Entire young adult	SRP322151	PRJNA734302	GSE175918	RNA-Seq	unknown	whole animal	Young Adult		treated	N2				SRX11039421	1	single_run_for_ENA_experiment	shared/sharepoint_2026-07-13/training_input_bigwig/SRR14701375.bw	28d01931c1f02dfccc43487ff52254c86079f12b978caa9f51373c36061274c1	unknown	shared/metadata_sources/v2/ena_samples/chunk_005.xml
rna_seq:SRR14701376	SRR14701376	SRX11039422	SAMN19488780	GSM5351221	Sample_F2E3 Generation 3 Exposed	GSM5351221	Entire young adult	SRP322151	PRJNA734302	GSE175918	RNA-Seq	unknown	whole animal	Young Adult		treated	N2				SRX11039422	1	single_run_for_ENA_experiment	shared/sharepoint_2026-07-13/training_input_bigwig/SRR14701376.bw	cd3d1f6a81d41075911ba9071b97d9211678a7fa038133c6cdf3ca3009831b79	unknown	shared/metadata_sources/v2/ena_samples/chunk_005.xml
rna_seq:SRR14701377	SRR14701377	SRX11039423	SAMN19488779	GSM5351222	Sample_F2R1 Generation 3 Recovery	GSM5351222	Entire young adult	SRP322151	PRJNA734302	GSE175918	RNA-Seq	unknown	whole animal	Young Adult		treated	N2				SRX11039423	1	single_run_for_ENA_experiment	shared/sharepoint_2026-07-13/training_input_bigwig/SRR14701377.bw	c607111788cba3ae5a3ea116d0dbb07e157ee7a8d944d3eb43c32ae0458e0872	unknown	shared/metadata_sources/v2/ena_samples/chunk_005.xml
rna_seq:SRR14701378	SRR14701378	SRX11039424	SAMN19488778	GSM5351223	Sample_F2R2 Generation 3 Recovery	GSM5351223	Entire young adult	SRP322151	PRJNA734302	GSE175918	RNA-Seq	unknown	whole animal	Young Adult		treated	N2				SRX11039424	1	single_run_for_ENA_experiment	shared/sharepoint_2026-07-13/training_input_bigwig/SRR14701378.bw	39ddafe022a1d88818ec4791f0782d792bc8b5e10728aa76656996f6982bd045	unknown	shared/metadata_sources/v2/ena_samples/chunk_005.xml
rna_seq:SRR14701379	SRR14701379	SRX11039425	SAMN19488792	GSM5351224	Sample_F2R3 Generation 3 Recovery	GSM5351224	Entire young adult	SRP322151	PRJNA734302	GSE175918	RNA-Seq	unknown	whole animal	Young Adult		treated	N2				SRX11039425	1	single_run_for_ENA_experiment	shared/sharepoint_2026-07-13/training_input_bigwig/SRR14701379.bw	96c7a7d25c02e02e5e66dc2d6c0844030af95f782a8ced85cb17d54bab6110f3	unknown	shared/metadata_sources/v2/ena_samples/chunk_005.xml
rna_seq:SRR14701380	SRR14701380	SRX11039426	SAMN19488791	GSM5351225	Sample_F2T1 Generation 3 Control	GSM5351225	Entire young adult	SRP322151	PRJNA734302	GSE175918	RNA-Seq	unknown	whole animal	Young Adult		WT	N2				SRX11039426	1	single_run_for_ENA_experiment	shared/sharepoint_2026-07-13/training_input_bigwig/SRR14701380.bw	576411715b25e9352a9abd8fdb951b7b447b3288179034d42b27ad145897b82e	unknown	shared/metadata_sources/v2/ena_samples/chunk_005.xml
rna_seq:SRR14701381	SRR14701381	SRX11039427	SAMN19488790	GSM5351226	Sample_F2T2 Generation 3 Control	GSM5351226	Entire young adult	SRP322151	PRJNA734302	GSE175918	RNA-Seq	unknown	whole animal	Young Adult		WT	N2				SRX11039427	1	single_run_for_ENA_experiment	shared/sharepoint_2026-07-13/training_input_bigwig/SRR14701381.bw	ed18d186ddf30d81fc053f5e7121cddc0908e2fb191ae4999e700d7dda7cbd0f	unknown	shared/metadata_sources/v2/ena_samples/chunk_005.xml
rna_seq:SRR14701382	SRR14701382	SRX11039428	SAMN19488789	GSM5351227	Sample_F2T3 Generation 3 Control	GSM5351227	Entire young adult	SRP322151	PRJNA734302	GSE175918	RNA-Seq	unknown	whole animal	Young Adult		WT	N2				SRX11039428	1	single_run_for_ENA_experiment	shared/sharepoint_2026-07-13/training_input_bigwig/SRR14701382.bw	4878a735da57c555ddc4a9c7615e65d68118566e51164938540a6d2b9ff48258	unknown	shared/metadata_sources/v2/ena_samples/chunk_005.xml
rna_seq:SRR14701383	SRR14701383	SRX11039429	SAMN19488788	GSM5351228	Sample_F3E1 Generation 4 Exposed	GSM5351228	Entire young adult	SRP322151	PRJNA734302	GSE175918	RNA-Seq	unknown	whole animal	Young Adult		treated	N2				SRX11039429	1	single_run_for_ENA_experiment	shared/sharepoint_2026-07-13/training_input_bigwig/SRR14701383.bw	3aa632df1b775a4d15f6e1ad2e44b49a1bf1b55e7f3541cf9cdb07226c4d6d52	unknown	shared/metadata_sources/v2/ena_samples/chunk_005.xml
rna_seq:SRR14701384	SRR14701384	SRX11039430	SAMN19488787	GSM5351229	Sample_F3E2 Generation 4 Exposed	GSM5351229	Entire young adult	SRP322151	PRJNA734302	GSE175918	RNA-Seq	unknown	whole animal	Young Adult		treated	N2				SRX11039430	1	single_run_for_ENA_experiment	shared/sharepoint_2026-07-13/training_input_bigwig/SRR14701384.bw	420ab17d56db7cba72f5fc4c77ab4b188a8bae33853cb62805966fa32647e58b	unknown	shared/metadata_sources/v2/ena_samples/chunk_005.xml
rna_seq:SRR14701385	SRR14701385	SRX11039431	SAMN19488786	GSM5351230	Sample_F3E3 Generation 4 Exposed	GSM5351230	Entire young adult	SRP322151	PRJNA734302	GSE175918	RNA-Seq	unknown	whole animal	Young Adult		treated	N2				SRX11039431	1	single_run_for_ENA_experiment	shared/sharepoint_2026-07-13/training_input_bigwig/SRR14701385.bw	98bee3a1646d2f0cab43f6773f115c2e22306da97967e0dbc101f7191442c94e	unknown	shared/metadata_sources/v2/ena_samples/chunk_005.xml
rna_seq:SRR14701386	SRR14701386	SRX11039432	SAMN19488785	GSM5351231	Sample_F3R1 Generation 4 Recovery	GSM5351231	Entire young adult	SRP322151	PRJNA734302	GSE175918	RNA-Seq	unknown	whole animal	Young Adult		treated	N2				SRX11039432	1	single_run_for_ENA_experiment	shared/sharepoint_2026-07-13/training_input_bigwig/SRR14701386.bw	3b63d6022b527cf70b950e537609a8871e05a1a7b173dbfabdea393bad0a114e	unknown	shared/metadata_sources/v2/ena_samples/chunk_005.xml
rna_seq:SRR14701387	SRR14701387	SRX11039433	SAMN19488784	GSM5351232	Sample_F3R2 Generation 4 Recovery	GSM5351232	Entire young adult	SRP322151	PRJNA734302	GSE175918	RNA-Seq	unknown	whole animal	Young Adult		treated	N2				SRX11039433	1	single_run_for_ENA_experiment	shared/sharepoint_2026-07-13/training_input_bigwig/SRR14701387.bw	78b26512aec635ddc7ff7f26d4f07234bd5d58f34ddbcf2c68e02e7a2fce4fc6	unknown	shared/metadata_sources/v2/ena_samples/chunk_005.xml
rna_seq:SRR14701388	SRR14701388	SRX11039434	SAMN19488783	GSM5351233	Sample_F3R3 Generation 4 Recovery	GSM5351233	Entire young adult	SRP322151	PRJNA734302	GSE175918	RNA-Seq	unknown	whole animal	Young Adult		treated	N2				SRX11039434	1	single_run_for_ENA_experiment	shared/sharepoint_2026-07-13/training_input_bigwig/SRR14701388.bw	77189a7849db7fecbee2e67402185542888d1102e3f1777daf260f01dd7031b4	unknown	shared/metadata_sources/v2/ena_samples/chunk_005.xml
rna_seq:SRR14701389	SRR14701389	SRX11039435	SAMN19488873	GSM5351234	Sample_F3T1 Generation 4 Control	GSM5351234	Entire young adult	SRP322151	PRJNA734302	GSE175918	RNA-Seq	unknown	whole animal	Young Adult		WT	N2				SRX11039435	1	single_run_for_ENA_experiment	shared/sharepoint_2026-07-13/training_input_bigwig/SRR14701389.bw	328ea2945045057727b6331d399a91b4a088dfb6a3cbcfcf03952292436b975e	unknown	shared/metadata_sources/v2/ena_samples/chunk_005.xml
rna_seq:SRR14701390	SRR14701390	SRX11039436	SAMN19488872	GSM5351235	Sample_F3T2 Generation 4 Control	GSM5351235	Entire young adult	SRP322151	PRJNA734302	GSE175918	RNA-Seq	unknown	whole animal	Young Adult		WT	N2				SRX11039436	1	single_run_for_ENA_experiment	shared/sharepoint_2026-07-13/training_input_bigwig/SRR14701390.bw	6e1528bedfe63e2d47142293a8700514fc95c3c2b0681e62aa53a102b5034632	unknown	shared/metadata_sources/v2/ena_samples/chunk_005.xml
rna_seq:SRR14701391	SRR14701391	SRX11039437	SAMN19488871	GSM5351236	Sample_F3T3 Generation 4 Control	GSM5351236	Entire young adult	SRP322151	PRJNA734302	GSE175918	RNA-Seq	unknown	whole animal	Young Adult		WT	N2				SRX11039437	1	single_run_for_ENA_experiment	shared/sharepoint_2026-07-13/training_input_bigwig/SRR14701391.bw	f1e4389c31b81ddd5f6d1b96c7755ef1c92ea77b0935f6a5f0978638fc0da433	unknown	shared/metadata_sources/v2/ena_samples/chunk_005.xml
rna_seq:SRR1956641	SRR1956641	SRX982138	SAMN03464648	GSM1652749	N2 L3 Rep1 RNASeq	GSM1652749	whole worms	SRP056941	PRJNA280541	GSE67650	RNA-Seq	unknown	whole animal	L3		N2	WT		1	ENA_sample_title_or_alias	SRX982138	3	same_ENA_experiment_multiple_runs	shared/sharepoint_2026-07-13/training_input_bigwig/SRR1956641.bw	fc5aae4d3c5b36ac7da85681ab93409197ced7c782f5194a84d772a6a0fa7e0c	unknown	shared/metadata_sources/v2/ena_samples/chunk_000.xml
rna_seq:SRR1956642	SRR1956642	SRX982138	SAMN03464648	GSM1652749	N2 L3 Rep1 RNASeq	GSM1652749	whole worms	SRP056941	PRJNA280541	GSE67650	RNA-Seq	unknown	whole animal	L3		N2	WT		1	ENA_sample_title_or_alias	SRX982138	3	same_ENA_experiment_multiple_runs	shared/sharepoint_2026-07-13/training_input_bigwig/SRR1956642.bw	a095b7a35c52c6baeda749bd2fbee79b91d79fd89e8d5e8ec836cb3fb59e374a	unknown	shared/metadata_sources/v2/ena_samples/chunk_000.xml
rna_seq:SRR1956643	SRR1956643	SRX982138	SAMN03464648	GSM1652749	N2 L3 Rep1 RNASeq	GSM1652749	whole worms	SRP056941	PRJNA280541	GSE67650	RNA-Seq	unknown	whole animal	L3		N2	WT		1	ENA_sample_title_or_alias	SRX982138	3	same_ENA_experiment_multiple_runs	shared/sharepoint_2026-07-13/training_input_bigwig/SRR1956643.bw	1f8cdab2328b82e7d8280f3335645e43ef2a018cdd58a0901417533b602fec65	unknown	shared/metadata_sources/v2/ena_samples/chunk_000.xml
rna_seq:SRR1956644	SRR1956644	SRX982139	SAMN03464649	GSM1652750	N2 L3 Rep2 RNASeq	GSM1652750	whole worms	SRP056941	PRJNA280541	GSE67650	RNA-Seq	unknown	whole animal	L3		N2	WT		2	ENA_sample_title_or_alias	SRX982139	2	same_ENA_experiment_multiple_runs	shared/sharepoint_2026-07-13/training_input_bigwig/SRR1956644.bw	71129f9b1abcd1fe781ff83b893b27a259d3c5c9f3d21cbe30ba2f4d2f4f172a	unknown	shared/metadata_sources/v2/ena_samples/chunk_000.xml
rna_seq:SRR1956645	SRR1956645	SRX982139	SAMN03464649	GSM1652750	N2 L3 Rep2 RNASeq	GSM1652750	whole worms	SRP056941	PRJNA280541	GSE67650	RNA-Seq	unknown	whole animal	L3		N2	WT		2	ENA_sample_title_or_alias	SRX982139	2	same_ENA_experiment_multiple_runs	shared/sharepoint_2026-07-13/training_input_bigwig/SRR1956645.bw	b5002fefabc360b485cd3a3a7c45d7ea87cca7a839a1b4c4fd938bc30ee2a05a	unknown	shared/metadata_sources/v2/ena_samples/chunk_000.xml
rna_seq:SRR1956646	SRR1956646	SRX982140	SAMN03464650	GSM1652751	N2 L3 Rep3 RNASeq	GSM1652751	whole worms	SRP056941	PRJNA280541	GSE67650	RNA-Seq	unknown	whole animal	L3		N2	WT		3	ENA_sample_title_or_alias	SRX982140	2	same_ENA_experiment_multiple_runs	shared/sharepoint_2026-07-13/training_input_bigwig/SRR1956646.bw	1620f99a6b553abfa6061699a11a6a33e7e384e3d1ebfe49439832b058c3c6e5	unknown	shared/metadata_sources/v2/ena_samples/chunk_000.xml
rna_seq:SRR1956647	SRR1956647	SRX982140	SAMN03464650	GSM1652751	N2 L3 Rep3 RNASeq	GSM1652751	whole worms	SRP056941	PRJNA280541	GSE67650	RNA-Seq	unknown	whole animal	L3		N2	WT		3	ENA_sample_title_or_alias	SRX982140	2	same_ENA_experiment_multiple_runs	shared/sharepoint_2026-07-13/training_input_bigwig/SRR1956647.bw	e41d16822d9c9802d955c7b82322d801a27c01c462b2222da31366413c9e1234	unknown	shared/metadata_sources/v2/ena_samples/chunk_000.xml
rna_seq:SRR1956659	SRR1956659	SRX982149	SAMN03464659	GSM1652760	N2 L3 collection 2 Rep1 RNASeq	GSM1652760	whole worms	SRP056941	PRJNA280541	GSE67650	RNA-Seq	unknown	whole animal	L3		N2	WT		1	ENA_sample_title_or_alias	SRX982149	1	single_run_for_ENA_experiment	shared/sharepoint_2026-07-13/training_input_bigwig/SRR1956659.bw	45a2207fbaf660ec3d7f93911ec176c0c29c7e2d1772754857ef0533445c6d1b	unknown	shared/metadata_sources/v2/ena_samples/chunk_000.xml
rna_seq:SRR1956660	SRR1956660	SRX982150	SAMN03464660	GSM1652761	N2 L3 collection 2 Rep2 RNASeq	GSM1652761	whole worms	SRP056941	PRJNA280541	GSE67650	RNA-Seq	unknown	whole animal	L3		N2	WT		2	ENA_sample_title_or_alias	SRX982150	2	same_ENA_experiment_multiple_runs	shared/sharepoint_2026-07-13/training_input_bigwig/SRR1956660.bw	f79a6494efb2454d99f6abe6b9dcf76eb115cb666cc9185ce78ee0c1ac0007ac	unknown	shared/metadata_sources/v2/ena_samples/chunk_000.xml
rna_seq:SRR1956661	SRR1956661	SRX982150	SAMN03464660	GSM1652761	N2 L3 collection 2 Rep2 RNASeq	GSM1652761	whole worms	SRP056941	PRJNA280541	GSE67650	RNA-Seq	unknown	whole animal	L3		N2	WT		2	ENA_sample_title_or_alias	SRX982150	2	same_ENA_experiment_multiple_runs	shared/sharepoint_2026-07-13/training_input_bigwig/SRR1956661.bw	e4afbdc94c2c07ab69ecfa41926ecd774fff2008996bfb47f6492d4b5148a3b8	unknown	shared/metadata_sources/v2/ena_samples/chunk_000.xml
rna_seq:SRR1956662	SRR1956662	SRX982151	SAMN03464661	GSM1652762	N2 L3 collection 2 Rep3 RNASeq	GSM1652762	whole worms	SRP056941	PRJNA280541	GSE67650	RNA-Seq	unknown	whole animal	L3		N2	WT		3	ENA_sample_title_or_alias	SRX982151	1	single_run_for_ENA_experiment	shared/sharepoint_2026-07-13/training_input_bigwig/SRR1956662.bw	9135c518add918df25a8bcf18b5eb2404235192a7096543a0f4b25986b07cccd	unknown	shared/metadata_sources/v2/ena_samples/chunk_000.xml
rna_seq:SRR1956663	SRR1956663	SRX982152	SAMN03464662	GSM1652763	N2 L3 collection 2 Rep4 RNASeq	GSM1652763	whole worms	SRP056941	PRJNA280541	GSE67650	RNA-Seq	unknown	whole animal	L3		N2	WT		4	ENA_sample_title_or_alias	SRX982152	1	single_run_for_ENA_experiment	shared/sharepoint_2026-07-13/training_input_bigwig/SRR1956663.bw	b56e770c6cb907ce7abb4497cc5216e67bd926cd261dfd11a56ff4f5f7732105	unknown	shared/metadata_sources/v2/ena_samples/chunk_001.xml
rna_seq:SRR1956664	SRR1956664	SRX982153	SAMN03464663	GSM1652764	CB428 L3 Rep1 RNASeq	GSM1652764	whole worms	SRP056941	PRJNA280541	GSE67650	RNA-Seq	unknown	whole animal	L3		CB428	mutated		1	ENA_sample_title_or_alias	SRX982153	2	same_ENA_experiment_multiple_runs	shared/sharepoint_2026-07-13/training_input_bigwig/SRR1956664.bw	65dc04c64af616d25b30257ec3e8ca62f00c339aae4b711a47d5de53f4a51ce4	unknown	shared/metadata_sources/v2/ena_samples/chunk_001.xml
rna_seq:SRR1956665	SRR1956665	SRX982153	SAMN03464663	GSM1652764	CB428 L3 Rep1 RNASeq	GSM1652764	whole worms	SRP056941	PRJNA280541	GSE67650	RNA-Seq	unknown	whole animal	L3		CB428	mutated		1	ENA_sample_title_or_alias	SRX982153	2	same_ENA_experiment_multiple_runs	shared/sharepoint_2026-07-13/training_input_bigwig/SRR1956665.bw	21e18bf222779f4fee58631ff21d57fce1c10b3edb90ea3846679982fc8154b2	unknown	shared/metadata_sources/v2/ena_samples/chunk_001.xml
rna_seq:SRR1956666	SRR1956666	SRX982154	SAMN03464664	GSM1652765	CB428 L3 Rep2 RNASeq	GSM1652765	whole worms	SRP056941	PRJNA280541	GSE67650	RNA-Seq	unknown	whole animal	L3		CB428	mutated		2	ENA_sample_title_or_alias	SRX982154	2	same_ENA_experiment_multiple_runs	shared/sharepoint_2026-07-13/training_input_bigwig/SRR1956666.bw	310b96ef6de6dc728117e3a273c04f964094e62b02af2310ababa9b2441a33a3	unknown	shared/metadata_sources/v2/ena_samples/chunk_001.xml
rna_seq:SRR1956667	SRR1956667	SRX982154	SAMN03464664	GSM1652765	CB428 L3 Rep2 RNASeq	GSM1652765	whole worms	SRP056941	PRJNA280541	GSE67650	RNA-Seq	unknown	whole animal	L3		CB428	mutated		2	ENA_sample_title_or_alias	SRX982154	2	same_ENA_experiment_multiple_runs	shared/sharepoint_2026-07-13/training_input_bigwig/SRR1956667.bw	50d28316bece6ef550efb99f1742a42613b7dbb52e3ef4289ed345a2f57bbbf2	unknown	shared/metadata_sources/v2/ena_samples/chunk_001.xml
rna_seq:SRR1956668	SRR1956668	SRX982155	SAMN03464665	GSM1652766	CB428 L3 Rep3 RNASeq	GSM1652766	whole worms	SRP056941	PRJNA280541	GSE67650	RNA-Seq	unknown	whole animal	L3		CB428	mutated		3	ENA_sample_title_or_alias	SRX982155	1	single_run_for_ENA_experiment	shared/sharepoint_2026-07-13/training_input_bigwig/SRR1956668.bw	9cec18d6104cca95e0b506b691dff54ee75c99df451cd7c8d378b2749b79e761	unknown	shared/metadata_sources/v2/ena_samples/chunk_001.xml
rna_seq:SRR1956669	SRR1956669	SRX982156	SAMN03464666	GSM1652767	CB428 L3 Rep4 RNASeq	GSM1652767	whole worms	SRP056941	PRJNA280541	GSE67650	RNA-Seq	unknown	whole animal	L3		CB428	mutated		4	ENA_sample_title_or_alias	SRX982156	1	single_run_for_ENA_experiment	shared/sharepoint_2026-07-13/training_input_bigwig/SRR1956669.bw	77c8a82285fa8d54e36231a163587193d6afe1de9ee65c1074337bf03c497006	unknown	shared/metadata_sources/v2/ena_samples/chunk_001.xml
rna_seq:SRR1956670	SRR1956670	SRX982157	SAMN03464670	GSM1652768	SET4 L3 Rep1 RNASeq	GSM1652768	whole worms	SRP056941	PRJNA280541	GSE67650	RNA-Seq	unknown	whole animal	L3		MT14911	mutated		1	ENA_sample_title_or_alias	SRX982157	1	single_run_for_ENA_experiment	shared/sharepoint_2026-07-13/training_input_bigwig/SRR1956670.bw	75c5fc0545d0b2fe7bcb53e2dfd9b06b0c518b1db617d7305d16c5a0b80462e2	unknown	shared/metadata_sources/v2/ena_samples/chunk_001.xml
rna_seq:SRR1956671	SRR1956671	SRX982158	SAMN03464671	GSM1652769	SET4 L3 Rep2 RNASeq	GSM1652769	whole worms	SRP056941	PRJNA280541	GSE67650	RNA-Seq	unknown	whole animal	L3		MT14911	mutated		2	ENA_sample_title_or_alias	SRX982158	1	single_run_for_ENA_experiment	shared/sharepoint_2026-07-13/training_input_bigwig/SRR1956671.bw	655d74bf94fd05eea731cfedf9a0878fe11c9f58abcb2d60f1dcdea524a9b456	unknown	shared/metadata_sources/v2/ena_samples/chunk_001.xml
rna_seq:SRR1956672	SRR1956672	SRX982159	SAMN03464672	GSM1652770	SET4 L3 Rep3 RNASeq	GSM1652770	whole worms	SRP056941	PRJNA280541	GSE67650	RNA-Seq	unknown	whole animal	L3		MT14911	mutated		3	ENA_sample_title_or_alias	SRX982159	1	single_run_for_ENA_experiment	shared/sharepoint_2026-07-13/training_input_bigwig/SRR1956672.bw	abcbdff01d33772da8a11760caffa2cc115779d9ef54829d65651e2d623e7b19	unknown	shared/metadata_sources/v2/ena_samples/chunk_001.xml
rna_seq:SRR1956673	SRR1956673	SRX982160	SAMN03464673	GSM1652771	SET4 L3 Rep4 RNASeq	GSM1652771	whole worms	SRP056941	PRJNA280541	GSE67650	RNA-Seq	unknown	whole animal	L3		MT14911	mutated		4	ENA_sample_title_or_alias	SRX982160	2	same_ENA_experiment_multiple_runs	shared/sharepoint_2026-07-13/training_input_bigwig/SRR1956673.bw	b2409d4ff3d0d9de8d1a5e5ac5a33885c694a2bad2fa20588b3a2a1b4fa91d0a	unknown	shared/metadata_sources/v2/ena_samples/chunk_001.xml
rna_seq:SRR1956674	SRR1956674	SRX982160	SAMN03464673	GSM1652771	SET4 L3 Rep4 RNASeq	GSM1652771	whole worms	SRP056941	PRJNA280541	GSE67650	RNA-Seq	unknown	whole animal	L3		MT14911	mutated		4	ENA_sample_title_or_alias	SRX982160	2	same_ENA_experiment_multiple_runs	shared/sharepoint_2026-07-13/training_input_bigwig/SRR1956674.bw	5a4aa1888134161e3a50d69e83b4aa57b80531152017af6512b0370263739635	unknown	shared/metadata_sources/v2/ena_samples/chunk_001.xml
rna_seq:SRR1956694	SRR1956694	SRX982177	SAMN03464629	GSM1652788	DPY27 RNAi L3 Rep1 RNASeq	GSM1652788	whole worms	SRP056941	PRJNA280541	GSE67650	RNA-Seq	unknown	whole animal	L3		N2, DPY-27 RNAi	WT+treated		1	ENA_sample_title_or_alias	SRX982177	1	single_run_for_ENA_experiment	shared/sharepoint_2026-07-13/training_input_bigwig/SRR1956694.bw	d9c53aba540705d0154fc05f45e192cffa4825b647969d6010123ad81dcd5519	unknown	shared/metadata_sources/v2/ena_samples/chunk_000.xml
rna_seq:SRR1956695	SRR1956695	SRX982178	SAMN03464630	GSM1652789	DPY27 RNAi L3 Rep2 RNASeq	GSM1652789	whole worms	SRP056941	PRJNA280541	GSE67650	RNA-Seq	unknown	whole animal	L3		N2, DPY-27 RNAi	WT+treated		2	ENA_sample_title_or_alias	SRX982178	1	single_run_for_ENA_experiment	shared/sharepoint_2026-07-13/training_input_bigwig/SRR1956695.bw	0a2be08a2ff11f3490557b6102d2bc89c2b2ca55e544c53ea939cfc9bf026ed9	unknown	shared/metadata_sources/v2/ena_samples/chunk_000.xml
rna_seq:SRR1956696	SRR1956696	SRX982179	SAMN03464631	GSM1652790	DPY27 RNAi L3 Rep3 RNASeq	GSM1652790	whole worms	SRP056941	PRJNA280541	GSE67650	RNA-Seq	unknown	whole animal	L3		N2, DPY-27 RNAi	WT+treated		3	ENA_sample_title_or_alias	SRX982179	1	single_run_for_ENA_experiment	shared/sharepoint_2026-07-13/training_input_bigwig/SRR1956696.bw	7c39c3f3cb9f93dff227bf271115398a536bb55320bc5738335cd2dd04acc0c7	unknown	shared/metadata_sources/v2/ena_samples/chunk_000.xml
rna_seq:SRR1956697	SRR1956697	SRX982180	SAMN03464632	GSM1652791	DPY27 RNAi L3 Rep4 RNASeq	GSM1652791	whole worms	SRP056941	PRJNA280541	GSE67650	RNA-Seq	unknown	whole animal	L3		N2, DPY-27 RNAi	WT+treated		4	ENA_sample_title_or_alias	SRX982180	1	single_run_for_ENA_experiment	shared/sharepoint_2026-07-13/training_input_bigwig/SRR1956697.bw	ddff1b5780bf132ce6fc2380ec1bc49f08aef30c0c5a05761ec446c1d15ee5db	unknown	shared/metadata_sources/v2/ena_samples/chunk_000.xml
rna_seq:SRR1956698	SRR1956698	SRX982181	SAMN03464633	GSM1652792	Vector RNAi L3 Rep1 RNASeq	GSM1652792	whole worms	SRP056941	PRJNA280541	GSE67650	RNA-Seq	unknown	whole animal	L3		N2, Vector RNAi	WT+treated		1	ENA_sample_title_or_alias	SRX982181	1	single_run_for_ENA_experiment	shared/sharepoint_2026-07-13/training_input_bigwig/SRR1956698.bw	cee10047a6b18f59c8fa032a77b0efa15df9cedec13fee789e6c16c099975ef7	unknown	shared/metadata_sources/v2/ena_samples/chunk_000.xml
rna_seq:SRR1956699	SRR1956699	SRX982182	SAMN03464634	GSM1652793	Vector RNAi L3 Rep2 RNASeq	GSM1652793	whole worms	SRP056941	PRJNA280541	GSE67650	RNA-Seq	unknown	whole animal	L3		N2, Vector RNAi	WT+treated		2	ENA_sample_title_or_alias	SRX982182	1	single_run_for_ENA_experiment	shared/sharepoint_2026-07-13/training_input_bigwig/SRR1956699.bw	8fa7d753bbc11edd119b4ddce1d19a63f4dcfc2e58ba2519a571ac8533a334c4	unknown	shared/metadata_sources/v2/ena_samples/chunk_000.xml
rna_seq:SRR1956700	SRR1956700	SRX982183	SAMN03464635	GSM1652794	Vector RNAi L3 Rep3 RNASeq	GSM1652794	whole worms	SRP056941	PRJNA280541	GSE67650	RNA-Seq	unknown	whole animal	L3		N2, Vector RNAi	WT+treated		3	ENA_sample_title_or_alias	SRX982183	1	single_run_for_ENA_experiment	shared/sharepoint_2026-07-13/training_input_bigwig/SRR1956700.bw	ba2143fe486e2f66c4d1cfc3e81a4900971e49ba1d5c1de301d3b77874febf28	unknown	shared/metadata_sources/v2/ena_samples/chunk_000.xml
rna_seq:SRR1956701	SRR1956701	SRX982184	SAMN03464636	GSM1652795	Vector RNAi L3 Rep4 RNASeq	GSM1652795	whole worms	SRP056941	PRJNA280541	GSE67650	RNA-Seq	unknown	whole animal	L3		N2, Vector RNAi	WT+treated		4	ENA_sample_title_or_alias	SRX982184	1	single_run_for_ENA_experiment	shared/sharepoint_2026-07-13/training_input_bigwig/SRR1956701.bw	2f45b2855d561a3fee958c2d592af11e8c95f4f08c22041d8fd150813fbe655b	unknown	shared/metadata_sources/v2/ena_samples/chunk_000.xml
rna_seq:SRR23049895	SRR23049895	SRX19003428	SAMN32677660	sKM219	Model organism or animal sample from Caenorhabditis elegans			SRP417015	PRJNA922944		RNA-Seq	unknown	whole animal	Young Adult	hermaphrodite	MCJ275	alg-2(cdb155) II; alg-1(cdb153) X		alg-1(AEDH); alg-2(AEDH) young adult experiment 1rep2	ENA_sample_attribute	SRX19003428	1	single_run_for_ENA_experiment	shared/sharepoint_2026-07-13/training_input_bigwig/SRR23049895.bw	c6d821645cf42f2178025ff3e35e6c1db5166a7574679d8d3d47263e3bbe2bd1	unknown	shared/metadata_sources/v2/ena_samples/chunk_006.xml
rna_seq:SRR23049906	SRR23049906	SRX19003417	SAMN32677659	sKM218	Model organism or animal sample from Caenorhabditis elegans			SRP417015	PRJNA922944		RNA-Seq	unknown	whole animal	Young Adult	hermaphrodite	N2	wild type		wild type young adult experiment 1rep2	ENA_sample_attribute	SRX19003417	1	single_run_for_ENA_experiment	shared/sharepoint_2026-07-13/training_input_bigwig/SRR23049906.bw	2bed82875f0bcd0970425e6825d65ba9ac859ee6054eb4e1aa0fb9525eec5e94	unknown	shared/metadata_sources/v2/ena_samples/chunk_006.xml
rna_seq:SRR23049917	SRR23049917	SRX19003406	SAMN32677658	sKM211	Model organism or animal sample from Caenorhabditis elegans			SRP417015	PRJNA922944		RNA-Seq	unknown	whole animal	Embryo	hermaphrodite	MCJ275	alg-2(cdb155) II; alg-1(cdb153) X		alg-1(AEDH); alg-2(AEDH) mixed embryos experiment 1rep1	ENA_sample_attribute	SRX19003406	1	single_run_for_ENA_experiment	shared/sharepoint_2026-07-13/training_input_bigwig/SRR23049917.bw	0661d978d7d44bd00509320cc1360cfd5142fb74f6073c885beaa33dfb3a59eb	unknown	shared/metadata_sources/v2/ena_samples/chunk_006.xml
rna_seq:SRR23049928	SRR23049928	SRX19003395	SAMN32677657	sKM210	Model organism or animal sample from Caenorhabditis elegans			SRP417015	PRJNA922944		RNA-Seq	unknown	whole animal	Embryo	hermaphrodite	N2	wild type		wild type mixed embryos experiment 1rep1	ENA_sample_attribute	SRX19003395	1	single_run_for_ENA_experiment	shared/sharepoint_2026-07-13/training_input_bigwig/SRR23049928.bw	22203fc5bfb9675e360c9e92c140b1ec62c538e97d4cb72cd846a2b5d72d6eac	unknown	shared/metadata_sources/v2/ena_samples/chunk_005.xml
rna_seq:SRR23049936	SRR23049936	SRX19003387	SAMN32677662	sKM223	Model organism or animal sample from Caenorhabditis elegans			SRP417015	PRJNA922944		RNA-Seq	unknown	whole animal	Young Adult	hermaphrodite	MCJ275	alg-2(cdb155) II; alg-1(cdb153) X		alg-1(AEDH); alg-2(AEDH) young adult experiment 1rep3	ENA_sample_attribute	SRX19003387	1	single_run_for_ENA_experiment	shared/sharepoint_2026-07-13/training_input_bigwig/SRR23049936.bw	b52cfc0f7056e620264769e1fefdcaf8e45f66dd97ef4c778dfaa6e11a11c859	unknown	shared/metadata_sources/v2/ena_samples/chunk_006.xml
rna_seq:SRR23049937	SRR23049937	SRX19003386	SAMN32677661	sKM222	Model organism or animal sample from Caenorhabditis elegans			SRP417015	PRJNA922944		RNA-Seq	unknown	whole animal	Young Adult	hermaphrodite	N2	wild type		wild type young adult experiment 1rep3	ENA_sample_attribute	SRX19003386	1	single_run_for_ENA_experiment	shared/sharepoint_2026-07-13/training_input_bigwig/SRR23049937.bw	a3aed124a8392d5545fbb0a2ba8be28dfc2d4e4165d61ebcb40c6d660cb9afd7	unknown	shared/metadata_sources/v2/ena_samples/chunk_006.xml
rna_seq:SRR23049953	SRR23049953	SRX19003370	SAMN32677674	sKM243	Model organism or animal sample from Caenorhabditis elegans			SRP417015	PRJNA922944		RNA-Seq	unknown	whole animal	Embryo	hermaphrodite	MCJ275	alg-2(cdb155) II; alg-1(cdb153) X		alg-1(AEDH); alg-2(AEDH) mixed embryos experiment 1rep4	ENA_sample_attribute	SRX19003370	1	single_run_for_ENA_experiment	shared/sharepoint_2026-07-13/training_input_bigwig/SRR23049953.bw	8f20bb7557cb2c420b3924c38a8cd625bbda254c7a6559494ddb9836de241060	unknown	shared/metadata_sources/v2/ena_samples/chunk_006.xml
rna_seq:SRR23049954	SRR23049954	SRX19003369	SAMN32677673	sKM242	Model organism or animal sample from Caenorhabditis elegans			SRP417015	PRJNA922944		RNA-Seq	unknown	whole animal	Embryo	hermaphrodite	N2	wild type		wild type mixed embryos experiment 1rep4	ENA_sample_attribute	SRX19003369	1	single_run_for_ENA_experiment	shared/sharepoint_2026-07-13/training_input_bigwig/SRR23049954.bw	9c8820673e848401a9c4551536e3f84eab40fa4431ca61bdf03c1a2a5f811e08	unknown	shared/metadata_sources/v2/ena_samples/chunk_006.xml
rna_seq:SRR23049956	SRR23049956	SRX19003367	SAMN32677672	sKM241	Model organism or animal sample from Caenorhabditis elegans			SRP417015	PRJNA922944		RNA-Seq	unknown	whole animal	Embryo	hermaphrodite	MCJ275	alg-2(cdb155) II; alg-1(cdb153) X		alg-1(AEDH); alg-2(AEDH) mixed embryos experiment 1rep3	ENA_sample_attribute	SRX19003367	1	single_run_for_ENA_experiment	shared/sharepoint_2026-07-13/training_input_bigwig/SRR23049956.bw	e437ef61cba1e44023c8641fa398707fe8d8172d23d5c4f6e7a7e8abe68944cf	unknown	shared/metadata_sources/v2/ena_samples/chunk_006.xml
rna_seq:SRR23049957	SRR23049957	SRX19003366	SAMN32677671	sKM240	Model organism or animal sample from Caenorhabditis elegans			SRP417015	PRJNA922944		RNA-Seq	unknown	whole animal	Embryo	hermaphrodite	N2	wild type		wild type mixed embryos experiment 1rep3	ENA_sample_attribute	SRX19003366	1	single_run_for_ENA_experiment	shared/sharepoint_2026-07-13/training_input_bigwig/SRR23049957.bw	5b123e431ef54cb324caa814fc3ea879e1f8aab9873532aa85195cded45c1a35	unknown	shared/metadata_sources/v2/ena_samples/chunk_006.xml
rna_seq:SRR23049958	SRR23049958	SRX19003365	SAMN32677670	sKM239	Model organism or animal sample from Caenorhabditis elegans			SRP417015	PRJNA922944		RNA-Seq	unknown	whole animal	Embryo	hermaphrodite	MCJ275	alg-2(cdb155) II; alg-1(cdb153) X		alg-1(AEDH); alg-2(AEDH) mixed embryos experiment 1rep2	ENA_sample_attribute	SRX19003365	1	single_run_for_ENA_experiment	shared/sharepoint_2026-07-13/training_input_bigwig/SRR23049958.bw	4933f033bce387c39264010e7ee8fb38d9a331693074b561741963c9aba27b3e	unknown	shared/metadata_sources/v2/ena_samples/chunk_006.xml
rna_seq:SRR23049959	SRR23049959	SRX19003364	SAMN32677669	sKM238	Model organism or animal sample from Caenorhabditis elegans			SRP417015	PRJNA922944		RNA-Seq	unknown	whole animal	Embryo	hermaphrodite	N2	wild type		wild type mixed embryos experiment 1rep2	ENA_sample_attribute	SRX19003364	1	single_run_for_ENA_experiment	shared/sharepoint_2026-07-13/training_input_bigwig/SRR23049959.bw	8a52e17dda2bf5a0d85ac06dfdce052a32749cf73cbc09dfe95e2bcbaa176c25	unknown	shared/metadata_sources/v2/ena_samples/chunk_006.xml
rna_seq:SRR23049964	SRR23049964	SRX19003359	SAMN32677664	sKM225	Model organism or animal sample from Caenorhabditis elegans			SRP417015	PRJNA922944		RNA-Seq	unknown	whole animal	Young Adult	hermaphrodite	MCJ275	alg-2(cdb155) II; alg-1(cdb153) X		alg-1(AEDH); alg-2(AEDH) young adult experiment 1rep4	ENA_sample_attribute	SRX19003359	1	single_run_for_ENA_experiment	shared/sharepoint_2026-07-13/training_input_bigwig/SRR23049964.bw	84fff581fd2e65a37411655796fe5b5f2e145189c5f90811b7d8cf2f00188172	unknown	shared/metadata_sources/v2/ena_samples/chunk_006.xml
rna_seq:SRR23049965	SRR23049965	SRX19003358	SAMN32677663	sKM224	Model organism or animal sample from Caenorhabditis elegans			SRP417015	PRJNA922944		RNA-Seq	unknown	whole animal	Young Adult	hermaphrodite	N2	wild type		wild type young adult experiment 1rep4	ENA_sample_attribute	SRX19003358	1	single_run_for_ENA_experiment	shared/sharepoint_2026-07-13/training_input_bigwig/SRR23049965.bw	0f9e734f661034907c44ffd0f9517eb5ddfab730e7ea4e01d5cbe78a98cb0450	unknown	shared/metadata_sources/v2/ena_samples/chunk_006.xml
rna_seq:SRR23049966	SRR23049966	SRX19003357	SAMN32677654	sKM203	Model organism or animal sample from Caenorhabditis elegans			SRP417015	PRJNA922944		RNA-Seq	unknown	whole animal	Young Adult	hermaphrodite	N2	wild type		wild type young adult experiment 1rep1	ENA_sample_attribute	SRX19003357	1	single_run_for_ENA_experiment	shared/sharepoint_2026-07-13/training_input_bigwig/SRR23049966.bw	e194ec67b69cfe021cf435906880f202567a399ec7f2856b6ee3f3a0dae86a87	unknown	shared/metadata_sources/v2/ena_samples/chunk_005.xml
rna_seq:SRR23049967	SRR23049967	SRX19003356	SAMN32677653	sKM202	Model organism or animal sample from Caenorhabditis elegans			SRP417015	PRJNA922944		RNA-Seq	unknown	whole animal	Young Adult	hermaphrodite	MCJ275	alg-2(cdb155) II; alg-1(cdb153) X		alg-1(AEDH); alg-2(AEDH) young adult experiment 1rep1	ENA_sample_attribute	SRX19003356	1	single_run_for_ENA_experiment	shared/sharepoint_2026-07-13/training_input_bigwig/SRR23049967.bw	a40fb14cc7252d1cf1cbd07a6aa4f9b272cd706ecdaec2c33c8aa5084505b501	unknown	shared/metadata_sources/v2/ena_samples/chunk_005.xml
rna_seq:SRR2541829	SRR2541829	SRX1297650	SAMN04124059	GSM1899864	BS553 L3 Rep1 RNAseq	GSM1899864	whole worms	SRP056941	PRJNA280541	GSE67650	RNA-Seq	unknown	whole animal	L3		BS553	mutated		1	ENA_sample_title_or_alias	SRX1297650	2	same_ENA_experiment_multiple_runs	shared/sharepoint_2026-07-13/training_input_bigwig/SRR2541829.bw	1100b2667b63fe0dc6c763b0f4098f23f54bd24e36f4042fbda3943b9a9b7866	unknown	shared/metadata_sources/v2/ena_samples/chunk_001.xml
rna_seq:SRR2541830	SRR2541830	SRX1297650	SAMN04124059	GSM1899864	BS553 L3 Rep1 RNAseq	GSM1899864	whole worms	SRP056941	PRJNA280541	GSE67650	RNA-Seq	unknown	whole animal	L3		BS553	mutated		1	ENA_sample_title_or_alias	SRX1297650	2	same_ENA_experiment_multiple_runs	shared/sharepoint_2026-07-13/training_input_bigwig/SRR2541830.bw	97ce80a9dee5ef4f725bdc5d9453d2e9e394ab29c836b7e0b9a1ef9b2635834f	unknown	shared/metadata_sources/v2/ena_samples/chunk_001.xml
rna_seq:SRR2541831	SRR2541831	SRX1297651	SAMN04124060	GSM1899865	BS553 L3 Rep2 RNAseq	GSM1899865	whole worms	SRP056941	PRJNA280541	GSE67650	RNA-Seq	unknown	whole animal	L3		BS553	mutated		2	ENA_sample_title_or_alias	SRX1297651	3	same_ENA_experiment_multiple_runs	shared/sharepoint_2026-07-13/training_input_bigwig/SRR2541831.bw	ca403c30e53105be1ad2e9e189d8c2e4afdb1206e0dd59bdaba8cc6dde14ba7f	unknown	shared/metadata_sources/v2/ena_samples/chunk_001.xml
rna_seq:SRR2541832	SRR2541832	SRX1297651	SAMN04124060	GSM1899865	BS553 L3 Rep2 RNAseq	GSM1899865	whole worms	SRP056941	PRJNA280541	GSE67650	RNA-Seq	unknown	whole animal	L3		BS553	mutated		2	ENA_sample_title_or_alias	SRX1297651	3	same_ENA_experiment_multiple_runs	shared/sharepoint_2026-07-13/training_input_bigwig/SRR2541832.bw	b5421c9101978fbccee96b917eb58bc62c21c3b1d12c85d93ab44e3cfb9dea7d	unknown	shared/metadata_sources/v2/ena_samples/chunk_001.xml
rna_seq:SRR2541833	SRR2541833	SRX1297651	SAMN04124060	GSM1899865	BS553 L3 Rep2 RNAseq	GSM1899865	whole worms	SRP056941	PRJNA280541	GSE67650	RNA-Seq	unknown	whole animal	L3		BS553	mutated		2	ENA_sample_title_or_alias	SRX1297651	3	same_ENA_experiment_multiple_runs	shared/sharepoint_2026-07-13/training_input_bigwig/SRR2541833.bw	912736658e2b7d498542b393dd76449af3f98061351c5cc0feaadca3c46213ef	unknown	shared/metadata_sources/v2/ena_samples/chunk_001.xml
rna_seq:SRR2541834	SRR2541834	SRX1297652	SAMN04124061	GSM1899866	BS553 L3 Rep3 RNAseq	GSM1899866	whole worms	SRP056941	PRJNA280541	GSE67650	RNA-Seq	unknown	whole animal	L3		BS553	mutated		3	ENA_sample_title_or_alias	SRX1297652	3	same_ENA_experiment_multiple_runs	shared/sharepoint_2026-07-13/training_input_bigwig/SRR2541834.bw	518de927d37aca73e619195f535c51fef2eda802c416246166357fcadf045c72	unknown	shared/metadata_sources/v2/ena_samples/chunk_001.xml
rna_seq:SRR2541835	SRR2541835	SRX1297652	SAMN04124061	GSM1899866	BS553 L3 Rep3 RNAseq	GSM1899866	whole worms	SRP056941	PRJNA280541	GSE67650	RNA-Seq	unknown	whole animal	L3		BS553	mutated		3	ENA_sample_title_or_alias	SRX1297652	3	same_ENA_experiment_multiple_runs	shared/sharepoint_2026-07-13/training_input_bigwig/SRR2541835.bw	375de9d6f20f9cd3a012856e4f008ca28caf31847881c712a20a0d9c26f67149	unknown	shared/metadata_sources/v2/ena_samples/chunk_001.xml
rna_seq:SRR2541836	SRR2541836	SRX1297652	SAMN04124061	GSM1899866	BS553 L3 Rep3 RNAseq	GSM1899866	whole worms	SRP056941	PRJNA280541	GSE67650	RNA-Seq	unknown	whole animal	L3		BS553	mutated		3	ENA_sample_title_or_alias	SRX1297652	3	same_ENA_experiment_multiple_runs	shared/sharepoint_2026-07-13/training_input_bigwig/SRR2541836.bw	aad3c5fa1c232b36a3ea8121417a51a038c9629b58d7b47fb860df29f6136c59	unknown	shared/metadata_sources/v2/ena_samples/chunk_001.xml
rna_seq:SRR27352845	SRR27352845	SRX23029407	SAMN39129102	GSM7993256	WT.rep3.RNAseq	GSM7993256	whole animal	SRP480176	PRJNA1057254	GSE252065	RNA-Seq	unknown	whole animal	L4		N2	N2		3	ENA_sample_title_or_alias	SRX23029407	1	single_run_for_ENA_experiment	shared/sharepoint_2026-07-13/training_input_bigwig/SRR27352845.bw	e813d71001482bbbbce4d9eca3a88187d639c8ae7ad9002b325509192b42e070	unknown	shared/metadata_sources/v2/ena_samples/chunk_006.xml
rna_seq:SRR27352846	SRR27352846	SRX23029406	SAMN39129111	GSM7993247	V254I.rep3.RNAseq	GSM7993247	whole animal	SRP480176	PRJNA1057254	GSE252065	RNA-Seq	unknown	whole animal	L4		alg-1(zen25, V254I)	alg-1(zen25, V254I)		3	ENA_sample_title_or_alias	SRX23029406	1	single_run_for_ENA_experiment	shared/sharepoint_2026-07-13/training_input_bigwig/SRR27352846.bw	696840d31f72a2349abcbd888475fe76e1245cd44c10b36daf4691bc90aad67a	unknown	shared/metadata_sources/v2/ena_samples/chunk_006.xml
rna_seq:SRR27352847	SRR27352847	SRX23029405	SAMN39129112	GSM7993246	V254I.rep2.RNAseq	GSM7993246	whole animal	SRP480176	PRJNA1057254	GSE252065	RNA-Seq	unknown	whole animal	L4		alg-1(zen25, V254I)	alg-1(zen25, V254I)		2	ENA_sample_title_or_alias	SRX23029405	1	single_run_for_ENA_experiment	shared/sharepoint_2026-07-13/training_input_bigwig/SRR27352847.bw	b9efd0735dcfcc5a3bd1239c7d4ccaebc3269c8e5ba90b0fdfe471f2583ee89f	unknown	shared/metadata_sources/v2/ena_samples/chunk_006.xml
rna_seq:SRR27352848	SRR27352848	SRX23029404	SAMN39129113	GSM7993245	V254I.rep1.RNAseq	GSM7993245	whole animal	SRP480176	PRJNA1057254	GSE252065	RNA-Seq	unknown	whole animal	L4		alg-1(zen25, V254I)	alg-1(zen25, V254I)		1	ENA_sample_title_or_alias	SRX23029404	1	single_run_for_ENA_experiment	shared/sharepoint_2026-07-13/training_input_bigwig/SRR27352848.bw	51410ee0336d6c8f63df84bb859873267453680ef3b6d2ad310091f1193158fe	unknown	shared/metadata_sources/v2/ena_samples/chunk_006.xml
rna_seq:SRR27352849	SRR27352849	SRX23029403	SAMN39129114	GSM7993244	G199S.rep3.RNAseq	GSM7993244	whole animal	SRP480176	PRJNA1057254	GSE252065	RNA-Seq	unknown	whole animal	L4		alg-1(ma443, G199S)	alg-1(ma443, G199S)		3	ENA_sample_title_or_alias	SRX23029403	1	single_run_for_ENA_experiment	shared/sharepoint_2026-07-13/training_input_bigwig/SRR27352849.bw	4534c1f8407a02e66097b6e41404a2c46a8c4b047993b034ed75dd7ade101ca0	unknown	shared/metadata_sources/v2/ena_samples/chunk_006.xml
rna_seq:SRR27352850	SRR27352850	SRX23029402	SAMN39129115	GSM7993243	G199S.rep2.RNAseq	GSM7993243	whole animal	SRP480176	PRJNA1057254	GSE252065	RNA-Seq	unknown	whole animal	L4		alg-1(ma443, G199S)	alg-1(ma443, G199S)		2	ENA_sample_title_or_alias	SRX23029402	1	single_run_for_ENA_experiment	shared/sharepoint_2026-07-13/training_input_bigwig/SRR27352850.bw	07573569d21434859225cb7ae72ba60898b9a5234bddc3d233c6c430b9b1b17f	unknown	shared/metadata_sources/v2/ena_samples/chunk_006.xml
rna_seq:SRR27352851	SRR27352851	SRX23029401	SAMN39129116	GSM7993242	G199S.rep1.RNAseq	GSM7993242	whole animal	SRP480176	PRJNA1057254	GSE252065	RNA-Seq	unknown	whole animal	L4		alg-1(ma443, G199S)	alg-1(ma443, G199S)		1	ENA_sample_title_or_alias	SRX23029401	1	single_run_for_ENA_experiment	shared/sharepoint_2026-07-13/training_input_bigwig/SRR27352851.bw	f4be7199bad16042421998c4167f56a9fa054f37a60089594bb78bc9d7c08911	unknown	shared/metadata_sources/v2/ena_samples/chunk_006.xml
rna_seq:SRR27352852	SRR27352852	SRX23029400	SAMN39129117	GSM7993241	F180del.rep3.RNAseq	GSM7993241	whole animal	SRP480176	PRJNA1057254	GSE252065	RNA-Seq	unknown	whole animal	L4		alg-1(ma447,F180del)	alg-1(ma447,F180del)		3	ENA_sample_title_or_alias	SRX23029400	1	single_run_for_ENA_experiment	shared/sharepoint_2026-07-13/training_input_bigwig/SRR27352852.bw	99cb2d8c5f103255b4193534f15cc9b0118959175f58c77311f26268bf8294f1	unknown	shared/metadata_sources/v2/ena_samples/chunk_006.xml
rna_seq:SRR27352853	SRR27352853	SRX23029399	SAMN39129118	GSM7993240	F180del.rep2.RNAseq	GSM7993240	whole animal	SRP480176	PRJNA1057254	GSE252065	RNA-Seq	unknown	whole animal	L4		alg-1(ma447,F180del)	alg-1(ma447,F180del)		2	ENA_sample_title_or_alias	SRX23029399	1	single_run_for_ENA_experiment	shared/sharepoint_2026-07-13/training_input_bigwig/SRR27352853.bw	5602bae2ba2e4eb31efd06141173b1568cdfc69ad1da47ae355ba616dd707fdd	unknown	shared/metadata_sources/v2/ena_samples/chunk_006.xml
rna_seq:SRR27352854	SRR27352854	SRX23029398	SAMN39129119	GSM7993239	F180del.rep1.RNAseq	GSM7993239	whole animal	SRP480176	PRJNA1057254	GSE252065	RNA-Seq	unknown	whole animal	L4		alg-1(ma447,F180del)	alg-1(ma447,F180del)		1	ENA_sample_title_or_alias	SRX23029398	1	single_run_for_ENA_experiment	shared/sharepoint_2026-07-13/training_input_bigwig/SRR27352854.bw	5f467b69619940c9b6086e5eb15c9b39209e8023f4e62e27ee4f08f6ac4c7e41	unknown	shared/metadata_sources/v2/ena_samples/chunk_006.xml
rna_seq:SRR27352855	SRR27352855	SRX23029397	SAMN39129103	GSM7993255	WT.rep2.RNAseq	GSM7993255	whole animal	SRP480176	PRJNA1057254	GSE252065	RNA-Seq	unknown	whole animal	L4		N2	N2		2	ENA_sample_title_or_alias	SRX23029397	1	single_run_for_ENA_experiment	shared/sharepoint_2026-07-13/training_input_bigwig/SRR27352855.bw	c157e1185d061b36bbe3553a651542ba1aa7624c90e0597fd79bff036a4a3ffe	unknown	shared/metadata_sources/v2/ena_samples/chunk_006.xml
rna_seq:SRR27352856	SRR27352856	SRX23029396	SAMN39129104	GSM7993254	WT.rep1.RNAseq	GSM7993254	whole animal	SRP480176	PRJNA1057254	GSE252065	RNA-Seq	unknown	whole animal	L4		N2	N2		1	ENA_sample_title_or_alias	SRX23029396	1	single_run_for_ENA_experiment	shared/sharepoint_2026-07-13/training_input_bigwig/SRR27352856.bw	91180fde6eda3f931f737fe5a408d43a9e26d4eae193a97f8731c054eab1e928	unknown	shared/metadata_sources/v2/ena_samples/chunk_006.xml
rna_seq:SRR27352857	SRR27352857	SRX23029395	SAMN39129105	GSM7993253	null.rep3.RNAseq	GSM7993253	whole animal	SRP480176	PRJNA1057254	GSE252065	RNA-Seq	unknown	whole animal	L4		alg-1(tm492, 0)	alg-1(tm492, 0)		3	ENA_sample_title_or_alias	SRX23029395	1	single_run_for_ENA_experiment	shared/sharepoint_2026-07-13/training_input_bigwig/SRR27352857.bw	2efe350d207959cf372cb97adde422f687c93d99ab099a59e89299d5a3d038d0	unknown	shared/metadata_sources/v2/ena_samples/chunk_006.xml
rna_seq:SRR27352858	SRR27352858	SRX23029394	SAMN39129106	GSM7993252	null.rep2.RNAseq	GSM7993252	whole animal	SRP480176	PRJNA1057254	GSE252065	RNA-Seq	unknown	whole animal	L4		alg-1(tm492, 0)	alg-1(tm492, 0)		2	ENA_sample_title_or_alias	SRX23029394	1	single_run_for_ENA_experiment	shared/sharepoint_2026-07-13/training_input_bigwig/SRR27352858.bw	5c35fbc7a2004b08186529e6d04ddf2114a43a828ab95e6c8e648384132a24f8	unknown	shared/metadata_sources/v2/ena_samples/chunk_006.xml
rna_seq:SRR27352859	SRR27352859	SRX23029393	SAMN39129107	GSM7993251	null.rep1.RNAseq	GSM7993251	whole animal	SRP480176	PRJNA1057254	GSE252065	RNA-Seq	unknown	whole animal	L4		alg-1(tm492, 0)	alg-1(tm492, 0)		1	ENA_sample_title_or_alias	SRX23029393	1	single_run_for_ENA_experiment	shared/sharepoint_2026-07-13/training_input_bigwig/SRR27352859.bw	428dbcb02305cd930f80a2ac0383772b0009caf25519adae6d837591de34a585	unknown	shared/metadata_sources/v2/ena_samples/chunk_006.xml
rna_seq:SRR27352860	SRR27352860	SRX23029392	SAMN39129108	GSM7993250	H751L.rep3.RNAseq	GSM7993250	whole animal	SRP480176	PRJNA1057254	GSE252065	RNA-Seq	unknown	whole animal	L4		alg-1(zen18,H751L)	alg-1(zen18,H751L)		3	ENA_sample_title_or_alias	SRX23029392	1	single_run_for_ENA_experiment	shared/sharepoint_2026-07-13/training_input_bigwig/SRR27352860.bw	2e82fd22541983994a60d5e20bce236c59d4f1016e0fb80853cd4f394d37407c	unknown	shared/metadata_sources/v2/ena_samples/chunk_006.xml
rna_seq:SRR27352861	SRR27352861	SRX23029391	SAMN39129109	GSM7993249	H751L.rep2.RNAseq	GSM7993249	whole animal	SRP480176	PRJNA1057254	GSE252065	RNA-Seq	unknown	whole animal	L4		alg-1(zen18,H751L)	alg-1(zen18,H751L)		2	ENA_sample_title_or_alias	SRX23029391	1	single_run_for_ENA_experiment	shared/sharepoint_2026-07-13/training_input_bigwig/SRR27352861.bw	60b76aaef9d1886eec7f38b27ba1bcc1a5809d4a16337868d626ff4046868556	unknown	shared/metadata_sources/v2/ena_samples/chunk_006.xml
rna_seq:SRR27352862	SRR27352862	SRX23029390	SAMN39129110	GSM7993248	H751L.rep1.RNAseq	GSM7993248	whole animal	SRP480176	PRJNA1057254	GSE252065	RNA-Seq	unknown	whole animal	L4		alg-1(zen18,H751L)	alg-1(zen18,H751L)		1	ENA_sample_title_or_alias	SRX23029390	1	single_run_for_ENA_experiment	shared/sharepoint_2026-07-13/training_input_bigwig/SRR27352862.bw	b674ab70ca8716669bb5b29c3fd798642f54bc39ac36f3708df557c02d5f8b2a	unknown	shared/metadata_sources/v2/ena_samples/chunk_006.xml
rna_seq:SRR28628814	SRR28628814	SRX24226694	SAMN40933351	GSM8198301	whole worm, Suppressor-Fed-3MBPP1-3	GSM8198301	whole worm	SRP501217	PRJNA1099214	GSE263774	RNA-Seq	unknown	whole worm	L1		cdk-12as;ssup-72[E22K]	cdk-12as;ssup-72[E22K]	3MB-PP1 (2uM)			SRX24226694	1	single_run_for_ENA_experiment	shared/sharepoint_2026-07-13/training_input_bigwig/SRR28628814.bw	192abe760ed922d2efdef894da8d4a9c86d66d9e917bdd0df6fb2af075cf7250	unknown	shared/metadata_sources/v2/ena_samples/chunk_007.xml
rna_seq:SRR28628815	SRR28628815	SRX24226693	SAMN40933352	GSM8198300	whole worm, Suppressor-Fed-3MBPP1-2	GSM8198300	whole worm	SRP501217	PRJNA1099214	GSE263774	RNA-Seq	unknown	whole worm	L1		cdk-12as;ssup-72[E22K]	cdk-12as;ssup-72[E22K]	3MB-PP1 (2uM)			SRX24226693	1	single_run_for_ENA_experiment	shared/sharepoint_2026-07-13/training_input_bigwig/SRR28628815.bw	8bf652d402adf36989aebfb14a38f9c54ddd0570edad2f17272407917f77602c	unknown	shared/metadata_sources/v2/ena_samples/chunk_007.xml
rna_seq:SRR28628816	SRR28628816	SRX24226692	SAMN40933353	GSM8198299	whole worm, Suppressor-Fed-3MBPP1-1	GSM8198299	whole worm	SRP501217	PRJNA1099214	GSE263774	RNA-Seq	unknown	whole worm	L1		cdk-12as;ssup-72[E22K]	cdk-12as;ssup-72[E22K]	3MB-PP1 (2uM)			SRX24226692	1	single_run_for_ENA_experiment	shared/sharepoint_2026-07-13/training_input_bigwig/SRR28628816.bw	f99dd146b5bcb68bb1e6d811be4755fbfbbed1932346e7a9ca80ee0b075f7b28	unknown	shared/metadata_sources/v2/ena_samples/chunk_007.xml
rna_seq:SRR28628817	SRR28628817	SRX24226691	SAMN40933354	GSM8198298	whole worm, Suppressor-Fed-DMSO-3	GSM8198298	whole worm	SRP501217	PRJNA1099214	GSE263774	RNA-Seq	unknown	whole worm	L1		cdk-12as;ssup-72[E22K]	cdk-12as;ssup-72[E22K]	DMSO			SRX24226691	1	single_run_for_ENA_experiment	shared/sharepoint_2026-07-13/training_input_bigwig/SRR28628817.bw	3db1f1d818275bf31c39c9535bd6697a80583b9405be5d2fc6dc74dd676fecce	unknown	shared/metadata_sources/v2/ena_samples/chunk_007.xml
rna_seq:SRR28628818	SRR28628818	SRX24226690	SAMN40933355	GSM8198297	whole worm, Suppressor-Fed-DMSO-2	GSM8198297	whole worm	SRP501217	PRJNA1099214	GSE263774	RNA-Seq	unknown	whole worm	L1		cdk-12as;ssup-72[E22K]	cdk-12as;ssup-72[E22K]	DMSO			SRX24226690	1	single_run_for_ENA_experiment	shared/sharepoint_2026-07-13/training_input_bigwig/SRR28628818.bw	43f052758e740c5b14417ed0b28bf635a7b0368fbb183c3ad3e1739364004888	unknown	shared/metadata_sources/v2/ena_samples/chunk_007.xml
rna_seq:SRR28628819	SRR28628819	SRX24226689	SAMN40933356	GSM8198296	whole worm, Suppressor-Fed-DMSO-1	GSM8198296	whole worm	SRP501217	PRJNA1099214	GSE263774	RNA-Seq	unknown	whole worm	L1		cdk-12as;ssup-72[E22K]	cdk-12as;ssup-72[E22K]	DMSO			SRX24226689	1	single_run_for_ENA_experiment	shared/sharepoint_2026-07-13/training_input_bigwig/SRR28628819.bw	0e35d4462aa0e7089260625aa08b5dcbb10805635957ab38b2959aa947dbcc13	unknown	shared/metadata_sources/v2/ena_samples/chunk_007.xml
rna_seq:SRR28628820	SRR28628820	SRX24226688	SAMN40933357	GSM8198295	whole worm, Suppressor-Starved-DMSO-3	GSM8198295	whole worm	SRP501217	PRJNA1099214	GSE263774	RNA-Seq	unknown	whole worm	L1		cdk-12as;ssup-72[E22K]	cdk-12as;ssup-72[E22K]	DMSO			SRX24226688	1	single_run_for_ENA_experiment	shared/sharepoint_2026-07-13/training_input_bigwig/SRR28628820.bw	47ea7870db4c68f7ab9cba7d531a5b060d6b0b3bc292015f0fc34c73388e381e	unknown	shared/metadata_sources/v2/ena_samples/chunk_007.xml
rna_seq:SRR28628821	SRR28628821	SRX24226687	SAMN40933358	GSM8198294	whole worm, Suppressor-Starved-DMSO-2	GSM8198294	whole worm	SRP501217	PRJNA1099214	GSE263774	RNA-Seq	unknown	whole worm	L1		cdk-12as;ssup-72[E22K]	cdk-12as;ssup-72[E22K]	DMSO			SRX24226687	1	single_run_for_ENA_experiment	shared/sharepoint_2026-07-13/training_input_bigwig/SRR28628821.bw	da9de22bdfcf1b9601ede2e1605b1a50cbb12b004151276cb059d2d61e226a15	unknown	shared/metadata_sources/v2/ena_samples/chunk_007.xml
rna_seq:SRR28628822	SRR28628822	SRX24226686	SAMN40933359	GSM8198293	whole worm, Suppressor-Starved-DMSO-1	GSM8198293	whole worm	SRP501217	PRJNA1099214	GSE263774	RNA-Seq	unknown	whole worm	L1		cdk-12as;ssup-72[E22K]	cdk-12as;ssup-72[E22K]	DMSO			SRX24226686	1	single_run_for_ENA_experiment	shared/sharepoint_2026-07-13/training_input_bigwig/SRR28628822.bw	7cc852895e407fdf880e431b7fca917206e1ca335d5639ec18445129f961b57c	unknown	shared/metadata_sources/v2/ena_samples/chunk_007.xml
rna_seq:SRR28628823	SRR28628823	SRX24226685	SAMN40933360	GSM8198292	whole worm, CDK12as-Fed-3MBPP1-3	GSM8198292	whole worm	SRP501217	PRJNA1099214	GSE263774	RNA-Seq	unknown	whole worm	L1		cdk-12as	cdk-12as	3MB-PP1 (2uM)			SRX24226685	1	single_run_for_ENA_experiment	shared/sharepoint_2026-07-13/training_input_bigwig/SRR28628823.bw	9ee840cde2d94ab5b5577c3990f1b13bf2f6d7c8b71474def42cb83b40381f3f	unknown	shared/metadata_sources/v2/ena_samples/chunk_007.xml
rna_seq:SRR28628824	SRR28628824	SRX24226684	SAMN40933361	GSM8198291	whole worm, CDK12as-Fed-3MBPP1-2	GSM8198291	whole worm	SRP501217	PRJNA1099214	GSE263774	RNA-Seq	unknown	whole worm	L1		cdk-12as	cdk-12as	3MB-PP1 (2uM)			SRX24226684	1	single_run_for_ENA_experiment	shared/sharepoint_2026-07-13/training_input_bigwig/SRR28628824.bw	fefd21f6d8b73e497a06056b2b0dd105fa6e92af437a0957f6b1a1494be2dfd5	unknown	shared/metadata_sources/v2/ena_samples/chunk_007.xml
rna_seq:SRR28628825	SRR28628825	SRX24226683	SAMN40933362	GSM8198290	whole worm, CDK12as-Fed-3MBPP1-1	GSM8198290	whole worm	SRP501217	PRJNA1099214	GSE263774	RNA-Seq	unknown	whole worm	L1		cdk-12as	cdk-12as	3MB-PP1 (2uM)			SRX24226683	1	single_run_for_ENA_experiment	shared/sharepoint_2026-07-13/training_input_bigwig/SRR28628825.bw	0612661b6b241d537ee7ae04cedb9e396134d41f6c95e1db8ba95da8170cf4fc	unknown	shared/metadata_sources/v2/ena_samples/chunk_007.xml
rna_seq:SRR28628826	SRR28628826	SRX24226682	SAMN40933363	GSM8198289	whole worm, CDK12as-Fed-DMSO-3	GSM8198289	whole worm	SRP501217	PRJNA1099214	GSE263774	RNA-Seq	unknown	whole worm	L1		cdk-12as	cdk-12as	DMSO			SRX24226682	1	single_run_for_ENA_experiment	shared/sharepoint_2026-07-13/training_input_bigwig/SRR28628826.bw	01a9108bb4cadf37a96a3439bfdbbf1ca4c70da37e2fc8d8e02b610d1adb5506	unknown	shared/metadata_sources/v2/ena_samples/chunk_007.xml
rna_seq:SRR28628827	SRR28628827	SRX24226681	SAMN40933364	GSM8198288	whole worm, CDK12as-Fed-DMSO-2	GSM8198288	whole worm	SRP501217	PRJNA1099214	GSE263774	RNA-Seq	unknown	whole worm	L1		cdk-12as	cdk-12as	DMSO			SRX24226681	1	single_run_for_ENA_experiment	shared/sharepoint_2026-07-13/training_input_bigwig/SRR28628827.bw	c2fab7d4bf033cc38db230ac08315cac9e4f7ddfcf5b55b1c91e43b90795d204	unknown	shared/metadata_sources/v2/ena_samples/chunk_007.xml
rna_seq:SRR28628828	SRR28628828	SRX24226680	SAMN40933365	GSM8198287	whole worm, CDK12as-Fed-DMSO-1	GSM8198287	whole worm	SRP501217	PRJNA1099214	GSE263774	RNA-Seq	unknown	whole worm	L1		cdk-12as	cdk-12as	DMSO			SRX24226680	1	single_run_for_ENA_experiment	shared/sharepoint_2026-07-13/training_input_bigwig/SRR28628828.bw	7ec0c3f311f42c0756f602be660221f5243a67288ce09f554177eba60ce64fae	unknown	shared/metadata_sources/v2/ena_samples/chunk_007.xml
rna_seq:SRR28628829	SRR28628829	SRX24226679	SAMN40933366	GSM8198286	whole worm, CDK12as-Starved-DMSO-3	GSM8198286	whole worm	SRP501217	PRJNA1099214	GSE263774	RNA-Seq	unknown	whole worm	L1		cdk-12as	cdk-12as	DMSO			SRX24226679	1	single_run_for_ENA_experiment	shared/sharepoint_2026-07-13/training_input_bigwig/SRR28628829.bw	199c6d451ff2f4b5e49cb6daeaf67c9b9c3c3a8b9b9e47a4a94b0cf2bb9f0695	unknown	shared/metadata_sources/v2/ena_samples/chunk_007.xml
rna_seq:SRR28628830	SRR28628830	SRX24226678	SAMN40933367	GSM8198285	whole worm, CDK12as-Starved-DMSO-2	GSM8198285	whole worm	SRP501217	PRJNA1099214	GSE263774	RNA-Seq	unknown	whole worm	L1		cdk-12as	cdk-12as	DMSO			SRX24226678	1	single_run_for_ENA_experiment	shared/sharepoint_2026-07-13/training_input_bigwig/SRR28628830.bw	a9b810f5f6ef64a417af703fba7993b3761e94c0b0389a1c007be160909e30c3	unknown	shared/metadata_sources/v2/ena_samples/chunk_007.xml
rna_seq:SRR28628831	SRR28628831	SRX24226677	SAMN40933368	GSM8198284	whole worm, CDK12as-Starved-DMSO-1	GSM8198284	whole worm	SRP501217	PRJNA1099214	GSE263774	RNA-Seq	unknown	whole worm	L1		cdk-12as	cdk-12as	DMSO			SRX24226677	1	single_run_for_ENA_experiment	shared/sharepoint_2026-07-13/training_input_bigwig/SRR28628831.bw	6db766980757bdfe3fc4ea347f132e0931e43f71096e59bc23f26d28fbfee05f	unknown	shared/metadata_sources/v2/ena_samples/chunk_007.xml
rna_seq:SRR28628832	SRR28628832	SRX24226676	SAMN40933369	GSM8198283	whole worm, E22K-Fed-DMSO-3	GSM8198283	whole worm	SRP501217	PRJNA1099214	GSE263774	RNA-Seq	unknown	whole worm	L1		ssup-72[E22K]	ssup-72[E22K]	DMSO			SRX24226676	1	single_run_for_ENA_experiment	shared/sharepoint_2026-07-13/training_input_bigwig/SRR28628832.bw	039631ea76c0fccdbfecad4d972431468de7dd4b9f172d5591d44d9bce860d0e	unknown	shared/metadata_sources/v2/ena_samples/chunk_007.xml
rna_seq:SRR28628833	SRR28628833	SRX24226675	SAMN40933370	GSM8198282	whole worm, E22K-Fed-DMSO-2	GSM8198282	whole worm	SRP501217	PRJNA1099214	GSE263774	RNA-Seq	unknown	whole worm	L1		ssup-72[E22K]	ssup-72[E22K]	DMSO			SRX24226675	1	single_run_for_ENA_experiment	shared/sharepoint_2026-07-13/training_input_bigwig/SRR28628833.bw	04fe1f2d8afe36eac603f211537e1e2428fd0d97e2598228a9b277ca63f61ac3	unknown	shared/metadata_sources/v2/ena_samples/chunk_007.xml
rna_seq:SRR28628834	SRR28628834	SRX24226674	SAMN40933371	GSM8198281	whole worm, E22K-Fed-DMSO-1	GSM8198281	whole worm	SRP501217	PRJNA1099214	GSE263774	RNA-Seq	unknown	whole worm	L1		ssup-72[E22K]	ssup-72[E22K]	DMSO			SRX24226674	1	single_run_for_ENA_experiment	shared/sharepoint_2026-07-13/training_input_bigwig/SRR28628834.bw	d5bccf1041606a8ab335927b32528736d7f41be82bc2d77de45da0e1d96fe65a	unknown	shared/metadata_sources/v2/ena_samples/chunk_007.xml
rna_seq:SRR28628835	SRR28628835	SRX24226673	SAMN40933372	GSM8198280	whole worm, N2-Fed-DMSO3	GSM8198280	whole worm	SRP501217	PRJNA1099214	GSE263774	RNA-Seq	unknown	whole worm	L1		N2	N2	DMSO			SRX24226673	1	single_run_for_ENA_experiment	shared/sharepoint_2026-07-13/training_input_bigwig/SRR28628835.bw	c8c910fcf0822ef578e1af3f639f53e4a200155bb3f705ce0a0a017bd74801b9	unknown	shared/metadata_sources/v2/ena_samples/chunk_007.xml
rna_seq:SRR28628836	SRR28628836	SRX24226672	SAMN40933373	GSM8198279	whole worm, N2-Fed-DMSO-2	GSM8198279	whole worm	SRP501217	PRJNA1099214	GSE263774	RNA-Seq	unknown	whole worm	L1		N2	N2	DMSO			SRX24226672	1	single_run_for_ENA_experiment	shared/sharepoint_2026-07-13/training_input_bigwig/SRR28628836.bw	d5e106212c0356cc9cf1f72ceb1dd072f4516bf6ccc7bb8d8cf7b7451e5baf71	unknown	shared/metadata_sources/v2/ena_samples/chunk_007.xml
rna_seq:SRR28628837	SRR28628837	SRX24226671	SAMN40933374	GSM8198278	whole worm, N2-Fed-DMSO-1	GSM8198278	whole worm	SRP501217	PRJNA1099214	GSE263774	RNA-Seq	unknown	whole worm	L1		N2	N2	DMSO			SRX24226671	1	single_run_for_ENA_experiment	shared/sharepoint_2026-07-13/training_input_bigwig/SRR28628837.bw	d86816f9f0f646072d9d0a47aefc5623bfc78c9e779f987b0150909e17dbdd6d	unknown	shared/metadata_sources/v2/ena_samples/chunk_007.xml
rna_seq:SRR28645089	SRR28645089	SRX24238209	SAMN40932161	GSM8198269	whole worm, ssup-72(0), reseq, 3	GSM8198269	whole worm	SRP501530	PRJNA1099212	GSE263771	RNA-Seq	unknown	whole worm	L1		ssup-72(0)	ssup-72(0)				SRX24238209	1	single_run_for_ENA_experiment	shared/sharepoint_2026-07-13/training_input_bigwig/SRR28645089.bw	eba730e274ce7579bebe48d7b8f426d8aec589671aa7903f8afd7ee50ee7f1b8	unknown	shared/metadata_sources/v2/ena_samples/chunk_006.xml
rna_seq:SRR28645090	SRR28645090	SRX24238208	SAMN40932162	GSM8198268	whole worm, ssup-72(0), reseq, 2	GSM8198268	whole worm	SRP501530	PRJNA1099212	GSE263771	RNA-Seq	unknown	whole worm	L1		ssup-72(0)	ssup-72(0)				SRX24238208	1	single_run_for_ENA_experiment	shared/sharepoint_2026-07-13/training_input_bigwig/SRR28645090.bw	5b07c168d30503d4421fab224d9521a3f0fc7ed55cb3ff7219e18ecc1b5f2534	unknown	shared/metadata_sources/v2/ena_samples/chunk_006.xml
rna_seq:SRR28645091	SRR28645091	SRX24238207	SAMN40932163	GSM8198267	whole worm, ssup-72(0), reseq, 1	GSM8198267	whole worm	SRP501530	PRJNA1099212	GSE263771	RNA-Seq	unknown	whole worm	L1		ssup-72(0)	ssup-72(0)				SRX24238207	1	single_run_for_ENA_experiment	shared/sharepoint_2026-07-13/training_input_bigwig/SRR28645091.bw	31fc2cd57cfb2326eeffbc196c7ff84e8a0b83bbb896647e3d043b0de0372c12	unknown	shared/metadata_sources/v2/ena_samples/chunk_006.xml
rna_seq:SRR28645092	SRR28645092	SRX24238206	SAMN40932164	GSM8198266	whole worm, N2, reseq, 1	GSM8198266	whole worm	SRP501530	PRJNA1099212	GSE263771	RNA-Seq	unknown	whole worm	L1		N2	N2				SRX24238206	1	single_run_for_ENA_experiment	shared/sharepoint_2026-07-13/training_input_bigwig/SRR28645092.bw	80beaee6a2a6335d3fb08045281efb034861963ef03fe1fbb94e2fb1f5a77458	unknown	shared/metadata_sources/v2/ena_samples/chunk_006.xml
rna_seq:SRR28645093	SRR28645093	SRX24238205	SAMN40932165	GSM8198265	whole worm, pinn-1(0), 3	GSM8198265	whole worm	SRP501530	PRJNA1099212	GSE263771	RNA-Seq	unknown	whole worm	L1		pinn-1(0)	pinn-1(0)				SRX24238205	1	single_run_for_ENA_experiment	shared/sharepoint_2026-07-13/training_input_bigwig/SRR28645093.bw	aeb3506e7194b9a71999c9c0f5f6c6836a5896e341b7f2f220d4fb8c9763965d	unknown	shared/metadata_sources/v2/ena_samples/chunk_006.xml
rna_seq:SRR28645094	SRR28645094	SRX24238204	SAMN40932166	GSM8198264	whole worm, pinn-1(0), 2	GSM8198264	whole worm	SRP501530	PRJNA1099212	GSE263771	RNA-Seq	unknown	whole worm	L1		pinn-1(0)	pinn-1(0)				SRX24238204	1	single_run_for_ENA_experiment	shared/sharepoint_2026-07-13/training_input_bigwig/SRR28645094.bw	e601d1e10b787b415c1f41be63b2ff69602dbc94c9fa5eeb4bf2a7cf7a346125	unknown	shared/metadata_sources/v2/ena_samples/chunk_006.xml
rna_seq:SRR28645095	SRR28645095	SRX24238203	SAMN40932167	GSM8198263	whole worm, pinn-1(0), 1	GSM8198263	whole worm	SRP501530	PRJNA1099212	GSE263771	RNA-Seq	unknown	whole worm	L1		pinn-1(0)	pinn-1(0)				SRX24238203	1	single_run_for_ENA_experiment	shared/sharepoint_2026-07-13/training_input_bigwig/SRR28645095.bw	d82ca2175d76b10c661e8dc09845f8a0ec12faffdbf7d30ba9de2c91d1899457	unknown	shared/metadata_sources/v2/ena_samples/chunk_006.xml
rna_seq:SRR28645096	SRR28645096	SRX24238202	SAMN40932168	GSM8198262	whole worm, ssup-72[S39A], 3	GSM8198262	whole worm	SRP501530	PRJNA1099212	GSE263771	RNA-Seq	unknown	whole worm	L1		ssup-72[S39A]	ssup-72[S39A]				SRX24238202	1	single_run_for_ENA_experiment	shared/sharepoint_2026-07-13/training_input_bigwig/SRR28645096.bw	4c52fd37e76a975777aec15790be51bfa771c51b8633f16405ad518d635d8798	unknown	shared/metadata_sources/v2/ena_samples/chunk_006.xml
rna_seq:SRR28645097	SRR28645097	SRX24238201	SAMN40932169	GSM8198261	whole worm, ssup-72[S39A], 2	GSM8198261	whole worm	SRP501530	PRJNA1099212	GSE263771	RNA-Seq	unknown	whole worm	L1		ssup-72[S39A]	ssup-72[S39A]				SRX24238201	1	single_run_for_ENA_experiment	shared/sharepoint_2026-07-13/training_input_bigwig/SRR28645097.bw	93f644af8fd80e0f2b7f3d2f98176f54604dd9babe8d1f032098f28de0a7915f	unknown	shared/metadata_sources/v2/ena_samples/chunk_006.xml
rna_seq:SRR28645098	SRR28645098	SRX24238200	SAMN40932170	GSM8198260	whole worm, ssup-72[S39A], 1	GSM8198260	whole worm	SRP501530	PRJNA1099212	GSE263771	RNA-Seq	unknown	whole worm	L1		ssup-72[S39A]	ssup-72[S39A]				SRX24238200	1	single_run_for_ENA_experiment	shared/sharepoint_2026-07-13/training_input_bigwig/SRR28645098.bw	2296e6fd2f9dfc07afeacf3a39d9699b270c1e589b08d5b673694911bc6dba56	unknown	shared/metadata_sources/v2/ena_samples/chunk_007.xml
rna_seq:SRR28645099	SRR28645099	SRX24238199	SAMN40932171	GSM8198259	whole worm, ssup-72[S39E], 3	GSM8198259	whole worm	SRP501530	PRJNA1099212	GSE263771	RNA-Seq	unknown	whole worm	L1		ssup-72[S39E]	ssup-72[S39E]				SRX24238199	1	single_run_for_ENA_experiment	shared/sharepoint_2026-07-13/training_input_bigwig/SRR28645099.bw	5110e01d52b778d0fb25f3756a6f965c28b99512d3092a0a6cad520aa65d0594	unknown	shared/metadata_sources/v2/ena_samples/chunk_007.xml
rna_seq:SRR28645100	SRR28645100	SRX24238198	SAMN40932172	GSM8198258	whole worm, ssup-72[S39E], 2	GSM8198258	whole worm	SRP501530	PRJNA1099212	GSE263771	RNA-Seq	unknown	whole worm	L1		ssup-72[S39E]	ssup-72[S39E]				SRX24238198	1	single_run_for_ENA_experiment	shared/sharepoint_2026-07-13/training_input_bigwig/SRR28645100.bw	e76c011c044c1598fcc3072bc1f750fd5c1627fe8d1591da964543a084f80378	unknown	shared/metadata_sources/v2/ena_samples/chunk_007.xml
rna_seq:SRR28645101	SRR28645101	SRX24238197	SAMN40932173	GSM8198257	whole worm, ssup-72[S39E], 1	GSM8198257	whole worm	SRP501530	PRJNA1099212	GSE263771	RNA-Seq	unknown	whole worm	L1		ssup-72[S39E]	ssup-72[S39E]				SRX24238197	1	single_run_for_ENA_experiment	shared/sharepoint_2026-07-13/training_input_bigwig/SRR28645101.bw	fe13167903c92bc3847452c5e1024c7c60c0a613634fd9d34960c8ba93561e9d	unknown	shared/metadata_sources/v2/ena_samples/chunk_007.xml
rna_seq:SRR28645102	SRR28645102	SRX24238196	SAMN40932174	GSM8198256	whole worm, ssup-72[E22K], 3	GSM8198256	whole worm	SRP501530	PRJNA1099212	GSE263771	RNA-Seq	unknown	whole worm	L1		ssup-72[E22K]	ssup-72[E22K]				SRX24238196	1	single_run_for_ENA_experiment	shared/sharepoint_2026-07-13/training_input_bigwig/SRR28645102.bw	d4b2d1f183c96b40ce042c00a44a8813286b79821ca8137c8fec8dc66040bf6e	unknown	shared/metadata_sources/v2/ena_samples/chunk_007.xml
rna_seq:SRR28645103	SRR28645103	SRX24238195	SAMN40932175	GSM8198255	whole worm, ssup-72[E22K], 2	GSM8198255	whole worm	SRP501530	PRJNA1099212	GSE263771	RNA-Seq	unknown	whole worm	L1		ssup-72[E22K]	ssup-72[E22K]				SRX24238195	1	single_run_for_ENA_experiment	shared/sharepoint_2026-07-13/training_input_bigwig/SRR28645103.bw	ddc1cf0512482db86f11d08d9499ffb5633c7ac405017d0ddf018365d2eeddfe	unknown	shared/metadata_sources/v2/ena_samples/chunk_007.xml
rna_seq:SRR28645104	SRR28645104	SRX24238194	SAMN40932176	GSM8198254	whole worm, ssup-72[E22K], 1	GSM8198254	whole worm	SRP501530	PRJNA1099212	GSE263771	RNA-Seq	unknown	whole worm	L1		ssup-72[E22K]	ssup-72[E22K]				SRX24238194	1	single_run_for_ENA_experiment	shared/sharepoint_2026-07-13/training_input_bigwig/SRR28645104.bw	c22320e39e2393118fc19da050139d24328d023ef2f44c14c43c0e31ef422559	unknown	shared/metadata_sources/v2/ena_samples/chunk_007.xml
rna_seq:SRR28645105	SRR28645105	SRX24238193	SAMN40932177	GSM8198253	whole worm, ssup-72[C13S], 3	GSM8198253	whole worm	SRP501530	PRJNA1099212	GSE263771	RNA-Seq	unknown	whole worm	L1		ssup-72[C13S]	ssup-72[C13S]				SRX24238193	1	single_run_for_ENA_experiment	shared/sharepoint_2026-07-13/training_input_bigwig/SRR28645105.bw	878c3a156edd879b94403ffbfc5fbbebba887749c27d362edd2318618d9c958d	unknown	shared/metadata_sources/v2/ena_samples/chunk_007.xml
rna_seq:SRR28645106	SRR28645106	SRX24238192	SAMN40932178	GSM8198252	whole worm, ssup-72[C13S], 2	GSM8198252	whole worm	SRP501530	PRJNA1099212	GSE263771	RNA-Seq	unknown	whole worm	L1		ssup-72[C13S]	ssup-72[C13S]				SRX24238192	1	single_run_for_ENA_experiment	shared/sharepoint_2026-07-13/training_input_bigwig/SRR28645106.bw	f1499a9ab2065446c760288ce62d0c7472ded8e623d6fb58fb8d1ed2694468a9	unknown	shared/metadata_sources/v2/ena_samples/chunk_007.xml
rna_seq:SRR28645107	SRR28645107	SRX24238191	SAMN40932179	GSM8198251	whole worm, ssup-72[C13S], 1	GSM8198251	whole worm	SRP501530	PRJNA1099212	GSE263771	RNA-Seq	unknown	whole worm	L1		ssup-72[C13S]	ssup-72[C13S]				SRX24238191	1	single_run_for_ENA_experiment	shared/sharepoint_2026-07-13/training_input_bigwig/SRR28645107.bw	ae5198bdb9bca0a7465cf66eb1a0dbc67ae00eee0cba9141ddd557fc8a8dae92	unknown	shared/metadata_sources/v2/ena_samples/chunk_007.xml
rna_seq:SRR28645108	SRR28645108	SRX24238190	SAMN40932180	GSM8198250	whole worm, ssup-72[E22K], 6	GSM8198250	whole worm	SRP501530	PRJNA1099212	GSE263771	RNA-Seq	unknown	whole worm	L1		ssup-72[E22K]	ssup-72[E22K]				SRX24238190	1	single_run_for_ENA_experiment	shared/sharepoint_2026-07-13/training_input_bigwig/SRR28645108.bw	4051203c57383d2dc3c8593a89b64aca73c04c44180636a1f82c21f4fcfd9761	unknown	shared/metadata_sources/v2/ena_samples/chunk_007.xml
rna_seq:SRR28645109	SRR28645109	SRX24238189	SAMN40932181	GSM8198249	whole worm, ssup-72[E22K], 5	GSM8198249	whole worm	SRP501530	PRJNA1099212	GSE263771	RNA-Seq	unknown	whole worm	L1		ssup-72[E22K]	ssup-72[E22K]				SRX24238189	1	single_run_for_ENA_experiment	shared/sharepoint_2026-07-13/training_input_bigwig/SRR28645109.bw	3835800a8b8ed0070464e48732bbcee37f9d502bec01dcd93baa8fe112c8a689	unknown	shared/metadata_sources/v2/ena_samples/chunk_007.xml
rna_seq:SRR28645110	SRR28645110	SRX24238188	SAMN40932182	GSM8198248	whole worm, ssup-72[E22K], 4	GSM8198248	whole worm	SRP501530	PRJNA1099212	GSE263771	RNA-Seq	unknown	whole worm	L1		ssup-72[E22K]	ssup-72[E22K]				SRX24238188	1	single_run_for_ENA_experiment	shared/sharepoint_2026-07-13/training_input_bigwig/SRR28645110.bw	58eb7c6999579e90f206390f636492c5f624a02852ae7f74f184566ac8022447	unknown	shared/metadata_sources/v2/ena_samples/chunk_007.xml
rna_seq:SRR28645111	SRR28645111	SRX24238187	SAMN40932183	GSM8198247	whole worm, N2, 3	GSM8198247	whole worm	SRP501530	PRJNA1099212	GSE263771	RNA-Seq	unknown	whole worm	L1		N2	N2				SRX24238187	1	single_run_for_ENA_experiment	shared/sharepoint_2026-07-13/training_input_bigwig/SRR28645111.bw	3d26e600a784ea57baf9999933fc35e6e9bd707e4b21548ba8f0fa44a9b5a3a8	unknown	shared/metadata_sources/v2/ena_samples/chunk_007.xml
rna_seq:SRR28645112	SRR28645112	SRX24238186	SAMN40932184	GSM8198246	whole worm, N2, 2	GSM8198246	whole worm	SRP501530	PRJNA1099212	GSE263771	RNA-Seq	unknown	whole worm	L1		N2	N2				SRX24238186	1	single_run_for_ENA_experiment	shared/sharepoint_2026-07-13/training_input_bigwig/SRR28645112.bw	3e2658ef82a7877b4f4ae5ebc1fa9a23b929d70d7f75f24359329caebf258eb0	unknown	shared/metadata_sources/v2/ena_samples/chunk_007.xml
rna_seq:SRR28645113	SRR28645113	SRX24238185	SAMN40932185	GSM8198245	whole worm, N2, 1	GSM8198245	whole worm	SRP501530	PRJNA1099212	GSE263771	RNA-Seq	unknown	whole worm	L1		N2	N2				SRX24238185	1	single_run_for_ENA_experiment	shared/sharepoint_2026-07-13/training_input_bigwig/SRR28645113.bw	316fd92e352d1a9c8900f997d14a4acf42a1ad8b6b532de5a4d455b482acafe5	unknown	shared/metadata_sources/v2/ena_samples/chunk_007.xml
rna_seq:SRR30917237	SRR30917237	SRX26320471	SAMN44106888	GSM8561057	SKN-1t[NDNN] transgenic rep4	GSM8561057	whole animal	SRP537263	PRJNA1170320	GSE279082	RNA-Seq	unknown	whole animal	L4		NJL2492	unc-119(ed3) III; mgTi42(SKN-1t[NDNN])	synchronized L4 stage animals	4	ENA_sample_title_or_alias	SRX26320471	1	single_run_for_ENA_experiment	shared/sharepoint_2026-07-13/training_input_bigwig/SRR30917237.bw	ba11c2bc8db672626981434a94a541b77f851b11e8b0d6fdae53d544b35577cd	unknown	shared/metadata_sources/v2/ena_samples/chunk_008.xml
rna_seq:SRR30917238	SRR30917238	SRX26320470	SAMN44106889	GSM8561056	SKN-1t[DNDD] transgenic rep4	GSM8561056	whole animal	SRP537263	PRJNA1170320	GSE279082	RNA-Seq	unknown	whole animal	L4		NJL2494	unc-119(ed3) III; mgTi41(SKN-1t[DNDD])	synchronized L4 stage animals	4	ENA_sample_title_or_alias	SRX26320470	1	single_run_for_ENA_experiment	shared/sharepoint_2026-07-13/training_input_bigwig/SRR30917238.bw	fe3eff6372e00ba785ad1c2a2b862791d659e3c98cc079fd739336e8482952fb	unknown	shared/metadata_sources/v2/ena_samples/chunk_008.xml
rna_seq:SRR30917239	SRR30917239	SRX26320469	SAMN44106890	GSM8561055	SKN-1t[NNNN] transgenic rep4	GSM8561055	whole animal	SRP537263	PRJNA1170320	GSE279082	RNA-Seq	unknown	whole animal	L4		GR3105	unc-119(ed3) III; mgTi21(SKN-1t[NNNN])	synchronized L4 stage animals	4	ENA_sample_title_or_alias	SRX26320469	1	single_run_for_ENA_experiment	shared/sharepoint_2026-07-13/training_input_bigwig/SRR30917239.bw	ef13096386bd5d68e0b4dc8b45b20b01aa62c2f92106c7804d4064297090084a	unknown	shared/metadata_sources/v2/ena_samples/chunk_008.xml
rna_seq:SRR30917240	SRR30917240	SRX26320468	SAMN44106891	GSM8561054	control (non-transgenic) rep4	GSM8561054	whole animal	SRP537263	PRJNA1170320	GSE279082	RNA-Seq	unknown	whole animal	L4		N2	+	synchronized L4 stage animals	4	ENA_sample_title_or_alias	SRX26320468	1	single_run_for_ENA_experiment	shared/sharepoint_2026-07-13/training_input_bigwig/SRR30917240.bw	159402c1a60c306099e52c4ac924f51e56b9c025ec539f714ddc74dbeaf1fdbc	unknown	shared/metadata_sources/v2/ena_samples/chunk_008.xml
rna_seq:SRR30917241	SRR30917241	SRX26320467	SAMN44106892	GSM8561053	SKN-1t[NDNN] transgenic rep3	GSM8561053	whole animal	SRP537263	PRJNA1170320	GSE279082	RNA-Seq	unknown	whole animal	L4		NJL2492	unc-119(ed3) III; mgTi42(SKN-1t[NDNN])	synchronized L4 stage animals	3	ENA_sample_title_or_alias	SRX26320467	1	single_run_for_ENA_experiment	shared/sharepoint_2026-07-13/training_input_bigwig/SRR30917241.bw	7267526f2dfd739b29d8a1c6a469feb37948f6a10ab19b550d3553f93f498625	unknown	shared/metadata_sources/v2/ena_samples/chunk_008.xml
rna_seq:SRR30917242	SRR30917242	SRX26320466	SAMN44106893	GSM8561052	SKN-1t[DNDD] transgenic rep3	GSM8561052	whole animal	SRP537263	PRJNA1170320	GSE279082	RNA-Seq	unknown	whole animal	L4		NJL2494	unc-119(ed3) III; mgTi41(SKN-1t[DNDD])	synchronized L4 stage animals	3	ENA_sample_title_or_alias	SRX26320466	1	single_run_for_ENA_experiment	shared/sharepoint_2026-07-13/training_input_bigwig/SRR30917242.bw	cb0362fc7e283bd4bc8063035ff2613cdeb3fa40e6a52fecba43ac38d96e38df	unknown	shared/metadata_sources/v2/ena_samples/chunk_008.xml
rna_seq:SRR30917243	SRR30917243	SRX26320465	SAMN44106894	GSM8561051	SKN-1t[NNNN] transgenic rep3	GSM8561051	whole animal	SRP537263	PRJNA1170320	GSE279082	RNA-Seq	unknown	whole animal	L4		GR3105	unc-119(ed3) III; mgTi21(SKN-1t[NNNN])	synchronized L4 stage animals	3	ENA_sample_title_or_alias	SRX26320465	1	single_run_for_ENA_experiment	shared/sharepoint_2026-07-13/training_input_bigwig/SRR30917243.bw	e4f7fa8cedabb04a268d0dc1bcb132f8d3d1bd67361a6a2257c1dc8a70166d78	unknown	shared/metadata_sources/v2/ena_samples/chunk_008.xml
rna_seq:SRR30917244	SRR30917244	SRX26320464	SAMN44106895	GSM8561050	control (non-transgenic) rep3	GSM8561050	whole animal	SRP537263	PRJNA1170320	GSE279082	RNA-Seq	unknown	whole animal	L4		N2	+	synchronized L4 stage animals	3	ENA_sample_title_or_alias	SRX26320464	1	single_run_for_ENA_experiment	shared/sharepoint_2026-07-13/training_input_bigwig/SRR30917244.bw	22342365114a5df47b8b4413e6e838eee65176f43ccbd54e6154a5e49fc78c74	unknown	shared/metadata_sources/v2/ena_samples/chunk_008.xml
rna_seq:SRR30917245	SRR30917245	SRX26320463	SAMN44106896	GSM8561049	SKN-1t[NDNN] transgenic rep2	GSM8561049	whole animal	SRP537263	PRJNA1170320	GSE279082	RNA-Seq	unknown	whole animal	L4		NJL2492	unc-119(ed3) III; mgTi42(SKN-1t[NDNN])	synchronized L4 stage animals	2	ENA_sample_title_or_alias	SRX26320463	1	single_run_for_ENA_experiment	shared/sharepoint_2026-07-13/training_input_bigwig/SRR30917245.bw	ff099a173a49664ccae1eed89a31c719fb7fc1adebeaf25c9a80eafb4ed1a822	unknown	shared/metadata_sources/v2/ena_samples/chunk_008.xml
rna_seq:SRR30917246	SRR30917246	SRX26320462	SAMN44106897	GSM8561048	SKN-1t[DNDD] transgenic rep2	GSM8561048	whole animal	SRP537263	PRJNA1170320	GSE279082	RNA-Seq	unknown	whole animal	L4		NJL2494	unc-119(ed3) III; mgTi41(SKN-1t[DNDD])	synchronized L4 stage animals	2	ENA_sample_title_or_alias	SRX26320462	1	single_run_for_ENA_experiment	shared/sharepoint_2026-07-13/training_input_bigwig/SRR30917246.bw	224919240afb00c927d2c0b92957cb38711f96332b7b29181c1183297c4d805e	unknown	shared/metadata_sources/v2/ena_samples/chunk_008.xml
rna_seq:SRR30917247	SRR30917247	SRX26320461	SAMN44106898	GSM8561047	SKN-1t[NNNN] transgenic rep2	GSM8561047	whole animal	SRP537263	PRJNA1170320	GSE279082	RNA-Seq	unknown	whole animal	L4		GR3105	unc-119(ed3) III; mgTi21(SKN-1t[NNNN])	synchronized L4 stage animals	2	ENA_sample_title_or_alias	SRX26320461	1	single_run_for_ENA_experiment	shared/sharepoint_2026-07-13/training_input_bigwig/SRR30917247.bw	1c19aa395319ca4910b3e06166cb1d4a541cd345e15f25b7054785922350772f	unknown	shared/metadata_sources/v2/ena_samples/chunk_008.xml
rna_seq:SRR30917248	SRR30917248	SRX26320460	SAMN44106899	GSM8561046	control (non-transgenic) rep2	GSM8561046	whole animal	SRP537263	PRJNA1170320	GSE279082	RNA-Seq	unknown	whole animal	L4		N2	+	synchronized L4 stage animals	2	ENA_sample_title_or_alias	SRX26320460	1	single_run_for_ENA_experiment	shared/sharepoint_2026-07-13/training_input_bigwig/SRR30917248.bw	8eb8905b2fc68e95611f5182cbba6d858ef0599f0b8e08ecc8b487a392d74955	unknown	shared/metadata_sources/v2/ena_samples/chunk_008.xml
rna_seq:SRR30917249	SRR30917249	SRX26320459	SAMN44106900	GSM8561045	SKN-1t[NDNN] transgenic rep1	GSM8561045	whole animal	SRP537263	PRJNA1170320	GSE279082	RNA-Seq	unknown	whole animal	L4		NJL2492	unc-119(ed3) III; mgTi42(SKN-1t[NDNN])	synchronized L4 stage animals	1	ENA_sample_title_or_alias	SRX26320459	1	single_run_for_ENA_experiment	shared/sharepoint_2026-07-13/training_input_bigwig/SRR30917249.bw	a651187fa9cd5e4b59b7963a46e7553d4c9ead01c5b79ff373a149cd9b17485e	unknown	shared/metadata_sources/v2/ena_samples/chunk_008.xml
rna_seq:SRR30917250	SRR30917250	SRX26320458	SAMN44106901	GSM8561044	SKN-1t[DNDD] transgenic rep1	GSM8561044	whole animal	SRP537263	PRJNA1170320	GSE279082	RNA-Seq	unknown	whole animal	L4		NJL2494	unc-119(ed3) III; mgTi41(SKN-1t[DNDD])	synchronized L4 stage animals	1	ENA_sample_title_or_alias	SRX26320458	1	single_run_for_ENA_experiment	shared/sharepoint_2026-07-13/training_input_bigwig/SRR30917250.bw	b2707d3cf8c9aecf246d9c99c7e104a81a1aca9f8b203171f7efa8da20d32329	unknown	shared/metadata_sources/v2/ena_samples/chunk_008.xml
rna_seq:SRR30917251	SRR30917251	SRX26320457	SAMN44106902	GSM8561043	SKN-1t[NNNN] transgenic rep1	GSM8561043	whole animal	SRP537263	PRJNA1170320	GSE279082	RNA-Seq	unknown	whole animal	L4		GR3105	unc-119(ed3) III; mgTi21(SKN-1t[NNNN])	synchronized L4 stage animals	1	ENA_sample_title_or_alias	SRX26320457	1	single_run_for_ENA_experiment	shared/sharepoint_2026-07-13/training_input_bigwig/SRR30917251.bw	6e515c9752bd10a68b40708395af99bfb6f1149293ceebf75da545585ba7be59	unknown	shared/metadata_sources/v2/ena_samples/chunk_008.xml
rna_seq:SRR30917252	SRR30917252	SRX26320456	SAMN44106903	GSM8561042	control (non-transgenic) rep1	GSM8561042	whole animal	SRP537263	PRJNA1170320	GSE279082	RNA-Seq	unknown	whole animal	L4		N2	+	synchronized L4 stage animals	1	ENA_sample_title_or_alias	SRX26320456	1	single_run_for_ENA_experiment	shared/sharepoint_2026-07-13/training_input_bigwig/SRR30917252.bw	44a58ff6826b1d8f3066a16f9a88f5fa883aad1845c869cb9092bf5857c50622	unknown	shared/metadata_sources/v2/ena_samples/chunk_008.xml
rna_seq:SRR31283481	SRR31283481	SRX26662527	SAMN44636738	GSM8620125	Wild-type 8-cell, Total RNA-seq, batch12, rep3, read1	GSM8620125	embryos	SRP544006	PRJNA1183817	GSE281412	RNA-Seq	unknown	embryos	Embryo		N2	N2	RNA-seq	3	ENA_sample_title_or_alias	SRX26662527	1	single_run_for_ENA_experiment	shared/sharepoint_2026-07-13/training_input_bigwig/SRR31283481.bw	5705136bff3497c50f0e5c48feba5b6dc03414f4a27ea6680583a10fa30131cb	unknown	shared/metadata_sources/v2/ena_samples/chunk_008.xml
rna_seq:SRR31283482	SRR31283482	SRX26662526	SAMN44636739	GSM8620124	Wild-type 8-cell, Total RNA-seq, batch12, rep2, read1	GSM8620124	embryos	SRP544006	PRJNA1183817	GSE281412	RNA-Seq	unknown	embryos	Embryo		N2	N2	RNA-seq	2	ENA_sample_title_or_alias	SRX26662526	1	single_run_for_ENA_experiment	shared/sharepoint_2026-07-13/training_input_bigwig/SRR31283482.bw	421a6f4f61da0967bc3c94a372e2e3cc62fd67862e50a2e77b5e03ada2dfb072	unknown	shared/metadata_sources/v2/ena_samples/chunk_008.xml
rna_seq:SRR31283483	SRR31283483	SRX26662525	SAMN44636740	GSM8620123	Wild-type 8-cell, Total RNA-seq, batch11, rep1, read1	GSM8620123	embryos	SRP544006	PRJNA1183817	GSE281412	RNA-Seq	unknown	embryos	Embryo		N2	N2	RNA-seq	1	ENA_sample_title_or_alias	SRX26662525	1	single_run_for_ENA_experiment	shared/sharepoint_2026-07-13/training_input_bigwig/SRR31283483.bw	54dc999845459d2909c2525a10a4555f9f85fbf32cbed92197a9636e3ac23ed1	unknown	shared/metadata_sources/v2/ena_samples/chunk_008.xml
rna_seq:SRR31283484	SRR31283484	SRX26662524	SAMN44636741	GSM8620122	Wild-type 4-cell, Total RNA-seq, batch12, rep3, read1	GSM8620122	embryos	SRP544006	PRJNA1183817	GSE281412	RNA-Seq	unknown	embryos	Embryo		N2	N2	RNA-seq	3	ENA_sample_title_or_alias	SRX26662524	1	single_run_for_ENA_experiment	shared/sharepoint_2026-07-13/training_input_bigwig/SRR31283484.bw	c6a6a36f7c3c4fe0dbe8d3964edace1f763d26dc2430dab3fd81528238b1786f	unknown	shared/metadata_sources/v2/ena_samples/chunk_008.xml
rna_seq:SRR31283485	SRR31283485	SRX26662523	SAMN44636742	GSM8620121	Wild-type 4-cell, Total RNA-seq, batch12, rep2, read1	GSM8620121	embryos	SRP544006	PRJNA1183817	GSE281412	RNA-Seq	unknown	embryos	Embryo		N2	N2	RNA-seq	2	ENA_sample_title_or_alias	SRX26662523	1	single_run_for_ENA_experiment	shared/sharepoint_2026-07-13/training_input_bigwig/SRR31283485.bw	be1d1bbd8939cff99b95c922721370561fcfb7710e628534c61cbaff829e8e6d	unknown	shared/metadata_sources/v2/ena_samples/chunk_008.xml
rna_seq:SRR31283486	SRR31283486	SRX26662522	SAMN44636743	GSM8620120	Wild-type 4-cell, Total RNA-seq, batch11, rep1, read1	GSM8620120	embryos	SRP544006	PRJNA1183817	GSE281412	RNA-Seq	unknown	embryos	Embryo		N2	N2	RNA-seq	1	ENA_sample_title_or_alias	SRX26662522	1	single_run_for_ENA_experiment	shared/sharepoint_2026-07-13/training_input_bigwig/SRR31283486.bw	5ad56a87b3901d81ecff47363b2fe05de99f3e3202df7b13ca26b9c62ba3bb30	unknown	shared/metadata_sources/v2/ena_samples/chunk_008.xml
rna_seq:SRR31283487	SRR31283487	SRX26662521	SAMN44636744	GSM8620119	Wild-type 2-cell, Total RNA-seq, batch12, rep3, read1	GSM8620119	embryos	SRP544006	PRJNA1183817	GSE281412	RNA-Seq	unknown	embryos	Embryo		N2	N2	RNA-seq	3	ENA_sample_title_or_alias	SRX26662521	1	single_run_for_ENA_experiment	shared/sharepoint_2026-07-13/training_input_bigwig/SRR31283487.bw	e69b241a24f19238e35f6435b712b086e5e14e1e9daa1bc273eca223e23fb125	unknown	shared/metadata_sources/v2/ena_samples/chunk_008.xml
rna_seq:SRR31283488	SRR31283488	SRX26662520	SAMN44636745	GSM8620118	Wild-type 2-cell, Total RNA-seq, batch12, rep2, read1	GSM8620118	embryos	SRP544006	PRJNA1183817	GSE281412	RNA-Seq	unknown	embryos	Embryo		N2	N2	RNA-seq	2	ENA_sample_title_or_alias	SRX26662520	1	single_run_for_ENA_experiment	shared/sharepoint_2026-07-13/training_input_bigwig/SRR31283488.bw	7f028511a27f4a7c482e75dd5a73bcac5294f2bf993bb6521d3be3b344d82304	unknown	shared/metadata_sources/v2/ena_samples/chunk_008.xml
rna_seq:SRR31283489	SRR31283489	SRX26662519	SAMN44636729	GSM8620134	OMA-1 mutant 4-cell, Total RNA-seq, batch12, rep3, read1	GSM8620134	embryos	SRP544006	PRJNA1183817	GSE281412	RNA-Seq	unknown	embryos	Embryo		Zu405	Zu405	RNA-seq	3	ENA_sample_title_or_alias	SRX26662519	1	single_run_for_ENA_experiment	shared/sharepoint_2026-07-13/training_input_bigwig/SRR31283489.bw	8eebba79b08670110be07fbb51a75059be288ae5da5391a8e25a237e6fbdaff8	unknown	shared/metadata_sources/v2/ena_samples/chunk_008.xml
rna_seq:SRR31283498	SRR31283498	SRX26662510	SAMN44636730	GSM8620133	OMA-1 mutant 4-cell, Total RNA-seq, batch12, rep2, read1	GSM8620133	embryos	SRP544006	PRJNA1183817	GSE281412	RNA-Seq	unknown	embryos	Embryo		Zu405	Zu405	RNA-seq	2	ENA_sample_title_or_alias	SRX26662510	1	single_run_for_ENA_experiment	shared/sharepoint_2026-07-13/training_input_bigwig/SRR31283498.bw	ce4a70e629b0de68ee536008448dcc1f11583b87f0418906f3339005b14e5c26	unknown	shared/metadata_sources/v2/ena_samples/chunk_008.xml
rna_seq:SRR31283499	SRR31283499	SRX26662509	SAMN44636731	GSM8620132	OMA-1 mutant 4-cell, Total RNA-seq, batch11, rep1, read1	GSM8620132	embryos	SRP544006	PRJNA1183817	GSE281412	RNA-Seq	unknown	embryos	Embryo		Zu405	Zu405	RNA-seq	1	ENA_sample_title_or_alias	SRX26662509	1	single_run_for_ENA_experiment	shared/sharepoint_2026-07-13/training_input_bigwig/SRR31283499.bw	69063ca51b1ed682fc4a9559f09ae79d4c95e7c6502316eab760709c90ee9b78	unknown	shared/metadata_sources/v2/ena_samples/chunk_008.xml
rna_seq:SRR31283500	SRR31283500	SRX26662508	SAMN44636732	GSM8620131	OMA-1 mutant 2-cell, Total RNA-seq, batch12, rep3, read1	GSM8620131	embryos	SRP544006	PRJNA1183817	GSE281412	RNA-Seq	unknown	embryos	Embryo		Zu405	Zu405	RNA-seq	3	ENA_sample_title_or_alias	SRX26662508	1	single_run_for_ENA_experiment	shared/sharepoint_2026-07-13/training_input_bigwig/SRR31283500.bw	21a2123cbe205c18cc5735c61c729bd71bd76be4369a9b605019a211f2f592f2	unknown	shared/metadata_sources/v2/ena_samples/chunk_008.xml
rna_seq:SRR31283501	SRR31283501	SRX26662507	SAMN44636733	GSM8620130	OMA-1 mutant 2-cell, Total RNA-seq, batch12, rep2, read1	GSM8620130	embryos	SRP544006	PRJNA1183817	GSE281412	RNA-Seq	unknown	embryos	Embryo		Zu405	Zu405	RNA-seq	2	ENA_sample_title_or_alias	SRX26662507	1	single_run_for_ENA_experiment	shared/sharepoint_2026-07-13/training_input_bigwig/SRR31283501.bw	eec969d6a5e9f2d77ad847190d9366207dabeb152e342d9ce377244aee5c5758	unknown	shared/metadata_sources/v2/ena_samples/chunk_008.xml
rna_seq:SRR31283502	SRR31283502	SRX26662506	SAMN44636734	GSM8620129	OMA-1 mutant 2-cell, Total RNA-seq, batch11, rep1, read1	GSM8620129	embryos	SRP544006	PRJNA1183817	GSE281412	RNA-Seq	unknown	embryos	Embryo		Zu405	Zu405	RNA-seq	1	ENA_sample_title_or_alias	SRX26662506	1	single_run_for_ENA_experiment	shared/sharepoint_2026-07-13/training_input_bigwig/SRR31283502.bw	3a1f26d02ba2625f96d27b27d68780aee17100013611b149f22b7c0a069124ce	unknown	shared/metadata_sources/v2/ena_samples/chunk_008.xml
rna_seq:SRR31283503	SRR31283503	SRX26662505	SAMN44636735	GSM8620128	OMA-1 mutant 1-cell, Total RNA-seq, batch12, rep3, read1	GSM8620128	embryos	SRP544006	PRJNA1183817	GSE281412	RNA-Seq	unknown	embryos	Embryo		Zu405	Zu405	RNA-seq	3	ENA_sample_title_or_alias	SRX26662505	1	single_run_for_ENA_experiment	shared/sharepoint_2026-07-13/training_input_bigwig/SRR31283503.bw	072d8cc940d288a276a319766d06330a2f38456c4bf8e45b4c19da7ea432fc9e	unknown	shared/metadata_sources/v2/ena_samples/chunk_008.xml
rna_seq:SRR31283504	SRR31283504	SRX26662504	SAMN44636736	GSM8620127	OMA-1 mutant 1-cell, Total RNA-seq, batch12, rep2, read1	GSM8620127	embryos	SRP544006	PRJNA1183817	GSE281412	RNA-Seq	unknown	embryos	Embryo		Zu405	Zu405	RNA-seq	2	ENA_sample_title_or_alias	SRX26662504	1	single_run_for_ENA_experiment	shared/sharepoint_2026-07-13/training_input_bigwig/SRR31283504.bw	998eed590523d805a553a5f02479eee56d24a09226b2fc31c8511a17cdd1d37b	unknown	shared/metadata_sources/v2/ena_samples/chunk_008.xml
rna_seq:SRR31283505	SRR31283505	SRX26662503	SAMN44636737	GSM8620126	OMA-1 mutant 1-cell, Total RNA-seq, batch11, rep1, read1	GSM8620126	embryos	SRP544006	PRJNA1183817	GSE281412	RNA-Seq	unknown	embryos	Embryo		Zu405	Zu405	RNA-seq	1	ENA_sample_title_or_alias	SRX26662503	1	single_run_for_ENA_experiment	shared/sharepoint_2026-07-13/training_input_bigwig/SRR31283505.bw	21baf05072f738361f20c3dd83258099a4a162f075634345fc574f6d899e74bb	unknown	shared/metadata_sources/v2/ena_samples/chunk_008.xml
rna_seq:SRR31283514	SRR31283514	SRX26662494	SAMN44636746	GSM8620117	Wild-type 2-cell, Total RNA-seq, batch11, rep1, read1	GSM8620117	embryos	SRP544006	PRJNA1183817	GSE281412	RNA-Seq	unknown	embryos	Embryo		N2	N2	RNA-seq	1	ENA_sample_title_or_alias	SRX26662494	1	single_run_for_ENA_experiment	shared/sharepoint_2026-07-13/training_input_bigwig/SRR31283514.bw	b7e4fc49f8f332dcdbde48b091571f2b43ad6dfc172bd000a7495a909e900bb8	unknown	shared/metadata_sources/v2/ena_samples/chunk_008.xml
rna_seq:SRR31283515	SRR31283515	SRX26662493	SAMN44636747	GSM8620116	Wild-type 1-cell, Total RNA-seq, batch12, rep3, read1	GSM8620116	embryos	SRP544006	PRJNA1183817	GSE281412	RNA-Seq	unknown	embryos	Embryo		N2	N2	RNA-seq	3	ENA_sample_title_or_alias	SRX26662493	1	single_run_for_ENA_experiment	shared/sharepoint_2026-07-13/training_input_bigwig/SRR31283515.bw	cc4d6d71f2930284ef19a7fb49311d51515bbc7f01961242a9fb5363bb216911	unknown	shared/metadata_sources/v2/ena_samples/chunk_008.xml
rna_seq:SRR31283516	SRR31283516	SRX26662492	SAMN44636748	GSM8620115	Wild-type 1-cell, Total RNA-seq, batch12, rep2, read1	GSM8620115	embryos	SRP544006	PRJNA1183817	GSE281412	RNA-Seq	unknown	embryos	Embryo		N2	N2	RNA-seq	2	ENA_sample_title_or_alias	SRX26662492	1	single_run_for_ENA_experiment	shared/sharepoint_2026-07-13/training_input_bigwig/SRR31283516.bw	497b24dbb1e24e9fa00d1f0951592869580c80852c149f02a2b06b70208529ea	unknown	shared/metadata_sources/v2/ena_samples/chunk_008.xml
rna_seq:SRR31283517	SRR31283517	SRX26662491	SAMN44636749	GSM8620114	Wild-type 1-cell, Total RNA-seq, batch11, rep1, read1	GSM8620114	embryos	SRP544006	PRJNA1183817	GSE281412	RNA-Seq	unknown	embryos	Embryo		N2	N2	RNA-seq	1	ENA_sample_title_or_alias	SRX26662491	1	single_run_for_ENA_experiment	shared/sharepoint_2026-07-13/training_input_bigwig/SRR31283517.bw	010d70030ff2cd9598ffd35264da52bc5b10de97cbe79bfb8f39cf76af123b20	unknown	shared/metadata_sources/v2/ena_samples/chunk_008.xml
rna_seq:SRR32243497	SRR32243497	SRX27583317	SAMN46605368	GSM8777803	mRNAseq_N2_MoltExit	GSM8777803	Whole animal	SRP561818	PRJNA1219662	GSE288873	RNA-Seq	unknown	Whole animal	L3		N2	WT				SRX27583317	1	single_run_for_ENA_experiment	shared/sharepoint_2026-07-13/training_input_bigwig/SRR32243497.bw	ff58c2c6d30c06eb278368781288c31057bb72b6e170ff04e95bc6ce62814826	unknown	shared/metadata_sources/v2/ena_samples/chunk_008.xml
rna_seq:SRR32243498	SRR32243498	SRX27583316	SAMN46605369	GSM8777802	mRNAseq_N2_MoltEntry	GSM8777802	Whole animal	SRP561818	PRJNA1219662	GSE288873	RNA-Seq	unknown	Whole animal	L3		N2	WT				SRX27583316	1	single_run_for_ENA_experiment	shared/sharepoint_2026-07-13/training_input_bigwig/SRR32243498.bw	a8b7614baa0dd20b465cc1f67e3ab94f075aefe060b6856288a71cfdda263bbb	unknown	shared/metadata_sources/v2/ena_samples/chunk_008.xml
rna_seq:SRR34430875	SRR34430875	SRX29592161	SAMN49852055	GSM9090806	eff-1 P37Stop L1 C. elegans Larva rep2 sample 3	GSM9090806	whole worm	SRP599236	PRJNA1287651	GSE301850	RNA-Seq	unknown	whole worm	L1		P37Stop	P37Stop		2	ENA_sample_title_or_alias	SRX29592161	1	single_run_for_ENA_experiment	shared/sharepoint_2026-07-13/training_input_bigwig/SRR34430875.bw	caf8e68773d61c279f05e0edcba21652bc580b0192ca7972fe26faef3c18566a	unknown	shared/metadata_sources/v2/ena_samples/chunk_008.xml
rna_seq:SRR34430876	SRR34430876	SRX29592160	SAMN49852056	GSM9090805	eff-1 P37Stop L1 C. elegans Larva rep2 sample 2	GSM9090805	whole worm	SRP599236	PRJNA1287651	GSE301850	RNA-Seq	unknown	whole worm	L1		P37Stop	P37Stop		2	ENA_sample_title_or_alias	SRX29592160	1	single_run_for_ENA_experiment	shared/sharepoint_2026-07-13/training_input_bigwig/SRR34430876.bw	c77e6f439e6d3468d62daffeb94a3ed6b37b726e54e8efc7680b0b9d913ce6b6	unknown	shared/metadata_sources/v2/ena_samples/chunk_009.xml
rna_seq:SRR34430877	SRR34430877	SRX29592159	SAMN49852057	GSM9090804	eff-1 P37Stop L1 C. elegans Larva rep2 sample 1	GSM9090804	whole worm	SRP599236	PRJNA1287651	GSE301850	RNA-Seq	unknown	whole worm	L1		P37Stop	P37Stop		2	ENA_sample_title_or_alias	SRX29592159	1	single_run_for_ENA_experiment	shared/sharepoint_2026-07-13/training_input_bigwig/SRR34430877.bw	52edbcb672be3dc37b1c3a4b2bd05a0ab5966b8d5b09a5876715c964b86ce1ec	unknown	shared/metadata_sources/v2/ena_samples/chunk_009.xml
rna_seq:SRR34430878	SRR34430878	SRX29592158	SAMN49852058	GSM9090803	L1 C. elegans Larva rep2 sample 3	GSM9090803	whole worm	SRP599236	PRJNA1287651	GSE301850	RNA-Seq	unknown	whole worm	L1		WT	WT		2	ENA_sample_title_or_alias	SRX29592158	1	single_run_for_ENA_experiment	shared/sharepoint_2026-07-13/training_input_bigwig/SRR34430878.bw	d124a3fb356cdb5e79b277efe475fa451366637fcd3645a80e96f9af69ad8651	unknown	shared/metadata_sources/v2/ena_samples/chunk_009.xml
rna_seq:SRR34430879	SRR34430879	SRX29592157	SAMN49852059	GSM9090802	L1 C. elegans Larva rep2 sample 2	GSM9090802	whole worm	SRP599236	PRJNA1287651	GSE301850	RNA-Seq	unknown	whole worm	L1		WT	WT		2	ENA_sample_title_or_alias	SRX29592157	1	single_run_for_ENA_experiment	shared/sharepoint_2026-07-13/training_input_bigwig/SRR34430879.bw	8dac7cac0145818755a183f1230d035238144f2a3c2d05d682156c66fc797827	unknown	shared/metadata_sources/v2/ena_samples/chunk_009.xml
rna_seq:SRR34430880	SRR34430880	SRX29592156	SAMN49852060	GSM9090801	L1 C. elegans Larva rep2 sample 1	GSM9090801	whole worm	SRP599236	PRJNA1287651	GSE301850	RNA-Seq	unknown	whole worm	L1		WT	WT		2	ENA_sample_title_or_alias	SRX29592156	1	single_run_for_ENA_experiment	shared/sharepoint_2026-07-13/training_input_bigwig/SRR34430880.bw	3dc13d0a5ed0e11174723f4ef804381e3e0de89d761c0f98e0e0b5baf6cad0e9	unknown	shared/metadata_sources/v2/ena_samples/chunk_009.xml
rna_seq:SRR34430881	SRR34430881	SRX29592155	SAMN49852061	GSM9090800	eff-1 P183L L1 C. elegans Larva rep1 sample 3	GSM9090800	whole worm	SRP599236	PRJNA1287651	GSE301850	RNA-Seq	unknown	whole worm	L1		eff-1 P183L	eff-1 P183L		1	ENA_sample_title_or_alias	SRX29592155	1	single_run_for_ENA_experiment	shared/sharepoint_2026-07-13/training_input_bigwig/SRR34430881.bw	b0951c9da9b8d51f3f8e82030397163f653c9bd07c7918802d965dcf59666d7f	unknown	shared/metadata_sources/v2/ena_samples/chunk_009.xml
rna_seq:SRR34430882	SRR34430882	SRX29592154	SAMN49852062	GSM9090799	eff-1 P183L L1 C. elegans Larva rep1 sample 2	GSM9090799	whole worm	SRP599236	PRJNA1287651	GSE301850	RNA-Seq	unknown	whole worm	L1		eff-1 P183L	eff-1 P183L		1	ENA_sample_title_or_alias	SRX29592154	1	single_run_for_ENA_experiment	shared/sharepoint_2026-07-13/training_input_bigwig/SRR34430882.bw	9510f0e442964f007e2fd940208483ed92351bf8677bc3d1c1136f7a133acc85	unknown	shared/metadata_sources/v2/ena_samples/chunk_009.xml
rna_seq:SRR34430883	SRR34430883	SRX29592153	SAMN49852063	GSM9090798	eff-1 P183L L1 C. elegans Larva rep1 sample 1	GSM9090798	whole worm	SRP599236	PRJNA1287651	GSE301850	RNA-Seq	unknown	whole worm	L1		eff-1 P183L	eff-1 P183L		1	ENA_sample_title_or_alias	SRX29592153	1	single_run_for_ENA_experiment	shared/sharepoint_2026-07-13/training_input_bigwig/SRR34430883.bw	fa015017285a2c274c1082571108077be36e49b2dbbfea16ac45f777be3ca255	unknown	shared/metadata_sources/v2/ena_samples/chunk_009.xml
rna_seq:SRR34430884	SRR34430884	SRX29592152	SAMN49852064	GSM9090797	eff-1 S441L L1 C. elegans Larva rep1 sample 3	GSM9090797	whole worm	SRP599236	PRJNA1287651	GSE301850	RNA-Seq	unknown	whole worm	L1		eff-1 S441L	eff-1 S441L		1	ENA_sample_title_or_alias	SRX29592152	1	single_run_for_ENA_experiment	shared/sharepoint_2026-07-13/training_input_bigwig/SRR34430884.bw	0dbe297de0f06f3ad53929a2e8175656c0b85676250449056083622a3b2c0e2c	unknown	shared/metadata_sources/v2/ena_samples/chunk_009.xml
rna_seq:SRR34430885	SRR34430885	SRX29592151	SAMN49852065	GSM9090796	eff-1 S441L L1 C. elegans Larva rep1 sample 2	GSM9090796	whole worm	SRP599236	PRJNA1287651	GSE301850	RNA-Seq	unknown	whole worm	L1		eff-1 S441L	eff-1 S441L		1	ENA_sample_title_or_alias	SRX29592151	1	single_run_for_ENA_experiment	shared/sharepoint_2026-07-13/training_input_bigwig/SRR34430885.bw	08e2fc6a2916a55fff693bf4b4458b5201431e2dacd956cc9b20abeaf11a05f2	unknown	shared/metadata_sources/v2/ena_samples/chunk_009.xml
rna_seq:SRR34430886	SRR34430886	SRX29592150	SAMN49852066	GSM9090795	eff-1 S441L L1 C. elegans Larva rep1 sample 1	GSM9090795	whole worm	SRP599236	PRJNA1287651	GSE301850	RNA-Seq	unknown	whole worm	L1		eff-1 S441L	eff-1 S441L		1	ENA_sample_title_or_alias	SRX29592150	1	single_run_for_ENA_experiment	shared/sharepoint_2026-07-13/training_input_bigwig/SRR34430886.bw	db6965c7c2411cd1f97255810c392882f81e374613369c39c9ace04abc546359	unknown	shared/metadata_sources/v2/ena_samples/chunk_009.xml
rna_seq:SRR34430887	SRR34430887	SRX29592149	SAMN49852067	GSM9090794	L1 C. elegans Larva rep1 sample 3	GSM9090794	whole worm	SRP599236	PRJNA1287651	GSE301850	RNA-Seq	unknown	whole worm	L1		WT	WT		1	ENA_sample_title_or_alias	SRX29592149	1	single_run_for_ENA_experiment	shared/sharepoint_2026-07-13/training_input_bigwig/SRR34430887.bw	d97b5ec1c466cb19e78b007921395991e324d69d0458a7a1f1dd8f8856e40bfa	unknown	shared/metadata_sources/v2/ena_samples/chunk_009.xml
rna_seq:SRR34430888	SRR34430888	SRX29592148	SAMN49852068	GSM9090793	L1 C. elegans Larva rep1 sample 2	GSM9090793	whole worm	SRP599236	PRJNA1287651	GSE301850	RNA-Seq	unknown	whole worm	L1		WT	WT		1	ENA_sample_title_or_alias	SRX29592148	1	single_run_for_ENA_experiment	shared/sharepoint_2026-07-13/training_input_bigwig/SRR34430888.bw	5eb88aa23f7e7c0bea87174948d10d33295db1dc4e83765b41779548e097a88b	unknown	shared/metadata_sources/v2/ena_samples/chunk_009.xml
rna_seq:SRR34430889	SRR34430889	SRX29592147	SAMN49852069	GSM9090792	L1 C. elegans Larva rep1 sample 1	GSM9090792	whole worm	SRP599236	PRJNA1287651	GSE301850	RNA-Seq	unknown	whole worm	L1		WT	WT		1	ENA_sample_title_or_alias	SRX29592147	1	single_run_for_ENA_experiment	shared/sharepoint_2026-07-13/training_input_bigwig/SRR34430889.bw	6828b86ca47d72bfd0b145066a7a7570629c5315423210d9c5c79afa14747607	unknown	shared/metadata_sources/v2/ena_samples/chunk_009.xml
rna_seq:SRR34582722	SRR34582722	SRX29724088	SAMN50022234	GSM9116821	spr-5; met-2_lin-35 RNAi_Rep3	GSM9116821	whole animal L1 Larvae	SRP601871	PRJNA1293434	GSE303062	RNA-Seq	unknown	whole animal L1 Larvae	L1		spr-5 (by101)(I); met-2 (n4256)(III); (lin-35 RNAi)	spr-5 (by101)(I); met-2 (n4256)(III); (lin-35 RNAi)		3	ENA_sample_title_or_alias	SRX29724088	1	single_run_for_ENA_experiment	shared/sharepoint_2026-07-13/training_input_bigwig/SRR34582722.bw	036354be4064ee73909ad6d9ed5f77261bafa5f3ee4e7c6fa17e378751c0fa3c	unknown	shared/metadata_sources/v2/ena_samples/chunk_009.xml
rna_seq:SRR34582723	SRR34582723	SRX29724087	SAMN50022235	GSM9116820	spr-5; met-2_lin-35 RNAi_Rep2	GSM9116820	whole animal L1 Larvae	SRP601871	PRJNA1293434	GSE303062	RNA-Seq	unknown	whole animal L1 Larvae	L1		spr-5 (by101)(I); met-2 (n4256)(III); (lin-35 RNAi)	spr-5 (by101)(I); met-2 (n4256)(III); (lin-35 RNAi)		2	ENA_sample_title_or_alias	SRX29724087	1	single_run_for_ENA_experiment	shared/sharepoint_2026-07-13/training_input_bigwig/SRR34582723.bw	fcfd67edae26e2d3dbc0fc6ea887d0a36dcb61119e25d47b0e432ec8d63df463	unknown	shared/metadata_sources/v2/ena_samples/chunk_009.xml
rna_seq:SRR34582724	SRR34582724	SRX29724086	SAMN50022236	GSM9116819	spr-5; met-2_lin-35 RNAi_Rep1	GSM9116819	whole animal L1 Larvae	SRP601871	PRJNA1293434	GSE303062	RNA-Seq	unknown	whole animal L1 Larvae	L1		spr-5 (by101)(I); met-2 (n4256)(III); (lin-35 RNAi)	spr-5 (by101)(I); met-2 (n4256)(III); (lin-35 RNAi)		1	ENA_sample_title_or_alias	SRX29724086	1	single_run_for_ENA_experiment	shared/sharepoint_2026-07-13/training_input_bigwig/SRR34582724.bw	f0c4922d82bab15308786ef40397c60eafb9582fdbe95dfddab74cf40f4584b9	unknown	shared/metadata_sources/v2/ena_samples/chunk_009.xml
rna_seq:SRR34582725	SRR34582725	SRX29724085	SAMN50022237	GSM9116818	spr-5; met-2_control RNAi_Rep3	GSM9116818	whole animal L1 Larvae	SRP601871	PRJNA1293434	GSE303062	RNA-Seq	unknown	whole animal L1 Larvae	L1		spr-5 (by101)(I); met-2 (n4256)(III)	spr-5 (by101)(I); met-2 (n4256)(III)		3	ENA_sample_title_or_alias	SRX29724085	1	single_run_for_ENA_experiment	shared/sharepoint_2026-07-13/training_input_bigwig/SRR34582725.bw	1cd9a777329535daf8f87effd8e641fd59e071a395c663864d7e3274eb3d8305	unknown	shared/metadata_sources/v2/ena_samples/chunk_009.xml
rna_seq:SRR34582726	SRR34582726	SRX29724084	SAMN50022238	GSM9116817	spr-5; met-2_control RNAi_Rep2	GSM9116817	whole animal L1 Larvae	SRP601871	PRJNA1293434	GSE303062	RNA-Seq	unknown	whole animal L1 Larvae	L1		spr-5 (by101)(I); met-2 (n4256)(III)	spr-5 (by101)(I); met-2 (n4256)(III)		2	ENA_sample_title_or_alias	SRX29724084	1	single_run_for_ENA_experiment	shared/sharepoint_2026-07-13/training_input_bigwig/SRR34582726.bw	e61b59938aa61a2ad512752d2df07d45ecde29a259c5aea9d87d0d4e71ba507f	unknown	shared/metadata_sources/v2/ena_samples/chunk_009.xml
rna_seq:SRR34582727	SRR34582727	SRX29724083	SAMN50022239	GSM9116816	spr-5; met-2_control RNAi_Rep1	GSM9116816	whole animal L1 Larvae	SRP601871	PRJNA1293434	GSE303062	RNA-Seq	unknown	whole animal L1 Larvae	L1		spr-5 (by101)(I); met-2 (n4256)(III)	spr-5 (by101)(I); met-2 (n4256)(III)		1	ENA_sample_title_or_alias	SRX29724083	1	single_run_for_ENA_experiment	shared/sharepoint_2026-07-13/training_input_bigwig/SRR34582727.bw	37de8b0c6ee906246afd256e827bd9264b809a5d3dac608493a479298135afba	unknown	shared/metadata_sources/v2/ena_samples/chunk_009.xml
rna_seq:SRR34582728	SRR34582728	SRX29724082	SAMN50022240	GSM9116815	WT_lin-35 RNAi_Rep3	GSM9116815	whole animal L1 Larvae	SRP601871	PRJNA1293434	GSE303062	RNA-Seq	unknown	whole animal L1 Larvae	L1		N2; (lin-35 RNAi)	N2; (lin-35 RNAi)		3	ENA_sample_title_or_alias	SRX29724082	1	single_run_for_ENA_experiment	shared/sharepoint_2026-07-13/training_input_bigwig/SRR34582728.bw	6cb8450d07be5aabdc8d9de0aca62cc721ca693cfeaa03f31aa20f8d09181dd9	unknown	shared/metadata_sources/v2/ena_samples/chunk_009.xml
rna_seq:SRR34582729	SRR34582729	SRX29724081	SAMN50022241	GSM9116814	WT_lin-35 RNAi_Rep2	GSM9116814	whole animal L1 Larvae	SRP601871	PRJNA1293434	GSE303062	RNA-Seq	unknown	whole animal L1 Larvae	L1		N2; (lin-35 RNAi)	N2; (lin-35 RNAi)		2	ENA_sample_title_or_alias	SRX29724081	1	single_run_for_ENA_experiment	shared/sharepoint_2026-07-13/training_input_bigwig/SRR34582729.bw	7990aac1ef55faa493a6fd023235a7c1e227b30305eabb5357f6c399bdf39f8c	unknown	shared/metadata_sources/v2/ena_samples/chunk_009.xml
rna_seq:SRR34582730	SRR34582730	SRX29724080	SAMN50022242	GSM9116813	WT_lin-35 RNAi_Rep1	GSM9116813	whole animal L1 Larvae	SRP601871	PRJNA1293434	GSE303062	RNA-Seq	unknown	whole animal L1 Larvae	L1		N2; (lin-35 RNAi)	N2; (lin-35 RNAi)		1	ENA_sample_title_or_alias	SRX29724080	1	single_run_for_ENA_experiment	shared/sharepoint_2026-07-13/training_input_bigwig/SRR34582730.bw	9a6b356dbecaf3856e978cfb133365ced253b623efc40e9b50991d8d631bd0b3	unknown	shared/metadata_sources/v2/ena_samples/chunk_009.xml
rna_seq:SRR34582731	SRR34582731	SRX29724079	SAMN50022243	GSM9116812	WT_control RNAi_Rep3	GSM9116812	whole animal L1 Larvae	SRP601871	PRJNA1293434	GSE303062	RNA-Seq	unknown	whole animal L1 Larvae	L1		N2	N2		3	ENA_sample_title_or_alias	SRX29724079	1	single_run_for_ENA_experiment	shared/sharepoint_2026-07-13/training_input_bigwig/SRR34582731.bw	16723371c8239fac3f4694b07380fc2d6753e67acfded71cbe12f93d8758fae1	unknown	shared/metadata_sources/v2/ena_samples/chunk_009.xml
rna_seq:SRR34582732	SRR34582732	SRX29724078	SAMN50022244	GSM9116811	WT_control RNAi_Rep2	GSM9116811	whole animal L1 Larvae	SRP601871	PRJNA1293434	GSE303062	RNA-Seq	unknown	whole animal L1 Larvae	L1		N2	N2		2	ENA_sample_title_or_alias	SRX29724078	1	single_run_for_ENA_experiment	shared/sharepoint_2026-07-13/training_input_bigwig/SRR34582732.bw	29c645f478aeddd06702d456f7af9d44273fe576a17fe9804bffe7dee47d1f43	unknown	shared/metadata_sources/v2/ena_samples/chunk_009.xml
rna_seq:SRR34582733	SRR34582733	SRX29724077	SAMN50022245	GSM9116810	WT_control RNAi_Rep1	GSM9116810	whole animal L1 Larvae	SRP601871	PRJNA1293434	GSE303062	RNA-Seq	unknown	whole animal L1 Larvae	L1		N2	N2		1	ENA_sample_title_or_alias	SRX29724077	1	single_run_for_ENA_experiment	shared/sharepoint_2026-07-13/training_input_bigwig/SRR34582733.bw	82fef850ba8842a81e6ac2c92cf221ec8229d8bb90031936afd597862dd8df6b	unknown	shared/metadata_sources/v2/ena_samples/chunk_009.xml
rna_seq:SRR34628124	SRR34628124	SRX29769302	SAMN50084776	GSM9117539	spr-5; met-2_mep-1 RNAi rep3	GSM9117539	whole animal L1 Larvae	SRP602320	PRJNA1294132	GSE303085	RNA-Seq	unknown	whole animal L1 Larvae	L1		spr-5 (by101)(I); met-2 (n4256)(III); (lin-35 RNAi)	spr-5 (by101)(I); met-2 (n4256)(III); (lin-35 RNAi)		3	ENA_sample_title_or_alias	SRX29769302	1	single_run_for_ENA_experiment	shared/sharepoint_2026-07-13/training_input_bigwig/SRR34628124.bw	3ab77b60d2cc811d1d6a878b9a9a1b308ae72c9195051ee99daa6f2bc45a3a31	unknown	shared/metadata_sources/v2/ena_samples/chunk_009.xml
rna_seq:SRR34628125	SRR34628125	SRX29769301	SAMN50084777	GSM9117538	spr-5; met-2_mep-1 RNAi rep2	GSM9117538	whole animal L1 Larvae	SRP602320	PRJNA1294132	GSE303085	RNA-Seq	unknown	whole animal L1 Larvae	L1		spr-5 (by101)(I); met-2 (n4256)(III); (lin-35 RNAi)	spr-5 (by101)(I); met-2 (n4256)(III); (lin-35 RNAi)		2	ENA_sample_title_or_alias	SRX29769301	1	single_run_for_ENA_experiment	shared/sharepoint_2026-07-13/training_input_bigwig/SRR34628125.bw	7e64352e0330b7cc5fd95c1a8271f1a2e2fda3bea5b19882ab58550abe30e734	unknown	shared/metadata_sources/v2/ena_samples/chunk_009.xml
rna_seq:SRR34628126	SRR34628126	SRX29769300	SAMN50084778	GSM9117537	spr-5; met-2_mep-1 RNAi rep1	GSM9117537	whole animal L1 Larvae	SRP602320	PRJNA1294132	GSE303085	RNA-Seq	unknown	whole animal L1 Larvae	L1		spr-5 (by101)(I); met-2 (n4256)(III); (lin-35 RNAi)	spr-5 (by101)(I); met-2 (n4256)(III); (lin-35 RNAi)		1	ENA_sample_title_or_alias	SRX29769300	1	single_run_for_ENA_experiment	shared/sharepoint_2026-07-13/training_input_bigwig/SRR34628126.bw	31afa5b99afd50ab38151a96c999d83366d6d41a9219f9259bea9f117a427a40	unknown	shared/metadata_sources/v2/ena_samples/chunk_009.xml
rna_seq:SRR34628127	SRR34628127	SRX29769299	SAMN50084779	GSM9117536	spr-5; met-2_control RNAi rep3	GSM9117536	whole animal L1 Larvae	SRP602320	PRJNA1294132	GSE303085	RNA-Seq	unknown	whole animal L1 Larvae	L1		spr-5 (by101)(I); met-2 (n4256)(III)	spr-5 (by101)(I); met-2 (n4256)(III)		3	ENA_sample_title_or_alias	SRX29769299	1	single_run_for_ENA_experiment	shared/sharepoint_2026-07-13/training_input_bigwig/SRR34628127.bw	0a079c78181c1a69b9117f113daa79db9298076500448a25eb7cd73b12adff9d	unknown	shared/metadata_sources/v2/ena_samples/chunk_009.xml
rna_seq:SRR34628128	SRR34628128	SRX29769298	SAMN50084780	GSM9117535	spr-5; met-2_control RNAi rep2	GSM9117535	whole animal L1 Larvae	SRP602320	PRJNA1294132	GSE303085	RNA-Seq	unknown	whole animal L1 Larvae	L1		spr-5 (by101)(I); met-2 (n4256)(III)	spr-5 (by101)(I); met-2 (n4256)(III)		2	ENA_sample_title_or_alias	SRX29769298	1	single_run_for_ENA_experiment	shared/sharepoint_2026-07-13/training_input_bigwig/SRR34628128.bw	16ab11514ac1f35cd994465252094b9de21be83227f36206a6fdc9ee611365a8	unknown	shared/metadata_sources/v2/ena_samples/chunk_009.xml
rna_seq:SRR34628129	SRR34628129	SRX29769297	SAMN50084781	GSM9117534	spr-5; met-2_control RNAi rep1	GSM9117534	whole animal L1 Larvae	SRP602320	PRJNA1294132	GSE303085	RNA-Seq	unknown	whole animal L1 Larvae	L1		spr-5 (by101)(I); met-2 (n4256)(III)	spr-5 (by101)(I); met-2 (n4256)(III)		1	ENA_sample_title_or_alias	SRX29769297	1	single_run_for_ENA_experiment	shared/sharepoint_2026-07-13/training_input_bigwig/SRR34628129.bw	5db47079ad26457a858023363b632d05dcd4f0c4bfeab218a9238704a6100bd4	unknown	shared/metadata_sources/v2/ena_samples/chunk_009.xml
rna_seq:SRR34628130	SRR34628130	SRX29769296	SAMN50084782	GSM9117533	WT_mep-1 RNAi rep3	GSM9117533	whole animal L1 Larvae	SRP602320	PRJNA1294132	GSE303085	RNA-Seq	unknown	whole animal L1 Larvae	L1		N2; (mep-1 RNAi)	N2; (mep-1 RNAi)		3	ENA_sample_title_or_alias	SRX29769296	1	single_run_for_ENA_experiment	shared/sharepoint_2026-07-13/training_input_bigwig/SRR34628130.bw	c5c9fb991999284ae2a7f4725c18088f764d8ef3549981b355a207f79c4d04e7	unknown	shared/metadata_sources/v2/ena_samples/chunk_009.xml
rna_seq:SRR34628131	SRR34628131	SRX29769295	SAMN50084783	GSM9117532	WT_mep-1 RNAi rep2	GSM9117532	whole animal L1 Larvae	SRP602320	PRJNA1294132	GSE303085	RNA-Seq	unknown	whole animal L1 Larvae	L1		N2; (mep-1 RNAi)	N2; (mep-1 RNAi)		2	ENA_sample_title_or_alias	SRX29769295	1	single_run_for_ENA_experiment	shared/sharepoint_2026-07-13/training_input_bigwig/SRR34628131.bw	037d1822f14cc99c494f7634f4d9982e879ee2ee79f08b895e4d135242934c34	unknown	shared/metadata_sources/v2/ena_samples/chunk_009.xml
rna_seq:SRR34628132	SRR34628132	SRX29769294	SAMN50084784	GSM9117531	WT_mep-1 RNAi rep1	GSM9117531	whole animal L1 Larvae	SRP602320	PRJNA1294132	GSE303085	RNA-Seq	unknown	whole animal L1 Larvae	L1		N2; (mep-1 RNAi)	N2; (mep-1 RNAi)		1	ENA_sample_title_or_alias	SRX29769294	1	single_run_for_ENA_experiment	shared/sharepoint_2026-07-13/training_input_bigwig/SRR34628132.bw	60384067c49eea4df521b2f3914e2af01b87481ac1a330d7c52c0bba0ba02bee	unknown	shared/metadata_sources/v2/ena_samples/chunk_009.xml
rna_seq:SRR34628133	SRR34628133	SRX29769293	SAMN50084785	GSM9117530	WT_control RNAi rep3	GSM9117530	whole animal L1 Larvae	SRP602320	PRJNA1294132	GSE303085	RNA-Seq	unknown	whole animal L1 Larvae	L1		N2	N2		3	ENA_sample_title_or_alias	SRX29769293	1	single_run_for_ENA_experiment	shared/sharepoint_2026-07-13/training_input_bigwig/SRR34628133.bw	a861d3ae4238adb632bff9bd669cef1a6a70bebda193a317347dce505fef7de7	unknown	shared/metadata_sources/v2/ena_samples/chunk_009.xml
rna_seq:SRR34628134	SRR34628134	SRX29769292	SAMN50084786	GSM9117529	WT_control RNAi rep2	GSM9117529	whole animal L1 Larvae	SRP602320	PRJNA1294132	GSE303085	RNA-Seq	unknown	whole animal L1 Larvae	L1		N2	N2		2	ENA_sample_title_or_alias	SRX29769292	1	single_run_for_ENA_experiment	shared/sharepoint_2026-07-13/training_input_bigwig/SRR34628134.bw	1c18201a1b5b94249b0761392f095829a3e8da9c826ca7265198c8ae0462b2b9	unknown	shared/metadata_sources/v2/ena_samples/chunk_009.xml
rna_seq:SRR34628135	SRR34628135	SRX29769291	SAMN50084787	GSM9117528	WT_control RNAi rep1	GSM9117528	whole animal L1 Larvae	SRP602320	PRJNA1294132	GSE303085	RNA-Seq	unknown	whole animal L1 Larvae	L1		N2	N2		1	ENA_sample_title_or_alias	SRX29769291	1	single_run_for_ENA_experiment	shared/sharepoint_2026-07-13/training_input_bigwig/SRR34628135.bw	2dab6b87b60580ba57616841cba0b30976418a029efb7808c139b7300ab5cb35	unknown	shared/metadata_sources/v2/ena_samples/chunk_009.xml
rna_seq:SRR34629314	SRR34629314	SRX29770460	SAMN50086049	GSM9118465	WT Late biol rep 4	GSM9118465	whole animal	SRP602349	PRJNA1294194	GSE303122	RNA-Seq	unknown	whole animal	L4		N2	N2	50+ generations of late selection	4	ENA_sample_title_or_alias	SRX29770460	1	single_run_for_ENA_experiment	shared/sharepoint_2026-07-13/training_input_bigwig/SRR34629314.bw	e6ce578e23ab5db7be6e4a0fc76ebb1c7a11f997d60c8d4d3549e59993248325	unknown	shared/metadata_sources/v2/ena_samples/chunk_009.xml
rna_seq:SRR34629315	SRR34629315	SRX29770459	SAMN50086050	GSM9118464	WT Late biol rep 3	GSM9118464	whole animal	SRP602349	PRJNA1294194	GSE303122	RNA-Seq	unknown	whole animal	L4		N2	N2	50+ generations of late selection	3	ENA_sample_title_or_alias	SRX29770459	1	single_run_for_ENA_experiment	shared/sharepoint_2026-07-13/training_input_bigwig/SRR34629315.bw	96252a1114b58c645699bbe06992522ede7f311b995c27d7f241180599f3ef8c	unknown	shared/metadata_sources/v2/ena_samples/chunk_009.xml
rna_seq:SRR34629316	SRR34629316	SRX29770458	SAMN50086051	GSM9118463	WT Late biol rep 2	GSM9118463	whole animal	SRP602349	PRJNA1294194	GSE303122	RNA-Seq	unknown	whole animal	L4		N2	N2	50+ generations of late selection	2	ENA_sample_title_or_alias	SRX29770458	1	single_run_for_ENA_experiment	shared/sharepoint_2026-07-13/training_input_bigwig/SRR34629316.bw	57eb176bd60f082cefb4d86e968b5e31e52af5d4835ce926a005c2d000aeb5b4	unknown	shared/metadata_sources/v2/ena_samples/chunk_010.xml
rna_seq:SRR34629317	SRR34629317	SRX29770457	SAMN50086052	GSM9118462	WT Late biol rep 1	GSM9118462	whole animal	SRP602349	PRJNA1294194	GSE303122	RNA-Seq	unknown	whole animal	L4		N2	N2	50+ generations of late selection	1	ENA_sample_title_or_alias	SRX29770457	1	single_run_for_ENA_experiment	shared/sharepoint_2026-07-13/training_input_bigwig/SRR34629317.bw	07e09ec8a131bd46059e5683262e104ca1e12c006730e61195152754c7d04c65	unknown	shared/metadata_sources/v2/ena_samples/chunk_010.xml
rna_seq:SRR34629318	SRR34629318	SRX29770456	SAMN50086053	GSM9118461	WT biol rep 3	GSM9118461	whole animal	SRP602349	PRJNA1294194	GSE303122	RNA-Seq	unknown	whole animal	L4		N2	N2	no selection	3	ENA_sample_title_or_alias	SRX29770456	1	single_run_for_ENA_experiment	shared/sharepoint_2026-07-13/training_input_bigwig/SRR34629318.bw	4c97a1263a43bf1972a43ec9a44dcd7a6f814cb96f36e26809f602d9d935aee5	unknown	shared/metadata_sources/v2/ena_samples/chunk_010.xml
rna_seq:SRR34629319	SRR34629319	SRX29770455	SAMN50086054	GSM9118460	WT biol rep 2	GSM9118460	whole animal	SRP602349	PRJNA1294194	GSE303122	RNA-Seq	unknown	whole animal	L4		N2	N2	no selection	2	ENA_sample_title_or_alias	SRX29770455	1	single_run_for_ENA_experiment	shared/sharepoint_2026-07-13/training_input_bigwig/SRR34629319.bw	8d91a1a37b4122936e0698e5e377cdc7fe182054c74605814928f99cbe8156a5	unknown	shared/metadata_sources/v2/ena_samples/chunk_010.xml
rna_seq:SRR34629320	SRR34629320	SRX29770454	SAMN50086055	GSM9118459	WT biol rep 1	GSM9118459	whole animal	SRP602349	PRJNA1294194	GSE303122	RNA-Seq	unknown	whole animal	L4		N2	N2	no selection	1	ENA_sample_title_or_alias	SRX29770454	1	single_run_for_ENA_experiment	shared/sharepoint_2026-07-13/training_input_bigwig/SRR34629320.bw	478b3baf08077165171e24329d0fecf662cca76a89116ee867f95c7719e21bf0	unknown	shared/metadata_sources/v2/ena_samples/chunk_010.xml
rna_seq:SRR3535753	SRR3535753	SRX1769976	SAMN05004776	GSM2155050	RNA-seq of L2 larvae at 20°C, replicate 1	GSM2155050	L2 larvae	SRP075274	PRJNA321853	GSE81520	RNA-Seq	unknown	whole animal	L2		N2	wild type		1	ENA_sample_title_or_alias	SRX1769976	1	single_run_for_ENA_experiment	shared/sharepoint_2026-07-13/training_input_bigwig/SRR3535753.bw	54e9b56ba2225b9fbeaf097e2e5a9e45b2215d3a02910476969ffe139130ee51	unknown	shared/metadata_sources/v2/ena_samples/chunk_001.xml
rna_seq:SRR3535754	SRR3535754	SRX1769977	SAMN05004777	GSM2155051	RNA-seq of L2 larvae at 20°C, replicate 2	GSM2155051	L2 larvae	SRP075274	PRJNA321853	GSE81520	RNA-Seq	unknown	whole animal	L2		N2	wild type		2	ENA_sample_title_or_alias	SRX1769977	1	single_run_for_ENA_experiment	shared/sharepoint_2026-07-13/training_input_bigwig/SRR3535754.bw	b05de201de88d2e00aa576b3a40870835733418d51070c57e8d83cfa30ac9d97	unknown	shared/metadata_sources/v2/ena_samples/chunk_001.xml
rna_seq:SRR3535755	SRR3535755	SRX1769978	SAMN05004778	GSM2155052	RNA-seq of L2 larvae at 20°C, replicate 3	GSM2155052	L2 larvae	SRP075274	PRJNA321853	GSE81520	RNA-Seq	unknown	whole animal	L2		N2	wild type		3	ENA_sample_title_or_alias	SRX1769978	1	single_run_for_ENA_experiment	shared/sharepoint_2026-07-13/training_input_bigwig/SRR3535755.bw	a53f0d8e1896689dd5dac521f18fb8e8c7ac6bdf7314a71321e84b0f7e6a6e2a	unknown	shared/metadata_sources/v2/ena_samples/chunk_001.xml
rna_seq:SRR3535756	SRR3535756	SRX1769979	SAMN05004779	GSM2155053	RNA-seq of L2 larvae at 34°C, replicate 1	GSM2155053	L2 larvae	SRP075274	PRJNA321853	GSE81520	RNA-Seq	unknown	whole animal	L2		N2	wild type		1	ENA_sample_title_or_alias	SRX1769979	1	single_run_for_ENA_experiment	shared/sharepoint_2026-07-13/training_input_bigwig/SRR3535756.bw	46d350489b2289372943d386ad323b9c0f5c64fdd573ad6862247acbdd9cb334	unknown	shared/metadata_sources/v2/ena_samples/chunk_001.xml
rna_seq:SRR3535757	SRR3535757	SRX1769980	SAMN05004780	GSM2155054	RNA-seq of L2 larvae at 34°C, replicate 2	GSM2155054	L2 larvae	SRP075274	PRJNA321853	GSE81520	RNA-Seq	unknown	whole animal	L2		N2	wild type		2	ENA_sample_title_or_alias	SRX1769980	1	single_run_for_ENA_experiment	shared/sharepoint_2026-07-13/training_input_bigwig/SRR3535757.bw	d4d5e33bc217320ca89590d4467046c4bfaf3fb9121cd6cc22aae5e4870c9c49	unknown	shared/metadata_sources/v2/ena_samples/chunk_001.xml
rna_seq:SRR3535758	SRR3535758	SRX1769981	SAMN05004781	GSM2155055	RNA-seq of L2 larvae at 34°C, replicate 3	GSM2155055	L2 larvae	SRP075274	PRJNA321853	GSE81520	RNA-Seq	unknown	whole animal	L2		N2	wild type		3	ENA_sample_title_or_alias	SRX1769981	1	single_run_for_ENA_experiment	shared/sharepoint_2026-07-13/training_input_bigwig/SRR3535758.bw	51af50380c0852d960aa236cfe1c75036f015e4ade4f35654cdd5b2e693bd239	unknown	shared/metadata_sources/v2/ena_samples/chunk_001.xml
rna_seq:SRR3535777	SRR3535777	SRX1769997	SAMN05004797	GSM2155071	ChIP-seq of Pol II in YA animals at 34°C, replicate 2	GSM2155071	young adults	SRP075275	PRJNA321852	GSE81521	ChIP-Seq	unknown	whole animal	L2		AM1061	unc-119(ed9)III, rmSi1[hsf-1p(4kb)::hsf-1(minigene)::gfp::3'UTR(hsf-1)+Cbrunc-119(+)] II; hsf-1(ok600)I		2	ENA_sample_title_or_alias	SRX1769997	1	single_run_for_ENA_experiment	shared/sharepoint_2026-07-13/training_input_bigwig/SRR3535777.bw	0ba92d8425bd1ac7053057a013e7253eecd5f84b6e935b117aac2d14d3b094bb	unknown	shared/metadata_sources/v2/ena_samples/chunk_001.xml
rna_seq:SRR3535778	SRR3535778	SRX1769998	SAMN05004798	GSM2155072	Input DNA for ChIPs in L2 Larvae	GSM2155072	L2 larvae	SRP075275	PRJNA321852	GSE81521	ChIP-Seq	unknown	whole animal	L2		AM1061	unc-119(ed9)III, rmSi1[hsf-1p(4kb)::hsf-1(minigene)::gfp::3'UTR(hsf-1)+Cbrunc-119(+)] II; hsf-1(ok600)I				SRX1769998	1	single_run_for_ENA_experiment	shared/sharepoint_2026-07-13/training_input_bigwig/SRR3535778.bw	93ae57c74af09db70850ac34b6ee50baaaa579d54a6286332041f74f7be86aa6	unknown	shared/metadata_sources/v2/ena_samples/chunk_001.xml
rna_seq:SRR3535779	SRR3535779	SRX1769999	SAMN05004799	GSM2155073	Input DNA for ChIPs in YA animals	GSM2155073	young adults	SRP075275	PRJNA321852	GSE81521	ChIP-Seq	unknown	whole animal	L2		AM1061	unc-119(ed9)III, rmSi1[hsf-1p(4kb)::hsf-1(minigene)::gfp::3'UTR(hsf-1)+Cbrunc-119(+)] II; hsf-1(ok600)I				SRX1769999	1	single_run_for_ENA_experiment	shared/sharepoint_2026-07-13/training_input_bigwig/SRR3535779.bw	96f57cbb5bea5a941e7d17f8e3ac07c509995bb9da1e6db0b67adeb27e9a034a	unknown	shared/metadata_sources/v2/ena_samples/chunk_001.xml
rna_seq:SRR3535780	SRR3535780	SRX1770000	SAMN05004801	GSM2155074	RNA-seq of N2, replicate 1	GSM2155074	L2 larvae	SRP075276	PRJNA321851	GSE81522	RNA-Seq	unknown	whole animal	L2		N2	wild type		1	ENA_sample_title_or_alias	SRX1770000	1	single_run_for_ENA_experiment	shared/sharepoint_2026-07-13/training_input_bigwig/SRR3535780.bw	79ba51ff5e5aaf28060c6ae2ea3763b09bbcbd4e42d830873e6477d84094a36c	unknown	shared/metadata_sources/v2/ena_samples/chunk_001.xml
rna_seq:SRR3535781	SRR3535781	SRX1770001	SAMN05004802	GSM2155075	RNA-seq of N2, replicate 2	GSM2155075	L2 larvae	SRP075276	PRJNA321851	GSE81522	RNA-Seq	unknown	whole animal	L2		N2	wild type		2	ENA_sample_title_or_alias	SRX1770001	2	same_ENA_experiment_multiple_runs	shared/sharepoint_2026-07-13/training_input_bigwig/SRR3535781.bw	6b17afd7460464d3f45da940255874d6541f2cc2f7659fffdb159eee3c8390b4	unknown	shared/metadata_sources/v2/ena_samples/chunk_001.xml
rna_seq:SRR3535782	SRR3535782	SRX1770001	SAMN05004802	GSM2155075	RNA-seq of N2, replicate 2	GSM2155075	L2 larvae	SRP075276	PRJNA321851	GSE81522	RNA-Seq	unknown	whole animal	L2		N2	wild type		2	ENA_sample_title_or_alias	SRX1770001	2	same_ENA_experiment_multiple_runs	shared/sharepoint_2026-07-13/training_input_bigwig/SRR3535782.bw	09aeef45a21f9c069d2cbf8fe543a01db5e226a83f194b7de11dbf442a672016	unknown	shared/metadata_sources/v2/ena_samples/chunk_001.xml
rna_seq:SRR3535783	SRR3535783	SRX1770002	SAMN05004803	GSM2155076	RNA-seq of N2, replicate 3	GSM2155076	L2 larvae	SRP075276	PRJNA321851	GSE81522	RNA-Seq	unknown	whole animal	L2		N2	wild type		3	ENA_sample_title_or_alias	SRX1770002	2	same_ENA_experiment_multiple_runs	shared/sharepoint_2026-07-13/training_input_bigwig/SRR3535783.bw	518392f8bb5946d91583847f36cb6de477c490475e095d0536cf6ad754cafb6a	unknown	shared/metadata_sources/v2/ena_samples/chunk_001.xml
rna_seq:SRR3535784	SRR3535784	SRX1770002	SAMN05004803	GSM2155076	RNA-seq of N2, replicate 3	GSM2155076	L2 larvae	SRP075276	PRJNA321851	GSE81522	RNA-Seq	unknown	whole animal	L2		N2	wild type		3	ENA_sample_title_or_alias	SRX1770002	2	same_ENA_experiment_multiple_runs	shared/sharepoint_2026-07-13/training_input_bigwig/SRR3535784.bw	dd174dd02b6007c569bf0dbb8b2072841b50267944d205025df5385b9376d4b1	unknown	shared/metadata_sources/v2/ena_samples/chunk_001.xml
rna_seq:SRR3535785	SRR3535785	SRX1770003	SAMN05004804	GSM2155077	RNA-seq of hsf-1(ok600), replicate 1	GSM2155077	L2 larvae	SRP075276	PRJNA321851	GSE81522	RNA-Seq	unknown	whole animal	L2		hsf-1(ok600)	hsf-1(ok600)		1	ENA_sample_title_or_alias	SRX1770003	2	same_ENA_experiment_multiple_runs	shared/sharepoint_2026-07-13/training_input_bigwig/SRR3535785.bw	980a21b1e9dab338e00ff744d096b73c9c236f1aa157d74fe623a083d564fbaf	unknown	shared/metadata_sources/v2/ena_samples/chunk_001.xml
rna_seq:SRR3535786	SRR3535786	SRX1770003	SAMN05004804	GSM2155077	RNA-seq of hsf-1(ok600), replicate 1	GSM2155077	L2 larvae	SRP075276	PRJNA321851	GSE81522	RNA-Seq	unknown	whole animal	L2		hsf-1(ok600)	hsf-1(ok600)		1	ENA_sample_title_or_alias	SRX1770003	2	same_ENA_experiment_multiple_runs	shared/sharepoint_2026-07-13/training_input_bigwig/SRR3535786.bw	ac52cb1978d97faf39558b221706b60b35a5f9bc5a40f56ad8548765e1581b7c	unknown	shared/metadata_sources/v2/ena_samples/chunk_001.xml
rna_seq:SRR3535787	SRR3535787	SRX1770004	SAMN05004805	GSM2155078	RNA-seq of hsf-1(ok600), replicate 2	GSM2155078	L2 larvae	SRP075276	PRJNA321851	GSE81522	RNA-Seq	unknown	whole animal	L2		hsf-1(ok600)	hsf-1(ok600)		2	ENA_sample_title_or_alias	SRX1770004	2	same_ENA_experiment_multiple_runs	shared/sharepoint_2026-07-13/training_input_bigwig/SRR3535787.bw	5a3cc8d7305cadc681885863fd7c6eaa0812ea461bb435c6237ec0b2d47940a7	unknown	shared/metadata_sources/v2/ena_samples/chunk_001.xml
rna_seq:SRR3535788	SRR3535788	SRX1770004	SAMN05004805	GSM2155078	RNA-seq of hsf-1(ok600), replicate 2	GSM2155078	L2 larvae	SRP075276	PRJNA321851	GSE81522	RNA-Seq	unknown	whole animal	L2		hsf-1(ok600)	hsf-1(ok600)		2	ENA_sample_title_or_alias	SRX1770004	2	same_ENA_experiment_multiple_runs	shared/sharepoint_2026-07-13/training_input_bigwig/SRR3535788.bw	c6af4a620220061221fa11474d6cba670a8188b8180413c2c000b9600079c1f6	unknown	shared/metadata_sources/v2/ena_samples/chunk_001.xml
rna_seq:SRR3535789	SRR3535789	SRX1770005	SAMN05004806	GSM2155079	RNA-seq of hsf-1(ok600), replicate 3	GSM2155079	L2 larvae	SRP075276	PRJNA321851	GSE81522	RNA-Seq	unknown	whole animal	L2		hsf-1(ok600)	hsf-1(ok600)		3	ENA_sample_title_or_alias	SRX1770005	1	single_run_for_ENA_experiment	shared/sharepoint_2026-07-13/training_input_bigwig/SRR3535789.bw	890841fb419ac267aaf43adca1cdeb92ee7d703edd6a116e31aadbe4c034b3af	unknown	shared/metadata_sources/v2/ena_samples/chunk_001.xml
rna_seq:SRR3535790	SRR3535790	SRX1770006	SAMN05004800	GSM2155080	RNA-seq of hsf-1(ok600); rmSi1[hsf-1::gfp], replicate 1	GSM2155080	L2 larvae	SRP075276	PRJNA321851	GSE81522	RNA-Seq	unknown	whole animal	L2		AM1061	hsf-1(ok600); rmSi1[hsf-1::gfp]		1	ENA_sample_title_or_alias	SRX1770006	1	single_run_for_ENA_experiment	shared/sharepoint_2026-07-13/training_input_bigwig/SRR3535790.bw	edd3e3b32f307b2cfc300ebf056d8db44600691758e8bc8ea083521ce8fd4ad2	unknown	shared/metadata_sources/v2/ena_samples/chunk_001.xml
rna_seq:SRR3535791	SRR3535791	SRX1770007	SAMN05004807	GSM2155081	RNA-seq of hsf-1(ok600); rmSi1[hsf-1::gfp], replicate 2	GSM2155081	L2 larvae	SRP075276	PRJNA321851	GSE81522	RNA-Seq	unknown	whole animal	L2		AM1061	hsf-1(ok600); rmSi1[hsf-1::gfp]		2	ENA_sample_title_or_alias	SRX1770007	2	same_ENA_experiment_multiple_runs	shared/sharepoint_2026-07-13/training_input_bigwig/SRR3535791.bw	9338938d0a3092327bbd40257d4def385246145737410794eade31a1eef115b9	unknown	shared/metadata_sources/v2/ena_samples/chunk_001.xml
rna_seq:SRR3535792	SRR3535792	SRX1770007	SAMN05004807	GSM2155081	RNA-seq of hsf-1(ok600); rmSi1[hsf-1::gfp], replicate 2	GSM2155081	L2 larvae	SRP075276	PRJNA321851	GSE81522	RNA-Seq	unknown	whole animal	L2		AM1061	hsf-1(ok600); rmSi1[hsf-1::gfp]		2	ENA_sample_title_or_alias	SRX1770007	2	same_ENA_experiment_multiple_runs	shared/sharepoint_2026-07-13/training_input_bigwig/SRR3535792.bw	f765eee0193464e796ad089852b859d5eba4bee99b2bb3fe4f87c1f3ccd81b79	unknown	shared/metadata_sources/v2/ena_samples/chunk_001.xml
rna_seq:SRR3535793	SRR3535793	SRX1770008	SAMN05004808	GSM2155082	RNA-seq of hsf-1(ok600); rmSi1[hsf-1::gfp], replicate 3	GSM2155082	L2 larvae	SRP075276	PRJNA321851	GSE81522	RNA-Seq	unknown	whole animal	L2		AM1061	hsf-1(ok600); rmSi1[hsf-1::gfp]		3	ENA_sample_title_or_alias	SRX1770008	1	single_run_for_ENA_experiment	shared/sharepoint_2026-07-13/training_input_bigwig/SRR3535793.bw	43b93b9d8b9055273cbdc6809b2453b2411ffeec228a4649174b9a3268a69151	unknown	shared/metadata_sources/v2/ena_samples/chunk_001.xml
rna_seq:SRR36521011	SRR36521011	SRX31541180	SAMN54218869	GSM9398950	IVR10-2014 - Rep3	GSM9398950	whole animal	SRP656738	PRJNA1391406	GSE314492	RNA-Seq	unknown	whole animal	L4		IVR10-2014	treated		3	ENA_sample_title_or_alias	SRX31541180	1	single_run_for_ENA_experiment	shared/sharepoint_2026-07-13/training_input_bigwig/SRR36521011.bw	24c79f2442a0938103a0736b92721b495ad44c0d11b9e3c7f0d17ee8f3dba8be	unknown	shared/metadata_sources/v2/ena_samples/chunk_010.xml
rna_seq:SRR36521012	SRR36521012	SRX31541179	SAMN54218870	GSM9398949	IVR10-2022 - Rep3	GSM9398949	whole animal	SRP656738	PRJNA1391406	GSE314492	RNA-Seq	unknown	whole animal	L4		IVR10-2022	treated		3	ENA_sample_title_or_alias	SRX31541179	1	single_run_for_ENA_experiment	shared/sharepoint_2026-07-13/training_input_bigwig/SRR36521012.bw	8c16ad6628c0872ad1d75e8ebf12ef2d3b61bde12fc5bf25b98039d481e6b11a	unknown	shared/metadata_sources/v2/ena_samples/chunk_010.xml
rna_seq:SRR36521013	SRR36521013	SRX31541178	SAMN54218871	GSM9398948	IVR10-2009 - Rep3	GSM9398948	whole animal	SRP656738	PRJNA1391406	GSE314492	RNA-Seq	unknown	whole animal	L4		IVR10-2009	treated		3	ENA_sample_title_or_alias	SRX31541178	1	single_run_for_ENA_experiment	shared/sharepoint_2026-07-13/training_input_bigwig/SRR36521013.bw	a773fcd3743a646898a9272a95153e5b233f945712f521fe4ba034e5f56bd334	unknown	shared/metadata_sources/v2/ena_samples/chunk_010.xml
rna_seq:SRR36521014	SRR36521014	SRX31541177	SAMN54218872	GSM9398947	N2B - Rep3	GSM9398947	whole animal	SRP656738	PRJNA1391406	GSE314492	RNA-Seq	unknown	whole animal	L4		N2B	WT		3	ENA_sample_title_or_alias	SRX31541177	1	single_run_for_ENA_experiment	shared/sharepoint_2026-07-13/training_input_bigwig/SRR36521014.bw	462e6c66d1d710e315835cc2a4f301b58caabca8ddf2caebf05d089829c4a5a7	unknown	shared/metadata_sources/v2/ena_samples/chunk_010.xml
rna_seq:SRR36521015	SRR36521015	SRX31541176	SAMN54218873	GSM9398946	IVR10-2014 - Rep2	GSM9398946	whole animal	SRP656738	PRJNA1391406	GSE314492	RNA-Seq	unknown	whole animal	L4		IVR10-2014	treated		2	ENA_sample_title_or_alias	SRX31541176	1	single_run_for_ENA_experiment	shared/sharepoint_2026-07-13/training_input_bigwig/SRR36521015.bw	91e6f9f2a148e3a5b69acde94b9bdb5386d2be7af94059a5fcfab5545aa9c68f	unknown	shared/metadata_sources/v2/ena_samples/chunk_010.xml
rna_seq:SRR36521016	SRR36521016	SRX31541175	SAMN54218874	GSM9398945	IVR10-2022 - Rep2	GSM9398945	whole animal	SRP656738	PRJNA1391406	GSE314492	RNA-Seq	unknown	whole animal	L4		IVR10-2022	treated		2	ENA_sample_title_or_alias	SRX31541175	1	single_run_for_ENA_experiment	shared/sharepoint_2026-07-13/training_input_bigwig/SRR36521016.bw	9882fdcf4620ced908d1ce870208621f5cb708222728d0b33bf26731b6741e07	unknown	shared/metadata_sources/v2/ena_samples/chunk_010.xml
rna_seq:SRR36521017	SRR36521017	SRX31541174	SAMN54218875	GSM9398944	IVR10-2009 - Rep2	GSM9398944	whole animal	SRP656738	PRJNA1391406	GSE314492	RNA-Seq	unknown	whole animal	L4		IVR10-2009	treated		2	ENA_sample_title_or_alias	SRX31541174	1	single_run_for_ENA_experiment	shared/sharepoint_2026-07-13/training_input_bigwig/SRR36521017.bw	2823f3ff03db66afbc6fa05321d24f6d1b4d14607068585fa4a809eb88d17bb8	unknown	shared/metadata_sources/v2/ena_samples/chunk_010.xml
rna_seq:SRR36521018	SRR36521018	SRX31541173	SAMN54218876	GSM9398943	N2B - Rep2	GSM9398943	whole animal	SRP656738	PRJNA1391406	GSE314492	RNA-Seq	unknown	whole animal	L4		N2B	WT		2	ENA_sample_title_or_alias	SRX31541173	1	single_run_for_ENA_experiment	shared/sharepoint_2026-07-13/training_input_bigwig/SRR36521018.bw	85e7b30e9c83f3817a974c3a1cbee4555e686dd577afe7d339d44a5d8379a8c8	unknown	shared/metadata_sources/v2/ena_samples/chunk_010.xml
rna_seq:SRR36521019	SRR36521019	SRX31541172	SAMN54218877	GSM9398942	IVR10-2014 - Rep1	GSM9398942	whole animal	SRP656738	PRJNA1391406	GSE314492	RNA-Seq	unknown	whole animal	L4		IVR10-2014	treated		1	ENA_sample_title_or_alias	SRX31541172	1	single_run_for_ENA_experiment	shared/sharepoint_2026-07-13/training_input_bigwig/SRR36521019.bw	62917488d48b23fadf9a15ca22d4375eaf6cb41cee605122371caa7d9af83a51	unknown	shared/metadata_sources/v2/ena_samples/chunk_010.xml
rna_seq:SRR36521020	SRR36521020	SRX31541171	SAMN54218878	GSM9398941	IVR10-2022 - Rep1	GSM9398941	whole animal	SRP656738	PRJNA1391406	GSE314492	RNA-Seq	unknown	whole animal	L4		IVR10-2022	treated		1	ENA_sample_title_or_alias	SRX31541171	1	single_run_for_ENA_experiment	shared/sharepoint_2026-07-13/training_input_bigwig/SRR36521020.bw	8e0779031466a7dbc685beac51a5e2f42cefc04b987144def5ab351e0d1a6c7c	unknown	shared/metadata_sources/v2/ena_samples/chunk_010.xml
rna_seq:SRR36521021	SRR36521021	SRX31541170	SAMN54218879	GSM9398940	IVR10-2009 - Rep1	GSM9398940	whole animal	SRP656738	PRJNA1391406	GSE314492	RNA-Seq	unknown	whole animal	L4		IVR10-2009	treated		1	ENA_sample_title_or_alias	SRX31541170	1	single_run_for_ENA_experiment	shared/sharepoint_2026-07-13/training_input_bigwig/SRR36521021.bw	c9d814c0934b33bef840888f85264f8a372d870ec8d2afb8d38440632f7e7802	unknown	shared/metadata_sources/v2/ena_samples/chunk_010.xml
rna_seq:SRR36521022	SRR36521022	SRX31541169	SAMN54218880	GSM9398939	N2B - Rep1	GSM9398939	whole animal	SRP656738	PRJNA1391406	GSE314492	RNA-Seq	unknown	whole animal	L4		N2B	WT		1	ENA_sample_title_or_alias	SRX31541169	1	single_run_for_ENA_experiment	shared/sharepoint_2026-07-13/training_input_bigwig/SRR36521022.bw	e407a0f10c4a3137ac2dcbd77bd8f3b5d85ac9200797f0860bc0ddb03aa676a1	unknown	shared/metadata_sources/v2/ena_samples/chunk_010.xml
rna_seq:SRR3657224	SRR3657224	SRX1836925	SAMN05225444	GSM2196415	H1-30-34h_after_hatching_herma	GSM2196415	Whole-animal	SRP076415	PRJNA325295	GSE83216	RNA-Seq	unknown	whole animal	L3	hermaphrodite	him-5	him-5				SRX1836925	1	single_run_for_ENA_experiment	shared/sharepoint_2026-07-13/training_input_bigwig/SRR3657224.bw	4ff164dcd01f7411c4b2b2f3e78e14f405b2de855f8795ca098073b63cc1174e	unknown	shared/metadata_sources/v2/ena_samples/chunk_001.xml
rna_seq:SRR3657225	SRR3657225	SRX1836926	SAMN05225445	GSM2196416	H2-36-40h_after_hatching_herma	GSM2196416	Whole-animal	SRP076415	PRJNA325295	GSE83216	RNA-Seq	unknown	whole animal	L4	hermaphrodite	him-5	him-5				SRX1836926	1	single_run_for_ENA_experiment	shared/sharepoint_2026-07-13/training_input_bigwig/SRR3657225.bw	e9d5f419d84d0fa7afbfa56921b2706f4d53e61390299331ec0b1dc2e00f573d	unknown	shared/metadata_sources/v2/ena_samples/chunk_001.xml
rna_seq:SRR3657226	SRR3657226	SRX1836927	SAMN05225446	GSM2196417	H3-42-46h_after_hatching_herma	GSM2196417	Whole-animal	SRP076415	PRJNA325295	GSE83216	RNA-Seq	unknown	whole animal	L4	hermaphrodite	him-5	him-5				SRX1836927	1	single_run_for_ENA_experiment	shared/sharepoint_2026-07-13/training_input_bigwig/SRR3657226.bw	4f14d7bf3e86face334f81a0cf7bdf06b1db7320cc817aa6395cac74e7b21727	unknown	shared/metadata_sources/v2/ena_samples/chunk_001.xml
rna_seq:SRR3657227	SRR3657227	SRX1836928	SAMN05225447	GSM2196418	H4-48-52h_after_hatching_herma	GSM2196418	Whole-animal	SRP076415	PRJNA325295	GSE83216	RNA-Seq	unknown	whole animal	Young Adult	hermaphrodite	him-5	him-5				SRX1836928	1	single_run_for_ENA_experiment	shared/sharepoint_2026-07-13/training_input_bigwig/SRR3657227.bw	9b03ce3f8d1787fb9a02af1705bfbc8cb8b5861dd3bdef69863f6f910a5bb75c	unknown	shared/metadata_sources/v2/ena_samples/chunk_001.xml
rna_seq:SRR3657228	SRR3657228	SRX1836929	SAMN05225448	GSM2196419	H5-54-58h_after_hatching_herma	GSM2196419	Whole-animal	SRP076415	PRJNA325295	GSE83216	RNA-Seq	unknown	whole animal	Young Adult	hermaphrodite	him-5	him-5				SRX1836929	1	single_run_for_ENA_experiment	shared/sharepoint_2026-07-13/training_input_bigwig/SRR3657228.bw	d439f99ac2d06994224adc019b39a13772ca9c71e56b42de972c5ea7935ee4e1	unknown	shared/metadata_sources/v2/ena_samples/chunk_001.xml
rna_seq:SRR3657229	SRR3657229	SRX1836930	SAMN05225449	GSM2196420	M1-30-34h_after_hatching_male	GSM2196420	Whole-animal	SRP076415	PRJNA325295	GSE83216	RNA-Seq	unknown	whole animal	L3	male	him-5	him-5				SRX1836930	1	single_run_for_ENA_experiment	shared/sharepoint_2026-07-13/training_input_bigwig/SRR3657229.bw	425607c4fa8ef0f86106c033aa586cae690a975ee5d42ea925038303cb28e916	unknown	shared/metadata_sources/v2/ena_samples/chunk_001.xml
rna_seq:SRR3657230	SRR3657230	SRX1836931	SAMN05225450	GSM2196421	M2-36-40h_after_hatching_male	GSM2196421	Whole-animal	SRP076415	PRJNA325295	GSE83216	RNA-Seq	unknown	whole animal	L4	male	him-5	him-5				SRX1836931	1	single_run_for_ENA_experiment	shared/sharepoint_2026-07-13/training_input_bigwig/SRR3657230.bw	4edf7a1c0b57bbc08e995031eccd4a6cdc07cdf0c3c98011b56fe9d5ec81f485	unknown	shared/metadata_sources/v2/ena_samples/chunk_001.xml
rna_seq:SRR3657231	SRR3657231	SRX1836932	SAMN05225451	GSM2196422	M3-42-46h_after_hatching_male	GSM2196422	Whole-animal	SRP076415	PRJNA325295	GSE83216	RNA-Seq	unknown	whole animal	L4	male	him-5	him-5				SRX1836932	1	single_run_for_ENA_experiment	shared/sharepoint_2026-07-13/training_input_bigwig/SRR3657231.bw	aec2e95c6467853ad85c9574ac79af18a027ce5cd364711de895ae22cbc2cdcc	unknown	shared/metadata_sources/v2/ena_samples/chunk_001.xml
rna_seq:SRR3657232	SRR3657232	SRX1836933	SAMN05225452	GSM2196423	M4-48-52h_after_hatching_male	GSM2196423	Whole-animal	SRP076415	PRJNA325295	GSE83216	RNA-Seq	unknown	whole animal	Young Adult	male	him-5	him-5				SRX1836933	1	single_run_for_ENA_experiment	shared/sharepoint_2026-07-13/training_input_bigwig/SRR3657232.bw	2230f5c0e06018c29cbc014a968f201714b22234e6ca3067090dd0fc263ac978	unknown	shared/metadata_sources/v2/ena_samples/chunk_001.xml
rna_seq:SRR3657233	SRR3657233	SRX1836934	SAMN05225453	GSM2196424	M5-54-58h_after_hatching_male	GSM2196424	Whole-animal	SRP076415	PRJNA325295	GSE83216	RNA-Seq	unknown	whole animal	Young Adult	male	him-5	him-5				SRX1836934	1	single_run_for_ENA_experiment	shared/sharepoint_2026-07-13/training_input_bigwig/SRR3657233.bw	b7d6536c34d8100796b29e2acdfb2d6d0773692f5391ad733a4dc1ed39b4adaa	unknown	shared/metadata_sources/v2/ena_samples/chunk_001.xml
rna_seq:SRR36719198	SRR36719198	SRX31723545	SAMN54501195	sy441 UT 1	Invertebrate sample from Caenorhabditis elegans		Whole Organism	SRP660539	PRJNA1399626		RNA-Seq	unknown	Whole Organism	Young Adult		mutated	mutated				SRX31723545	1	single_run_for_ENA_experiment	shared/sharepoint_2026-07-13/training_input_bigwig/SRR36719198.bw	8ee03389bfd75b6e1d6dbb1d10586ec4854537f7c1f3ae3f0a60128ba8015cfe	unknown	shared/metadata_sources/v2/ena_samples/chunk_010.xml
rna_seq:SRR36719199	SRR36719199	SRX31723544	SAMN54501194	hsf-1CTD UT 3	Invertebrate sample from Caenorhabditis elegans		Whole Organism	SRP660539	PRJNA1399626		RNA-Seq	unknown	Whole Organism	Young Adult		mutated	mutated				SRX31723544	1	single_run_for_ENA_experiment	shared/sharepoint_2026-07-13/training_input_bigwig/SRR36719199.bw	724ffaa3839a2ce8fc0ff01700e24df3b579eb6f9c3fe14be9bf775bb2ab5470	unknown	shared/metadata_sources/v2/ena_samples/chunk_010.xml
rna_seq:SRR36719200	SRR36719200	SRX31723543	SAMN54501193	hsf-1CTD UT 2	Invertebrate sample from Caenorhabditis elegans		Whole Organism	SRP660539	PRJNA1399626		RNA-Seq	unknown	Whole Organism	Young Adult		mutated	mutated				SRX31723543	1	single_run_for_ENA_experiment	shared/sharepoint_2026-07-13/training_input_bigwig/SRR36719200.bw	33e5d4cca778405c13922ee74789a53d0a7039e15c048bef016915182466f71a	unknown	shared/metadata_sources/v2/ena_samples/chunk_010.xml
rna_seq:SRR36719201	SRR36719201	SRX31723542	SAMN54501192	hsf-1CTD UT 1	Invertebrate sample from Caenorhabditis elegans		Whole Organism	SRP660539	PRJNA1399626		RNA-Seq	unknown	Whole Organism	Young Adult		mutated	mutated				SRX31723542	1	single_run_for_ENA_experiment	shared/sharepoint_2026-07-13/training_input_bigwig/SRR36719201.bw	60670733976263405ad89d5e4e6039ea37aec224e3bd5005b4e17c5cf7a348f9	unknown	shared/metadata_sources/v2/ena_samples/chunk_010.xml
rna_seq:SRR36719202	SRR36719202	SRX31723541	SAMN54501190	hsf-1FL UT 2	Invertebrate sample from Caenorhabditis elegans		Whole Organism	SRP660539	PRJNA1399626		RNA-Seq	unknown	Whole Organism	Young Adult		mutated	mutated				SRX31723541	1	single_run_for_ENA_experiment	shared/sharepoint_2026-07-13/training_input_bigwig/SRR36719202.bw	89757a45ea1fbfff8dac0f424a8b40de407b14d647aff842145656c6a0207875	unknown	shared/metadata_sources/v2/ena_samples/chunk_010.xml
rna_seq:SRR36719203	SRR36719203	SRX31723540	SAMN54501190	hsf-1FL UT 2	Invertebrate sample from Caenorhabditis elegans		Whole Organism	SRP660539	PRJNA1399626		RNA-Seq	unknown	Whole Organism	Young Adult		mutated	mutated				SRX31723540	1	single_run_for_ENA_experiment	shared/sharepoint_2026-07-13/training_input_bigwig/SRR36719203.bw	37a1a20b95de147b4fdafd9bd25f7db3db43564c4184015ffc51fdc46fb798f5	unknown	shared/metadata_sources/v2/ena_samples/chunk_010.xml
rna_seq:SRR36719204	SRR36719204	SRX31723539	SAMN54501189	hsf-1FL UT 1	Invertebrate sample from Caenorhabditis elegans		Whole Organism	SRP660539	PRJNA1399626		RNA-Seq	unknown	Whole Organism	Young Adult		mutated	mutated				SRX31723539	1	single_run_for_ENA_experiment	shared/sharepoint_2026-07-13/training_input_bigwig/SRR36719204.bw	244fab7196074813c74caa7322749a46e09bd00eeeae82ae92b249e1c9859d46	unknown	shared/metadata_sources/v2/ena_samples/chunk_010.xml
rna_seq:SRR36719205	SRR36719205	SRX31723538	SAMN54501209	sy441 HS 3	Invertebrate sample from Caenorhabditis elegans		Whole Organism	SRP660539	PRJNA1399626		RNA-Seq	unknown	Whole Organism	Young Adult		mutated+treated	mutated+treated				SRX31723538	1	single_run_for_ENA_experiment	shared/sharepoint_2026-07-13/training_input_bigwig/SRR36719205.bw	aca9d2d81d83e427c13e918654fd0fed959c6caab4ec37ad8108cfba100aba6e	unknown	shared/metadata_sources/v2/ena_samples/chunk_010.xml
rna_seq:SRR36719206	SRR36719206	SRX31723537	SAMN54501208	sy441 HS 2	Invertebrate sample from Caenorhabditis elegans		Whole Organism	SRP660539	PRJNA1399626		RNA-Seq	unknown	Whole Organism	Young Adult		mutated+treated	mutated+treated				SRX31723537	1	single_run_for_ENA_experiment	shared/sharepoint_2026-07-13/training_input_bigwig/SRR36719206.bw	d80664693e2e96d5962c7170ecf1cecf0ade075cc488044001d9de75393bbef6	unknown	shared/metadata_sources/v2/ena_samples/chunk_010.xml
rna_seq:SRR36719207	SRR36719207	SRX31723536	SAMN54501207	sy441 HS 1	Invertebrate sample from Caenorhabditis elegans		Whole Organism	SRP660539	PRJNA1399626		RNA-Seq	unknown	Whole Organism	Young Adult		mutated+treated	mutated+treated				SRX31723536	1	single_run_for_ENA_experiment	shared/sharepoint_2026-07-13/training_input_bigwig/SRR36719207.bw	6b528b689b4f7f7d67de2e3a8fff32c0a18e860880f43a612e407ee20c547713	unknown	shared/metadata_sources/v2/ena_samples/chunk_010.xml
rna_seq:SRR36719208	SRR36719208	SRX31723535	SAMN54501206	hsf-1CTD HS 3	Invertebrate sample from Caenorhabditis elegans		Whole Organism	SRP660539	PRJNA1399626		RNA-Seq	unknown	Whole Organism	Young Adult		mutated+treated	mutated+treated				SRX31723535	1	single_run_for_ENA_experiment	shared/sharepoint_2026-07-13/training_input_bigwig/SRR36719208.bw	baf5dd364f965abc4f01cb7cf43fa100168a8bac6e112f07d695be163d39609f	unknown	shared/metadata_sources/v2/ena_samples/chunk_010.xml
rna_seq:SRR36719209	SRR36719209	SRX31723534	SAMN54501188	N2 UT 3	Invertebrate sample from Caenorhabditis elegans		Whole Organism	SRP660539	PRJNA1399626		RNA-Seq	unknown	Whole Organism	Young Adult		WT	WT				SRX31723534	1	single_run_for_ENA_experiment	shared/sharepoint_2026-07-13/training_input_bigwig/SRR36719209.bw	6111475e9600355b23c1bc82bd62a2bce7e9d5d0acd083b839452f4da0b5caa5	unknown	shared/metadata_sources/v2/ena_samples/chunk_010.xml
rna_seq:SRR36719210	SRR36719210	SRX31723533	SAMN54501205	hsf-1CTD HS 2	Invertebrate sample from Caenorhabditis elegans		Whole Organism	SRP660539	PRJNA1399626		RNA-Seq	unknown	Whole Organism	Young Adult		mutated+treated	mutated+treated				SRX31723533	1	single_run_for_ENA_experiment	shared/sharepoint_2026-07-13/training_input_bigwig/SRR36719210.bw	e9cbac32fea833da6f2f7d739f95b5bc03fe6b4e998901d549f91c532635c074	unknown	shared/metadata_sources/v2/ena_samples/chunk_010.xml
rna_seq:SRR36719211	SRR36719211	SRX31723532	SAMN54501204	hsf-1CTD HS 1	Invertebrate sample from Caenorhabditis elegans		Whole Organism	SRP660539	PRJNA1399626		RNA-Seq	unknown	Whole Organism	Young Adult		mutated+treated	mutated+treated				SRX31723532	1	single_run_for_ENA_experiment	shared/sharepoint_2026-07-13/training_input_bigwig/SRR36719211.bw	bc041a1a1fcbf2909ff9b0131d80081c37917f35ca91be25123f09fff6110aea	unknown	shared/metadata_sources/v2/ena_samples/chunk_010.xml
rna_seq:SRR36719212	SRR36719212	SRX31723531	SAMN54501203	hsf-1FL HS 3	Invertebrate sample from Caenorhabditis elegans		Whole Organism	SRP660539	PRJNA1399626		RNA-Seq	unknown	Whole Organism	Young Adult		mutated+treated	mutated+treated				SRX31723531	1	single_run_for_ENA_experiment	shared/sharepoint_2026-07-13/training_input_bigwig/SRR36719212.bw	736a759b219665bd3e5cae302bddecd50e47e786f85f07420ce71f19aa640086	unknown	shared/metadata_sources/v2/ena_samples/chunk_010.xml
rna_seq:SRR36719213	SRR36719213	SRX31723530	SAMN54501202	hsf-1FL HS 2	Invertebrate sample from Caenorhabditis elegans		Whole Organism	SRP660539	PRJNA1399626		RNA-Seq	unknown	Whole Organism	Young Adult		mutated+treated	mutated+treated				SRX31723530	1	single_run_for_ENA_experiment	shared/sharepoint_2026-07-13/training_input_bigwig/SRR36719213.bw	050b492fc23fbe1300716a82e579b4bfbb6e9e9f75595fde867e4d87db30198a	unknown	shared/metadata_sources/v2/ena_samples/chunk_010.xml
rna_seq:SRR36719214	SRR36719214	SRX31723529	SAMN54501201	hsf-1FL HS 1	Invertebrate sample from Caenorhabditis elegans		Whole Organism	SRP660539	PRJNA1399626		RNA-Seq	unknown	Whole Organism	Young Adult		mutated+treated	mutated+treated				SRX31723529	1	single_run_for_ENA_experiment	shared/sharepoint_2026-07-13/training_input_bigwig/SRR36719214.bw	a0d2e9e0eeb3059b852b657e271f0d54524bb6b16828690afeecf01fd70b75ed	unknown	shared/metadata_sources/v2/ena_samples/chunk_010.xml
rna_seq:SRR36719215	SRR36719215	SRX31723528	SAMN54501200	N2 HS 3	Invertebrate sample from Caenorhabditis elegans		Whole Organism	SRP660539	PRJNA1399626		RNA-Seq	unknown	Whole Organism	Young Adult		WT+treated	WT+treated				SRX31723528	1	single_run_for_ENA_experiment	shared/sharepoint_2026-07-13/training_input_bigwig/SRR36719215.bw	651afdbab286e3b32633eb55ab77906dd554c13275487e4ca8355c925e860e11	unknown	shared/metadata_sources/v2/ena_samples/chunk_010.xml
rna_seq:SRR36719216	SRR36719216	SRX31723527	SAMN54501199	N2 HS 2	Invertebrate sample from Caenorhabditis elegans		Whole Organism	SRP660539	PRJNA1399626		RNA-Seq	unknown	Whole Organism	Young Adult		WT+treated	WT+treated				SRX31723527	1	single_run_for_ENA_experiment	shared/sharepoint_2026-07-13/training_input_bigwig/SRR36719216.bw	020d9ea062bb5c29c0e55c74c32655aad0134cba1f380c7a00af0c46d27e4b5e	unknown	shared/metadata_sources/v2/ena_samples/chunk_010.xml
rna_seq:SRR36719217	SRR36719217	SRX31723526	SAMN54501198	N2 HS 1	Invertebrate sample from Caenorhabditis elegans		Whole Organism	SRP660539	PRJNA1399626		RNA-Seq	unknown	Whole Organism	Young Adult		WT+treated	WT+treated				SRX31723526	1	single_run_for_ENA_experiment	shared/sharepoint_2026-07-13/training_input_bigwig/SRR36719217.bw	da18784a79199b4931e06575eeadb5af10a20fee3431d906187313c3dfd46e87	unknown	shared/metadata_sources/v2/ena_samples/chunk_010.xml
rna_seq:SRR36719218	SRR36719218	SRX31723525	SAMN54501197	sy441 UT 3	Invertebrate sample from Caenorhabditis elegans		Whole Organism	SRP660539	PRJNA1399626		RNA-Seq	unknown	Whole Organism	Young Adult		mutated+treated	mutated+treated				SRX31723525	1	single_run_for_ENA_experiment	shared/sharepoint_2026-07-13/training_input_bigwig/SRR36719218.bw	ed5ab5000d216ae65df0aac7f32af1f4e6cd2e2a6e01cfccc34da90807cd5d0d	unknown	shared/metadata_sources/v2/ena_samples/chunk_010.xml
rna_seq:SRR36719219	SRR36719219	SRX31723524	SAMN54501196	sy441 UT 2	Invertebrate sample from Caenorhabditis elegans		Whole Organism	SRP660539	PRJNA1399626		RNA-Seq	unknown	Whole Organism	Young Adult		mutated+treated	mutated+treated				SRX31723524	1	single_run_for_ENA_experiment	shared/sharepoint_2026-07-13/training_input_bigwig/SRR36719219.bw	b7015654cf578f2216d696e3dad778551eea2d5d26b76cdee9823659745a753e	unknown	shared/metadata_sources/v2/ena_samples/chunk_010.xml
rna_seq:SRR36719220	SRR36719220	SRX31723523	SAMN54501187	N2 UT 2	Invertebrate sample from Caenorhabditis elegans		Whole Organism	SRP660539	PRJNA1399626		RNA-Seq	unknown	Whole Organism	Young Adult		WT	WT				SRX31723523	1	single_run_for_ENA_experiment	shared/sharepoint_2026-07-13/training_input_bigwig/SRR36719220.bw	852e52decb38c7a95c83a46fd867895b066f0fa1e55470b5298b0592b9173c5c	unknown	shared/metadata_sources/v2/ena_samples/chunk_010.xml
rna_seq:SRR36719221	SRR36719221	SRX31723522	SAMN54501186	N2 UT 1	Invertebrate sample from Caenorhabditis elegans		Whole Organism	SRP660539	PRJNA1399626		RNA-Seq	unknown	Whole Organism	Young Adult		WT	WT				SRX31723522	1	single_run_for_ENA_experiment	shared/sharepoint_2026-07-13/training_input_bigwig/SRR36719221.bw	4d4aa22d64b9d99fe70cb8a3c7b4256db8ce7c60309e0dab7176347fcbf688ea	unknown	shared/metadata_sources/v2/ena_samples/chunk_010.xml
rna_seq:SRR4069200	SRR4069200	SRX2055968	SAMN05710985	GSM2293711	RNA-seq of hsf-1(sy441) L2 larvae at 20°C, replicate 1	GSM2293711	L2 larvae	SRP075274	PRJNA321853	GSE81520	RNA-Seq	unknown	whole animal	L2		PS3551	hsf-1(sy441)		1	ENA_sample_title_or_alias	SRX2055968	1	single_run_for_ENA_experiment	shared/sharepoint_2026-07-13/training_input_bigwig/SRR4069200.bw	cb113097236f3841e44a5ba2c720b72d8fb0dc58b5c549a2e33ef406c4359de8	unknown	shared/metadata_sources/v2/ena_samples/chunk_002.xml
rna_seq:SRR4069201	SRR4069201	SRX2055969	SAMN05710986	GSM2293712	RNA-seq of hsf-1(sy441) L2 larvae at 20°C, replicate 2	GSM2293712	L2 larvae	SRP075274	PRJNA321853	GSE81520	RNA-Seq	unknown	whole animal	L2		PS3551	hsf-1(sy441)		2	ENA_sample_title_or_alias	SRX2055969	1	single_run_for_ENA_experiment	shared/sharepoint_2026-07-13/training_input_bigwig/SRR4069201.bw	c76f41b03d8967e25f6261733d30770891470abeda5249b1c04928342c0cdace	unknown	shared/metadata_sources/v2/ena_samples/chunk_002.xml
rna_seq:SRR4069202	SRR4069202	SRX2055970	SAMN05710987	GSM2293713	RNA-seq of hsf-1(sy441) L2 larvae at 20°C, replicate 3	GSM2293713	L2 larvae	SRP075274	PRJNA321853	GSE81520	RNA-Seq	unknown	whole animal	L2		PS3551	hsf-1(sy441)		3	ENA_sample_title_or_alias	SRX2055970	1	single_run_for_ENA_experiment	shared/sharepoint_2026-07-13/training_input_bigwig/SRR4069202.bw	d3902297cffe86c5dcd2133b6eb8b59b5c7c749ec80a4b2a31b068f16dfb3fd6	unknown	shared/metadata_sources/v2/ena_samples/chunk_002.xml
rna_seq:SRR4069203	SRR4069203	SRX2055971	SAMN05710988	GSM2293714	RNA-seq of hsf-1(sy441) L2 larvae at 34°C, replicate 1	GSM2293714	L2 larvae	SRP075274	PRJNA321853	GSE81520	RNA-Seq	unknown	whole animal	L2		PS3551	hsf-1(sy441)		1	ENA_sample_title_or_alias	SRX2055971	1	single_run_for_ENA_experiment	shared/sharepoint_2026-07-13/training_input_bigwig/SRR4069203.bw	8a2f00bdd27a17191cd094f6407f9690972e124072784b0dc29af0ce4b044b84	unknown	shared/metadata_sources/v2/ena_samples/chunk_002.xml
rna_seq:SRR4069204	SRR4069204	SRX2055972	SAMN05710977	GSM2293715	RNA-seq of hsf-1(sy441) L2 larvae at 34°C, replicate 2	GSM2293715	L2 larvae	SRP075274	PRJNA321853	GSE81520	RNA-Seq	unknown	whole animal	L2		PS3551	hsf-1(sy441)		2	ENA_sample_title_or_alias	SRX2055972	1	single_run_for_ENA_experiment	shared/sharepoint_2026-07-13/training_input_bigwig/SRR4069204.bw	a87bd74724482da4ab3c6805d2dc0658783a34712078241effee90ae2d7b684e	unknown	shared/metadata_sources/v2/ena_samples/chunk_002.xml
rna_seq:SRR4069205	SRR4069205	SRX2055973	SAMN05710983	GSM2293716	RNA-seq of hsf-1(sy441) L2 larvae at 34°C, replicate 3	GSM2293716	L2 larvae	SRP075274	PRJNA321853	GSE81520	RNA-Seq	unknown	whole animal	L2		PS3551	hsf-1(sy441)		3	ENA_sample_title_or_alias	SRX2055973	1	single_run_for_ENA_experiment	shared/sharepoint_2026-07-13/training_input_bigwig/SRR4069205.bw	e2dfe03bd1f9f315651b05a8737ad84ebe778be6ac3ac86b9fe5e8c99189546c	unknown	shared/metadata_sources/v2/ena_samples/chunk_002.xml
rna_seq:SRR4069206	SRR4069206	SRX2055974	SAMN05710984	GSM2293717	RNA-seq of hsf-1(sy441);rmSi1[hsf-1::gfp] L2 larvae at 20°C, replicate 1	GSM2293717	L2 larvae	SRP075274	PRJNA321853	GSE81520	RNA-Seq	unknown	whole animal	L2		AM1062	unc-119(ed9)III; rmSi1 II; hsf-1(sy441) I		1	ENA_sample_title_or_alias	SRX2055974	1	single_run_for_ENA_experiment	shared/sharepoint_2026-07-13/training_input_bigwig/SRR4069206.bw	36a9e3dff30cdd60b5d218bf646dca84fc35138cf8dcaaec682602d338e9a67b	unknown	shared/metadata_sources/v2/ena_samples/chunk_002.xml
rna_seq:SRR4069207	SRR4069207	SRX2055975	SAMN05710982	GSM2293718	RNA-seq of hsf-1(sy441);rmSi1[hsf-1::gfp] L2 larvae at 20°C, replicate 2	GSM2293718	L2 larvae	SRP075274	PRJNA321853	GSE81520	RNA-Seq	unknown	whole animal	L2		AM1062	unc-119(ed9)III; rmSi1 II; hsf-1(sy441) I		2	ENA_sample_title_or_alias	SRX2055975	1	single_run_for_ENA_experiment	shared/sharepoint_2026-07-13/training_input_bigwig/SRR4069207.bw	ab30394f0c30b7b85c4d144782e358c8f0f47223a7687037219391fc293562a1	unknown	shared/metadata_sources/v2/ena_samples/chunk_002.xml
rna_seq:SRR4069208	SRR4069208	SRX2055976	SAMN05710981	GSM2293719	RNA-seq of hsf-1(sy441);rmSi1[hsf-1::gfp] L2 larvae at 20°C, replicate 3	GSM2293719	L2 larvae	SRP075274	PRJNA321853	GSE81520	RNA-Seq	unknown	whole animal	L2		AM1062	unc-119(ed9)III; rmSi1 II; hsf-1(sy441) I		3	ENA_sample_title_or_alias	SRX2055976	1	single_run_for_ENA_experiment	shared/sharepoint_2026-07-13/training_input_bigwig/SRR4069208.bw	3842e60bb97ac95963bd403663bcfaff698a573c16452ff93333bce5050b46a5	unknown	shared/metadata_sources/v2/ena_samples/chunk_002.xml
rna_seq:SRR4069209	SRR4069209	SRX2055977	SAMN05710980	GSM2293720	RNA-seq of hsf-1(sy441);rmSi1[hsf-1::gfp] L2 larvae at 34°C, replicate 1	GSM2293720	L2 larvae	SRP075274	PRJNA321853	GSE81520	RNA-Seq	unknown	whole animal	L2		AM1062	unc-119(ed9)III; rmSi1 II; hsf-1(sy441) I		1	ENA_sample_title_or_alias	SRX2055977	1	single_run_for_ENA_experiment	shared/sharepoint_2026-07-13/training_input_bigwig/SRR4069209.bw	907d32cd61895356339da8f347537372b060ca63afc25da383031078fec134c0	unknown	shared/metadata_sources/v2/ena_samples/chunk_002.xml
rna_seq:SRR4069210	SRR4069210	SRX2055978	SAMN05710979	GSM2293721	RNA-seq of hsf-1(sy441);rmSi1[hsf-1::gfp] L2 larvae at 34°C, replicate 2	GSM2293721	L2 larvae	SRP075274	PRJNA321853	GSE81520	RNA-Seq	unknown	whole animal	L2		AM1062	unc-119(ed9)III; rmSi1 II; hsf-1(sy441) I		2	ENA_sample_title_or_alias	SRX2055978	1	single_run_for_ENA_experiment	shared/sharepoint_2026-07-13/training_input_bigwig/SRR4069210.bw	d348d9dd54cb3bccd29d678cc9dbc5df737c223c8fcf6354d69acc37b9a56f86	unknown	shared/metadata_sources/v2/ena_samples/chunk_002.xml
rna_seq:SRR4069211	SRR4069211	SRX2055979	SAMN05710978	GSM2293722	RNA-seq of hsf-1(sy441);rmSi1[hsf-1::gfp] L2 larvae at 34°C, replicate 3	GSM2293722	L2 larvae	SRP075274	PRJNA321853	GSE81520	RNA-Seq	unknown	whole animal	L2		AM1062	unc-119(ed9)III; rmSi1 II; hsf-1(sy441) I		3	ENA_sample_title_or_alias	SRX2055979	1	single_run_for_ENA_experiment	shared/sharepoint_2026-07-13/training_input_bigwig/SRR4069211.bw	05d128505cbe4d5c4afc8c7c664a17f72b73ce1567f92d694f799ea29b68d464	unknown	shared/metadata_sources/v2/ena_samples/chunk_002.xml
rna_seq:SRR5227333	SRR5227333	SRX2536448	SAMN06293522	GSM2476038	poly(A) mRNA WT rep1	GSM2476038	poly(A) mRNA WT	SRP098791	PRJNA369752	GSE94455	RNA-Seq	unknown	whole worm	Young Adult		wild type (N2)	WT		1	ENA_sample_title_or_alias	SRX2536448	1	single_run_for_ENA_experiment	shared/sharepoint_2026-07-13/training_input_bigwig/SRR5227333.bw	55beb6c960d24b5695bfcbdd53e0f53946948ed1ed2ae36d48f5ddffc745d1a5	unknown	shared/metadata_sources/v2/ena_samples/chunk_002.xml
rna_seq:SRR5227334	SRR5227334	SRX2536449	SAMN06293521	GSM2476039	poly(A) mRNA WT rep2	GSM2476039	poly(A) mRNA WT	SRP098791	PRJNA369752	GSE94455	RNA-Seq	unknown	whole worm	Young Adult		wild type (N2)	WT		2	ENA_sample_title_or_alias	SRX2536449	1	single_run_for_ENA_experiment	shared/sharepoint_2026-07-13/training_input_bigwig/SRR5227334.bw	725d569ab28bda3435c73eb7c73f0744a13e0b897d2e261c507ca4f1a72ec72b	unknown	shared/metadata_sources/v2/ena_samples/chunk_002.xml
rna_seq:SRR5227335	SRR5227335	SRX2536450	SAMN06293520	GSM2476040	poly(A) mRNA emb-4(hc60) rep1	GSM2476040	poly(A) mRNA emb-4(hc60)	SRP098791	PRJNA369752	GSE94455	RNA-Seq	unknown	whole worm	Young Adult		emb-4(hc60)	mutated		1	ENA_sample_title_or_alias	SRX2536450	1	single_run_for_ENA_experiment	shared/sharepoint_2026-07-13/training_input_bigwig/SRR5227335.bw	a6ce03481640e5f29bd2487c2abaf439b8b19bc6e4a9bd037b90cddc7bb43a64	unknown	shared/metadata_sources/v2/ena_samples/chunk_002.xml
rna_seq:SRR5227336	SRR5227336	SRX2536451	SAMN06293517	GSM2476041	poly(A) mRNA emb-4(hc60) rep2	GSM2476041	poly(A) mRNA emb-4(hc60)	SRP098791	PRJNA369752	GSE94455	RNA-Seq	unknown	whole worm	Young Adult		emb-4(hc60)	mutated		2	ENA_sample_title_or_alias	SRX2536451	1	single_run_for_ENA_experiment	shared/sharepoint_2026-07-13/training_input_bigwig/SRR5227336.bw	63455c96edfbe7ab91a6c72c4e0138d4779d4afd1115ca2f4c0129f368184792	unknown	shared/metadata_sources/v2/ena_samples/chunk_002.xml
rna_seq:SRR5227337	SRR5227337	SRX2536452	SAMN06293516	GSM2476042	ribozero mRNA WT rep1	GSM2476042	ribozero mRNA WT	SRP098791	PRJNA369752	GSE94455	RNA-Seq	unknown	whole worm	Young Adult		wild type (N2)	WT		1	ENA_sample_title_or_alias	SRX2536452	1	single_run_for_ENA_experiment	shared/sharepoint_2026-07-13/training_input_bigwig/SRR5227337.bw	fed4061c106b974de7471092317c45fdf900ef5e60087f6932dbfbb1f292bc53	unknown	shared/metadata_sources/v2/ena_samples/chunk_002.xml
rna_seq:SRR5227338	SRR5227338	SRX2536453	SAMN06293515	GSM2476043	ribozero mRNA WT rep2	GSM2476043	ribozero mRNA WT	SRP098791	PRJNA369752	GSE94455	RNA-Seq	unknown	whole worm	Young Adult		wild type (N2)	WT		2	ENA_sample_title_or_alias	SRX2536453	1	single_run_for_ENA_experiment	shared/sharepoint_2026-07-13/training_input_bigwig/SRR5227338.bw	f2f94a75054f239318b2f3b5a2619d4fb37dff214880559dccf335ec1a173816	unknown	shared/metadata_sources/v2/ena_samples/chunk_002.xml
rna_seq:SRR5227339	SRR5227339	SRX2536454	SAMN06293518	GSM2476044	ribozero mRNA emb-4(hc60) rep1	GSM2476044	ribozero mRNA emb-4(hc60)	SRP098791	PRJNA369752	GSE94455	RNA-Seq	unknown	whole worm	Young Adult		emb-4(hc60)	mutated		1	ENA_sample_title_or_alias	SRX2536454	1	single_run_for_ENA_experiment	shared/sharepoint_2026-07-13/training_input_bigwig/SRR5227339.bw	2b97a53796487a6dea30a628be89d96598c299a29fbad07f8aeec44de826ad45	unknown	shared/metadata_sources/v2/ena_samples/chunk_002.xml
rna_seq:SRR5227340	SRR5227340	SRX2536455	SAMN06293519	GSM2476045	ribozero mRNA emb-4(hc60) rep2	GSM2476045	ribozero mRNA emb-4(hc60)	SRP098791	PRJNA369752	GSE94455	RNA-Seq	unknown	whole worm	Young Adult		emb-4(hc60)	mutated		2	ENA_sample_title_or_alias	SRX2536455	1	single_run_for_ENA_experiment	shared/sharepoint_2026-07-13/training_input_bigwig/SRR5227340.bw	ad0ae09798def2aba385a9c84469a87765ec7da6376a5782a896847f44d40c1d	unknown	shared/metadata_sources/v2/ena_samples/chunk_002.xml
rna_seq:SRR7443583	SRR7443583	SRX4314206	SAMN09466713	hlh1rep3T2	Model organism or animal sample from Caenorhabditis elegans			SRP151477	PRJNA477006		RNA-Seq	unknown	Muscle (hlh-1)	Embryo T2	Hermaphrodite				3	ENA_sample_attribute	SRX4314206	1	single_run_for_ENA_experiment	alphagenome_custom/tracks/bw_2026.4.20.training_input_bigwig/SRR7443583.bw	a20c611bf0a0c581ee4d6b898ecf34d02bf0da29f1a7867e7f65de527e6d6674	unknown	shared/metadata_sources/v2/ena_samples/chunk_002.xml
rna_seq:SRR7443584	SRR7443584	SRX4314205	SAMN09466714	hlh1rep3T3	Model organism or animal sample from Caenorhabditis elegans			SRP151477	PRJNA477006		RNA-Seq	unknown	Muscle (hlh-1)	Embryo T3	Hermaphrodite				3	ENA_sample_attribute	SRX4314205	1	single_run_for_ENA_experiment	alphagenome_custom/tracks/bw_2026.4.20.training_input_bigwig/SRR7443584.bw	65d8fcea8e094f41122733c917b90d70069688d8b034a8b17b4efd3027df5b8d	unknown	shared/metadata_sources/v2/ena_samples/chunk_002.xml
rna_seq:SRR7443585	SRR7443585	SRX4314204	SAMN09466711	hlh1rep3T0	Model organism or animal sample from Caenorhabditis elegans			SRP151477	PRJNA477006		RNA-Seq	unknown	Muscle (hlh-1)	Embryo T0	Hermaphrodite				3	ENA_sample_attribute	SRX4314204	1	single_run_for_ENA_experiment	alphagenome_custom/tracks/bw_2026.4.20.training_input_bigwig/SRR7443585.bw	7aea7bfa558d0040d649e9f9649e755ad26b2166edd3496e231825f92616ca0e	unknown	shared/metadata_sources/v2/ena_samples/chunk_002.xml
rna_seq:SRR7443586	SRR7443586	SRX4314203	SAMN09466712	hlh1rep3T1	Model organism or animal sample from Caenorhabditis elegans			SRP151477	PRJNA477006		RNA-Seq	unknown	Muscle (hlh-1)	Embryo T1	Hermaphrodite				3	ENA_sample_attribute	SRX4314203	1	single_run_for_ENA_experiment	alphagenome_custom/tracks/bw_2026.4.20.training_input_bigwig/SRR7443586.bw	2abeefb449c98bd11d5eb6dbc86b8a2ebe939414e565649bde718fbd8f82ca06	unknown	shared/metadata_sources/v2/ena_samples/chunk_002.xml
rna_seq:SRR7443587	SRR7443587	SRX4314202	SAMN09466717	hlh1rep4T1	Model organism or animal sample from Caenorhabditis elegans			SRP151477	PRJNA477006		RNA-Seq	unknown	Muscle (hlh-1)	Embryo T1	Hermaphrodite				4	ENA_sample_attribute	SRX4314202	1	single_run_for_ENA_experiment	alphagenome_custom/tracks/bw_2026.4.20.training_input_bigwig/SRR7443587.bw	68627bc83587897c67e58e0ea4b40e558de8d6094f15edf6e93fbafaca305179	unknown	shared/metadata_sources/v2/ena_samples/chunk_002.xml
rna_seq:SRR7443588	SRR7443588	SRX4314201	SAMN09466718	hlh1rep4T2	Model organism or animal sample from Caenorhabditis elegans			SRP151477	PRJNA477006		RNA-Seq	unknown	Muscle (hlh-1)	Embryo T2	Hermaphrodite				4	ENA_sample_attribute	SRX4314201	1	single_run_for_ENA_experiment	alphagenome_custom/tracks/bw_2026.4.20.training_input_bigwig/SRR7443588.bw	97b57d0a0336c7091072a0216ba0b4fa674ec93d6d3c5fb90e41d8057a1683b7	unknown	shared/metadata_sources/v2/ena_samples/chunk_002.xml
rna_seq:SRR7443589	SRR7443589	SRX4314200	SAMN09466715	hlh1rep3T4	Model organism or animal sample from Caenorhabditis elegans			SRP151477	PRJNA477006		RNA-Seq	unknown	Muscle (hlh-1)	Embryo T4	Hermaphrodite				3	ENA_sample_attribute	SRX4314200	1	single_run_for_ENA_experiment	alphagenome_custom/tracks/bw_2026.4.20.training_input_bigwig/SRR7443589.bw	a4ad705f07d9bf289e450c00a56e81a8b792d41d163c62f4b7d807824554a755	unknown	shared/metadata_sources/v2/ena_samples/chunk_002.xml
rna_seq:SRR7443590	SRR7443590	SRX4314199	SAMN09466716	hlh1rep4T0	Model organism or animal sample from Caenorhabditis elegans			SRP151477	PRJNA477006		RNA-Seq	unknown	Muscle (hlh-1)	Embryo T0	Hermaphrodite				4	ENA_sample_attribute	SRX4314199	1	single_run_for_ENA_experiment	alphagenome_custom/tracks/bw_2026.4.20.training_input_bigwig/SRR7443590.bw	8ce7b82b15cabc6e49dd1b695655306699c5d3d580572defacce62aeab770234	unknown	shared/metadata_sources/v2/ena_samples/chunk_002.xml
rna_seq:SRR7443591	SRR7443591	SRX4314198	SAMN09466719	hlh1rep4T3	Model organism or animal sample from Caenorhabditis elegans			SRP151477	PRJNA477006		RNA-Seq	unknown	Muscle (hlh-1)	Embryo T3	Hermaphrodite				4	ENA_sample_attribute	SRX4314198	1	single_run_for_ENA_experiment	alphagenome_custom/tracks/bw_2026.4.20.training_input_bigwig/SRR7443591.bw	2fb514653259a5ebd19d11f1288faa9249fd29fa555cf400eb926357f21d8c55	unknown	shared/metadata_sources/v2/ena_samples/chunk_002.xml
rna_seq:SRR7443592	SRR7443592	SRX4314197	SAMN09466720	hlh1rep4T4	Model organism or animal sample from Caenorhabditis elegans			SRP151477	PRJNA477006		RNA-Seq	unknown	Muscle (hlh-1)	Embryo T4	Hermaphrodite				4	ENA_sample_attribute	SRX4314197	1	single_run_for_ENA_experiment	alphagenome_custom/tracks/bw_2026.4.20.training_input_bigwig/SRR7443592.bw	e444842cb6c2cc0fd8eed553fc40b438d4a83af768062ee9a7d3bfd13885f0e3	unknown	shared/metadata_sources/v2/ena_samples/chunk_002.xml
rna_seq:SRR7443593	SRR7443593	SRX4314196	SAMN09466735	pha4rep1T4	Model organism or animal sample from Caenorhabditis elegans			SRP151477	PRJNA477006		RNA-Seq	unknown	Pharynx (pha-4)	Embryo T4	Hermaphrodite				1	ENA_sample_attribute	SRX4314196	1	single_run_for_ENA_experiment	alphagenome_custom/tracks/bw_2026.4.20.training_input_bigwig/SRR7443593.bw	f4ce98cb2b0d6c381d70b963132359b703e0410ad0c13566df7711014b2aae5e	unknown	shared/metadata_sources/v2/ena_samples/chunk_002.xml
rna_seq:SRR7443594	SRR7443594	SRX4314195	SAMN09466740	pha4rep2T4	Model organism or animal sample from Caenorhabditis elegans			SRP151477	PRJNA477006		RNA-Seq	unknown	Pharynx (pha-4)	Embryo T4	Hermaphrodite				2	ENA_sample_attribute	SRX4314195	1	single_run_for_ENA_experiment	alphagenome_custom/tracks/bw_2026.4.20.training_input_bigwig/SRR7443594.bw	da0de9bfd7bb70f1f5fc96c44887d82243eb019f6d3f52477f14a5f701c03a3b	unknown	shared/metadata_sources/v2/ena_samples/chunk_002.xml
rna_seq:SRR7443595	SRR7443595	SRX4314194	SAMN09466691	end1rep1T0	Model organism or animal sample from Caenorhabditis elegans			SRP151477	PRJNA477006		RNA-Seq	unknown	Intestine (end1)	Embryo T0	Hermaphrodite				1	ENA_sample_attribute	SRX4314194	1	single_run_for_ENA_experiment	alphagenome_custom/tracks/bw_2026.4.20.training_input_bigwig/SRR7443595.bw	7ba26e86bf8f6e440958917e2d7911d7c46ca41b915beddcd39df90eb8a97b59	unknown	shared/metadata_sources/v2/ena_samples/chunk_002.xml
rna_seq:SRR7443596	SRR7443596	SRX4314193	SAMN09466692	end1rep1T1	Model organism or animal sample from Caenorhabditis elegans			SRP151477	PRJNA477006		RNA-Seq	unknown	Intestine (end1)	Embryo T1	Hermaphrodite				1	ENA_sample_attribute	SRX4314193	1	single_run_for_ENA_experiment	alphagenome_custom/tracks/bw_2026.4.20.training_input_bigwig/SRR7443596.bw	cdb3ccb802f34edb84e4ffd38d634c85e225c67929fac8e6a6ebe3c9ebb47425	unknown	shared/metadata_sources/v2/ena_samples/chunk_002.xml
rna_seq:SRR7443597	SRR7443597	SRX4314192	SAMN09466693	end1rep1T2	Model organism or animal sample from Caenorhabditis elegans			SRP151477	PRJNA477006		RNA-Seq	unknown	Intestine (end1)	Embryo T2	Hermaphrodite				1	ENA_sample_attribute	SRX4314192	1	single_run_for_ENA_experiment	alphagenome_custom/tracks/bw_2026.4.20.training_input_bigwig/SRR7443597.bw	5690b641c5aa58d41316f076a3aec96a2c05424f6ed77724996c34db427c9eb3	unknown	shared/metadata_sources/v2/ena_samples/chunk_002.xml
rna_seq:SRR7443598	SRR7443598	SRX4314191	SAMN09466694	end1rep1T3	Model organism or animal sample from Caenorhabditis elegans			SRP151477	PRJNA477006		RNA-Seq	unknown	Intestine (end1)	Embryo T3	Hermaphrodite				1	ENA_sample_attribute	SRX4314191	1	single_run_for_ENA_experiment	alphagenome_custom/tracks/bw_2026.4.20.training_input_bigwig/SRR7443598.bw	c4421031a85b68159e4f449d46e3cdc27e7b012a9ac4778fcbfc6c59586ec88b	unknown	shared/metadata_sources/v2/ena_samples/chunk_002.xml
rna_seq:SRR7443599	SRR7443599	SRX4314190	SAMN09466695	end1rep1T4	Model organism or animal sample from Caenorhabditis elegans			SRP151477	PRJNA477006		RNA-Seq	unknown	Intestine (end1)	Embryo T4	Hermaphrodite				1	ENA_sample_attribute	SRX4314190	1	single_run_for_ENA_experiment	alphagenome_custom/tracks/bw_2026.4.20.training_input_bigwig/SRR7443599.bw	b9f64f5d9179ef090dfdacdc0acf70dc89f475aad4952e265d11a74eb8b9cc3d	unknown	shared/metadata_sources/v2/ena_samples/chunk_002.xml
rna_seq:SRR7443600	SRR7443600	SRX4314189	SAMN09466696	end1rep2T0	Model organism or animal sample from Caenorhabditis elegans			SRP151477	PRJNA477006		RNA-Seq	unknown	Intestine (end1)	Embryo T0	Hermaphrodite				2	ENA_sample_attribute	SRX4314189	1	single_run_for_ENA_experiment	alphagenome_custom/tracks/bw_2026.4.20.training_input_bigwig/SRR7443600.bw	6c4aaa23c3c53a0a5459334d6fcba610caf89d7208df7a7f75dbf9c10835d211	unknown	shared/metadata_sources/v2/ena_samples/chunk_002.xml
rna_seq:SRR7443601	SRR7443601	SRX4314188	SAMN09466697	end1rep2T1	Model organism or animal sample from Caenorhabditis elegans			SRP151477	PRJNA477006		RNA-Seq	unknown	Intestine (end1)	Embryo T1	Hermaphrodite				2	ENA_sample_attribute	SRX4314188	1	single_run_for_ENA_experiment	alphagenome_custom/tracks/bw_2026.4.20.training_input_bigwig/SRR7443601.bw	7480aac5c4c27e57ef5e0821c2db5f188e1c1dc9fd185358c231b3424b8b7213	unknown	shared/metadata_sources/v2/ena_samples/chunk_002.xml
rna_seq:SRR7443602	SRR7443602	SRX4314187	SAMN09466698	end1rep2T2	Model organism or animal sample from Caenorhabditis elegans			SRP151477	PRJNA477006		RNA-Seq	unknown	Intestine (end1)	Embryo T2	Hermaphrodite				2	ENA_sample_attribute	SRX4314187	1	single_run_for_ENA_experiment	alphagenome_custom/tracks/bw_2026.4.20.training_input_bigwig/SRR7443602.bw	84e647dd891d22e42a4f047a80f83d170f92f3e30d35cf6f5ba259fcadfaa14b	unknown	shared/metadata_sources/v2/ena_samples/chunk_002.xml
rna_seq:SRR8440437	SRR8440437	SRX5247790	SAMN10741247	GSM3561956	6_cnd1-rep1	GSM3561956	embryo	SRP179060	PRJNA515039	GSE125051	RNA-Seq	unknown	embryonic total RNA	Embryo		cnd-1(ju29)	cnd-1(ju29)		1	ENA_sample_title_or_alias	SRX5247790	1	single_run_for_ENA_experiment	shared/sharepoint_2026-07-13/training_input_bigwig/SRR8440437.bw	c8e43e6dfdb54667277e7f68077b571c8b4f85207ebce49dec4bd64dc4f27ff3	unknown	shared/metadata_sources/v2/ena_samples/chunk_003.xml
rna_seq:SRR8440438	SRR8440438	SRX5247791	SAMN10741246	GSM3561957	27_N2_rep1	GSM3561957	embryo	SRP179060	PRJNA515039	GSE125051	RNA-Seq	unknown	embryonic total RNA	Embryo		N2	wild type		1	ENA_sample_title_or_alias	SRX5247791	1	single_run_for_ENA_experiment	shared/sharepoint_2026-07-13/training_input_bigwig/SRR8440438.bw	ff440faadf30b046663b38d5f86a9def2baf5c6bcd0dfaaf855e41e1f311e1d4	unknown	shared/metadata_sources/v2/ena_samples/chunk_003.xml
rna_seq:SRR8440439	SRR8440439	SRX5247792	SAMN10741245	GSM3561958	28_N2_rep2	GSM3561958	embryo	SRP179060	PRJNA515039	GSE125051	RNA-Seq	unknown	embryonic total RNA	Embryo		N2	wild type		2	ENA_sample_title_or_alias	SRX5247792	1	single_run_for_ENA_experiment	shared/sharepoint_2026-07-13/training_input_bigwig/SRR8440439.bw	1b51f565c914fd789942e3cecde5db218ca3790b77c3ff9c220d0b9839b4ecdf	unknown	shared/metadata_sources/v2/ena_samples/chunk_003.xml
rna_seq:SRR8440440	SRR8440440	SRX5247793	SAMN10741244	GSM3561959	34_cnd1-rep2	GSM3561959	embryo	SRP179060	PRJNA515039	GSE125051	RNA-Seq	unknown	embryonic total RNA	Embryo		cnd-1(ju29)	cnd-1(ju29)		2	ENA_sample_title_or_alias	SRX5247793	1	single_run_for_ENA_experiment	shared/sharepoint_2026-07-13/training_input_bigwig/SRR8440440.bw	b68aba09ff328b38f917487e7487d649127e4eaa1c5a3a9afb170ed1fd592428	unknown	shared/metadata_sources/v2/ena_samples/chunk_003.xml
rna_seq:SRR8440441	SRR8440441	SRX5247794	SAMN10741243	GSM3561960	36_N2_rep3	GSM3561960	embryo	SRP179060	PRJNA515039	GSE125051	RNA-Seq	unknown	embryonic total RNA	Embryo		N2	wild type		3	ENA_sample_title_or_alias	SRX5247794	1	single_run_for_ENA_experiment	shared/sharepoint_2026-07-13/training_input_bigwig/SRR8440441.bw	883ce68bbb680222602b6f4c9b8701fe3fdefd145580b0b9a32f733364b3dc2c	unknown	shared/metadata_sources/v2/ena_samples/chunk_003.xml
rna_seq:SRR8440442	SRR8440442	SRX5247795	SAMN10741242	GSM3561961	42-cnd1-rep3	GSM3561961	embryo	SRP179060	PRJNA515039	GSE125051	RNA-Seq	unknown	embryonic total RNA	Embryo		cnd-1(ju29)	cnd-1(ju29)		3	ENA_sample_title_or_alias	SRX5247795	1	single_run_for_ENA_experiment	shared/sharepoint_2026-07-13/training_input_bigwig/SRR8440442.bw	c1180f0296c22117fef5d4f4b9b739ee276b2b6c4800ece65f5238df44fcc4cf	unknown	shared/metadata_sources/v2/ena_samples/chunk_003.xml
rna_seq:SRR941632	SRR941632	SRX326668	SAMN02261050	GSM1192801	DH2_N2_0	GSM1192801	wild-type (N2) at 20C: 0 hrs	SRP027592	PRJNA212741	GSE49043	RNA-Seq	unknown	Whole worm	L1-L3(0H)	Hermaphrodite	N2	N2				SRX326668	1	single_run_for_ENA_experiment	alphagenome_custom/tracks/bw_2026.5.18/SRR941632.bw	4854803c95efd0d3a2180c7bab19902252e5897a36ae4e4975b9f775b12b1d8f	unknown	shared/metadata_sources/v2/ena_samples/chunk_000.xml
rna_seq:SRR941633	SRR941633	SRX326669	SAMN02261051	GSM1192802	DH2_N2_2	GSM1192802	wild-type (N2) at 20C: 2 hrs	SRP027592	PRJNA212741	GSE49043	RNA-Seq	unknown	Whole worm	L1-L3(2H)	Hermaphrodite	N2	N2				SRX326669	1	single_run_for_ENA_experiment	alphagenome_custom/tracks/bw_2026.5.18/SRR941633.bw	1356adaf445c70a34f2fb637c4e316be57a1e4c5f32257fb49396cd2a004d66e	unknown	shared/metadata_sources/v2/ena_samples/chunk_000.xml
rna_seq:SRR941634	SRR941634	SRX326670	SAMN02261049	GSM1192803	DH2_N2_4	GSM1192803	wild-type (N2) at 20C: 4 hrs	SRP027592	PRJNA212741	GSE49043	RNA-Seq	unknown	Whole worm	L1-L3(4H)	Hermaphrodite	N2	N2				SRX326670	1	single_run_for_ENA_experiment	alphagenome_custom/tracks/bw_2026.5.18/SRR941634.bw	e341e1255108ef5faf243c22036885e421ec73a2ca6bd4423680e34ce51b0d16	unknown	shared/metadata_sources/v2/ena_samples/chunk_000.xml
rna_seq:SRR941635	SRR941635	SRX326671	SAMN02261075	GSM1192804	DH2_N2_6	GSM1192804	wild-type (N2) at 20C: 6 hrs	SRP027592	PRJNA212741	GSE49043	RNA-Seq	unknown	Whole worm	L1-L3(6H)	Hermaphrodite	N2	N2				SRX326671	1	single_run_for_ENA_experiment	alphagenome_custom/tracks/bw_2026.5.18/SRR941635.bw	6c3ba81034f95f570d160cc3a6cedf71b865b23949318328bd688687f4417422	unknown	shared/metadata_sources/v2/ena_samples/chunk_000.xml
rna_seq:SRR941636	SRR941636	SRX326672	SAMN02261076	GSM1192805	DH2_N2_8	GSM1192805	wild-type (N2) at 20C: 8 hrs	SRP027592	PRJNA212741	GSE49043	RNA-Seq	unknown	Whole worm	L1-L3(8H)	Hermaphrodite	N2	N2				SRX326672	1	single_run_for_ENA_experiment	alphagenome_custom/tracks/bw_2026.5.18/SRR941636.bw	9b95e81111e106f077dfec06c83efbca786fab9ca3dfd02f7812cd61407956e8	unknown	shared/metadata_sources/v2/ena_samples/chunk_000.xml
rna_seq:SRR941637	SRR941637	SRX326673	SAMN02261048	GSM1192806	DH2_N2_10	GSM1192806	wild-type (N2) at 20C: 10 hrs	SRP027592	PRJNA212741	GSE49043	RNA-Seq	unknown	Whole worm	L1-L3(10H)	Hermaphrodite	N2	N2				SRX326673	1	single_run_for_ENA_experiment	alphagenome_custom/tracks/bw_2026.5.18/SRR941637.bw	0e1fcbefe2de56c2c3b70db5d0e60ddc09c4afc093fb5b562fa7e894f16298e0	unknown	shared/metadata_sources/v2/ena_samples/chunk_000.xml
rna_seq:SRR941638	SRR941638	SRX326674	SAMN02261070	GSM1192807	DH2_N2_12	GSM1192807	wild-type (N2) at 20C: 12 hrs	SRP027592	PRJNA212741	GSE49043	RNA-Seq	unknown	Whole worm	L1-L3(12H)	Hermaphrodite	N2	N2				SRX326674	1	single_run_for_ENA_experiment	alphagenome_custom/tracks/bw_2026.5.18/SRR941638.bw	eab9eb8b2f5bd82fb4e118c0fe93a650602a285447712e3d233b16ee8998a583	unknown	shared/metadata_sources/v2/ena_samples/chunk_000.xml
rna_seq:SRR941639	SRR941639	SRX326675	SAMN02261077	GSM1192808	DH2_N2_14	GSM1192808	wild-type (N2) at 20C: 14 hrs	SRP027592	PRJNA212741	GSE49043	RNA-Seq	unknown	Whole worm	L1-L3(14H)	Hermaphrodite	N2	N2				SRX326675	1	single_run_for_ENA_experiment	alphagenome_custom/tracks/bw_2026.5.18/SRR941639.bw	33df861df610de7e62e6624092e014158070cb3777c6737a93cf66988b67487c	unknown	shared/metadata_sources/v2/ena_samples/chunk_000.xml
rna_seq:SRR941640	SRR941640	SRX326676	SAMN02261072	GSM1192809	DH2_N2_16	GSM1192809	wild-type (N2) at 20C: 16 hrs	SRP027592	PRJNA212741	GSE49043	RNA-Seq	unknown	Whole worm	L1-L3(16H)	Hermaphrodite	N2	N2				SRX326676	1	single_run_for_ENA_experiment	alphagenome_custom/tracks/bw_2026.5.18/SRR941640.bw	5a7e1691f9ed35feb26fbb037cfe34d5d83bc154cd2c435ff86eae33403c1dd7	unknown	shared/metadata_sources/v2/ena_samples/chunk_000.xml
rna_seq:SRR941641	SRR941641	SRX326677	SAMN02261071	GSM1192810	DH2_N2_18	GSM1192810	wild-type (N2) at 20C: 18 hrs	SRP027592	PRJNA212741	GSE49043	RNA-Seq	unknown	Whole worm	L1-L3(18H)	Hermaphrodite	N2	N2				SRX326677	1	single_run_for_ENA_experiment	alphagenome_custom/tracks/bw_2026.5.18/SRR941641.bw	c06212ea66a5347a36845617b8328fa06485f45392bcdc7f4f434f292cc55394	unknown	shared/metadata_sources/v2/ena_samples/chunk_000.xml
rna_seq:SRR941642	SRR941642	SRX326678	SAMN02261069	GSM1192811	DH2_N2_20	GSM1192811	wild-type (N2) at 20C: 20 hrs	SRP027592	PRJNA212741	GSE49043	RNA-Seq	unknown	Whole worm	L1-L3(20H)	Hermaphrodite	N2	N2				SRX326678	1	single_run_for_ENA_experiment	alphagenome_custom/tracks/bw_2026.5.18/SRR941642.bw	3127706929f56414ce471cb8ee288066bf277a44b781b597dca9f2de3a025441	unknown	shared/metadata_sources/v2/ena_samples/chunk_000.xml
rna_seq:SRR941643	SRR941643	SRX326679	SAMN02261074	GSM1192812	DH2_N2_22	GSM1192812	wild-type (N2) at 20C: 22 hrs	SRP027592	PRJNA212741	GSE49043	RNA-Seq	unknown	Whole worm	L1-L3(22H)	Hermaphrodite	N2	N2				SRX326679	1	single_run_for_ENA_experiment	alphagenome_custom/tracks/bw_2026.5.18/SRR941643.bw	c669efb21920f2f0b65fc501fb4e88de8a8edc62ce10e7e0cf73edfbcee4af66	unknown	shared/metadata_sources/v2/ena_samples/chunk_000.xml
rna_seq:SRR941644	SRR941644	SRX326680	SAMN02261065	GSM1192813	DH2_N2_24	GSM1192813	wild-type (N2) at 20C: 24 hrs	SRP027592	PRJNA212741	GSE49043	RNA-Seq	unknown	Whole worm	L1-L3(24H)	Hermaphrodite	N2	N2				SRX326680	1	single_run_for_ENA_experiment	alphagenome_custom/tracks/bw_2026.5.18/SRR941644.bw	f6a8581adffbe76503f66f3291eb69756313d9dc003fb4d663e02594a12f576b	unknown	shared/metadata_sources/v2/ena_samples/chunk_000.xml
rna_seq:SRR941645	SRR941645	SRX326681	SAMN02261068	GSM1192814	DH2_N2_26	GSM1192814	wild-type (N2) at 20C: 26 hrs	SRP027592	PRJNA212741	GSE49043	RNA-Seq	unknown	Whole worm	L1-L3(26H)	Hermaphrodite	N2	N2				SRX326681	1	single_run_for_ENA_experiment	alphagenome_custom/tracks/bw_2026.5.18/SRR941645.bw	83a55783859b286ebce1f86300dd05e43844704250b8ba2a2cb4a4fb8c56d0e0	unknown	shared/metadata_sources/v2/ena_samples/chunk_000.xml
rna_seq:SRR941646	SRR941646	SRX326682	SAMN02261073	GSM1192815	DH2_N2_28	GSM1192815	wild-type (N2) at 20C: 28 hrs	SRP027592	PRJNA212741	GSE49043	RNA-Seq	unknown	Whole worm	L1-L3(28H)	Hermaphrodite	N2	N2				SRX326682	1	single_run_for_ENA_experiment	alphagenome_custom/tracks/bw_2026.5.18/SRR941646.bw	247638ef074eb89ce485a37e7cff49bf00557dc4fb2aa321c7b372094fbc903d	unknown	shared/metadata_sources/v2/ena_samples/chunk_000.xml
rna_seq:SRR941647	SRR941647	SRX326683	SAMN02261066	GSM1192816	DH2_N2_30	GSM1192816	wild-type (N2) at 20C: 30 hrs	SRP027592	PRJNA212741	GSE49043	RNA-Seq	unknown	Whole worm	L1-L3(30H)	Hermaphrodite	N2	N2				SRX326683	1	single_run_for_ENA_experiment	alphagenome_custom/tracks/bw_2026.5.18/SRR941647.bw	f68ad363d265e11c683e3d1a9cebfa2ab5c83dfe4a6a1ae5e8b5123b641a2286	unknown	shared/metadata_sources/v2/ena_samples/chunk_000.xml
rna_seq:SRR941648	SRR941648	SRX326684	SAMN02261067	GSM1192817	DH2_N2_32	GSM1192817	wild-type (N2) at 20C: 32 hrs	SRP027592	PRJNA212741	GSE49043	RNA-Seq	unknown	Whole worm	L1-L3(32H)	Hermaphrodite	N2	N2				SRX326684	1	single_run_for_ENA_experiment	alphagenome_custom/tracks/bw_2026.5.18/SRR941648.bw	d8fb58fe0cc3ec34d07a161a3a34baf958b1884ed59286abda78de7d0e1f9be6	unknown	shared/metadata_sources/v2/ena_samples/chunk_000.xml
rna_seq:SRR941649	SRR941649	SRX326685	SAMN02261062	GSM1192818	DH2_N2_34	GSM1192818	wild-type (N2) at 20C: 34 hrs	SRP027592	PRJNA212741	GSE49043	RNA-Seq	unknown	Whole worm	L1-L3(34H)	Hermaphrodite	N2	N2				SRX326685	1	single_run_for_ENA_experiment	alphagenome_custom/tracks/bw_2026.5.18/SRR941649.bw	04e67696296a743133cd824499b4808e7cee6904ac178e900f2c94c0131fa31d	unknown	shared/metadata_sources/v2/ena_samples/chunk_000.xml
rna_seq:SRR941650	SRR941650	SRX326686	SAMN02261064	GSM1192819	DH2_N2_36	GSM1192819	wild-type (N2) at 20C: 36 hrs	SRP027592	PRJNA212741	GSE49043	RNA-Seq	unknown	Whole worm	L1-L3(36H)	Hermaphrodite	N2	N2				SRX326686	1	single_run_for_ENA_experiment	alphagenome_custom/tracks/bw_2026.5.18/SRR941650.bw	89fd70c25349b603b64ba7c9f4dea6b799c7040ecf2f7149273d23e081745104	unknown	shared/metadata_sources/v2/ena_samples/chunk_000.xml
rna_seq:SRR941651	SRR941651	SRX326687	SAMN02261061	GSM1192820	DH2_N2_38	GSM1192820	wild-type (N2) at 20C: 38 hrs	SRP027592	PRJNA212741	GSE49043	RNA-Seq	unknown	Whole worm	L1-L3(38H)	Hermaphrodite	N2	N2				SRX326687	1	single_run_for_ENA_experiment	alphagenome_custom/tracks/bw_2026.5.18/SRR941651.bw	7cec1b705cc7754802222672df46eb250980c97f7266ffe7fe0b76d4a821eb47	unknown	shared/metadata_sources/v2/ena_samples/chunk_000.xml
rna_seq:SRR941697	SRR941697	SRX326733	SAMN02261039	GSM1192866	DH5_N2_38	GSM1192866	wild-type (N2) at 20C: 38 hrs	SRP027592	PRJNA212741	GSE49043	RNA-Seq	unknown	Whole worm	L4(38H)	Hermaphrodite	N2	N2				SRX326733	1	single_run_for_ENA_experiment	alphagenome_custom/tracks/bw_2026.5.18/SRR941697.bw	cbc02eddc24909cf33001db9b626d93d19e525e1e53f6b92a65e8ded78c0108c	unknown	shared/metadata_sources/v2/ena_samples/chunk_000.xml
rna_seq:SRR941698	SRR941698	SRX326734	SAMN02261040	GSM1192867	DH5_N2_40	GSM1192867	wild-type (N2) at 20C: 40 hrs	SRP027592	PRJNA212741	GSE49043	RNA-Seq	unknown	Whole worm	L4(40H)	Hermaphrodite	N2	N2				SRX326734	1	single_run_for_ENA_experiment	alphagenome_custom/tracks/bw_2026.5.18/SRR941698.bw	d7a7dbc5eeba8ba46573e33df53c64a56d14bf53f462706ab8791133e0919f32	unknown	shared/metadata_sources/v2/ena_samples/chunk_000.xml
rna_seq:SRR941699	SRR941699	SRX326735	SAMN02261046	GSM1192868	DH5_N2_42	GSM1192868	wild-type (N2) at 20C: 42 hrs	SRP027592	PRJNA212741	GSE49043	RNA-Seq	unknown	Whole worm	L4(42H)	Hermaphrodite	N2	N2				SRX326735	1	single_run_for_ENA_experiment	alphagenome_custom/tracks/bw_2026.5.18/SRR941699.bw	7963056c2538e795e354f1db1bb0d987b5f72a06e3625804e6ddc6ed57900036	unknown	shared/metadata_sources/v2/ena_samples/chunk_000.xml
rna_seq:SRR941700	SRR941700	SRX326736	SAMN02261047	GSM1192869	DH5_N2_44	GSM1192869	wild-type (N2) at 20C: 44 hrs	SRP027592	PRJNA212741	GSE49043	RNA-Seq	unknown	Whole worm	L4(44H)	Hermaphrodite	N2	N2				SRX326736	1	single_run_for_ENA_experiment	alphagenome_custom/tracks/bw_2026.5.18/SRR941700.bw	410bbf394c98992d73a385b0ec1e2950c2d52ca633e5e7ad1303814a5cfa3db6	unknown	shared/metadata_sources/v2/ena_samples/chunk_000.xml
rna_seq:SRR941701	SRR941701	SRX326737	SAMN02261043	GSM1192870	DH5_N2_46	GSM1192870	wild-type (N2) at 20C: 46 hrs	SRP027592	PRJNA212741	GSE49043	RNA-Seq	unknown	Whole worm	L4(46H)	Hermaphrodite	N2	N2				SRX326737	1	single_run_for_ENA_experiment	alphagenome_custom/tracks/bw_2026.5.18/SRR941701.bw	bb75b6662e3bdcf9acce5cd80a2c45f5460e5f64426cf7160dd3e52ac1b293c7	unknown	shared/metadata_sources/v2/ena_samples/chunk_000.xml
rna_seq:SRR941702	SRR941702	SRX326738	SAMN02261042	GSM1192871	DH5_N2_48	GSM1192871	wild-type (N2) at 20C: 48 hrs	SRP027592	PRJNA212741	GSE49043	RNA-Seq	unknown	Whole worm	L4(48H)	Hermaphrodite	N2	N2				SRX326738	1	single_run_for_ENA_experiment	alphagenome_custom/tracks/bw_2026.5.18/SRR941702.bw	aab751da6942cc7571ba80caa9c76c70fb118c1c8046e546f951ecbfa7916b74	unknown	shared/metadata_sources/v2/ena_samples/chunk_000.xml
