sample_uid	batch	run_accession	experiment_accession	biosample_accession	sra_sample_accession	bioproject_accession	sra_study_accession	geo_accession	pubmed_id	local_path	local_size_bytes	sha256	sha256_matches_prior_inventory	wbcel235_exact	organism	strain	genotype	sex	tissue_or_cell_type	development_stage	condition	assay	library_source	library_selection	library_layout	mean_read_length_bp_derived	read_length_status	strandedness	biological_replicate	technical_replicate	study_title	provided_data_source	sharepoint_paper_lab	provided_stage	sharepoint_stage	ena_sample_stage	provided_tissue	ena_sample_tissue	bigwig_generator	bigwig_reference_genome	bigwig_aligner	bigwig_generation_command	signal_unit	normalization_class	mathematically_convertible_without_source_reads	read_count	base_count	fastq_available	fastq_md5	fastq_file_bytes	fastq_bytes	fastq_ftp	bam_available	bam_bytes	bam_ftp	ena_query_status	metadata_conflict_flags	metadata_evidence_status	include_formal_v2	exclusion_reason
rna_seq:SRR10882545	sharepoint_2026-07-13_new439	SRR10882545	SRX7551587	SAMN13840505	SRS5989052	PRJNA601008	SRP241835	GSE143599	32273286	shared/sharepoint_2026-07-13/training_input_bigwig/SRR10882545.bw	48623297	6fc164ee4e4d2cbbf287334b564beba8745e9e287f98db3cfec8efcb8969b108	True	True	Caenorhabditis elegans	WT	WT		embryo	Embryo		RNA-Seq	TRANSCRIPTOMIC	cDNA	SINGLE	151	derived_from_ENA_base_count_read_count_layout	unknown		unknown	The basic-helix-loop-helix transcription factor ngn-1/neurogenin activates transcription of multiple terminal selector transcription factors in the Caenorhabditis elegans nervous system	PRJNA601008		Embryo				embryo	unknown_from_provided_metadata	WBcel235_by_chromosome_header_validation	unknown_from_provided_metadata	unknown_from_provided_metadata	unknown	C	False	20615924	3113004524	True	d17780f6f640de7f861f696eafb537d7	1772340596	1772340596	ftp.sra.ebi.ac.uk/vol1/fastq/SRR108/045/SRR10882545/SRR10882545.fastq.gz	False	0		success		source_reported_pending_harmonization	False	awaiting_uniform_reprocessing_signal_unit_unknown
rna_seq:SRR10882546	sharepoint_2026-07-13_new439	SRR10882546	SRX7551588	SAMN13840504	SRS5989051	PRJNA601008	SRP241835	GSE143599	32273286	shared/sharepoint_2026-07-13/training_input_bigwig/SRR10882546.bw	50517504	9971e2d5d18d73faa361aa8ebedb34a56e40b2685e037757c79ee6b683d83a4f	True	True	Caenorhabditis elegans	WT	WT		embryo	Embryo		RNA-Seq	TRANSCRIPTOMIC	cDNA	SINGLE	151	derived_from_ENA_base_count_read_count_layout	unknown		unknown	The basic-helix-loop-helix transcription factor ngn-1/neurogenin activates transcription of multiple terminal selector transcription factors in the Caenorhabditis elegans nervous system	PRJNA601008		Embryo				embryo	unknown_from_provided_metadata	WBcel235_by_chromosome_header_validation	unknown_from_provided_metadata	unknown_from_provided_metadata	unknown	C	False	21758853	3285586803	True	7169bca4ac2adeb48de75ffb904b139f	1864312853	1864312853	ftp.sra.ebi.ac.uk/vol1/fastq/SRR108/046/SRR10882546/SRR10882546.fastq.gz	False	0		success		source_reported_pending_harmonization	False	awaiting_uniform_reprocessing_signal_unit_unknown
rna_seq:SRR10882547	sharepoint_2026-07-13_new439	SRR10882547	SRX7551589	SAMN13840502	SRS5989054	PRJNA601008	SRP241835	GSE143599	32273286	shared/sharepoint_2026-07-13/training_input_bigwig/SRR10882547.bw	45857133	ae199b4ae53ebc8aa7dbbf96e2f2929ad637662b30ffcfcda83562a54754abaa	True	True	Caenorhabditis elegans	WT	WT		embryo	Embryo		RNA-Seq	TRANSCRIPTOMIC	cDNA	SINGLE	151	derived_from_ENA_base_count_read_count_layout	unknown		unknown	The basic-helix-loop-helix transcription factor ngn-1/neurogenin activates transcription of multiple terminal selector transcription factors in the Caenorhabditis elegans nervous system	PRJNA601008		Embryo				embryo	unknown_from_provided_metadata	WBcel235_by_chromosome_header_validation	unknown_from_provided_metadata	unknown_from_provided_metadata	unknown	C	False	19668140	2969889140	True	5b26b2a77bbc84d528927ccdd493b67f	1712661205	1712661205	ftp.sra.ebi.ac.uk/vol1/fastq/SRR108/047/SRR10882547/SRR10882547.fastq.gz	False	0		success		source_reported_pending_harmonization	False	awaiting_uniform_reprocessing_signal_unit_unknown
rna_seq:SRR10882548	sharepoint_2026-07-13_new439	SRR10882548	SRX7551590	SAMN13840501	SRS5989053	PRJNA601008	SRP241835	GSE143599	32273286	shared/sharepoint_2026-07-13/training_input_bigwig/SRR10882548.bw	53313447	a56dfcae82fe5b1a03b5901cc4a28a7577cdce18f18d344f5b8b9e910df3d6e2	True	True	Caenorhabditis elegans	WT	WT		embryo	Embryo		RNA-Seq	TRANSCRIPTOMIC	cDNA	SINGLE	151	derived_from_ENA_base_count_read_count_layout	unknown		unknown	The basic-helix-loop-helix transcription factor ngn-1/neurogenin activates transcription of multiple terminal selector transcription factors in the Caenorhabditis elegans nervous system	PRJNA601008		Embryo				embryo	unknown_from_provided_metadata	WBcel235_by_chromosome_header_validation	unknown_from_provided_metadata	unknown_from_provided_metadata	unknown	C	False	23513093	3550477043	True	e7e5505a5ccf1915e7b620dc25c8c97b	2006849351	2006849351	ftp.sra.ebi.ac.uk/vol1/fastq/SRR108/048/SRR10882548/SRR10882548.fastq.gz	False	0		success		source_reported_pending_harmonization	False	awaiting_uniform_reprocessing_signal_unit_unknown
rna_seq:SRR10882549	sharepoint_2026-07-13_new439	SRR10882549	SRX7551591	SAMN13840499	SRS5989055	PRJNA601008	SRP241835	GSE143599	32273286	shared/sharepoint_2026-07-13/training_input_bigwig/SRR10882549.bw	54468834	590432f65f1bee99197180ea9b17af9a4ecee8ca3484b5a78722591ea372b56c	True	True	Caenorhabditis elegans	mutated	mutated		embryo	Embryo		RNA-Seq	TRANSCRIPTOMIC	cDNA	SINGLE	151	derived_from_ENA_base_count_read_count_layout	unknown		unknown	The basic-helix-loop-helix transcription factor ngn-1/neurogenin activates transcription of multiple terminal selector transcription factors in the Caenorhabditis elegans nervous system	PRJNA601008		Embryo				embryo	unknown_from_provided_metadata	WBcel235_by_chromosome_header_validation	unknown_from_provided_metadata	unknown_from_provided_metadata	unknown	C	False	25149368	3797554568	True	b738d5133f95f8474d5a924236ac7e57	2162746250	2162746250	ftp.sra.ebi.ac.uk/vol1/fastq/SRR108/049/SRR10882549/SRR10882549.fastq.gz	False	0		success		source_reported_pending_harmonization	False	awaiting_uniform_reprocessing_signal_unit_unknown
rna_seq:SRR10882550	sharepoint_2026-07-13_new439	SRR10882550	SRX7551592	SAMN13840498	SRS5989056	PRJNA601008	SRP241835	GSE143599	32273286	shared/sharepoint_2026-07-13/training_input_bigwig/SRR10882550.bw	47719319	017c1c35c914f70ef8738cd07ee4c5ac1112d382417bf32578de062c50c27baa	True	True	Caenorhabditis elegans	mutated	mutated		embryo	Embryo		RNA-Seq	TRANSCRIPTOMIC	cDNA	SINGLE	151	derived_from_ENA_base_count_read_count_layout	unknown		unknown	The basic-helix-loop-helix transcription factor ngn-1/neurogenin activates transcription of multiple terminal selector transcription factors in the Caenorhabditis elegans nervous system	PRJNA601008		Embryo				embryo	unknown_from_provided_metadata	WBcel235_by_chromosome_header_validation	unknown_from_provided_metadata	unknown_from_provided_metadata	unknown	C	False	21674491	3272848141	True	f00f03eb0d16f6843099cc0537424308	1861457963	1861457963	ftp.sra.ebi.ac.uk/vol1/fastq/SRR108/050/SRR10882550/SRR10882550.fastq.gz	False	0		success		source_reported_pending_harmonization	False	awaiting_uniform_reprocessing_signal_unit_unknown
rna_seq:SRR10882551	sharepoint_2026-07-13_new439	SRR10882551	SRX7551593	SAMN13840506	SRS5989057	PRJNA601008	SRP241835	GSE143599	32273286	shared/sharepoint_2026-07-13/training_input_bigwig/SRR10882551.bw	52900664	4e9888f90e39b6b61b31f1a0660f7a17209b143ccf541dbb6f767db3463d8000	True	True	Caenorhabditis elegans	mutated	mutated		embryo	Embryo		RNA-Seq	TRANSCRIPTOMIC	cDNA	SINGLE	151	derived_from_ENA_base_count_read_count_layout	unknown		unknown	The basic-helix-loop-helix transcription factor ngn-1/neurogenin activates transcription of multiple terminal selector transcription factors in the Caenorhabditis elegans nervous system	PRJNA601008		Embryo				embryo	unknown_from_provided_metadata	WBcel235_by_chromosome_header_validation	unknown_from_provided_metadata	unknown_from_provided_metadata	unknown	C	False	23874963	3605119413	True	71346be38a9051725058910b7aaaffaa	2047424995	2047424995	ftp.sra.ebi.ac.uk/vol1/fastq/SRR108/051/SRR10882551/SRR10882551.fastq.gz	False	0		success		source_reported_pending_harmonization	False	awaiting_uniform_reprocessing_signal_unit_unknown
rna_seq:SRR10882552	sharepoint_2026-07-13_new439	SRR10882552	SRX7551594	SAMN13840497	SRS5989058	PRJNA601008	SRP241835	GSE143599	32273286	shared/sharepoint_2026-07-13/training_input_bigwig/SRR10882552.bw	50082013	7e3cb462ad4fdf513a3b481e370cba497257c7929cb3aec8e7efdaa276344190	True	True	Caenorhabditis elegans	mutated	mutated		embryo	Embryo		RNA-Seq	TRANSCRIPTOMIC	cDNA	SINGLE	151	derived_from_ENA_base_count_read_count_layout	unknown		unknown	The basic-helix-loop-helix transcription factor ngn-1/neurogenin activates transcription of multiple terminal selector transcription factors in the Caenorhabditis elegans nervous system	PRJNA601008		Embryo				embryo	unknown_from_provided_metadata	WBcel235_by_chromosome_header_validation	unknown_from_provided_metadata	unknown_from_provided_metadata	unknown	C	False	20301202	3065481502	True	d848b37372efd64696c8734af879c91d	1756845138	1756845138	ftp.sra.ebi.ac.uk/vol1/fastq/SRR108/052/SRR10882552/SRR10882552.fastq.gz	False	0		success		source_reported_pending_harmonization	False	awaiting_uniform_reprocessing_signal_unit_unknown
rna_seq:SRR12483327	sharepoint_2026-07-13_new439	SRR12483327	SRX8976748	SAMN15866067	SRS7231980	PRJNA658329	SRP278203	GSE156549	33303642	shared/sharepoint_2026-07-13/training_input_bigwig/SRR12483327.bw	58293040	8422277939b1a41f7c44fe783d293e2204b0bd157984178aad42c268d6929180	True	True	Caenorhabditis elegans	N2 (Bristol)	WT		early embryo	Embryo		RNA-Seq	TRANSCRIPTOMIC	cDNA	SINGLE	51	derived_from_ENA_base_count_read_count_layout	unknown		unknown	Two parallel pathways recruit the H3K9me3 HMT in somatic cells, requiring the Argonaut NRDE-3, or the MBT-domain protein, LIN-61 (RNA-seq)	PRJNA658329		Embryo				early embryo	unknown_from_provided_metadata	WBcel235_by_chromosome_header_validation	unknown_from_provided_metadata	unknown_from_provided_metadata	unknown	C	False	90275346	4604042646	True	c447ca38062d63490bb873a09688a512	2395748492	2395748492	ftp.sra.ebi.ac.uk/vol1/fastq/SRR124/027/SRR12483327/SRR12483327.fastq.gz	False	0		success		source_reported_pending_harmonization	False	awaiting_uniform_reprocessing_signal_unit_unknown
rna_seq:SRR12483328	sharepoint_2026-07-13_new439	SRR12483328	SRX8976749	SAMN15866066	SRS7231981	PRJNA658329	SRP278203	GSE156549	33303642	shared/sharepoint_2026-07-13/training_input_bigwig/SRR12483328.bw	50110355	886da97271d0fe93ba8e57d526eca4da580563b89f502358b3fae2356507c768	True	True	Caenorhabditis elegans	N2 (Bristol)	WT		early embryo	Embryo		RNA-Seq	TRANSCRIPTOMIC	cDNA	SINGLE	51	derived_from_ENA_base_count_read_count_layout	unknown		unknown	Two parallel pathways recruit the H3K9me3 HMT in somatic cells, requiring the Argonaut NRDE-3, or the MBT-domain protein, LIN-61 (RNA-seq)	PRJNA658329		Embryo				early embryo	unknown_from_provided_metadata	WBcel235_by_chromosome_header_validation	unknown_from_provided_metadata	unknown_from_provided_metadata	unknown	C	False	73390372	3742908972	True	db2b8cb50e19ca7066893868176dae8d	1938384566	1938384566	ftp.sra.ebi.ac.uk/vol1/fastq/SRR124/028/SRR12483328/SRR12483328.fastq.gz	False	0		success		source_reported_pending_harmonization	False	awaiting_uniform_reprocessing_signal_unit_unknown
rna_seq:SRR12483329	sharepoint_2026-07-13_new439	SRR12483329	SRX8976750	SAMN15866065	SRS7231982	PRJNA658329	SRP278203	GSE156549	33303642	shared/sharepoint_2026-07-13/training_input_bigwig/SRR12483329.bw	50223295	a26ae684bf43d13f33579bdb476a5361bc204802b74baea89fd28a52a01fa7e1	True	True	Caenorhabditis elegans	N2 (Bristol)	WT		early embryo	Embryo		RNA-Seq	TRANSCRIPTOMIC	cDNA	SINGLE	51	derived_from_ENA_base_count_read_count_layout	unknown		unknown	Two parallel pathways recruit the H3K9me3 HMT in somatic cells, requiring the Argonaut NRDE-3, or the MBT-domain protein, LIN-61 (RNA-seq)	PRJNA658329		Embryo				early embryo	unknown_from_provided_metadata	WBcel235_by_chromosome_header_validation	unknown_from_provided_metadata	unknown_from_provided_metadata	unknown	C	False	71468591	3644898141	True	de00b5202bde7830eb427c228586a998	1896843473	1896843473	ftp.sra.ebi.ac.uk/vol1/fastq/SRR124/029/SRR12483329/SRR12483329.fastq.gz	False	0		success		source_reported_pending_harmonization	False	awaiting_uniform_reprocessing_signal_unit_unknown
rna_seq:SRR12483330	sharepoint_2026-07-13_new439	SRR12483330	SRX8976751	SAMN15866064	SRS7231983	PRJNA658329	SRP278203	GSE156549	33303642	shared/sharepoint_2026-07-13/training_input_bigwig/SRR12483330.bw	37250395	b9193ae9ba4dcac7e2a60880e83df43c0b3ae59404de4ef4420f30d9c27877c8	True	True	Caenorhabditis elegans	nrde-3(tm1116) X	mutated		early embryo	Embryo		RNA-Seq	TRANSCRIPTOMIC	cDNA	SINGLE	51	derived_from_ENA_base_count_read_count_layout	unknown		unknown	Two parallel pathways recruit the H3K9me3 HMT in somatic cells, requiring the Argonaut NRDE-3, or the MBT-domain protein, LIN-61 (RNA-seq)	PRJNA658329		Embryo				early embryo	unknown_from_provided_metadata	WBcel235_by_chromosome_header_validation	unknown_from_provided_metadata	unknown_from_provided_metadata	unknown	C	False	33540691	1710575241	True	dd8eb48fcc697ce2b4452b68d4593d4f	937807116	937807116	ftp.sra.ebi.ac.uk/vol1/fastq/SRR124/030/SRR12483330/SRR12483330.fastq.gz	False	0		success		source_reported_pending_harmonization	False	awaiting_uniform_reprocessing_signal_unit_unknown
rna_seq:SRR12483331	sharepoint_2026-07-13_new439	SRR12483331	SRX8976752	SAMN15866063	SRS7231984	PRJNA658329	SRP278203	GSE156549	33303642	shared/sharepoint_2026-07-13/training_input_bigwig/SRR12483331.bw	47768787	b3306ac69bc5f7aa3ee2967f424119a6d5b16651dcd410492ad5a29a10a7c965	True	True	Caenorhabditis elegans	nrde-3(tm1116) X	mutated		early embryo	Embryo		RNA-Seq	TRANSCRIPTOMIC	cDNA	SINGLE	51	derived_from_ENA_base_count_read_count_layout	unknown		unknown	Two parallel pathways recruit the H3K9me3 HMT in somatic cells, requiring the Argonaut NRDE-3, or the MBT-domain protein, LIN-61 (RNA-seq)	PRJNA658329		Embryo				early embryo	unknown_from_provided_metadata	WBcel235_by_chromosome_header_validation	unknown_from_provided_metadata	unknown_from_provided_metadata	unknown	C	False	34377762	1753265862	True	d3b351956399252ebc706801bc61f520	980000168	980000168	ftp.sra.ebi.ac.uk/vol1/fastq/SRR124/031/SRR12483331/SRR12483331.fastq.gz	False	0		success		source_reported_pending_harmonization	False	awaiting_uniform_reprocessing_signal_unit_unknown
rna_seq:SRR12483332	sharepoint_2026-07-13_new439	SRR12483332	SRX8976753	SAMN15866062	SRS7231985	PRJNA658329	SRP278203	GSE156549	33303642	shared/sharepoint_2026-07-13/training_input_bigwig/SRR12483332.bw	42426205	547487a86b66b0ee50968baea9ccdf76d49469e0d9479988e2ba70e801faf48a	True	True	Caenorhabditis elegans	nrde-3(tm1116) X	mutated		early embryo	Embryo		RNA-Seq	TRANSCRIPTOMIC	cDNA	SINGLE	51	derived_from_ENA_base_count_read_count_layout	unknown		unknown	Two parallel pathways recruit the H3K9me3 HMT in somatic cells, requiring the Argonaut NRDE-3, or the MBT-domain protein, LIN-61 (RNA-seq)	PRJNA658329		Embryo				early embryo	unknown_from_provided_metadata	WBcel235_by_chromosome_header_validation	unknown_from_provided_metadata	unknown_from_provided_metadata	unknown	C	False	33527317	1709893167	True	8fed702f7e836c6aaa43e10c122072dd	953237894	953237894	ftp.sra.ebi.ac.uk/vol1/fastq/SRR124/032/SRR12483332/SRR12483332.fastq.gz	False	0		success		source_reported_pending_harmonization	False	awaiting_uniform_reprocessing_signal_unit_unknown
rna_seq:SRR12483333	sharepoint_2026-07-13_new439	SRR12483333	SRX8976754	SAMN15866061	SRS7231986	PRJNA658329	SRP278203	GSE156549	33303642	shared/sharepoint_2026-07-13/training_input_bigwig/SRR12483333.bw	43588885	a642dd8a18b97c622b20bfe52cd9632623a21d78dad6f1101d0253788bc58c10	True	True	Caenorhabditis elegans	met-2(n4256) III nrde-3(tm1116) X	mutated		early embryo	Embryo		RNA-Seq	TRANSCRIPTOMIC	cDNA	SINGLE	51	derived_from_ENA_base_count_read_count_layout	unknown		unknown	Two parallel pathways recruit the H3K9me3 HMT in somatic cells, requiring the Argonaut NRDE-3, or the MBT-domain protein, LIN-61 (RNA-seq)	PRJNA658329		Embryo				early embryo	unknown_from_provided_metadata	WBcel235_by_chromosome_header_validation	unknown_from_provided_metadata	unknown_from_provided_metadata	unknown	C	False	35962338	1834079238	True	863a72b55dcbc89c9053cc3610f8a95c	988058106	988058106	ftp.sra.ebi.ac.uk/vol1/fastq/SRR124/033/SRR12483333/SRR12483333.fastq.gz	False	0		success		source_reported_pending_harmonization	False	awaiting_uniform_reprocessing_signal_unit_unknown
rna_seq:SRR12483334	sharepoint_2026-07-13_new439	SRR12483334	SRX8976755	SAMN15866059	SRS7231987	PRJNA658329	SRP278203	GSE156549	33303642	shared/sharepoint_2026-07-13/training_input_bigwig/SRR12483334.bw	52359493	320bebcc6721cbab1f7999707eeb7cfac9a8745d5e6605d58ac6635b3289673c	True	True	Caenorhabditis elegans	met-2(n4256) III nrde-3(tm1116) X	mutated		early embryo	Embryo		RNA-Seq	TRANSCRIPTOMIC	cDNA	SINGLE	51	derived_from_ENA_base_count_read_count_layout	unknown		unknown	Two parallel pathways recruit the H3K9me3 HMT in somatic cells, requiring the Argonaut NRDE-3, or the MBT-domain protein, LIN-61 (RNA-seq)	PRJNA658329		Embryo				early embryo	unknown_from_provided_metadata	WBcel235_by_chromosome_header_validation	unknown_from_provided_metadata	unknown_from_provided_metadata	unknown	C	False	47947695	2445332445	True	6bf1a68b9f290f58967e8546400a4bdd	1338065881	1338065881	ftp.sra.ebi.ac.uk/vol1/fastq/SRR124/034/SRR12483334/SRR12483334.fastq.gz	False	0		success		source_reported_pending_harmonization	False	awaiting_uniform_reprocessing_signal_unit_unknown
rna_seq:SRR12483335	sharepoint_2026-07-13_new439	SRR12483335	SRX8976756	SAMN15866058	SRS7231989	PRJNA658329	SRP278203	GSE156549	33303642	shared/sharepoint_2026-07-13/training_input_bigwig/SRR12483335.bw	57979394	1c108d59bcf46bd28a19cbc680e8c2f3e05d2c01cfeb70a1704092399e2e259c	True	True	Caenorhabditis elegans	met-2(n4256) III nrde-3(tm1116) X	mutated		early embryo	Embryo		RNA-Seq	TRANSCRIPTOMIC	cDNA	SINGLE	51	derived_from_ENA_base_count_read_count_layout	unknown		unknown	Two parallel pathways recruit the H3K9me3 HMT in somatic cells, requiring the Argonaut NRDE-3, or the MBT-domain protein, LIN-61 (RNA-seq)	PRJNA658329		Embryo				early embryo	unknown_from_provided_metadata	WBcel235_by_chromosome_header_validation	unknown_from_provided_metadata	unknown_from_provided_metadata	unknown	C	False	33974930	1732721430	True	3315c2d677e0c07272ed3a50a185bea9	952682197	952682197	ftp.sra.ebi.ac.uk/vol1/fastq/SRR124/035/SRR12483335/SRR12483335.fastq.gz	False	0		success		source_reported_pending_harmonization	False	awaiting_uniform_reprocessing_signal_unit_unknown
rna_seq:SRR12483336	sharepoint_2026-07-13_new439	SRR12483336	SRX8976757	SAMN15866057	SRS7231988	PRJNA658329	SRP278203	GSE156549	33303642	shared/sharepoint_2026-07-13/training_input_bigwig/SRR12483336.bw	45048926	bcc362f9562d674de651f7850c4fe3feb3ff794f59cc3d07767c985fbaff0e99	True	True	Caenorhabditis elegans	set-25(n5021) III nrde-3(tm1116) X	mutated		early embryo	Embryo		RNA-Seq	TRANSCRIPTOMIC	cDNA	SINGLE	51	derived_from_ENA_base_count_read_count_layout	unknown		unknown	Two parallel pathways recruit the H3K9me3 HMT in somatic cells, requiring the Argonaut NRDE-3, or the MBT-domain protein, LIN-61 (RNA-seq)	PRJNA658329		Embryo				early embryo	unknown_from_provided_metadata	WBcel235_by_chromosome_header_validation	unknown_from_provided_metadata	unknown_from_provided_metadata	unknown	C	False	33781506	1722856806	True	019706508dc4f9316958f895b8bcb655	943847681	943847681	ftp.sra.ebi.ac.uk/vol1/fastq/SRR124/036/SRR12483336/SRR12483336.fastq.gz	False	0		success		source_reported_pending_harmonization	False	awaiting_uniform_reprocessing_signal_unit_unknown
rna_seq:SRR12483337	sharepoint_2026-07-13_new439	SRR12483337	SRX8976758	SAMN15866056	SRS7231991	PRJNA658329	SRP278203	GSE156549	33303642	shared/sharepoint_2026-07-13/training_input_bigwig/SRR12483337.bw	43365801	435ee271e6771ee086accf32e84a071f175be20f563b702ae6b78ab80d170264	True	True	Caenorhabditis elegans	set-25(n5021) III nrde-3(tm1116) X	mutated		early embryo	Embryo		RNA-Seq	TRANSCRIPTOMIC	cDNA	SINGLE	51	derived_from_ENA_base_count_read_count_layout	unknown		unknown	Two parallel pathways recruit the H3K9me3 HMT in somatic cells, requiring the Argonaut NRDE-3, or the MBT-domain protein, LIN-61 (RNA-seq)	PRJNA658329		Embryo				early embryo	unknown_from_provided_metadata	WBcel235_by_chromosome_header_validation	unknown_from_provided_metadata	unknown_from_provided_metadata	unknown	C	False	34571693	1763156343	True	c4a2ba61d3ca8ceaa9d9f83b75bf5055	965302413	965302413	ftp.sra.ebi.ac.uk/vol1/fastq/SRR124/037/SRR12483337/SRR12483337.fastq.gz	False	0		success		source_reported_pending_harmonization	False	awaiting_uniform_reprocessing_signal_unit_unknown
rna_seq:SRR12483338	sharepoint_2026-07-13_new439	SRR12483338	SRX8976759	SAMN15866055	SRS7231990	PRJNA658329	SRP278203	GSE156549	33303642	shared/sharepoint_2026-07-13/training_input_bigwig/SRR12483338.bw	36248020	4a13a210689c5abf2b11211efa4d4452d320fa6afb3f965a9a200b939250e097	True	True	Caenorhabditis elegans	set-25(n5021) III nrde-3(tm1116) X	mutated		early embryo	Embryo		RNA-Seq	TRANSCRIPTOMIC	cDNA	SINGLE	51	derived_from_ENA_base_count_read_count_layout	unknown		unknown	Two parallel pathways recruit the H3K9me3 HMT in somatic cells, requiring the Argonaut NRDE-3, or the MBT-domain protein, LIN-61 (RNA-seq)	PRJNA658329		Embryo				early embryo	unknown_from_provided_metadata	WBcel235_by_chromosome_header_validation	unknown_from_provided_metadata	unknown_from_provided_metadata	unknown	C	False	29619499	1510594449	True	adaebe6a0684b7fb40e2cc0ed5987736	823989022	823989022	ftp.sra.ebi.ac.uk/vol1/fastq/SRR124/038/SRR12483338/SRR12483338.fastq.gz	False	0		success		source_reported_pending_harmonization	False	awaiting_uniform_reprocessing_signal_unit_unknown
rna_seq:SRR12483339	sharepoint_2026-07-13_new439	SRR12483339	SRX8976760	SAMN15866054	SRS7231992	PRJNA658329	SRP278203	GSE156549	33303642	shared/sharepoint_2026-07-13/training_input_bigwig/SRR12483339.bw	58120747	f55f74668c6c84c3fbaed56443c666cec71fd98746a56779412a8cc3910a3303	True	True	Caenorhabditis elegans	lin-61(tm2649) I	mutated		early embryo	Embryo		RNA-Seq	TRANSCRIPTOMIC	cDNA	SINGLE	51	derived_from_ENA_base_count_read_count_layout	unknown		unknown	Two parallel pathways recruit the H3K9me3 HMT in somatic cells, requiring the Argonaut NRDE-3, or the MBT-domain protein, LIN-61 (RNA-seq)	PRJNA658329		Embryo				early embryo	unknown_from_provided_metadata	WBcel235_by_chromosome_header_validation	unknown_from_provided_metadata	unknown_from_provided_metadata	unknown	C	False	87554806	4465295106	True	61e5232241d4f1fc714e280065460600	2393452002	2393452002	ftp.sra.ebi.ac.uk/vol1/fastq/SRR124/039/SRR12483339/SRR12483339.fastq.gz	False	0		success		source_reported_pending_harmonization	False	awaiting_uniform_reprocessing_signal_unit_unknown
rna_seq:SRR12483340	sharepoint_2026-07-13_new439	SRR12483340	SRX8976761	SAMN15866053	SRS7231993	PRJNA658329	SRP278203	GSE156549	33303642	shared/sharepoint_2026-07-13/training_input_bigwig/SRR12483340.bw	52456877	4f229fa0cb732cc06d3ff39bc047214639984666ad2496f0323af311298245c8	True	True	Caenorhabditis elegans	lin-61(tm2649) I	mutated		early embryo	Embryo		RNA-Seq	TRANSCRIPTOMIC	cDNA	SINGLE	51	derived_from_ENA_base_count_read_count_layout	unknown		unknown	Two parallel pathways recruit the H3K9me3 HMT in somatic cells, requiring the Argonaut NRDE-3, or the MBT-domain protein, LIN-61 (RNA-seq)	PRJNA658329		Embryo				early embryo	unknown_from_provided_metadata	WBcel235_by_chromosome_header_validation	unknown_from_provided_metadata	unknown_from_provided_metadata	unknown	C	False	83240161	4245248211	True	f2e7d3d4be0d8da74fe67131fbb47ded	2208127395	2208127395	ftp.sra.ebi.ac.uk/vol1/fastq/SRR124/040/SRR12483340/SRR12483340.fastq.gz	False	0		success		source_reported_pending_harmonization	False	awaiting_uniform_reprocessing_signal_unit_unknown
rna_seq:SRR12483341	sharepoint_2026-07-13_new439	SRR12483341	SRX8976762	SAMN15866052	SRS7231994	PRJNA658329	SRP278203	GSE156549	33303642	shared/sharepoint_2026-07-13/training_input_bigwig/SRR12483341.bw	57695755	83fe004c2c8d4e1ed0f927b1c922c15ae3c4e24720182c61b70662fa922757cb	True	True	Caenorhabditis elegans	lin-61(tm2649) I	mutated		early embryo	Embryo		RNA-Seq	TRANSCRIPTOMIC	cDNA	SINGLE	51	derived_from_ENA_base_count_read_count_layout	unknown		unknown	Two parallel pathways recruit the H3K9me3 HMT in somatic cells, requiring the Argonaut NRDE-3, or the MBT-domain protein, LIN-61 (RNA-seq)	PRJNA658329		Embryo				early embryo	unknown_from_provided_metadata	WBcel235_by_chromosome_header_validation	unknown_from_provided_metadata	unknown_from_provided_metadata	unknown	C	False	83897969	4278796419	True	d98ac4d913e0568f462901a6a27267f1	2267815985	2267815985	ftp.sra.ebi.ac.uk/vol1/fastq/SRR124/041/SRR12483341/SRR12483341.fastq.gz	False	0		success		source_reported_pending_harmonization	False	awaiting_uniform_reprocessing_signal_unit_unknown
rna_seq:SRR12483342	sharepoint_2026-07-13_new439	SRR12483342	SRX8976763	SAMN15866051	SRS7231995	PRJNA658329	SRP278203	GSE156549	33303642	shared/sharepoint_2026-07-13/training_input_bigwig/SRR12483342.bw	35986981	c0a6a17aa2a12401a1b205885dd24761eba2f21c7c3b11067302021eebf8c56b	True	True	Caenorhabditis elegans	met-2(n4256) III lin-61(tm2649) I	mutated		early embryo	Embryo		RNA-Seq	TRANSCRIPTOMIC	cDNA	SINGLE	51	derived_from_ENA_base_count_read_count_layout	unknown		unknown	Two parallel pathways recruit the H3K9me3 HMT in somatic cells, requiring the Argonaut NRDE-3, or the MBT-domain protein, LIN-61 (RNA-seq)	PRJNA658329		Embryo				early embryo	unknown_from_provided_metadata	WBcel235_by_chromosome_header_validation	unknown_from_provided_metadata	unknown_from_provided_metadata	unknown	C	False	32149177	1639608027	True	0b08aad0437d9448c81b8b31326ef4d9	888559051	888559051	ftp.sra.ebi.ac.uk/vol1/fastq/SRR124/042/SRR12483342/SRR12483342.fastq.gz	False	0		success		source_reported_pending_harmonization	False	awaiting_uniform_reprocessing_signal_unit_unknown
rna_seq:SRR12483343	sharepoint_2026-07-13_new439	SRR12483343	SRX8976764	SAMN15866087	SRS7231996	PRJNA658329	SRP278203	GSE156549	33303642	shared/sharepoint_2026-07-13/training_input_bigwig/SRR12483343.bw	44369203	bda6bcd888bb3cd574ba17ce163ec2c1ca4ffd0e81701fb0757125cca27c278e	True	True	Caenorhabditis elegans	met-2(n4256) III lin-61(tm2649) I	mutated		early embryo	Embryo		RNA-Seq	TRANSCRIPTOMIC	cDNA	SINGLE	51	derived_from_ENA_base_count_read_count_layout	unknown		unknown	Two parallel pathways recruit the H3K9me3 HMT in somatic cells, requiring the Argonaut NRDE-3, or the MBT-domain protein, LIN-61 (RNA-seq)	PRJNA658329		Embryo				early embryo	unknown_from_provided_metadata	WBcel235_by_chromosome_header_validation	unknown_from_provided_metadata	unknown_from_provided_metadata	unknown	C	False	31822393	1622942043	True	d1f1186041eae317fb766cdba7cc20a6	886484454	886484454	ftp.sra.ebi.ac.uk/vol1/fastq/SRR124/043/SRR12483343/SRR12483343.fastq.gz	False	0		success		source_reported_pending_harmonization	False	awaiting_uniform_reprocessing_signal_unit_unknown
rna_seq:SRR12483344	sharepoint_2026-07-13_new439	SRR12483344	SRX8976765	SAMN15866086	SRS7231997	PRJNA658329	SRP278203	GSE156549	33303642	shared/sharepoint_2026-07-13/training_input_bigwig/SRR12483344.bw	44898930	2e140392c83e76e300b7498fe8b19aabac0846e867cf2924a6963b663873785c	True	True	Caenorhabditis elegans	met-2(n4256) III lin-61(tm2649) I	mutated		early embryo	Embryo		RNA-Seq	TRANSCRIPTOMIC	cDNA	SINGLE	51	derived_from_ENA_base_count_read_count_layout	unknown		unknown	Two parallel pathways recruit the H3K9me3 HMT in somatic cells, requiring the Argonaut NRDE-3, or the MBT-domain protein, LIN-61 (RNA-seq)	PRJNA658329		Embryo				early embryo	unknown_from_provided_metadata	WBcel235_by_chromosome_header_validation	unknown_from_provided_metadata	unknown_from_provided_metadata	unknown	C	False	37286671	1901620221	True	7de5bbc55f7ebc1ece91c7b534aae922	1047439175	1047439175	ftp.sra.ebi.ac.uk/vol1/fastq/SRR124/044/SRR12483344/SRR12483344.fastq.gz	False	0		success		source_reported_pending_harmonization	False	awaiting_uniform_reprocessing_signal_unit_unknown
rna_seq:SRR12483345	sharepoint_2026-07-13_new439	SRR12483345	SRX8976766	SAMN15866085	SRS7232000	PRJNA658329	SRP278203	GSE156549	33303642	shared/sharepoint_2026-07-13/training_input_bigwig/SRR12483345.bw	45093966	a8aec9fa4ead577b705a6138c23a5ffe66a1eb90d3546bdaa7ba34b6cf627c73	True	True	Caenorhabditis elegans	set-25(n5021) III lin-61(tm2649) I	mutated		early embryo	Embryo		RNA-Seq	TRANSCRIPTOMIC	cDNA	SINGLE	51	derived_from_ENA_base_count_read_count_layout	unknown		unknown	Two parallel pathways recruit the H3K9me3 HMT in somatic cells, requiring the Argonaut NRDE-3, or the MBT-domain protein, LIN-61 (RNA-seq)	PRJNA658329		Embryo				early embryo	unknown_from_provided_metadata	WBcel235_by_chromosome_header_validation	unknown_from_provided_metadata	unknown_from_provided_metadata	unknown	C	False	37485107	1911740457	True	b3ee4eb9c0cb9998e2d133d23ddd3949	1044678551	1044678551	ftp.sra.ebi.ac.uk/vol1/fastq/SRR124/045/SRR12483345/SRR12483345.fastq.gz	False	0		success		source_reported_pending_harmonization	False	awaiting_uniform_reprocessing_signal_unit_unknown
rna_seq:SRR12483346	sharepoint_2026-07-13_new439	SRR12483346	SRX8976767	SAMN15866084	SRS7231998	PRJNA658329	SRP278203	GSE156549	33303642	shared/sharepoint_2026-07-13/training_input_bigwig/SRR12483346.bw	40545576	0a3b73a39861a25776ec0da6f20c61ca772874aa1147572137133be40d05ea5c	True	True	Caenorhabditis elegans	set-25(n5021) III lin-61(tm2649) I	mutated		early embryo	Embryo		RNA-Seq	TRANSCRIPTOMIC	cDNA	SINGLE	51	derived_from_ENA_base_count_read_count_layout	unknown		unknown	Two parallel pathways recruit the H3K9me3 HMT in somatic cells, requiring the Argonaut NRDE-3, or the MBT-domain protein, LIN-61 (RNA-seq)	PRJNA658329		Embryo				early embryo	unknown_from_provided_metadata	WBcel235_by_chromosome_header_validation	unknown_from_provided_metadata	unknown_from_provided_metadata	unknown	C	False	33820585	1724849835	True	84515348bb563870e1a1f95fa28931b3	931567293	931567293	ftp.sra.ebi.ac.uk/vol1/fastq/SRR124/046/SRR12483346/SRR12483346.fastq.gz	False	0		success		source_reported_pending_harmonization	False	awaiting_uniform_reprocessing_signal_unit_unknown
rna_seq:SRR12483347	sharepoint_2026-07-13_new439	SRR12483347	SRX8976768	SAMN15866083	SRS7231999	PRJNA658329	SRP278203	GSE156549	33303642	shared/sharepoint_2026-07-13/training_input_bigwig/SRR12483347.bw	45503869	265997a00e1a8a1e85af7edd642ecf81af1010f803eb5815c6fe2142235a1e34	True	True	Caenorhabditis elegans	set-25(n5021) III lin-61(tm2649) I	mutated		early embryo	Embryo		RNA-Seq	TRANSCRIPTOMIC	cDNA	SINGLE	51	derived_from_ENA_base_count_read_count_layout	unknown		unknown	Two parallel pathways recruit the H3K9me3 HMT in somatic cells, requiring the Argonaut NRDE-3, or the MBT-domain protein, LIN-61 (RNA-seq)	PRJNA658329		Embryo				early embryo	unknown_from_provided_metadata	WBcel235_by_chromosome_header_validation	unknown_from_provided_metadata	unknown_from_provided_metadata	unknown	C	False	35247543	1797624693	True	c14d152965b276a0c6a8717a0f593d6a	976282610	976282610	ftp.sra.ebi.ac.uk/vol1/fastq/SRR124/047/SRR12483347/SRR12483347.fastq.gz	False	0		success		source_reported_pending_harmonization	False	awaiting_uniform_reprocessing_signal_unit_unknown
rna_seq:SRR13757744	sharepoint_2026-07-13_new439	SRR13757744	SRX10144495	SAMN18021484	SRS8297522	PRJNA703543	SRP307349	GSE167167	34737442	shared/sharepoint_2026-07-13/training_input_bigwig/SRR13757744.bw	18409943	b6fb65d68f00e78f9564bf9a87fe256ed0d68d5fde8ba78d4b8461df5f156ae1	True	True	Caenorhabditis elegans	WT	WT		L3 body wall muscle	L3		RNA-Seq	TRANSCRIPTOMIC	cDNA	SINGLE	51	derived_from_ENA_base_count_read_count_layout	unknown		unknown	H3K9me blocks transcription factor activity in differentiated cells to ensure tissue integrity [RNA-seq]	PRJNA703543		L3				L3 body wall muscle	unknown_from_provided_metadata	WBcel235_by_chromosome_header_validation	unknown_from_provided_metadata	unknown_from_provided_metadata	unknown	C	False	22429685	1143913935	True	a8c2ccc61b8abc6428f38922f387c10f	672741632	672741632	ftp.sra.ebi.ac.uk/vol1/fastq/SRR137/044/SRR13757744/SRR13757744.fastq.gz	False	0		success		source_reported_pending_harmonization	False	awaiting_uniform_reprocessing_signal_unit_unknown
rna_seq:SRR13757745	sharepoint_2026-07-13_new439	SRR13757745	SRX10144496	SAMN18021510	SRS8297523	PRJNA703543	SRP307349	GSE167167	34737442	shared/sharepoint_2026-07-13/training_input_bigwig/SRR13757745.bw	17288419	a2455799cc9d19c571885c5eaeb58a5ebef800dfebc0e5ca77a3252282763e03	True	True	Caenorhabditis elegans	WT	WT		L3 body wall muscle	L3		RNA-Seq	TRANSCRIPTOMIC	cDNA	SINGLE	51	derived_from_ENA_base_count_read_count_layout	unknown		unknown	H3K9me blocks transcription factor activity in differentiated cells to ensure tissue integrity [RNA-seq]	PRJNA703543		L3				L3 body wall muscle	unknown_from_provided_metadata	WBcel235_by_chromosome_header_validation	unknown_from_provided_metadata	unknown_from_provided_metadata	unknown	C	False	21631738	1103218638	True	a72c82c450674b46092d28c9f4516568	653577678	653577678	ftp.sra.ebi.ac.uk/vol1/fastq/SRR137/045/SRR13757745/SRR13757745.fastq.gz	False	0		success		source_reported_pending_harmonization	False	awaiting_uniform_reprocessing_signal_unit_unknown
rna_seq:SRR13757746	sharepoint_2026-07-13_new439	SRR13757746	SRX10144497	SAMN18021509	SRS8297524	PRJNA703543	SRP307349	GSE167167	34737442	shared/sharepoint_2026-07-13/training_input_bigwig/SRR13757746.bw	31998559	3c67b3b37af990db6480f5ead9e83ddb69ff448f891c861134d4b60e8f195287	True	True	Caenorhabditis elegans	WT	WT		L3 body wall muscle	L3		RNA-Seq	TRANSCRIPTOMIC	cDNA	SINGLE	51	derived_from_ENA_base_count_read_count_layout	unknown		unknown	H3K9me blocks transcription factor activity in differentiated cells to ensure tissue integrity [RNA-seq]	PRJNA703543		L3				L3 body wall muscle	unknown_from_provided_metadata	WBcel235_by_chromosome_header_validation	unknown_from_provided_metadata	unknown_from_provided_metadata	unknown	C	False	22699294	1157663994	True	30a39a1f4215fb6a527cb08b0a1a43e9	681532987	681532987	ftp.sra.ebi.ac.uk/vol1/fastq/SRR137/046/SRR13757746/SRR13757746.fastq.gz	False	0		success		source_reported_pending_harmonization	False	awaiting_uniform_reprocessing_signal_unit_unknown
rna_seq:SRR13757747	sharepoint_2026-07-13_new439	SRR13757747	SRX10144498	SAMN18021508	SRS8297525	PRJNA703543	SRP307349	GSE167167	34737442	shared/sharepoint_2026-07-13/training_input_bigwig/SRR13757747.bw	27282138	428279cce30a6bae6447c14b1894a1779b28cc3c9be620257a950338f2b4ba0d	True	True	Caenorhabditis elegans	WT	WT		L3 body wall muscle	L3		RNA-Seq	TRANSCRIPTOMIC	cDNA	SINGLE	51	derived_from_ENA_base_count_read_count_layout	unknown		unknown	H3K9me blocks transcription factor activity in differentiated cells to ensure tissue integrity [RNA-seq]	PRJNA703543		L3				L3 body wall muscle	unknown_from_provided_metadata	WBcel235_by_chromosome_header_validation	unknown_from_provided_metadata	unknown_from_provided_metadata	unknown	C	False	19663065	1002816315	True	0284714944e322187901021398da0720	592460663	592460663	ftp.sra.ebi.ac.uk/vol1/fastq/SRR137/047/SRR13757747/SRR13757747.fastq.gz	False	0		success		source_reported_pending_harmonization	False	awaiting_uniform_reprocessing_signal_unit_unknown
rna_seq:SRR13757748	sharepoint_2026-07-13_new439	SRR13757748	SRX10144499	SAMN18021507	SRS8297526	PRJNA703543	SRP307349	GSE167167	34737442	shared/sharepoint_2026-07-13/training_input_bigwig/SRR13757748.bw	18372286	b7941ae8da9505adf4e363df0ae5663b95b24cc61a511f2ec676b698d5222a4c	True	True	Caenorhabditis elegans	mutated	mutated		L3 body wall muscle	L3		RNA-Seq	TRANSCRIPTOMIC	cDNA	SINGLE	51	derived_from_ENA_base_count_read_count_layout	unknown		unknown	H3K9me blocks transcription factor activity in differentiated cells to ensure tissue integrity [RNA-seq]	PRJNA703543		L3				L3 body wall muscle	unknown_from_provided_metadata	WBcel235_by_chromosome_header_validation	unknown_from_provided_metadata	unknown_from_provided_metadata	unknown	C	False	21155315	1078921065	True	6ff9733a1827fc87939d3e20205c0052	637157848	637157848	ftp.sra.ebi.ac.uk/vol1/fastq/SRR137/048/SRR13757748/SRR13757748.fastq.gz	False	0		success		source_reported_pending_harmonization	False	awaiting_uniform_reprocessing_signal_unit_unknown
rna_seq:SRR13757749	sharepoint_2026-07-13_new439	SRR13757749	SRX10144500	SAMN18021506	SRS8297527	PRJNA703543	SRP307349	GSE167167	34737442	shared/sharepoint_2026-07-13/training_input_bigwig/SRR13757749.bw	17973073	772a7c4c9e5fa4da1d5c05515cff8b0e8cc484784c902ff2bee4be6d656bb13e	True	True	Caenorhabditis elegans	mutated	mutated		L3 body wall muscle	L3		RNA-Seq	TRANSCRIPTOMIC	cDNA	SINGLE	51	derived_from_ENA_base_count_read_count_layout	unknown		unknown	H3K9me blocks transcription factor activity in differentiated cells to ensure tissue integrity [RNA-seq]	PRJNA703543		L3				L3 body wall muscle	unknown_from_provided_metadata	WBcel235_by_chromosome_header_validation	unknown_from_provided_metadata	unknown_from_provided_metadata	unknown	C	False	21125250	1077387750	True	ecc58c19e244eb0185d64be322f418e9	628552774	628552774	ftp.sra.ebi.ac.uk/vol1/fastq/SRR137/049/SRR13757749/SRR13757749.fastq.gz	False	0		success		source_reported_pending_harmonization	False	awaiting_uniform_reprocessing_signal_unit_unknown
rna_seq:SRR13757750	sharepoint_2026-07-13_new439	SRR13757750	SRX10144501	SAMN18021504	SRS8297528	PRJNA703543	SRP307349	GSE167167	34737442	shared/sharepoint_2026-07-13/training_input_bigwig/SRR13757750.bw	17067558	56b6649e463b54e81e05bcd486bcd01e0b2de8852e43edcf3facef17fb918d0e	True	True	Caenorhabditis elegans	mutated	mutated		L3 body wall muscle	L3		RNA-Seq	TRANSCRIPTOMIC	cDNA	SINGLE	51	derived_from_ENA_base_count_read_count_layout	unknown		unknown	H3K9me blocks transcription factor activity in differentiated cells to ensure tissue integrity [RNA-seq]	PRJNA703543		L3				L3 body wall muscle	unknown_from_provided_metadata	WBcel235_by_chromosome_header_validation	unknown_from_provided_metadata	unknown_from_provided_metadata	unknown	C	False	20274042	1033976142	True	ae7df07c6a883f6af0a30e28449ab1ed	616043353	616043353	ftp.sra.ebi.ac.uk/vol1/fastq/SRR137/050/SRR13757750/SRR13757750.fastq.gz	False	0		success		source_reported_pending_harmonization	False	awaiting_uniform_reprocessing_signal_unit_unknown
rna_seq:SRR13757751	sharepoint_2026-07-13_new439	SRR13757751	SRX10144502	SAMN18021503	SRS8297529	PRJNA703543	SRP307349	GSE167167	34737442	shared/sharepoint_2026-07-13/training_input_bigwig/SRR13757751.bw	18396130	f34d41cc2cf03c9c79a4981f9526fcb787587217d74d95e447b40abf54583930	True	True	Caenorhabditis elegans	mutated	mutated		L3 body wall muscle	L3		RNA-Seq	TRANSCRIPTOMIC	cDNA	SINGLE	51	derived_from_ENA_base_count_read_count_layout	unknown		unknown	H3K9me blocks transcription factor activity in differentiated cells to ensure tissue integrity [RNA-seq]	PRJNA703543		L3				L3 body wall muscle	unknown_from_provided_metadata	WBcel235_by_chromosome_header_validation	unknown_from_provided_metadata	unknown_from_provided_metadata	unknown	C	False	24429657	1245912507	True	781196a66e83f205709d3e7dd05b17ce	737817723	737817723	ftp.sra.ebi.ac.uk/vol1/fastq/SRR137/051/SRR13757751/SRR13757751.fastq.gz	False	0		success		source_reported_pending_harmonization	False	awaiting_uniform_reprocessing_signal_unit_unknown
rna_seq:SRR13757752	sharepoint_2026-07-13_new439	SRR13757752	SRX10144503	SAMN18021498	SRS8297530	PRJNA703543	SRP307349	GSE167167	34737442	shared/sharepoint_2026-07-13/training_input_bigwig/SRR13757752.bw	19402330	7d48f8af26838828314090e79b7b0889ce599fd23d1fee3e95b3a5e5e6f6059d	True	True	Caenorhabditis elegans	mutated	mutated		L3 body wall muscle	L3		RNA-Seq	TRANSCRIPTOMIC	cDNA	SINGLE	51	derived_from_ENA_base_count_read_count_layout	unknown		unknown	H3K9me blocks transcription factor activity in differentiated cells to ensure tissue integrity [RNA-seq]	PRJNA703543		L3				L3 body wall muscle	unknown_from_provided_metadata	WBcel235_by_chromosome_header_validation	unknown_from_provided_metadata	unknown_from_provided_metadata	unknown	C	False	21351831	1088943381	True	5654d814a7f9baff900e903c06335115	656110045	656110045	ftp.sra.ebi.ac.uk/vol1/fastq/SRR137/052/SRR13757752/SRR13757752.fastq.gz	False	0		success		source_reported_pending_harmonization	False	awaiting_uniform_reprocessing_signal_unit_unknown
rna_seq:SRR13757753	sharepoint_2026-07-13_new439	SRR13757753	SRX10144504	SAMN18021502	SRS8297531	PRJNA703543	SRP307349	GSE167167	34737442	shared/sharepoint_2026-07-13/training_input_bigwig/SRR13757753.bw	17492021	c191c36895acc4c952ff666ac43e6a7e841b03a4b392cb07bd21c31dccd6ef74	True	True	Caenorhabditis elegans	mutated	mutated		L3 body wall muscle	L3		RNA-Seq	TRANSCRIPTOMIC	cDNA	SINGLE	51	derived_from_ENA_base_count_read_count_layout	unknown		unknown	H3K9me blocks transcription factor activity in differentiated cells to ensure tissue integrity [RNA-seq]	PRJNA703543		L3				L3 body wall muscle	unknown_from_provided_metadata	WBcel235_by_chromosome_header_validation	unknown_from_provided_metadata	unknown_from_provided_metadata	unknown	C	False	20166787	1028506137	True	f45e71b54a5e959abfd4599bd114a895	609224143	609224143	ftp.sra.ebi.ac.uk/vol1/fastq/SRR137/053/SRR13757753/SRR13757753.fastq.gz	False	0		success		source_reported_pending_harmonization	False	awaiting_uniform_reprocessing_signal_unit_unknown
rna_seq:SRR13757754	sharepoint_2026-07-13_new439	SRR13757754	SRX10144505	SAMN18021501	SRS8297532	PRJNA703543	SRP307349	GSE167167	34737442	shared/sharepoint_2026-07-13/training_input_bigwig/SRR13757754.bw	24405146	cb26ca5a6116cee3dfadd9d6822befe27c793ddffa4dbf2faa67187ac224394e	True	True	Caenorhabditis elegans	WT	WT		L3 seamcell	L3		RNA-Seq	TRANSCRIPTOMIC	cDNA	SINGLE	51	derived_from_ENA_base_count_read_count_layout	unknown		unknown	H3K9me blocks transcription factor activity in differentiated cells to ensure tissue integrity [RNA-seq]	PRJNA703543		L3				L3 seamcell	unknown_from_provided_metadata	WBcel235_by_chromosome_header_validation	unknown_from_provided_metadata	unknown_from_provided_metadata	unknown	C	False	21488772	1095927372	True	ee81709f584cf7af220b63f28be7d57a	589991710	589991710	ftp.sra.ebi.ac.uk/vol1/fastq/SRR137/054/SRR13757754/SRR13757754.fastq.gz	False	0		success		source_reported_pending_harmonization	False	awaiting_uniform_reprocessing_signal_unit_unknown
rna_seq:SRR13757755	sharepoint_2026-07-13_new439	SRR13757755	SRX10144505	SAMN18021501	SRS8297532	PRJNA703543	SRP307349	GSE167167	34737442	shared/sharepoint_2026-07-13/training_input_bigwig/SRR13757755.bw	24416160	2eab3c435a953a36b30c2ff599002ba940ff5b31af7813fea2ade087b71aecb7	True	True	Caenorhabditis elegans	WT	WT		L3 seamcell	L3		RNA-Seq	TRANSCRIPTOMIC	cDNA	SINGLE	51	derived_from_ENA_base_count_read_count_layout	unknown		unknown	H3K9me blocks transcription factor activity in differentiated cells to ensure tissue integrity [RNA-seq]	PRJNA703543		L3				L3 seamcell	unknown_from_provided_metadata	WBcel235_by_chromosome_header_validation	unknown_from_provided_metadata	unknown_from_provided_metadata	unknown	C	False	21472467	1095095817	True	8fe3d89dd9355cf57bd88ae2dae67248	590966405	590966405	ftp.sra.ebi.ac.uk/vol1/fastq/SRR137/055/SRR13757755/SRR13757755.fastq.gz	False	0		success		source_reported_pending_harmonization	False	awaiting_uniform_reprocessing_signal_unit_unknown
rna_seq:SRR13757756	sharepoint_2026-07-13_new439	SRR13757756	SRX10144506	SAMN18021500	SRS8297533	PRJNA703543	SRP307349	GSE167167	34737442	shared/sharepoint_2026-07-13/training_input_bigwig/SRR13757756.bw	21571511	0c3bddf1f5de3137e9338e5830da4ea79ca6689402aac036e0980f1490f2bb6f	True	True	Caenorhabditis elegans	WT	WT		L3 seamcell	L3		RNA-Seq	TRANSCRIPTOMIC	cDNA	SINGLE	51	derived_from_ENA_base_count_read_count_layout	unknown		unknown	H3K9me blocks transcription factor activity in differentiated cells to ensure tissue integrity [RNA-seq]	PRJNA703543		L3				L3 seamcell	unknown_from_provided_metadata	WBcel235_by_chromosome_header_validation	unknown_from_provided_metadata	unknown_from_provided_metadata	unknown	C	False	21525129	1097781579	True	158dc529635195ee6f1bdaeaa2d614ae	567389311	567389311	ftp.sra.ebi.ac.uk/vol1/fastq/SRR137/056/SRR13757756/SRR13757756.fastq.gz	False	0		success		source_reported_pending_harmonization	False	awaiting_uniform_reprocessing_signal_unit_unknown
rna_seq:SRR13757757	sharepoint_2026-07-13_new439	SRR13757757	SRX10144506	SAMN18021500	SRS8297533	PRJNA703543	SRP307349	GSE167167	34737442	shared/sharepoint_2026-07-13/training_input_bigwig/SRR13757757.bw	21561121	98a4e50e9e79dc283345375f34ef5f83bfc6cfef88d0d8752e3f1c72c17dacc1	True	True	Caenorhabditis elegans	WT	WT		L3 seamcell	L3		RNA-Seq	TRANSCRIPTOMIC	cDNA	SINGLE	51	derived_from_ENA_base_count_read_count_layout	unknown		unknown	H3K9me blocks transcription factor activity in differentiated cells to ensure tissue integrity [RNA-seq]	PRJNA703543		L3				L3 seamcell	unknown_from_provided_metadata	WBcel235_by_chromosome_header_validation	unknown_from_provided_metadata	unknown_from_provided_metadata	unknown	C	False	21479525	1095455775	True	65f4403734a314b688b330e2393a9df4	568724770	568724770	ftp.sra.ebi.ac.uk/vol1/fastq/SRR137/057/SRR13757757/SRR13757757.fastq.gz	False	0		success		source_reported_pending_harmonization	False	awaiting_uniform_reprocessing_signal_unit_unknown
rna_seq:SRR13757758	sharepoint_2026-07-13_new439	SRR13757758	SRX10144507	SAMN18021505	SRS8297534	PRJNA703543	SRP307349	GSE167167	34737442	shared/sharepoint_2026-07-13/training_input_bigwig/SRR13757758.bw	22255237	5f406f1128114003eeae9c6ebe2f9452c2c935f9027555130d3c722ca1b34ea9	True	True	Caenorhabditis elegans	mutated	mutated		L3 seamcell	L3		RNA-Seq	TRANSCRIPTOMIC	cDNA	SINGLE	51	derived_from_ENA_base_count_read_count_layout	unknown		unknown	H3K9me blocks transcription factor activity in differentiated cells to ensure tissue integrity [RNA-seq]	PRJNA703543		L3				L3 seamcell	unknown_from_provided_metadata	WBcel235_by_chromosome_header_validation	unknown_from_provided_metadata	unknown_from_provided_metadata	unknown	C	False	20546073	1047849723	True	5800b51c0c9bd94bae32c7ea055538b1	599607897	599607897	ftp.sra.ebi.ac.uk/vol1/fastq/SRR137/058/SRR13757758/SRR13757758.fastq.gz	False	0		success		source_reported_pending_harmonization	False	awaiting_uniform_reprocessing_signal_unit_unknown
rna_seq:SRR13757759	sharepoint_2026-07-13_new439	SRR13757759	SRX10144507	SAMN18021505	SRS8297534	PRJNA703543	SRP307349	GSE167167	34737442	shared/sharepoint_2026-07-13/training_input_bigwig/SRR13757759.bw	22303295	ab7e8f32f8c5dfb7bfcf1b4c7b8bcfaa5db8f92b8804251b79d9e6dd98dea6c6	True	True	Caenorhabditis elegans	mutated	mutated		L3 seamcell	L3		RNA-Seq	TRANSCRIPTOMIC	cDNA	SINGLE	51	derived_from_ENA_base_count_read_count_layout	unknown		unknown	H3K9me blocks transcription factor activity in differentiated cells to ensure tissue integrity [RNA-seq]	PRJNA703543		L3				L3 seamcell	unknown_from_provided_metadata	WBcel235_by_chromosome_header_validation	unknown_from_provided_metadata	unknown_from_provided_metadata	unknown	C	False	20606666	1050939966	True	6f962d905c49db21756858d8d3c78b96	600575197	600575197	ftp.sra.ebi.ac.uk/vol1/fastq/SRR137/059/SRR13757759/SRR13757759.fastq.gz	False	0		success		source_reported_pending_harmonization	False	awaiting_uniform_reprocessing_signal_unit_unknown
rna_seq:SRR13757760	sharepoint_2026-07-13_new439	SRR13757760	SRX10144508	SAMN18021499	SRS8297535	PRJNA703543	SRP307349	GSE167167	34737442	shared/sharepoint_2026-07-13/training_input_bigwig/SRR13757760.bw	21701076	7480d154aff8ee8ec4200d70273c82c85b78021c0604ee11764e4804e194ef46	True	True	Caenorhabditis elegans	mutated	mutated		L3 seamcell	L3		RNA-Seq	TRANSCRIPTOMIC	cDNA	SINGLE	51	derived_from_ENA_base_count_read_count_layout	unknown		unknown	H3K9me blocks transcription factor activity in differentiated cells to ensure tissue integrity [RNA-seq]	PRJNA703543		L3				L3 seamcell	unknown_from_provided_metadata	WBcel235_by_chromosome_header_validation	unknown_from_provided_metadata	unknown_from_provided_metadata	unknown	C	False	20538032	1047439632	True	9e1166a01763246b7ad90663e0937002	562949070	562949070	ftp.sra.ebi.ac.uk/vol1/fastq/SRR137/060/SRR13757760/SRR13757760.fastq.gz	False	0		success		source_reported_pending_harmonization	False	awaiting_uniform_reprocessing_signal_unit_unknown
rna_seq:SRR13757761	sharepoint_2026-07-13_new439	SRR13757761	SRX10144508	SAMN18021499	SRS8297535	PRJNA703543	SRP307349	GSE167167	34737442	shared/sharepoint_2026-07-13/training_input_bigwig/SRR13757761.bw	21724254	821036d89e1fbd80db9e503317d04f6aca722500fa467db6cd6e10b603fd1145	True	True	Caenorhabditis elegans	mutated	mutated		L3 seamcell	L3		RNA-Seq	TRANSCRIPTOMIC	cDNA	SINGLE	51	derived_from_ENA_base_count_read_count_layout	unknown		unknown	H3K9me blocks transcription factor activity in differentiated cells to ensure tissue integrity [RNA-seq]	PRJNA703543		L3				L3 seamcell	unknown_from_provided_metadata	WBcel235_by_chromosome_header_validation	unknown_from_provided_metadata	unknown_from_provided_metadata	unknown	C	False	20527615	1046908365	True	88e3b7ed926e95518fbb2ce72df7db85	564097400	564097400	ftp.sra.ebi.ac.uk/vol1/fastq/SRR137/061/SRR13757761/SRR13757761.fastq.gz	False	0		success		source_reported_pending_harmonization	False	awaiting_uniform_reprocessing_signal_unit_unknown
rna_seq:SRR13757762	sharepoint_2026-07-13_new439	SRR13757762	SRX10144509	SAMN18021518	SRS8297536	PRJNA703543	SRP307349	GSE167167	34737442	shared/sharepoint_2026-07-13/training_input_bigwig/SRR13757762.bw	20427938	5aee6d7a2f7496d260c19a8f659c804eb8bc7ff21d9ee0f187655e7f025e245f	True	True	Caenorhabditis elegans	mutated	mutated		L3 seamcell	L3		RNA-Seq	TRANSCRIPTOMIC	cDNA	SINGLE	51	derived_from_ENA_base_count_read_count_layout	unknown		unknown	H3K9me blocks transcription factor activity in differentiated cells to ensure tissue integrity [RNA-seq]	PRJNA703543		L3				L3 seamcell	unknown_from_provided_metadata	WBcel235_by_chromosome_header_validation	unknown_from_provided_metadata	unknown_from_provided_metadata	unknown	C	False	21440525	1093466775	True	65a23f3cab1156979b91abcab73b3dee	587821329	587821329	ftp.sra.ebi.ac.uk/vol1/fastq/SRR137/062/SRR13757762/SRR13757762.fastq.gz	False	0		success		source_reported_pending_harmonization	False	awaiting_uniform_reprocessing_signal_unit_unknown
rna_seq:SRR13757763	sharepoint_2026-07-13_new439	SRR13757763	SRX10144509	SAMN18021518	SRS8297536	PRJNA703543	SRP307349	GSE167167	34737442	shared/sharepoint_2026-07-13/training_input_bigwig/SRR13757763.bw	20420215	25ea4b1bab45d4d6fcc274b1706f397a455b1ec2443d8ca3aa5f0e6b922a44ad	True	True	Caenorhabditis elegans	mutated	mutated		L3 seamcell	L3		RNA-Seq	TRANSCRIPTOMIC	cDNA	SINGLE	51	derived_from_ENA_base_count_read_count_layout	unknown		unknown	H3K9me blocks transcription factor activity in differentiated cells to ensure tissue integrity [RNA-seq]	PRJNA703543		L3				L3 seamcell	unknown_from_provided_metadata	WBcel235_by_chromosome_header_validation	unknown_from_provided_metadata	unknown_from_provided_metadata	unknown	C	False	21398922	1091345022	True	9cffe0842f6b1fecfacf400eba72e1b7	588183151	588183151	ftp.sra.ebi.ac.uk/vol1/fastq/SRR137/063/SRR13757763/SRR13757763.fastq.gz	False	0		success		source_reported_pending_harmonization	False	awaiting_uniform_reprocessing_signal_unit_unknown
rna_seq:SRR13757764	sharepoint_2026-07-13_new439	SRR13757764	SRX10144510	SAMN18021517	SRS8297537	PRJNA703543	SRP307349	GSE167167	34737442	shared/sharepoint_2026-07-13/training_input_bigwig/SRR13757764.bw	21202759	759c81bd62275844548889d62ae1427d509493f65879206d345e3f45ec670d1d	True	True	Caenorhabditis elegans	mutated	mutated		L3 seamcell	L3		RNA-Seq	TRANSCRIPTOMIC	cDNA	SINGLE	51	derived_from_ENA_base_count_read_count_layout	unknown		unknown	H3K9me blocks transcription factor activity in differentiated cells to ensure tissue integrity [RNA-seq]	PRJNA703543		L3				L3 seamcell	unknown_from_provided_metadata	WBcel235_by_chromosome_header_validation	unknown_from_provided_metadata	unknown_from_provided_metadata	unknown	C	False	22044522	1124270622	True	2a1b5fa57b9160d93c0c2ca7fa194e1b	624751066	624751066	ftp.sra.ebi.ac.uk/vol1/fastq/SRR137/064/SRR13757764/SRR13757764.fastq.gz	False	0		success		source_reported_pending_harmonization	False	awaiting_uniform_reprocessing_signal_unit_unknown
rna_seq:SRR13757765	sharepoint_2026-07-13_new439	SRR13757765	SRX10144510	SAMN18021517	SRS8297537	PRJNA703543	SRP307349	GSE167167	34737442	shared/sharepoint_2026-07-13/training_input_bigwig/SRR13757765.bw	21225617	18b5c46516e49cbc67ff7c0f34e71577d106be26a206faaf2b3bf8662f17821b	True	True	Caenorhabditis elegans	mutated	mutated		L3 seamcell	L3		RNA-Seq	TRANSCRIPTOMIC	cDNA	SINGLE	51	derived_from_ENA_base_count_read_count_layout	unknown		unknown	H3K9me blocks transcription factor activity in differentiated cells to ensure tissue integrity [RNA-seq]	PRJNA703543		L3				L3 seamcell	unknown_from_provided_metadata	WBcel235_by_chromosome_header_validation	unknown_from_provided_metadata	unknown_from_provided_metadata	unknown	C	False	22055662	1124838762	True	74d737ead8e852e7685a17727ce86281	625544412	625544412	ftp.sra.ebi.ac.uk/vol1/fastq/SRR137/065/SRR13757765/SRR13757765.fastq.gz	False	0		success		source_reported_pending_harmonization	False	awaiting_uniform_reprocessing_signal_unit_unknown
rna_seq:SRR13757766	sharepoint_2026-07-13_new439	SRR13757766	SRX10144511	SAMN18021516	SRS8297538	PRJNA703543	SRP307349	GSE167167	34737442	shared/sharepoint_2026-07-13/training_input_bigwig/SRR13757766.bw	29443901	64e1e940ef9a58746d73d7d14f14d82f4880cc6fb5492db7ec86789ab61fff19	True	True	Caenorhabditis elegans	mutated	mutated		L3 seamcell	L3		RNA-Seq	TRANSCRIPTOMIC	cDNA	SINGLE	51	derived_from_ENA_base_count_read_count_layout	unknown		unknown	H3K9me blocks transcription factor activity in differentiated cells to ensure tissue integrity [RNA-seq]	PRJNA703543		L3				L3 seamcell	unknown_from_provided_metadata	WBcel235_by_chromosome_header_validation	unknown_from_provided_metadata	unknown_from_provided_metadata	unknown	C	False	24621073	1255674723	True	df7c37d2a1ee244aa44a15eee21b2ffe	664865744	664865744	ftp.sra.ebi.ac.uk/vol1/fastq/SRR137/066/SRR13757766/SRR13757766.fastq.gz	False	0		success		source_reported_pending_harmonization	False	awaiting_uniform_reprocessing_signal_unit_unknown
rna_seq:SRR13757767	sharepoint_2026-07-13_new439	SRR13757767	SRX10144511	SAMN18021516	SRS8297538	PRJNA703543	SRP307349	GSE167167	34737442	shared/sharepoint_2026-07-13/training_input_bigwig/SRR13757767.bw	29433356	ead49f0f6a0aa928afa87d8c738fb33813e231ea73acc15f08ad5f0498615948	True	True	Caenorhabditis elegans	mutated	mutated		L3 seamcell	L3		RNA-Seq	TRANSCRIPTOMIC	cDNA	SINGLE	51	derived_from_ENA_base_count_read_count_layout	unknown		unknown	H3K9me blocks transcription factor activity in differentiated cells to ensure tissue integrity [RNA-seq]	PRJNA703543		L3				L3 seamcell	unknown_from_provided_metadata	WBcel235_by_chromosome_header_validation	unknown_from_provided_metadata	unknown_from_provided_metadata	unknown	C	False	24577919	1253473869	True	173a6ca88c27d3bea7c0472c1bbed4fe	666507148	666507148	ftp.sra.ebi.ac.uk/vol1/fastq/SRR137/067/SRR13757767/SRR13757767.fastq.gz	False	0		success		source_reported_pending_harmonization	False	awaiting_uniform_reprocessing_signal_unit_unknown
rna_seq:SRR13757768	sharepoint_2026-07-13_new439	SRR13757768	SRX10144512	SAMN18021515	SRS8297539	PRJNA703543	SRP307349	GSE167167	34737442	shared/sharepoint_2026-07-13/training_input_bigwig/SRR13757768.bw	25517459	8daf543f986812f8973e8f49fe36b3990131ee849316ccb91b724011c7bcd85a	True	True	Caenorhabditis elegans	mutated	mutated		L3 seamcell	L3		RNA-Seq	TRANSCRIPTOMIC	cDNA	SINGLE	51	derived_from_ENA_base_count_read_count_layout	unknown		unknown	H3K9me blocks transcription factor activity in differentiated cells to ensure tissue integrity [RNA-seq]	PRJNA703543		L3				L3 seamcell	unknown_from_provided_metadata	WBcel235_by_chromosome_header_validation	unknown_from_provided_metadata	unknown_from_provided_metadata	unknown	C	False	24572109	1253177559	True	290be592330acae7e670c03467e97564	643701458	643701458	ftp.sra.ebi.ac.uk/vol1/fastq/SRR137/068/SRR13757768/SRR13757768.fastq.gz	False	0		success		source_reported_pending_harmonization	False	awaiting_uniform_reprocessing_signal_unit_unknown
rna_seq:SRR13757769	sharepoint_2026-07-13_new439	SRR13757769	SRX10144512	SAMN18021515	SRS8297539	PRJNA703543	SRP307349	GSE167167	34737442	shared/sharepoint_2026-07-13/training_input_bigwig/SRR13757769.bw	25511443	21dd6f5613299733fd49f48a0627f0e5b798ad1f0166986d0ee7e88145cec839	True	True	Caenorhabditis elegans	mutated	mutated		L3 seamcell	L3		RNA-Seq	TRANSCRIPTOMIC	cDNA	SINGLE	51	derived_from_ENA_base_count_read_count_layout	unknown		unknown	H3K9me blocks transcription factor activity in differentiated cells to ensure tissue integrity [RNA-seq]	PRJNA703543		L3				L3 seamcell	unknown_from_provided_metadata	WBcel235_by_chromosome_header_validation	unknown_from_provided_metadata	unknown_from_provided_metadata	unknown	C	False	24524537	1250751387	True	66c7cddba40cc1af677fc6725e02468a	645453962	645453962	ftp.sra.ebi.ac.uk/vol1/fastq/SRR137/069/SRR13757769/SRR13757769.fastq.gz	False	0		success		source_reported_pending_harmonization	False	awaiting_uniform_reprocessing_signal_unit_unknown
rna_seq:SRR13757770	sharepoint_2026-07-13_new439	SRR13757770	SRX10144513	SAMN18021514	SRS8297540	PRJNA703543	SRP307349	GSE167167	34737442	shared/sharepoint_2026-07-13/training_input_bigwig/SRR13757770.bw	26659064	fc13bf3a0e975b5fcd59b3623b14886678199b2e8562620b8ea3a3ab60974d60	True	True	Caenorhabditis elegans	mutated	mutated		L3 body wall muscle	L3		RNA-Seq	TRANSCRIPTOMIC	cDNA	SINGLE	51	derived_from_ENA_base_count_read_count_layout	unknown		unknown	H3K9me blocks transcription factor activity in differentiated cells to ensure tissue integrity [RNA-seq]	PRJNA703543		L3				L3 body wall muscle	unknown_from_provided_metadata	WBcel235_by_chromosome_header_validation	unknown_from_provided_metadata	unknown_from_provided_metadata	unknown	C	False	44223510	2255399010	True	e4a52f710500e485eb584454eb04f309	1261799295	1261799295	ftp.sra.ebi.ac.uk/vol1/fastq/SRR137/070/SRR13757770/SRR13757770.fastq.gz	False	0		success		source_reported_pending_harmonization	False	awaiting_uniform_reprocessing_signal_unit_unknown
rna_seq:SRR13757771	sharepoint_2026-07-13_new439	SRR13757771	SRX10144514	SAMN18021513	SRS8297541	PRJNA703543	SRP307349	GSE167167	34737442	shared/sharepoint_2026-07-13/training_input_bigwig/SRR13757771.bw	30205076	19a951c11129b4b7f41caafea21fe66f9b79f2e6d71ac5c2dcdb05088911f469	True	True	Caenorhabditis elegans	mutated	mutated		L3 body wall muscle	L3		RNA-Seq	TRANSCRIPTOMIC	cDNA	SINGLE	51	derived_from_ENA_base_count_read_count_layout	unknown		unknown	H3K9me blocks transcription factor activity in differentiated cells to ensure tissue integrity [RNA-seq]	PRJNA703543		L3				L3 body wall muscle	unknown_from_provided_metadata	WBcel235_by_chromosome_header_validation	unknown_from_provided_metadata	unknown_from_provided_metadata	unknown	C	False	49590246	2529102546	True	8d235856ea4ae846d531fa8bba20b938	1324804739	1324804739	ftp.sra.ebi.ac.uk/vol1/fastq/SRR137/071/SRR13757771/SRR13757771.fastq.gz	False	0		success		source_reported_pending_harmonization	False	awaiting_uniform_reprocessing_signal_unit_unknown
rna_seq:SRR13757772	sharepoint_2026-07-13_new439	SRR13757772	SRX10144515	SAMN18021512	SRS8297542	PRJNA703543	SRP307349	GSE167167	34737442	shared/sharepoint_2026-07-13/training_input_bigwig/SRR13757772.bw	31033397	e7bc3afb4d6eaa3a9c4c83ab718379a545948bc101adf199476791d14adf927c	True	True	Caenorhabditis elegans	mutated+treated	mutated+treated		L3 body wall muscle	L3		RNA-Seq	TRANSCRIPTOMIC	cDNA	SINGLE	51	derived_from_ENA_base_count_read_count_layout	unknown		unknown	H3K9me blocks transcription factor activity in differentiated cells to ensure tissue integrity [RNA-seq]	PRJNA703543		L3				L3 body wall muscle	unknown_from_provided_metadata	WBcel235_by_chromosome_header_validation	unknown_from_provided_metadata	unknown_from_provided_metadata	unknown	C	False	49717417	2535588267	True	729dd4aa54b5314b8338efb1c179193e	1332803880	1332803880	ftp.sra.ebi.ac.uk/vol1/fastq/SRR137/072/SRR13757772/SRR13757772.fastq.gz	False	0		success		source_reported_pending_harmonization	False	awaiting_uniform_reprocessing_signal_unit_unknown
rna_seq:SRR13757773	sharepoint_2026-07-13_new439	SRR13757773	SRX10144516	SAMN18021511	SRS8297543	PRJNA703543	SRP307349	GSE167167	34737442	shared/sharepoint_2026-07-13/training_input_bigwig/SRR13757773.bw	21057132	e2fe233b9f6e069a535382ffb0974a1c8592062edd61f8467ed5bb241d1491a1	True	True	Caenorhabditis elegans	mutated+treated	mutated+treated		L3 body wall muscle	L3		RNA-Seq	TRANSCRIPTOMIC	cDNA	SINGLE	51	derived_from_ENA_base_count_read_count_layout	unknown		unknown	H3K9me blocks transcription factor activity in differentiated cells to ensure tissue integrity [RNA-seq]	PRJNA703543		L3				L3 body wall muscle	unknown_from_provided_metadata	WBcel235_by_chromosome_header_validation	unknown_from_provided_metadata	unknown_from_provided_metadata	unknown	C	False	25351210	1292911710	True	5eb39619578649dd4156e309e22aeee0	946501926	946501926	ftp.sra.ebi.ac.uk/vol1/fastq/SRR137/073/SRR13757773/SRR13757773.fastq.gz	False	0		success		source_reported_pending_harmonization	False	awaiting_uniform_reprocessing_signal_unit_unknown
rna_seq:SRR13964554	sharepoint_2026-07-13_new439	SRR13964554	SRX10342559	SAMN18313039	SRS8461755	PRJNA714608	SRP310676	GSE168924	35102319	shared/sharepoint_2026-07-13/training_input_bigwig/SRR13964554.bw	58293040	8422277939b1a41f7c44fe783d293e2204b0bd157984178aad42c268d6929180	True	True	Caenorhabditis elegans	N2 (Bristol)	WT		early embryo	Embryo		RNA-Seq	TRANSCRIPTOMIC	cDNA	SINGLE	51	derived_from_ENA_base_count_read_count_layout	unknown		unknown	A structural role for histone methyltransferase MET-2 represses transcription independent of H3K9me catalysis [RNA-seq]	PRJNA714608		Embryo				early embryo	unknown_from_provided_metadata	WBcel235_by_chromosome_header_validation	unknown_from_provided_metadata	unknown_from_provided_metadata	unknown	C	False	90275346	4604042646	True	7e8254135ffbbe03cadd842f3cba1f47	2737337580	2737337580	ftp.sra.ebi.ac.uk/vol1/fastq/SRR139/054/SRR13964554/SRR13964554.fastq.gz	False	0		success		source_reported_pending_harmonization	False	awaiting_uniform_reprocessing_signal_unit_unknown
rna_seq:SRR13964555	sharepoint_2026-07-13_new439	SRR13964555	SRX10342560	SAMN18313038	SRS8461756	PRJNA714608	SRP310676	GSE168924	35102319	shared/sharepoint_2026-07-13/training_input_bigwig/SRR13964555.bw	50110355	886da97271d0fe93ba8e57d526eca4da580563b89f502358b3fae2356507c768	True	True	Caenorhabditis elegans	N2 (Bristol)	WT		early embryo	Embryo		RNA-Seq	TRANSCRIPTOMIC	cDNA	SINGLE	51	derived_from_ENA_base_count_read_count_layout	unknown		unknown	A structural role for histone methyltransferase MET-2 represses transcription independent of H3K9me catalysis [RNA-seq]	PRJNA714608		Embryo				early embryo	unknown_from_provided_metadata	WBcel235_by_chromosome_header_validation	unknown_from_provided_metadata	unknown_from_provided_metadata	unknown	C	False	73390372	3742908972	True	3f1a76a81bbb14840954e81715d201e3	2223130098	2223130098	ftp.sra.ebi.ac.uk/vol1/fastq/SRR139/055/SRR13964555/SRR13964555.fastq.gz	False	0		success		source_reported_pending_harmonization	False	awaiting_uniform_reprocessing_signal_unit_unknown
rna_seq:SRR13964556	sharepoint_2026-07-13_new439	SRR13964556	SRX10342546	SAMN18313037	SRS8461742	PRJNA714608	SRP310676	GSE168924	35102319	shared/sharepoint_2026-07-13/training_input_bigwig/SRR13964556.bw	50223295	a26ae684bf43d13f33579bdb476a5361bc204802b74baea89fd28a52a01fa7e1	True	True	Caenorhabditis elegans	N2 (Bristol)	WT		early embryo	Embryo		RNA-Seq	TRANSCRIPTOMIC	cDNA	SINGLE	51	derived_from_ENA_base_count_read_count_layout	unknown		unknown	A structural role for histone methyltransferase MET-2 represses transcription independent of H3K9me catalysis [RNA-seq]	PRJNA714608		Embryo				early embryo	unknown_from_provided_metadata	WBcel235_by_chromosome_header_validation	unknown_from_provided_metadata	unknown_from_provided_metadata	unknown	C	False	71468591	3644898141	True	8f478540d908d5ff29d50e502cca037d	2174655019	2174655019	ftp.sra.ebi.ac.uk/vol1/fastq/SRR139/056/SRR13964556/SRR13964556.fastq.gz	False	0		success		source_reported_pending_harmonization	False	awaiting_uniform_reprocessing_signal_unit_unknown
rna_seq:SRR13964557	sharepoint_2026-07-13_new439	SRR13964557	SRX10342547	SAMN18313036	SRS8461743	PRJNA714608	SRP310676	GSE168924	35102319	shared/sharepoint_2026-07-13/training_input_bigwig/SRR13964557.bw	43247713	d09303a534490d7b3f0ffc260d12a719c900053917de880828dc3814a89b29a9	True	True	Caenorhabditis elegans	N2 (Bristol)	treated		early embryo	Embryo		RNA-Seq	TRANSCRIPTOMIC	cDNA	SINGLE	51	derived_from_ENA_base_count_read_count_layout	unknown		unknown	A structural role for histone methyltransferase MET-2 represses transcription independent of H3K9me catalysis [RNA-seq]	PRJNA714608		Embryo				early embryo	unknown_from_provided_metadata	WBcel235_by_chromosome_header_validation	unknown_from_provided_metadata	unknown_from_provided_metadata	unknown	C	False	23567981	1201967031	True	1152bf4bdd60e644e35e41c9f71de0f4	734251839	734251839	ftp.sra.ebi.ac.uk/vol1/fastq/SRR139/057/SRR13964557/SRR13964557.fastq.gz	False	0		success		source_reported_pending_harmonization	False	awaiting_uniform_reprocessing_signal_unit_unknown
rna_seq:SRR13964558	sharepoint_2026-07-13_new439	SRR13964558	SRX10342547	SAMN18313036	SRS8461743	PRJNA714608	SRP310676	GSE168924	35102319	shared/sharepoint_2026-07-13/training_input_bigwig/SRR13964558.bw	43237214	6ab8c4f6a53ad2c2ffd8e89da6e8913e1997952175b33790ee552a677d6befc3	True	True	Caenorhabditis elegans	N2 (Bristol)	treated		early embryo	Embryo		RNA-Seq	TRANSCRIPTOMIC	cDNA	SINGLE	51	derived_from_ENA_base_count_read_count_layout	unknown		unknown	A structural role for histone methyltransferase MET-2 represses transcription independent of H3K9me catalysis [RNA-seq]	PRJNA714608		Embryo				early embryo	unknown_from_provided_metadata	WBcel235_by_chromosome_header_validation	unknown_from_provided_metadata	unknown_from_provided_metadata	unknown	C	False	23559228	1201520628	True	f36f15aa20fd8082c902f324ac14668e	733748099	733748099	ftp.sra.ebi.ac.uk/vol1/fastq/SRR139/058/SRR13964558/SRR13964558.fastq.gz	False	0		success		source_reported_pending_harmonization	False	awaiting_uniform_reprocessing_signal_unit_unknown
rna_seq:SRR13964559	sharepoint_2026-07-13_new439	SRR13964559	SRX10342548	SAMN18313035	SRS8461744	PRJNA714608	SRP310676	GSE168924	35102319	shared/sharepoint_2026-07-13/training_input_bigwig/SRR13964559.bw	42032174	91e016973cafff86dcadeb9200cdbe28f50bac12055a45fc3b3eaec526c0802d	True	True	Caenorhabditis elegans	N2 (Bristol)	treated		early embryo	Embryo		RNA-Seq	TRANSCRIPTOMIC	cDNA	SINGLE	51	derived_from_ENA_base_count_read_count_layout	unknown		unknown	A structural role for histone methyltransferase MET-2 represses transcription independent of H3K9me catalysis [RNA-seq]	PRJNA714608		Embryo				early embryo	unknown_from_provided_metadata	WBcel235_by_chromosome_header_validation	unknown_from_provided_metadata	unknown_from_provided_metadata	unknown	C	False	23379906	1192375206	True	437d0f141e3e5da45ec7f7b6fe3c27dc	726663050	726663050	ftp.sra.ebi.ac.uk/vol1/fastq/SRR139/059/SRR13964559/SRR13964559.fastq.gz	False	0		success		source_reported_pending_harmonization	False	awaiting_uniform_reprocessing_signal_unit_unknown
rna_seq:SRR13964560	sharepoint_2026-07-13_new439	SRR13964560	SRX10342548	SAMN18313035	SRS8461744	PRJNA714608	SRP310676	GSE168924	35102319	shared/sharepoint_2026-07-13/training_input_bigwig/SRR13964560.bw	42006149	885fb2c54031c6bcb8e5394a2e3bd5e68bdf1a89edf3531b49fbd9f9f0894466	True	True	Caenorhabditis elegans	N2 (Bristol)	treated		early embryo	Embryo		RNA-Seq	TRANSCRIPTOMIC	cDNA	SINGLE	51	derived_from_ENA_base_count_read_count_layout	unknown		unknown	A structural role for histone methyltransferase MET-2 represses transcription independent of H3K9me catalysis [RNA-seq]	PRJNA714608		Embryo				early embryo	unknown_from_provided_metadata	WBcel235_by_chromosome_header_validation	unknown_from_provided_metadata	unknown_from_provided_metadata	unknown	C	False	23347667	1190731017	True	6be27494b60234786ea298a00f7aeea1	725397175	725397175	ftp.sra.ebi.ac.uk/vol1/fastq/SRR139/060/SRR13964560/SRR13964560.fastq.gz	False	0		success		source_reported_pending_harmonization	False	awaiting_uniform_reprocessing_signal_unit_unknown
rna_seq:SRR13964561	sharepoint_2026-07-13_new439	SRR13964561	SRX10342549	SAMN18313034	SRS8461745	PRJNA714608	SRP310676	GSE168924	35102319	shared/sharepoint_2026-07-13/training_input_bigwig/SRR13964561.bw	41497612	acadedc0579ce43cad10cd1871f364e8c709e9e582581afefe7a126d0c0d2da0	True	True	Caenorhabditis elegans	N2 (Bristol)	treated		early embryo	Embryo		RNA-Seq	TRANSCRIPTOMIC	cDNA	SINGLE	51	derived_from_ENA_base_count_read_count_layout	unknown		unknown	A structural role for histone methyltransferase MET-2 represses transcription independent of H3K9me catalysis [RNA-seq]	PRJNA714608		Embryo				early embryo	unknown_from_provided_metadata	WBcel235_by_chromosome_header_validation	unknown_from_provided_metadata	unknown_from_provided_metadata	unknown	C	False	21115063	1076868213	True	222aaea540e554e5d014f56f3af3686b	664412732	664412732	ftp.sra.ebi.ac.uk/vol1/fastq/SRR139/061/SRR13964561/SRR13964561.fastq.gz	False	0		success		source_reported_pending_harmonization	False	awaiting_uniform_reprocessing_signal_unit_unknown
rna_seq:SRR13964562	sharepoint_2026-07-13_new439	SRR13964562	SRX10342549	SAMN18313034	SRS8461745	PRJNA714608	SRP310676	GSE168924	35102319	shared/sharepoint_2026-07-13/training_input_bigwig/SRR13964562.bw	41478118	00256ead4ee69dc822f7917923107bd540a870cc8a5e0f5dc88eae55ad0f327f	True	True	Caenorhabditis elegans	N2 (Bristol)	treated		early embryo	Embryo		RNA-Seq	TRANSCRIPTOMIC	cDNA	SINGLE	51	derived_from_ENA_base_count_read_count_layout	unknown		unknown	A structural role for histone methyltransferase MET-2 represses transcription independent of H3K9me catalysis [RNA-seq]	PRJNA714608		Embryo				early embryo	unknown_from_provided_metadata	WBcel235_by_chromosome_header_validation	unknown_from_provided_metadata	unknown_from_provided_metadata	unknown	C	False	21092681	1075726731	True	71bc2dbd59e432661feedfb74d6d1cc2	663473612	663473612	ftp.sra.ebi.ac.uk/vol1/fastq/SRR139/062/SRR13964562/SRR13964562.fastq.gz	False	0		success		source_reported_pending_harmonization	False	awaiting_uniform_reprocessing_signal_unit_unknown
rna_seq:SRR13964563	sharepoint_2026-07-13_new439	SRR13964563	SRX10342550	SAMN18313033	SRS8461746	PRJNA714608	SRP310676	GSE168924	35102319	shared/sharepoint_2026-07-13/training_input_bigwig/SRR13964563.bw	38212016	970fd179305137973fc211793f44040586ec6e1732008313cf5a10d14fd12039	True	True	Caenorhabditis elegans	met-2(n4256) III	mutated		early embryo	Embryo		RNA-Seq	TRANSCRIPTOMIC	cDNA	SINGLE	51	derived_from_ENA_base_count_read_count_layout	unknown		unknown	A structural role for histone methyltransferase MET-2 represses transcription independent of H3K9me catalysis [RNA-seq]	PRJNA714608		Embryo				early embryo	unknown_from_provided_metadata	WBcel235_by_chromosome_header_validation	unknown_from_provided_metadata	unknown_from_provided_metadata	unknown	C	False	20327363	1036695513	True	d8e7b253121d4f33333820ce78d8da79	637729312	637729312	ftp.sra.ebi.ac.uk/vol1/fastq/SRR139/063/SRR13964563/SRR13964563.fastq.gz	False	0		success		source_reported_pending_harmonization	False	awaiting_uniform_reprocessing_signal_unit_unknown
rna_seq:SRR13964564	sharepoint_2026-07-13_new439	SRR13964564	SRX10342550	SAMN18313033	SRS8461746	PRJNA714608	SRP310676	GSE168924	35102319	shared/sharepoint_2026-07-13/training_input_bigwig/SRR13964564.bw	38184128	17874c0ef6fea8c544d5f761d89c336d421f4a697354bb10e8c68238df6171ad	True	True	Caenorhabditis elegans	met-2(n4256) III	mutated		early embryo	Embryo		RNA-Seq	TRANSCRIPTOMIC	cDNA	SINGLE	51	derived_from_ENA_base_count_read_count_layout	unknown		unknown	A structural role for histone methyltransferase MET-2 represses transcription independent of H3K9me catalysis [RNA-seq]	PRJNA714608		Embryo				early embryo	unknown_from_provided_metadata	WBcel235_by_chromosome_header_validation	unknown_from_provided_metadata	unknown_from_provided_metadata	unknown	C	False	20288137	1034694987	True	527b7f05d1ec630add57e0259d880ae2	636385647	636385647	ftp.sra.ebi.ac.uk/vol1/fastq/SRR139/064/SRR13964564/SRR13964564.fastq.gz	False	0		success		source_reported_pending_harmonization	False	awaiting_uniform_reprocessing_signal_unit_unknown
rna_seq:SRR13964565	sharepoint_2026-07-13_new439	SRR13964565	SRX10342551	SAMN18313032	SRS8461747	PRJNA714608	SRP310676	GSE168924	35102319	shared/sharepoint_2026-07-13/training_input_bigwig/SRR13964565.bw	38004164	f465fc2095c9d8a0a08698580372f41947b5a11afc3b76be5eb669a37721f4c0	True	True	Caenorhabditis elegans	met-2(n4256) III	mutated		early embryo	Embryo		RNA-Seq	TRANSCRIPTOMIC	cDNA	SINGLE	51	derived_from_ENA_base_count_read_count_layout	unknown		unknown	A structural role for histone methyltransferase MET-2 represses transcription independent of H3K9me catalysis [RNA-seq]	PRJNA714608		Embryo				early embryo	unknown_from_provided_metadata	WBcel235_by_chromosome_header_validation	unknown_from_provided_metadata	unknown_from_provided_metadata	unknown	C	False	20523614	1046704314	True	3d0c20fe0515d1bb72b46d1c1f4d23f1	645831167	645831167	ftp.sra.ebi.ac.uk/vol1/fastq/SRR139/065/SRR13964565/SRR13964565.fastq.gz	False	0		success		source_reported_pending_harmonization	False	awaiting_uniform_reprocessing_signal_unit_unknown
rna_seq:SRR13964566	sharepoint_2026-07-13_new439	SRR13964566	SRX10342551	SAMN18313032	SRS8461747	PRJNA714608	SRP310676	GSE168924	35102319	shared/sharepoint_2026-07-13/training_input_bigwig/SRR13964566.bw	37994319	a010c045a04c6f8f51826f4f8889c1d11c3857ef6b0629ecbba35e387f5c5e2a	True	True	Caenorhabditis elegans	met-2(n4256) III	mutated		early embryo	Embryo		RNA-Seq	TRANSCRIPTOMIC	cDNA	SINGLE	51	derived_from_ENA_base_count_read_count_layout	unknown		unknown	A structural role for histone methyltransferase MET-2 represses transcription independent of H3K9me catalysis [RNA-seq]	PRJNA714608		Embryo				early embryo	unknown_from_provided_metadata	WBcel235_by_chromosome_header_validation	unknown_from_provided_metadata	unknown_from_provided_metadata	unknown	C	False	20502586	1045631886	True	8160be18f854834de58249e531a34503	644846916	644846916	ftp.sra.ebi.ac.uk/vol1/fastq/SRR139/066/SRR13964566/SRR13964566.fastq.gz	False	0		success		source_reported_pending_harmonization	False	awaiting_uniform_reprocessing_signal_unit_unknown
rna_seq:SRR13964567	sharepoint_2026-07-13_new439	SRR13964567	SRX10342552	SAMN18313031	SRS8461749	PRJNA714608	SRP310676	GSE168924	35102319	shared/sharepoint_2026-07-13/training_input_bigwig/SRR13964567.bw	33513903	96bdf9ea7f0f868dc90115e96d00870edb565b6be6cc5950ead3faefbde8f507	True	True	Caenorhabditis elegans	met-2(n4256) III	mutated		early embryo	Embryo		RNA-Seq	TRANSCRIPTOMIC	cDNA	SINGLE	51	derived_from_ENA_base_count_read_count_layout	unknown		unknown	A structural role for histone methyltransferase MET-2 represses transcription independent of H3K9me catalysis [RNA-seq]	PRJNA714608		Embryo				early embryo	unknown_from_provided_metadata	WBcel235_by_chromosome_header_validation	unknown_from_provided_metadata	unknown_from_provided_metadata	unknown	C	False	19983192	1019142792	True	2fe5a848d275762e6f1fa56457ca9c71	593716788	593716788	ftp.sra.ebi.ac.uk/vol1/fastq/SRR139/067/SRR13964567/SRR13964567.fastq.gz	False	0		success		source_reported_pending_harmonization	False	awaiting_uniform_reprocessing_signal_unit_unknown
rna_seq:SRR13964568	sharepoint_2026-07-13_new439	SRR13964568	SRX10342552	SAMN18313031	SRS8461749	PRJNA714608	SRP310676	GSE168924	35102319	shared/sharepoint_2026-07-13/training_input_bigwig/SRR13964568.bw	33461655	9fbca89db945c87e6f52d0380dfde835b4e26ef7293156ef94d9d553861c0227	True	True	Caenorhabditis elegans	met-2(n4256) III	mutated		early embryo	Embryo		RNA-Seq	TRANSCRIPTOMIC	cDNA	SINGLE	51	derived_from_ENA_base_count_read_count_layout	unknown		unknown	A structural role for histone methyltransferase MET-2 represses transcription independent of H3K9me catalysis [RNA-seq]	PRJNA714608		Embryo				early embryo	unknown_from_provided_metadata	WBcel235_by_chromosome_header_validation	unknown_from_provided_metadata	unknown_from_provided_metadata	unknown	C	False	19965264	1018228464	True	e0de46064d1e1b87e3e4e0c9cf2e0308	593038831	593038831	ftp.sra.ebi.ac.uk/vol1/fastq/SRR139/068/SRR13964568/SRR13964568.fastq.gz	False	0		success		source_reported_pending_harmonization	False	awaiting_uniform_reprocessing_signal_unit_unknown
rna_seq:SRR13964569	sharepoint_2026-07-13_new439	SRR13964569	SRX10342553	SAMN18313030	SRS8461748	PRJNA714608	SRP310676	GSE168924	35102319	shared/sharepoint_2026-07-13/training_input_bigwig/SRR13964569.bw	33243011	2547b3cd408012b80e343078320810ff53dfb7241cd3abe1d34ab26fbb285e1e	True	True	Caenorhabditis elegans	met-2(n4256) III	mutated+treated		early embryo	Embryo		RNA-Seq	TRANSCRIPTOMIC	cDNA	SINGLE	51	derived_from_ENA_base_count_read_count_layout	unknown		unknown	A structural role for histone methyltransferase MET-2 represses transcription independent of H3K9me catalysis [RNA-seq]	PRJNA714608		Embryo				early embryo	unknown_from_provided_metadata	WBcel235_by_chromosome_header_validation	unknown_from_provided_metadata	unknown_from_provided_metadata	unknown	C	False	18316350	934133850	True	e48dcfc587a1e59d8f8a8813de4351d1	554110479	554110479	ftp.sra.ebi.ac.uk/vol1/fastq/SRR139/069/SRR13964569/SRR13964569.fastq.gz	False	0		success		source_reported_pending_harmonization	False	awaiting_uniform_reprocessing_signal_unit_unknown
rna_seq:SRR13964570	sharepoint_2026-07-13_new439	SRR13964570	SRX10342553	SAMN18313030	SRS8461748	PRJNA714608	SRP310676	GSE168924	35102319	shared/sharepoint_2026-07-13/training_input_bigwig/SRR13964570.bw	33245971	9340499ded82a3781c088262bc0fb9403aeb712cb0c6ae48f5520cb1966f142d	True	True	Caenorhabditis elegans	met-2(n4256) III	mutated+treated		early embryo	Embryo		RNA-Seq	TRANSCRIPTOMIC	cDNA	SINGLE	51	derived_from_ENA_base_count_read_count_layout	unknown		unknown	A structural role for histone methyltransferase MET-2 represses transcription independent of H3K9me catalysis [RNA-seq]	PRJNA714608		Embryo				early embryo	unknown_from_provided_metadata	WBcel235_by_chromosome_header_validation	unknown_from_provided_metadata	unknown_from_provided_metadata	unknown	C	False	18310432	933832032	True	9f1352d6e4d89a8d4d3114573877cdc9	553866392	553866392	ftp.sra.ebi.ac.uk/vol1/fastq/SRR139/070/SRR13964570/SRR13964570.fastq.gz	False	0		success		source_reported_pending_harmonization	False	awaiting_uniform_reprocessing_signal_unit_unknown
rna_seq:SRR13964571	sharepoint_2026-07-13_new439	SRR13964571	SRX10342554	SAMN18313029	SRS8461750	PRJNA714608	SRP310676	GSE168924	35102319	shared/sharepoint_2026-07-13/training_input_bigwig/SRR13964571.bw	36044772	9477c1246b0aefcfdf413f4f7034bfb53995435cb2d8e857199dda7b224137c4	True	True	Caenorhabditis elegans	met-2(n4256) III	mutated+treated		early embryo	Embryo		RNA-Seq	TRANSCRIPTOMIC	cDNA	SINGLE	51	derived_from_ENA_base_count_read_count_layout	unknown		unknown	A structural role for histone methyltransferase MET-2 represses transcription independent of H3K9me catalysis [RNA-seq]	PRJNA714608		Embryo				early embryo	unknown_from_provided_metadata	WBcel235_by_chromosome_header_validation	unknown_from_provided_metadata	unknown_from_provided_metadata	unknown	C	False	20040470	1022063970	True	b111774e4cd07fdf154c6273e6e367e2	613439466	613439466	ftp.sra.ebi.ac.uk/vol1/fastq/SRR139/071/SRR13964571/SRR13964571.fastq.gz	False	0		success		source_reported_pending_harmonization	False	awaiting_uniform_reprocessing_signal_unit_unknown
rna_seq:SRR13964572	sharepoint_2026-07-13_new439	SRR13964572	SRX10342554	SAMN18313029	SRS8461750	PRJNA714608	SRP310676	GSE168924	35102319	shared/sharepoint_2026-07-13/training_input_bigwig/SRR13964572.bw	36038524	89c219796d2cfd41b98d72817e87c0e361ea9e14799dd02a788407a8c82d4fe5	True	True	Caenorhabditis elegans	met-2(n4256) III	mutated+treated		early embryo	Embryo		RNA-Seq	TRANSCRIPTOMIC	cDNA	SINGLE	51	derived_from_ENA_base_count_read_count_layout	unknown		unknown	A structural role for histone methyltransferase MET-2 represses transcription independent of H3K9me catalysis [RNA-seq]	PRJNA714608		Embryo				early embryo	unknown_from_provided_metadata	WBcel235_by_chromosome_header_validation	unknown_from_provided_metadata	unknown_from_provided_metadata	unknown	C	False	20031573	1021610223	True	9e7dce1fbec31a1951ddeecac61c3dc7	613018464	613018464	ftp.sra.ebi.ac.uk/vol1/fastq/SRR139/072/SRR13964572/SRR13964572.fastq.gz	False	0		success		source_reported_pending_harmonization	False	awaiting_uniform_reprocessing_signal_unit_unknown
rna_seq:SRR13964573	sharepoint_2026-07-13_new439	SRR13964573	SRX10342555	SAMN18313028	SRS8461751	PRJNA714608	SRP310676	GSE168924	35102319	shared/sharepoint_2026-07-13/training_input_bigwig/SRR13964573.bw	30847262	b0c6248a8b4c9b395e987e0780e03b3f794ab654a486c6fc75a3dc7edbfc8403	True	True	Caenorhabditis elegans	met-2(n4256) III	mutated+treated		early embryo	Embryo		RNA-Seq	TRANSCRIPTOMIC	cDNA	SINGLE	51	derived_from_ENA_base_count_read_count_layout	unknown		unknown	A structural role for histone methyltransferase MET-2 represses transcription independent of H3K9me catalysis [RNA-seq]	PRJNA714608		Embryo				early embryo	unknown_from_provided_metadata	WBcel235_by_chromosome_header_validation	unknown_from_provided_metadata	unknown_from_provided_metadata	unknown	C	False	20943294	1068107994	True	bb55b270292f059007ebdfd5932a92b6	595465680	595465680	ftp.sra.ebi.ac.uk/vol1/fastq/SRR139/073/SRR13964573/SRR13964573.fastq.gz	False	0		success		source_reported_pending_harmonization	False	awaiting_uniform_reprocessing_signal_unit_unknown
rna_seq:SRR13964574	sharepoint_2026-07-13_new439	SRR13964574	SRX10342555	SAMN18313028	SRS8461751	PRJNA714608	SRP310676	GSE168924	35102319	shared/sharepoint_2026-07-13/training_input_bigwig/SRR13964574.bw	30848157	73df99e9ecda06264bf2f75a17c38033a9c5ad19cad55ee80e5f32e52fe5407e	True	True	Caenorhabditis elegans	met-2(n4256) III	mutated+treated		early embryo	Embryo		RNA-Seq	TRANSCRIPTOMIC	cDNA	SINGLE	51	derived_from_ENA_base_count_read_count_layout	unknown		unknown	A structural role for histone methyltransferase MET-2 represses transcription independent of H3K9me catalysis [RNA-seq]	PRJNA714608		Embryo				early embryo	unknown_from_provided_metadata	WBcel235_by_chromosome_header_validation	unknown_from_provided_metadata	unknown_from_provided_metadata	unknown	C	False	20914847	1066657197	True	d0eadc0dbdb1a425e67a77ae09aef49a	594535109	594535109	ftp.sra.ebi.ac.uk/vol1/fastq/SRR139/074/SRR13964574/SRR13964574.fastq.gz	False	0		success		source_reported_pending_harmonization	False	awaiting_uniform_reprocessing_signal_unit_unknown
rna_seq:SRR13964575	sharepoint_2026-07-13_new439	SRR13964575	SRX10342556	SAMN18313027	SRS8461752	PRJNA714608	SRP310676	GSE168924	35102319	shared/sharepoint_2026-07-13/training_input_bigwig/SRR13964575.bw	32672596	bb252687be7225148beda1e62bf2dfd3598af2f233438cdd53d88cdf4fa776e0	True	True	Caenorhabditis elegans	met-2(gw1660) III	mutated		early embryo	Embryo		RNA-Seq	TRANSCRIPTOMIC	cDNA	SINGLE	51	derived_from_ENA_base_count_read_count_layout	unknown		unknown	A structural role for histone methyltransferase MET-2 represses transcription independent of H3K9me catalysis [RNA-seq]	PRJNA714608		Embryo				early embryo	unknown_from_provided_metadata	WBcel235_by_chromosome_header_validation	unknown_from_provided_metadata	unknown_from_provided_metadata	unknown	C	False	19055807	971846157	True	1381ee59260f0a8ef30d1980da422841	613784654	613784654	ftp.sra.ebi.ac.uk/vol1/fastq/SRR139/075/SRR13964575/SRR13964575.fastq.gz	False	0		success		source_reported_pending_harmonization	False	awaiting_uniform_reprocessing_signal_unit_unknown
rna_seq:SRR13964576	sharepoint_2026-07-13_new439	SRR13964576	SRX10342556	SAMN18313027	SRS8461752	PRJNA714608	SRP310676	GSE168924	35102319	shared/sharepoint_2026-07-13/training_input_bigwig/SRR13964576.bw	32644236	0c9e5811051683aa0b1e290866c142be45a93d100f1c8c68ce23eb0ee25ce767	True	True	Caenorhabditis elegans	met-2(gw1660) III	mutated		early embryo	Embryo		RNA-Seq	TRANSCRIPTOMIC	cDNA	SINGLE	51	derived_from_ENA_base_count_read_count_layout	unknown		unknown	A structural role for histone methyltransferase MET-2 represses transcription independent of H3K9me catalysis [RNA-seq]	PRJNA714608		Embryo				early embryo	unknown_from_provided_metadata	WBcel235_by_chromosome_header_validation	unknown_from_provided_metadata	unknown_from_provided_metadata	unknown	C	False	19011201	969571251	True	79f428f46af1f2a861e366d867a4fb16	612045866	612045866	ftp.sra.ebi.ac.uk/vol1/fastq/SRR139/076/SRR13964576/SRR13964576.fastq.gz	False	0		success		source_reported_pending_harmonization	False	awaiting_uniform_reprocessing_signal_unit_unknown
rna_seq:SRR13964577	sharepoint_2026-07-13_new439	SRR13964577	SRX10342556	SAMN18313027	SRS8461752	PRJNA714608	SRP310676	GSE168924	35102319	shared/sharepoint_2026-07-13/training_input_bigwig/SRR13964577.bw	30114667	3a3a59133dffba1adceebe083a6ff4fb521241c5533765638dc725a8e377c72e	True	True	Caenorhabditis elegans	met-2(gw1660) III	mutated		early embryo	Embryo		RNA-Seq	TRANSCRIPTOMIC	cDNA	SINGLE	51	derived_from_ENA_base_count_read_count_layout	unknown		unknown	A structural role for histone methyltransferase MET-2 represses transcription independent of H3K9me catalysis [RNA-seq]	PRJNA714608		Embryo				early embryo	unknown_from_provided_metadata	WBcel235_by_chromosome_header_validation	unknown_from_provided_metadata	unknown_from_provided_metadata	unknown	C	False	19282227	983393577	True	6ee007c3fd81f37457b136c77fc44bd1	590762807	590762807	ftp.sra.ebi.ac.uk/vol1/fastq/SRR139/077/SRR13964577/SRR13964577.fastq.gz	False	0		success		source_reported_pending_harmonization	False	awaiting_uniform_reprocessing_signal_unit_unknown
rna_seq:SRR13964578	sharepoint_2026-07-13_new439	SRR13964578	SRX10342556	SAMN18313027	SRS8461752	PRJNA714608	SRP310676	GSE168924	35102319	shared/sharepoint_2026-07-13/training_input_bigwig/SRR13964578.bw	30115756	2657a6acbb1467665bdbee84131931e18294ef216353168fd4dd62c3c4fc449f	True	True	Caenorhabditis elegans	met-2(gw1660) III	mutated		early embryo	Embryo		RNA-Seq	TRANSCRIPTOMIC	cDNA	SINGLE	51	derived_from_ENA_base_count_read_count_layout	unknown		unknown	A structural role for histone methyltransferase MET-2 represses transcription independent of H3K9me catalysis [RNA-seq]	PRJNA714608		Embryo				early embryo	unknown_from_provided_metadata	WBcel235_by_chromosome_header_validation	unknown_from_provided_metadata	unknown_from_provided_metadata	unknown	C	False	19296304	984111504	True	97c7ac9c83557a4762e60ef1fdb2ad20	594169566	594169566	ftp.sra.ebi.ac.uk/vol1/fastq/SRR139/078/SRR13964578/SRR13964578.fastq.gz	False	0		success		source_reported_pending_harmonization	False	awaiting_uniform_reprocessing_signal_unit_unknown
rna_seq:SRR13964579	sharepoint_2026-07-13_new439	SRR13964579	SRX10342557	SAMN18313026	SRS8461753	PRJNA714608	SRP310676	GSE168924	35102319	shared/sharepoint_2026-07-13/training_input_bigwig/SRR13964579.bw	36391169	bb9cfb3398738c6ab4d6ccb5931eafd9fcd73eb01b821c277631a48395239917	True	True	Caenorhabditis elegans	met-2(gw1660) III	mutated		early embryo	Embryo		RNA-Seq	TRANSCRIPTOMIC	cDNA	SINGLE	51	derived_from_ENA_base_count_read_count_layout	unknown		unknown	A structural role for histone methyltransferase MET-2 represses transcription independent of H3K9me catalysis [RNA-seq]	PRJNA714608		Embryo				early embryo	unknown_from_provided_metadata	WBcel235_by_chromosome_header_validation	unknown_from_provided_metadata	unknown_from_provided_metadata	unknown	C	False	20371547	1038948897	True	be395cc59a56b0b5461980475f06757d	667076277	667076277	ftp.sra.ebi.ac.uk/vol1/fastq/SRR139/079/SRR13964579/SRR13964579.fastq.gz	False	0		success		source_reported_pending_harmonization	False	awaiting_uniform_reprocessing_signal_unit_unknown
rna_seq:SRR13964580	sharepoint_2026-07-13_new439	SRR13964580	SRX10342557	SAMN18313026	SRS8461753	PRJNA714608	SRP310676	GSE168924	35102319	shared/sharepoint_2026-07-13/training_input_bigwig/SRR13964580.bw	36377495	33469a72fe0dfdd7125fdbdb7782f7bfde27a1e7f074be01a452b8e88ae17ab9	True	True	Caenorhabditis elegans	met-2(gw1660) III	mutated		early embryo	Embryo		RNA-Seq	TRANSCRIPTOMIC	cDNA	SINGLE	51	derived_from_ENA_base_count_read_count_layout	unknown		unknown	A structural role for histone methyltransferase MET-2 represses transcription independent of H3K9me catalysis [RNA-seq]	PRJNA714608		Embryo				early embryo	unknown_from_provided_metadata	WBcel235_by_chromosome_header_validation	unknown_from_provided_metadata	unknown_from_provided_metadata	unknown	C	False	20340660	1037373660	True	38d63047cad823cfa7b5019d1f2dd9d4	665989090	665989090	ftp.sra.ebi.ac.uk/vol1/fastq/SRR139/080/SRR13964580/SRR13964580.fastq.gz	False	0		success		source_reported_pending_harmonization	False	awaiting_uniform_reprocessing_signal_unit_unknown
rna_seq:SRR13964581	sharepoint_2026-07-13_new439	SRR13964581	SRX10342557	SAMN18313026	SRS8461753	PRJNA714608	SRP310676	GSE168924	35102319	shared/sharepoint_2026-07-13/training_input_bigwig/SRR13964581.bw	35610937	3933f405ba156619322a5c58a2311b8d4baa9ca780903948efdc5cd2db09c1a5	True	True	Caenorhabditis elegans	met-2(gw1660) III	mutated		early embryo	Embryo		RNA-Seq	TRANSCRIPTOMIC	cDNA	SINGLE	51	derived_from_ENA_base_count_read_count_layout	unknown		unknown	A structural role for histone methyltransferase MET-2 represses transcription independent of H3K9me catalysis [RNA-seq]	PRJNA714608		Embryo				early embryo	unknown_from_provided_metadata	WBcel235_by_chromosome_header_validation	unknown_from_provided_metadata	unknown_from_provided_metadata	unknown	C	False	18642596	950772396	True	c9cdab41ef9285a747719bf6f94e3469	624657514	624657514	ftp.sra.ebi.ac.uk/vol1/fastq/SRR139/081/SRR13964581/SRR13964581.fastq.gz	False	0		success		source_reported_pending_harmonization	False	awaiting_uniform_reprocessing_signal_unit_unknown
rna_seq:SRR13964582	sharepoint_2026-07-13_new439	SRR13964582	SRX10342557	SAMN18313026	SRS8461753	PRJNA714608	SRP310676	GSE168924	35102319	shared/sharepoint_2026-07-13/training_input_bigwig/SRR13964582.bw	35621784	670cbafb32e27d5c3dcf7e44f0d0b3fb07a2cd1cf9d328e9065461a5cb954ab7	True	True	Caenorhabditis elegans	met-2(gw1660) III	mutated		early embryo	Embryo		RNA-Seq	TRANSCRIPTOMIC	cDNA	SINGLE	51	derived_from_ENA_base_count_read_count_layout	unknown		unknown	A structural role for histone methyltransferase MET-2 represses transcription independent of H3K9me catalysis [RNA-seq]	PRJNA714608		Embryo				early embryo	unknown_from_provided_metadata	WBcel235_by_chromosome_header_validation	unknown_from_provided_metadata	unknown_from_provided_metadata	unknown	C	False	18660767	951699117	True	a04b8dd163b714d0f3658e862f2683c0	627536277	627536277	ftp.sra.ebi.ac.uk/vol1/fastq/SRR139/082/SRR13964582/SRR13964582.fastq.gz	False	0		success		source_reported_pending_harmonization	False	awaiting_uniform_reprocessing_signal_unit_unknown
rna_seq:SRR13964583	sharepoint_2026-07-13_new439	SRR13964583	SRX10342558	SAMN18313025	SRS8461754	PRJNA714608	SRP310676	GSE168924	35102319	shared/sharepoint_2026-07-13/training_input_bigwig/SRR13964583.bw	36622116	a117bc7c1c821becf220f88098f8ba91dcc23efdbd14a41d4bb7b5671aa5d342	True	True	Caenorhabditis elegans	met-2(gw1660) III	mutated		early embryo	Embryo		RNA-Seq	TRANSCRIPTOMIC	cDNA	SINGLE	51	derived_from_ENA_base_count_read_count_layout	unknown		unknown	A structural role for histone methyltransferase MET-2 represses transcription independent of H3K9me catalysis [RNA-seq]	PRJNA714608		Embryo				early embryo	unknown_from_provided_metadata	WBcel235_by_chromosome_header_validation	unknown_from_provided_metadata	unknown_from_provided_metadata	unknown	C	False	19452395	992072145	True	eb713513b1d7458d2875249f652ca03d	634880032	634880032	ftp.sra.ebi.ac.uk/vol1/fastq/SRR139/083/SRR13964583/SRR13964583.fastq.gz	False	0		success		source_reported_pending_harmonization	False	awaiting_uniform_reprocessing_signal_unit_unknown
rna_seq:SRR13964584	sharepoint_2026-07-13_new439	SRR13964584	SRX10342558	SAMN18313025	SRS8461754	PRJNA714608	SRP310676	GSE168924	35102319	shared/sharepoint_2026-07-13/training_input_bigwig/SRR13964584.bw	36606969	e69c07fc255cf1c34dc51f84a6df0ee2f7fc44c1ef388b897418e16b799824f5	True	True	Caenorhabditis elegans	met-2(gw1660) III	mutated		early embryo	Embryo		RNA-Seq	TRANSCRIPTOMIC	cDNA	SINGLE	51	derived_from_ENA_base_count_read_count_layout	unknown		unknown	A structural role for histone methyltransferase MET-2 represses transcription independent of H3K9me catalysis [RNA-seq]	PRJNA714608		Embryo				early embryo	unknown_from_provided_metadata	WBcel235_by_chromosome_header_validation	unknown_from_provided_metadata	unknown_from_provided_metadata	unknown	C	False	19392925	989039175	True	f1845184f9625e548e5ba0e908173ebf	633027461	633027461	ftp.sra.ebi.ac.uk/vol1/fastq/SRR139/084/SRR13964584/SRR13964584.fastq.gz	False	0		success		source_reported_pending_harmonization	False	awaiting_uniform_reprocessing_signal_unit_unknown
rna_seq:SRR13964585	sharepoint_2026-07-13_new439	SRR13964585	SRX10342558	SAMN18313025	SRS8461754	PRJNA714608	SRP310676	GSE168924	35102319	shared/sharepoint_2026-07-13/training_input_bigwig/SRR13964585.bw	37962886	308db19abc6b06f3bbfedcdba9df9411c62e8a7f7618694125697c5ad10d8fa6	True	True	Caenorhabditis elegans	met-2(gw1660) III	mutated		early embryo	Embryo		RNA-Seq	TRANSCRIPTOMIC	cDNA	SINGLE	51	derived_from_ENA_base_count_read_count_layout	unknown		unknown	A structural role for histone methyltransferase MET-2 represses transcription independent of H3K9me catalysis [RNA-seq]	PRJNA714608		Embryo				early embryo	unknown_from_provided_metadata	WBcel235_by_chromosome_header_validation	unknown_from_provided_metadata	unknown_from_provided_metadata	unknown	C	False	19906017	1015206867	True	153c53f354c85cbd4d41429596f67443	664124201	664124201	ftp.sra.ebi.ac.uk/vol1/fastq/SRR139/085/SRR13964585/SRR13964585.fastq.gz	False	0		success		source_reported_pending_harmonization	False	awaiting_uniform_reprocessing_signal_unit_unknown
rna_seq:SRR13964586	sharepoint_2026-07-13_new439	SRR13964586	SRX10342558	SAMN18313025	SRS8461754	PRJNA714608	SRP310676	GSE168924	35102319	shared/sharepoint_2026-07-13/training_input_bigwig/SRR13964586.bw	37993661	117911227ff6399a36680c0cf153cf6fa8780607c22075685913bb9b9a851163	True	True	Caenorhabditis elegans	met-2(gw1660) III	mutated		early embryo	Embryo		RNA-Seq	TRANSCRIPTOMIC	cDNA	SINGLE	51	derived_from_ENA_base_count_read_count_layout	unknown		unknown	A structural role for histone methyltransferase MET-2 represses transcription independent of H3K9me catalysis [RNA-seq]	PRJNA714608		Embryo				early embryo	unknown_from_provided_metadata	WBcel235_by_chromosome_header_validation	unknown_from_provided_metadata	unknown_from_provided_metadata	unknown	C	False	19930618	1016461518	True	af4715ab45bef19066275d3bee28ec5f	667252490	667252490	ftp.sra.ebi.ac.uk/vol1/fastq/SRR139/086/SRR13964586/SRR13964586.fastq.gz	False	0		success		source_reported_pending_harmonization	False	awaiting_uniform_reprocessing_signal_unit_unknown
rna_seq:SRR14191081	sharepoint_2026-07-13_new439	SRR14191081	SRX10558032	SAMN18675570	SRS8664532	PRJNA720677	SRP314086	GSE171733	35476978	shared/sharepoint_2026-07-13/training_input_bigwig/SRR14191081.bw	18753010	8514ed1212ab3988b8d01b695e2dc930b8e86a7077647fe9a8659236d248644f	True	True	Caenorhabditis elegans	lin-41(tn1541)	mutated			L4		RNA-Seq	TRANSCRIPTOMIC	cDNA	SINGLE	74.4862	derived_from_ENA_base_count_read_count_layout	unknown		unknown	Critical contribution of 3' non-seed base pairing to the in vivo function of the evolutionarily conserved let-7a microRNA [RNA-seq]	PRJNA720677		L4		mid L4			unknown_from_provided_metadata	WBcel235_by_chromosome_header_validation	unknown_from_provided_metadata	unknown_from_provided_metadata	unknown	C	False	35214672	2623007931	True	f96f171b4cf73d46044d8c5b0805bbc0	972868373	972868373	ftp.sra.ebi.ac.uk/vol1/fastq/SRR141/081/SRR14191081/SRR14191081.fastq.gz	False	0		success		source_reported_pending_harmonization	False	awaiting_uniform_reprocessing_signal_unit_unknown
rna_seq:SRR14191082	sharepoint_2026-07-13_new439	SRR14191082	SRX10558033	SAMN18675569	SRS8664533	PRJNA720677	SRP314086	GSE171733	35476978	shared/sharepoint_2026-07-13/training_input_bigwig/SRR14191082.bw	21210564	4e9fd159ba206ea8e9f47fa50fbb9581e903e4bbab4674c6ce4656798aec1d53	True	True	Caenorhabditis elegans	lin-41(tn1541)	mutated			L4		RNA-Seq	TRANSCRIPTOMIC	cDNA	SINGLE	74.3981	derived_from_ENA_base_count_read_count_layout	unknown		unknown	Critical contribution of 3' non-seed base pairing to the in vivo function of the evolutionarily conserved let-7a microRNA [RNA-seq]	PRJNA720677		L4		mid L4			unknown_from_provided_metadata	WBcel235_by_chromosome_header_validation	unknown_from_provided_metadata	unknown_from_provided_metadata	unknown	C	False	37320646	2776586159	True	42f9a109c9ef194fe102a78b2bce0892	1044216655	1044216655	ftp.sra.ebi.ac.uk/vol1/fastq/SRR141/082/SRR14191082/SRR14191082.fastq.gz	False	0		success		source_reported_pending_harmonization	False	awaiting_uniform_reprocessing_signal_unit_unknown
rna_seq:SRR14191083	sharepoint_2026-07-13_new439	SRR14191083	SRX10558034	SAMN18675568	SRS8664534	PRJNA720677	SRP314086	GSE171733	35476978	shared/sharepoint_2026-07-13/training_input_bigwig/SRR14191083.bw	12309127	9f713cf59c19c32f422639e9222523cea8013adc32db39869680df22418a01dd	True	True	Caenorhabditis elegans	lin-41(tn1541)	mutated			L4		RNA-Seq	TRANSCRIPTOMIC	cDNA	SINGLE	74.446	derived_from_ENA_base_count_read_count_layout	unknown		unknown	Critical contribution of 3' non-seed base pairing to the in vivo function of the evolutionarily conserved let-7a microRNA [RNA-seq]	PRJNA720677		L4		mid L4			unknown_from_provided_metadata	WBcel235_by_chromosome_header_validation	unknown_from_provided_metadata	unknown_from_provided_metadata	unknown	C	False	31778765	2365800381	True	7267a438c8a0640a955b09b5423f0ef5	853005572	853005572	ftp.sra.ebi.ac.uk/vol1/fastq/SRR141/083/SRR14191083/SRR14191083.fastq.gz	False	0		success		source_reported_pending_harmonization	False	awaiting_uniform_reprocessing_signal_unit_unknown
rna_seq:SRR14191084	sharepoint_2026-07-13_new439	SRR14191084	SRX10558035	SAMN18675567	SRS8664535	PRJNA720677	SRP314086	GSE171733	35476978	shared/sharepoint_2026-07-13/training_input_bigwig/SRR14191084.bw	18914631	73d3137ee741720d796a290b836844709dbb8930e5629dc80199d86f2fffa2e3	True	True	Caenorhabditis elegans	lin-41(tn1541ma480);let-7(ma432)	mutated			L4		RNA-Seq	TRANSCRIPTOMIC	cDNA	SINGLE	74.4064	derived_from_ENA_base_count_read_count_layout	unknown		unknown	Critical contribution of 3' non-seed base pairing to the in vivo function of the evolutionarily conserved let-7a microRNA [RNA-seq]	PRJNA720677		L4		mid L4			unknown_from_provided_metadata	WBcel235_by_chromosome_header_validation	unknown_from_provided_metadata	unknown_from_provided_metadata	unknown	C	False	33241342	2473368358	True	5e61e5ebc4d23868886dbf84a606cc78	934452396	934452396	ftp.sra.ebi.ac.uk/vol1/fastq/SRR141/084/SRR14191084/SRR14191084.fastq.gz	False	0		success		source_reported_pending_harmonization	False	awaiting_uniform_reprocessing_signal_unit_unknown
rna_seq:SRR14191085	sharepoint_2026-07-13_new439	SRR14191085	SRX10558036	SAMN18675566	SRS8664536	PRJNA720677	SRP314086	GSE171733	35476978	shared/sharepoint_2026-07-13/training_input_bigwig/SRR14191085.bw	16419100	29b5d04fdbda1824a85af49da3e5e0c25546fd39566c207b13816b375f2e669d	True	True	Caenorhabditis elegans	lin-41(tn1541ma480);let-7(ma432)	mutated			L4		RNA-Seq	TRANSCRIPTOMIC	cDNA	SINGLE	74.3936	derived_from_ENA_base_count_read_count_layout	unknown		unknown	Critical contribution of 3' non-seed base pairing to the in vivo function of the evolutionarily conserved let-7a microRNA [RNA-seq]	PRJNA720677		L4		mid L4			unknown_from_provided_metadata	WBcel235_by_chromosome_header_validation	unknown_from_provided_metadata	unknown_from_provided_metadata	unknown	C	False	29677112	2207788469	True	8e98c933f6fc1eacd846856f9e60cc15	818656654	818656654	ftp.sra.ebi.ac.uk/vol1/fastq/SRR141/085/SRR14191085/SRR14191085.fastq.gz	False	0		success		source_reported_pending_harmonization	False	awaiting_uniform_reprocessing_signal_unit_unknown
rna_seq:SRR14191086	sharepoint_2026-07-13_new439	SRR14191086	SRX10558037	SAMN18675565	SRS8664537	PRJNA720677	SRP314086	GSE171733	35476978	shared/sharepoint_2026-07-13/training_input_bigwig/SRR14191086.bw	17354716	4d511331eeefc102715cf527f3240156c30c668f052ea9b369f701858881de44	True	True	Caenorhabditis elegans	lin-41(tn1541ma480);let-7(ma432)	mutated			L4		RNA-Seq	TRANSCRIPTOMIC	cDNA	SINGLE	74.5093	derived_from_ENA_base_count_read_count_layout	unknown		unknown	Critical contribution of 3' non-seed base pairing to the in vivo function of the evolutionarily conserved let-7a microRNA [RNA-seq]	PRJNA720677		L4		mid L4			unknown_from_provided_metadata	WBcel235_by_chromosome_header_validation	unknown_from_provided_metadata	unknown_from_provided_metadata	unknown	C	False	33050052	2462537300	True	6bffda6dabc71897a1f42f918ab260ac	912152157	912152157	ftp.sra.ebi.ac.uk/vol1/fastq/SRR141/086/SRR14191086/SRR14191086.fastq.gz	False	0		success		source_reported_pending_harmonization	False	awaiting_uniform_reprocessing_signal_unit_unknown
rna_seq:SRR14191087	sharepoint_2026-07-13_new439	SRR14191087	SRX10558038	SAMN18675564	SRS8664538	PRJNA720677	SRP314086	GSE171733	35476978	shared/sharepoint_2026-07-13/training_input_bigwig/SRR14191087.bw	21158722	6c5743a3f05d6e1df91cd49ebf5617b16fe255f9b12b1b09d305a235b6615d6e	True	True	Caenorhabditis elegans	maIs105	WT			L4		RNA-Seq	TRANSCRIPTOMIC	cDNA	SINGLE	74.462	derived_from_ENA_base_count_read_count_layout	unknown		unknown	Critical contribution of 3' non-seed base pairing to the in vivo function of the evolutionarily conserved let-7a microRNA [RNA-seq]	PRJNA720677		L4		mid L4			unknown_from_provided_metadata	WBcel235_by_chromosome_header_validation	unknown_from_provided_metadata	unknown_from_provided_metadata	unknown	C	False	32268851	2402802273	True	12f1cd678ab6a1ecc64fd564bf2ca035	925756839	925756839	ftp.sra.ebi.ac.uk/vol1/fastq/SRR141/087/SRR14191087/SRR14191087.fastq.gz	False	0		success		source_reported_pending_harmonization	False	awaiting_uniform_reprocessing_signal_unit_unknown
rna_seq:SRR14191088	sharepoint_2026-07-13_new439	SRR14191088	SRX10558039	SAMN18675563	SRS8664540	PRJNA720677	SRP314086	GSE171733	35476978	shared/sharepoint_2026-07-13/training_input_bigwig/SRR14191088.bw	20499605	83ea4a8751f1232a8a7691440c5492e3cb374d11d3239fd323c0b3ada2e52d18	True	True	Caenorhabditis elegans	maIs105	WT			L4		RNA-Seq	TRANSCRIPTOMIC	cDNA	SINGLE	74.3811	derived_from_ENA_base_count_read_count_layout	unknown		unknown	Critical contribution of 3' non-seed base pairing to the in vivo function of the evolutionarily conserved let-7a microRNA [RNA-seq]	PRJNA720677		L4		mid L4			unknown_from_provided_metadata	WBcel235_by_chromosome_header_validation	unknown_from_provided_metadata	unknown_from_provided_metadata	unknown	C	False	31108099	2313855242	True	3e438d4572f36eead2c0f7c9f79de2e1	889041649	889041649	ftp.sra.ebi.ac.uk/vol1/fastq/SRR141/088/SRR14191088/SRR14191088.fastq.gz	False	0		success		source_reported_pending_harmonization	False	awaiting_uniform_reprocessing_signal_unit_unknown
rna_seq:SRR14191089	sharepoint_2026-07-13_new439	SRR14191089	SRX10558040	SAMN18675562	SRS8664539	PRJNA720677	SRP314086	GSE171733	35476978	shared/sharepoint_2026-07-13/training_input_bigwig/SRR14191089.bw	25951121	1a83b2b9ab9bc5cbd53427b01f1bb21cb44f155c2f0cd898b1942a69173104e6	True	True	Caenorhabditis elegans	maIs105	WT			L4		RNA-Seq	TRANSCRIPTOMIC	cDNA	SINGLE	74.3808	derived_from_ENA_base_count_read_count_layout	unknown		unknown	Critical contribution of 3' non-seed base pairing to the in vivo function of the evolutionarily conserved let-7a microRNA [RNA-seq]	PRJNA720677		L4		mid L4			unknown_from_provided_metadata	WBcel235_by_chromosome_header_validation	unknown_from_provided_metadata	unknown_from_provided_metadata	unknown	C	False	44135117	3282804572	True	3ff273357adb0687974b52d5692f5ba1	1269644467	1269644467	ftp.sra.ebi.ac.uk/vol1/fastq/SRR141/089/SRR14191089/SRR14191089.fastq.gz	False	0		success		source_reported_pending_harmonization	False	awaiting_uniform_reprocessing_signal_unit_unknown
rna_seq:SRR14191090	sharepoint_2026-07-13_new439	SRR14191090	SRX10558041	SAMN18675561	SRS8664541	PRJNA720677	SRP314086	GSE171733	35476978	shared/sharepoint_2026-07-13/training_input_bigwig/SRR14191090.bw	21031248	836ca1b890e4df81fb785f49349deb1b48ca3ea59a8e6b78492bd07b91da854b	True	True	Caenorhabditis elegans	maIs105;let-7(ma435)	mutated			L4		RNA-Seq	TRANSCRIPTOMIC	cDNA	SINGLE	74.324	derived_from_ENA_base_count_read_count_layout	unknown		unknown	Critical contribution of 3' non-seed base pairing to the in vivo function of the evolutionarily conserved let-7a microRNA [RNA-seq]	PRJNA720677		L4		mid L4			unknown_from_provided_metadata	WBcel235_by_chromosome_header_validation	unknown_from_provided_metadata	unknown_from_provided_metadata	unknown	C	False	37050010	2753706625	True	08521957edc7a0f01427f241c761c645	1053218207	1053218207	ftp.sra.ebi.ac.uk/vol1/fastq/SRR141/090/SRR14191090/SRR14191090.fastq.gz	False	0		success		source_reported_pending_harmonization	False	awaiting_uniform_reprocessing_signal_unit_unknown
rna_seq:SRR14191091	sharepoint_2026-07-13_new439	SRR14191091	SRX10558042	SAMN18675560	SRS8664542	PRJNA720677	SRP314086	GSE171733	35476978	shared/sharepoint_2026-07-13/training_input_bigwig/SRR14191091.bw	19043716	e8e41d61b02c2f041927399687e1916f30e9a95bb74497566fc056478640f26c	True	True	Caenorhabditis elegans	maIs105;let-7(ma435)	mutated			L4		RNA-Seq	TRANSCRIPTOMIC	cDNA	SINGLE	74.5432	derived_from_ENA_base_count_read_count_layout	unknown		unknown	Critical contribution of 3' non-seed base pairing to the in vivo function of the evolutionarily conserved let-7a microRNA [RNA-seq]	PRJNA720677		L4		mid L4			unknown_from_provided_metadata	WBcel235_by_chromosome_header_validation	unknown_from_provided_metadata	unknown_from_provided_metadata	unknown	C	False	28523993	2126270588	True	00341d208aa4f4667cdbb98fd12bd1bf	833198651	833198651	ftp.sra.ebi.ac.uk/vol1/fastq/SRR141/091/SRR14191091/SRR14191091.fastq.gz	False	0		success		source_reported_pending_harmonization	False	awaiting_uniform_reprocessing_signal_unit_unknown
rna_seq:SRR14191092	sharepoint_2026-07-13_new439	SRR14191092	SRX10558043	SAMN18675559	SRS8664543	PRJNA720677	SRP314086	GSE171733	35476978	shared/sharepoint_2026-07-13/training_input_bigwig/SRR14191092.bw	25318106	ff0b4429ed47823cc556f278dba2f1b7d971152c6a7fe34dcbf069d6c5a5bcb5	True	True	Caenorhabditis elegans	maIs105;let-7(ma435)	mutated			L4		RNA-Seq	TRANSCRIPTOMIC	cDNA	SINGLE	74.3351	derived_from_ENA_base_count_read_count_layout	unknown		unknown	Critical contribution of 3' non-seed base pairing to the in vivo function of the evolutionarily conserved let-7a microRNA [RNA-seq]	PRJNA720677		L4		mid L4			unknown_from_provided_metadata	WBcel235_by_chromosome_header_validation	unknown_from_provided_metadata	unknown_from_provided_metadata	unknown	C	False	32465447	2413321118	True	6e3710c85aef5ab8ddd00957e8d5f44c	972173820	972173820	ftp.sra.ebi.ac.uk/vol1/fastq/SRR141/092/SRR14191092/SRR14191092.fastq.gz	False	0		success		source_reported_pending_harmonization	False	awaiting_uniform_reprocessing_signal_unit_unknown
rna_seq:SRR14701359	sharepoint_2026-07-13_new439	SRR14701359	SRX11039405	SAMN19488777	SRS9108684	PRJNA734302	SRP322151	GSE175918	34544019	shared/sharepoint_2026-07-13/training_input_bigwig/SRR14701359.bw	71945434	940663b0dfdc85a0a6a7f59545375ade1cd6d3b960c93ee04931015d449fe1c6	True	True	Caenorhabditis elegans	treated	treated			Young Adult		RNA-Seq	TRANSCRIPTOMIC	cDNA	PAIRED	151	derived_from_ENA_base_count_read_count_layout	unknown		unknown	A deleterious impact on the C. elegans fertility over generation after a chronic exposure to ionizing irradiation: A multigenerational transcriptomic evidence	PRJNA734302		Young Adult					unknown_from_provided_metadata	WBcel235_by_chromosome_header_validation	unknown_from_provided_metadata	unknown_from_provided_metadata	unknown	C	False	52860204	15963781608	True	b7f4c6cea3677890b3f2f2dfedae3df8;7e0a50513574c2d944aa407d58a531cf	4471886770;4840496946	9312383716	ftp.sra.ebi.ac.uk/vol1/fastq/SRR147/059/SRR14701359/SRR14701359_1.fastq.gz;ftp.sra.ebi.ac.uk/vol1/fastq/SRR147/059/SRR14701359/SRR14701359_2.fastq.gz	False	0		success		source_reported_pending_harmonization	False	awaiting_uniform_reprocessing_signal_unit_unknown
rna_seq:SRR14701360	sharepoint_2026-07-13_new439	SRR14701360	SRX11039406	SAMN19488776	SRS9108683	PRJNA734302	SRP322151	GSE175918	34544019	shared/sharepoint_2026-07-13/training_input_bigwig/SRR14701360.bw	66434449	7f146d0a38901d85298665a6b733904f31ea85d46c92d56541c2d5e83ca81b7b	True	True	Caenorhabditis elegans	treated	treated			Young Adult		RNA-Seq	TRANSCRIPTOMIC	cDNA	PAIRED	151	derived_from_ENA_base_count_read_count_layout	unknown		unknown	A deleterious impact on the C. elegans fertility over generation after a chronic exposure to ionizing irradiation: A multigenerational transcriptomic evidence	PRJNA734302		Young Adult					unknown_from_provided_metadata	WBcel235_by_chromosome_header_validation	unknown_from_provided_metadata	unknown_from_provided_metadata	unknown	C	False	42333475	12784709450	True	9eed27835eca536c2766a9e519ade636;5e5f47e6bcff6de9937cb8cc2d37da32	3679378263;3994340902	7673719165	ftp.sra.ebi.ac.uk/vol1/fastq/SRR147/060/SRR14701360/SRR14701360_1.fastq.gz;ftp.sra.ebi.ac.uk/vol1/fastq/SRR147/060/SRR14701360/SRR14701360_2.fastq.gz	False	0		success		source_reported_pending_harmonization	False	awaiting_uniform_reprocessing_signal_unit_unknown
rna_seq:SRR14701361	sharepoint_2026-07-13_new439	SRR14701361	SRX11039407	SAMN19488775	SRS9108685	PRJNA734302	SRP322151	GSE175918	34544019	shared/sharepoint_2026-07-13/training_input_bigwig/SRR14701361.bw	73846436	1184c282284eed95d098aa9c1cad5395bd8a63f36b9c1002045ddab31164aea1	True	True	Caenorhabditis elegans	treated	treated			Young Adult		RNA-Seq	TRANSCRIPTOMIC	cDNA	PAIRED	151	derived_from_ENA_base_count_read_count_layout	unknown		unknown	A deleterious impact on the C. elegans fertility over generation after a chronic exposure to ionizing irradiation: A multigenerational transcriptomic evidence	PRJNA734302		Young Adult					unknown_from_provided_metadata	WBcel235_by_chromosome_header_validation	unknown_from_provided_metadata	unknown_from_provided_metadata	unknown	C	False	57216114	17279266428	True	4f10c8b4d6a1385a5d7a36cdf70fcbe0;9e72b0150247da5b33288fd5058698ee	4866345560;5294167571	10160513131	ftp.sra.ebi.ac.uk/vol1/fastq/SRR147/061/SRR14701361/SRR14701361_1.fastq.gz;ftp.sra.ebi.ac.uk/vol1/fastq/SRR147/061/SRR14701361/SRR14701361_2.fastq.gz	False	0		success		source_reported_pending_harmonization	False	awaiting_uniform_reprocessing_signal_unit_unknown
rna_seq:SRR14701362	sharepoint_2026-07-13_new439	SRR14701362	SRX11039408	SAMN19488774	SRS9108686	PRJNA734302	SRP322151	GSE175918	34544019	shared/sharepoint_2026-07-13/training_input_bigwig/SRR14701362.bw	68200406	39b283d8639aba95d24888d30798a4e6b78fd87060dbb7b1b2a4bbb9368d7bec	True	True	Caenorhabditis elegans	WT	WT			Young Adult		RNA-Seq	TRANSCRIPTOMIC	cDNA	PAIRED	151	derived_from_ENA_base_count_read_count_layout	unknown		unknown	A deleterious impact on the C. elegans fertility over generation after a chronic exposure to ionizing irradiation: A multigenerational transcriptomic evidence	PRJNA734302		Young Adult					unknown_from_provided_metadata	WBcel235_by_chromosome_header_validation	unknown_from_provided_metadata	unknown_from_provided_metadata	unknown	C	False	45908041	13864228382	True	510610a8caa7d289001a817660901eed;606b33afbd5adf5a72ef6db23b19241d	3851453962;4243424630	8094878592	ftp.sra.ebi.ac.uk/vol1/fastq/SRR147/062/SRR14701362/SRR14701362_1.fastq.gz;ftp.sra.ebi.ac.uk/vol1/fastq/SRR147/062/SRR14701362/SRR14701362_2.fastq.gz	False	0		success		source_reported_pending_harmonization	False	awaiting_uniform_reprocessing_signal_unit_unknown
rna_seq:SRR14701363	sharepoint_2026-07-13_new439	SRR14701363	SRX11039409	SAMN19488773	SRS9108687	PRJNA734302	SRP322151	GSE175918	34544019	shared/sharepoint_2026-07-13/training_input_bigwig/SRR14701363.bw	72194938	035b4ec3e85a6f3fac0c27a0d2c9223daa5dd7ecf96ca028b12d5e1b3e6e242f	True	True	Caenorhabditis elegans	WT	WT			Young Adult		RNA-Seq	TRANSCRIPTOMIC	cDNA	PAIRED	151	derived_from_ENA_base_count_read_count_layout	unknown		unknown	A deleterious impact on the C. elegans fertility over generation after a chronic exposure to ionizing irradiation: A multigenerational transcriptomic evidence	PRJNA734302		Young Adult					unknown_from_provided_metadata	WBcel235_by_chromosome_header_validation	unknown_from_provided_metadata	unknown_from_provided_metadata	unknown	C	False	52387545	15821038590	True	b6418bb3601c397b7717feb7f822689e;354f6b6acea2b6b8ba581ebf83edce15	4459993985;4931037068	9391031053	ftp.sra.ebi.ac.uk/vol1/fastq/SRR147/063/SRR14701363/SRR14701363_1.fastq.gz;ftp.sra.ebi.ac.uk/vol1/fastq/SRR147/063/SRR14701363/SRR14701363_2.fastq.gz	False	0		success		source_reported_pending_harmonization	False	awaiting_uniform_reprocessing_signal_unit_unknown
rna_seq:SRR14701364	sharepoint_2026-07-13_new439	SRR14701364	SRX11039410	SAMN19488772	SRS9108688	PRJNA734302	SRP322151	GSE175918	34544019	shared/sharepoint_2026-07-13/training_input_bigwig/SRR14701364.bw	66653659	f886a28ead56f0ca88da4d79cbc8056ba5f51044101f7e6dd468b2dc4e63065e	True	True	Caenorhabditis elegans	WT	WT			Young Adult		RNA-Seq	TRANSCRIPTOMIC	cDNA	PAIRED	151	derived_from_ENA_base_count_read_count_layout	unknown		unknown	A deleterious impact on the C. elegans fertility over generation after a chronic exposure to ionizing irradiation: A multigenerational transcriptomic evidence	PRJNA734302		Young Adult					unknown_from_provided_metadata	WBcel235_by_chromosome_header_validation	unknown_from_provided_metadata	unknown_from_provided_metadata	unknown	C	False	43330395	13085779290	True	158c25217fbe19c552e3b0a81dba11e5;2bdea3d2b21497cf94faaf6476c7f32a	3627216891;3962736816	7589953707	ftp.sra.ebi.ac.uk/vol1/fastq/SRR147/064/SRR14701364/SRR14701364_1.fastq.gz;ftp.sra.ebi.ac.uk/vol1/fastq/SRR147/064/SRR14701364/SRR14701364_2.fastq.gz	False	0		success		source_reported_pending_harmonization	False	awaiting_uniform_reprocessing_signal_unit_unknown
rna_seq:SRR14701365	sharepoint_2026-07-13_new439	SRR14701365	SRX11039411	SAMN19488800	SRS9108689	PRJNA734302	SRP322151	GSE175918	34544019	shared/sharepoint_2026-07-13/training_input_bigwig/SRR14701365.bw	68057630	c471ca8a348d894e57273e507dc0fecfe9aaae55f0c24b7e96325b25403e4d8b	True	True	Caenorhabditis elegans	treated	treated			Young Adult		RNA-Seq	TRANSCRIPTOMIC	cDNA	PAIRED	151	derived_from_ENA_base_count_read_count_layout	unknown		unknown	A deleterious impact on the C. elegans fertility over generation after a chronic exposure to ionizing irradiation: A multigenerational transcriptomic evidence	PRJNA734302		Young Adult					unknown_from_provided_metadata	WBcel235_by_chromosome_header_validation	unknown_from_provided_metadata	unknown_from_provided_metadata	unknown	C	False	41883198	12648725796	True	d71863d368a841a9a771e0dc4db51795;799f976233d43158772c7f359863fd41	3538871858;3968086424	7506958282	ftp.sra.ebi.ac.uk/vol1/fastq/SRR147/065/SRR14701365/SRR14701365_1.fastq.gz;ftp.sra.ebi.ac.uk/vol1/fastq/SRR147/065/SRR14701365/SRR14701365_2.fastq.gz	False	0		success		source_reported_pending_harmonization	False	awaiting_uniform_reprocessing_signal_unit_unknown
rna_seq:SRR14701366	sharepoint_2026-07-13_new439	SRR14701366	SRX11039412	SAMN19488799	SRS9108690	PRJNA734302	SRP322151	GSE175918	34544019	shared/sharepoint_2026-07-13/training_input_bigwig/SRR14701366.bw	69123790	72d70b4ade7281f788d9877e9a17bf0eaa4e4892b2ba0a483e0bbccce74a1ca4	True	True	Caenorhabditis elegans	treated	treated			Young Adult		RNA-Seq	TRANSCRIPTOMIC	cDNA	PAIRED	151	derived_from_ENA_base_count_read_count_layout	unknown		unknown	A deleterious impact on the C. elegans fertility over generation after a chronic exposure to ionizing irradiation: A multigenerational transcriptomic evidence	PRJNA734302		Young Adult					unknown_from_provided_metadata	WBcel235_by_chromosome_header_validation	unknown_from_provided_metadata	unknown_from_provided_metadata	unknown	C	False	46740784	14115716768	True	30d9ac4542d50e10f21295d50ed947b5;622f3c56811b5dda4f288d3b6b17506c	3881483645;4216979840	8098463485	ftp.sra.ebi.ac.uk/vol1/fastq/SRR147/066/SRR14701366/SRR14701366_1.fastq.gz;ftp.sra.ebi.ac.uk/vol1/fastq/SRR147/066/SRR14701366/SRR14701366_2.fastq.gz	False	0		success		source_reported_pending_harmonization	False	awaiting_uniform_reprocessing_signal_unit_unknown
rna_seq:SRR14701367	sharepoint_2026-07-13_new439	SRR14701367	SRX11039413	SAMN19488798	SRS9108691	PRJNA734302	SRP322151	GSE175918	34544019	shared/sharepoint_2026-07-13/training_input_bigwig/SRR14701367.bw	69433164	beeaf2e251df9f9f30a351e92f8b9a72e48011e98c5f70ec25d6c97ef71db61a	True	True	Caenorhabditis elegans	treated	treated			Young Adult		RNA-Seq	TRANSCRIPTOMIC	cDNA	PAIRED	151	derived_from_ENA_base_count_read_count_layout	unknown		unknown	A deleterious impact on the C. elegans fertility over generation after a chronic exposure to ionizing irradiation: A multigenerational transcriptomic evidence	PRJNA734302		Young Adult					unknown_from_provided_metadata	WBcel235_by_chromosome_header_validation	unknown_from_provided_metadata	unknown_from_provided_metadata	unknown	C	False	44574574	13461521348	True	da94a1d5d093385421e4800beac55f48;0e602a8680107ca52c47c81d7041a8a2	3724993347;4114264627	7839257974	ftp.sra.ebi.ac.uk/vol1/fastq/SRR147/067/SRR14701367/SRR14701367_1.fastq.gz;ftp.sra.ebi.ac.uk/vol1/fastq/SRR147/067/SRR14701367/SRR14701367_2.fastq.gz	False	0		success		source_reported_pending_harmonization	False	awaiting_uniform_reprocessing_signal_unit_unknown
rna_seq:SRR14701368	sharepoint_2026-07-13_new439	SRR14701368	SRX11039414	SAMN19488797	SRS9108692	PRJNA734302	SRP322151	GSE175918	34544019	shared/sharepoint_2026-07-13/training_input_bigwig/SRR14701368.bw	81798441	f56ff6fa76e17a47040a4ad02ddbf9fcc58418d2a1687ecde239805ef3c880c3	True	True	Caenorhabditis elegans	treated	treated			Young Adult		RNA-Seq	TRANSCRIPTOMIC	cDNA	PAIRED	151	derived_from_ENA_base_count_read_count_layout	unknown		unknown	A deleterious impact on the C. elegans fertility over generation after a chronic exposure to ionizing irradiation: A multigenerational transcriptomic evidence	PRJNA734302		Young Adult					unknown_from_provided_metadata	WBcel235_by_chromosome_header_validation	unknown_from_provided_metadata	unknown_from_provided_metadata	unknown	C	False	74173580	22400421160	True	e7d93fb7499cbe2672c77ba08a72e806;ea8eea9e8b6981b67798fa6a4b030b4c	6019107453;6618445183	12637552636	ftp.sra.ebi.ac.uk/vol1/fastq/SRR147/068/SRR14701368/SRR14701368_1.fastq.gz;ftp.sra.ebi.ac.uk/vol1/fastq/SRR147/068/SRR14701368/SRR14701368_2.fastq.gz	False	0		success		source_reported_pending_harmonization	False	awaiting_uniform_reprocessing_signal_unit_unknown
rna_seq:SRR14701369	sharepoint_2026-07-13_new439	SRR14701369	SRX11039415	SAMN19488796	SRS9108693	PRJNA734302	SRP322151	GSE175918	34544019	shared/sharepoint_2026-07-13/training_input_bigwig/SRR14701369.bw	69102388	3ea161134965727d75f721341f35b67eadf4349d15c189d221dfd70f3b7e8e1b	True	True	Caenorhabditis elegans	treated	treated			Young Adult		RNA-Seq	TRANSCRIPTOMIC	cDNA	PAIRED	151	derived_from_ENA_base_count_read_count_layout	unknown		unknown	A deleterious impact on the C. elegans fertility over generation after a chronic exposure to ionizing irradiation: A multigenerational transcriptomic evidence	PRJNA734302		Young Adult					unknown_from_provided_metadata	WBcel235_by_chromosome_header_validation	unknown_from_provided_metadata	unknown_from_provided_metadata	unknown	C	False	41668654	12583933508	True	b84baed80506ef26b3c25a09a1daf1c1;c3ab138e1eb470e9b5fd0c8685e9ec54	3516954070;3853935511	7370889581	ftp.sra.ebi.ac.uk/vol1/fastq/SRR147/069/SRR14701369/SRR14701369_1.fastq.gz;ftp.sra.ebi.ac.uk/vol1/fastq/SRR147/069/SRR14701369/SRR14701369_2.fastq.gz	False	0		success		source_reported_pending_harmonization	False	awaiting_uniform_reprocessing_signal_unit_unknown
rna_seq:SRR14701370	sharepoint_2026-07-13_new439	SRR14701370	SRX11039416	SAMN19488795	SRS9108694	PRJNA734302	SRP322151	GSE175918	34544019	shared/sharepoint_2026-07-13/training_input_bigwig/SRR14701370.bw	67683855	656ef089d59b982e34c38a05d9a729082b9c05168691423a70ecf0df45590292	True	True	Caenorhabditis elegans	treated	treated			Young Adult		RNA-Seq	TRANSCRIPTOMIC	cDNA	PAIRED	151	derived_from_ENA_base_count_read_count_layout	unknown		unknown	A deleterious impact on the C. elegans fertility over generation after a chronic exposure to ionizing irradiation: A multigenerational transcriptomic evidence	PRJNA734302		Young Adult					unknown_from_provided_metadata	WBcel235_by_chromosome_header_validation	unknown_from_provided_metadata	unknown_from_provided_metadata	unknown	C	False	46688700	14099987400	True	bb851fd07606c13d061a123512949996;866797d93c36287f17724fab0387c847	3761054445;4171779912	7932834357	ftp.sra.ebi.ac.uk/vol1/fastq/SRR147/070/SRR14701370/SRR14701370_1.fastq.gz;ftp.sra.ebi.ac.uk/vol1/fastq/SRR147/070/SRR14701370/SRR14701370_2.fastq.gz	False	0		success		source_reported_pending_harmonization	False	awaiting_uniform_reprocessing_signal_unit_unknown
rna_seq:SRR14701371	sharepoint_2026-07-13_new439	SRR14701371	SRX11039417	SAMN19488794	SRS9108695	PRJNA734302	SRP322151	GSE175918	34544019	shared/sharepoint_2026-07-13/training_input_bigwig/SRR14701371.bw	71926542	94ee7e24fb7929fc35546f4ecb2985076948bd518a28b926bef67eb025cf706f	True	True	Caenorhabditis elegans	WT	WT			Young Adult		RNA-Seq	TRANSCRIPTOMIC	cDNA	PAIRED	151	derived_from_ENA_base_count_read_count_layout	unknown		unknown	A deleterious impact on the C. elegans fertility over generation after a chronic exposure to ionizing irradiation: A multigenerational transcriptomic evidence	PRJNA734302		Young Adult					unknown_from_provided_metadata	WBcel235_by_chromosome_header_validation	unknown_from_provided_metadata	unknown_from_provided_metadata	unknown	C	False	50615149	15285774998	True	77dafef8072a60c2e3b0c032a6ed888e;1be0e43a59efaf12a63c437659bbb492	4269138013;4689431075	8958569088	ftp.sra.ebi.ac.uk/vol1/fastq/SRR147/071/SRR14701371/SRR14701371_1.fastq.gz;ftp.sra.ebi.ac.uk/vol1/fastq/SRR147/071/SRR14701371/SRR14701371_2.fastq.gz	False	0		success		source_reported_pending_harmonization	False	awaiting_uniform_reprocessing_signal_unit_unknown
rna_seq:SRR14701372	sharepoint_2026-07-13_new439	SRR14701372	SRX11039418	SAMN19488793	SRS9108696	PRJNA734302	SRP322151	GSE175918	34544019	shared/sharepoint_2026-07-13/training_input_bigwig/SRR14701372.bw	58910528	98e204d6225731ea4985093855d60d420ba438411fc8ddfd2642c16ef6d641fc	True	True	Caenorhabditis elegans	WT	WT			Young Adult		RNA-Seq	TRANSCRIPTOMIC	cDNA	PAIRED	151	derived_from_ENA_base_count_read_count_layout	unknown		unknown	A deleterious impact on the C. elegans fertility over generation after a chronic exposure to ionizing irradiation: A multigenerational transcriptomic evidence	PRJNA734302		Young Adult					unknown_from_provided_metadata	WBcel235_by_chromosome_header_validation	unknown_from_provided_metadata	unknown_from_provided_metadata	unknown	C	False	37071684	11195648568	True	0ee4ecf1bcd490eea59eda4b28f42239;b625320dcc598092873f52428cba6f00	2972545855;3332942063	6305487918	ftp.sra.ebi.ac.uk/vol1/fastq/SRR147/072/SRR14701372/SRR14701372_1.fastq.gz;ftp.sra.ebi.ac.uk/vol1/fastq/SRR147/072/SRR14701372/SRR14701372_2.fastq.gz	False	0		success		source_reported_pending_harmonization	False	awaiting_uniform_reprocessing_signal_unit_unknown
rna_seq:SRR14701373	sharepoint_2026-07-13_new439	SRR14701373	SRX11039419	SAMN19488771	SRS9108697	PRJNA734302	SRP322151	GSE175918	34544019	shared/sharepoint_2026-07-13/training_input_bigwig/SRR14701373.bw	65743417	f09ed49badc052471af16ffba202331816221148e377c891b0728dcd84c097a8	True	True	Caenorhabditis elegans	WT	WT			Young Adult		RNA-Seq	TRANSCRIPTOMIC	cDNA	PAIRED	151	derived_from_ENA_base_count_read_count_layout	unknown		unknown	A deleterious impact on the C. elegans fertility over generation after a chronic exposure to ionizing irradiation: A multigenerational transcriptomic evidence	PRJNA734302		Young Adult					unknown_from_provided_metadata	WBcel235_by_chromosome_header_validation	unknown_from_provided_metadata	unknown_from_provided_metadata	unknown	C	False	43708405	13199938310	True	f56d2588f0888c36dbca9c13586613a7;a07580adc6bfd1614d4b40ebabd4cf67	3611497011;3929481123	7540978134	ftp.sra.ebi.ac.uk/vol1/fastq/SRR147/073/SRR14701373/SRR14701373_1.fastq.gz;ftp.sra.ebi.ac.uk/vol1/fastq/SRR147/073/SRR14701373/SRR14701373_2.fastq.gz	False	0		success		source_reported_pending_harmonization	False	awaiting_uniform_reprocessing_signal_unit_unknown
rna_seq:SRR14701374	sharepoint_2026-07-13_new439	SRR14701374	SRX11039420	SAMN19488782	SRS9108698	PRJNA734302	SRP322151	GSE175918	34544019	shared/sharepoint_2026-07-13/training_input_bigwig/SRR14701374.bw	67776860	830148f8db76ee48e1d6dbf79711eaa51598e56cd7907a4e1df665eb62178cf6	True	True	Caenorhabditis elegans	treated	treated			Young Adult		RNA-Seq	TRANSCRIPTOMIC	cDNA	PAIRED	151	derived_from_ENA_base_count_read_count_layout	unknown		unknown	A deleterious impact on the C. elegans fertility over generation after a chronic exposure to ionizing irradiation: A multigenerational transcriptomic evidence	PRJNA734302		Young Adult					unknown_from_provided_metadata	WBcel235_by_chromosome_header_validation	unknown_from_provided_metadata	unknown_from_provided_metadata	unknown	C	False	46357575	13999987650	True	fe5c520908d08c2084b59fcaa80b2086;67835d697c7de47c21b5d74d928e75e2	3799816511;4203274366	8003090877	ftp.sra.ebi.ac.uk/vol1/fastq/SRR147/074/SRR14701374/SRR14701374_1.fastq.gz;ftp.sra.ebi.ac.uk/vol1/fastq/SRR147/074/SRR14701374/SRR14701374_2.fastq.gz	False	0		success		source_reported_pending_harmonization	False	awaiting_uniform_reprocessing_signal_unit_unknown
rna_seq:SRR14701375	sharepoint_2026-07-13_new439	SRR14701375	SRX11039421	SAMN19488781	SRS9108700	PRJNA734302	SRP322151	GSE175918	34544019	shared/sharepoint_2026-07-13/training_input_bigwig/SRR14701375.bw	69907692	28d01931c1f02dfccc43487ff52254c86079f12b978caa9f51373c36061274c1	True	True	Caenorhabditis elegans	treated	treated			Young Adult		RNA-Seq	TRANSCRIPTOMIC	cDNA	PAIRED	151	derived_from_ENA_base_count_read_count_layout	unknown		unknown	A deleterious impact on the C. elegans fertility over generation after a chronic exposure to ionizing irradiation: A multigenerational transcriptomic evidence	PRJNA734302		Young Adult					unknown_from_provided_metadata	WBcel235_by_chromosome_header_validation	unknown_from_provided_metadata	unknown_from_provided_metadata	unknown	C	False	58245343	17590093586	True	f708d59c85f1aa0238bab3a87de668b7;aa8b36319da4a4274feb097c94f5dd95	4605063230;5087488257	9692551487	ftp.sra.ebi.ac.uk/vol1/fastq/SRR147/075/SRR14701375/SRR14701375_1.fastq.gz;ftp.sra.ebi.ac.uk/vol1/fastq/SRR147/075/SRR14701375/SRR14701375_2.fastq.gz	False	0		success		source_reported_pending_harmonization	False	awaiting_uniform_reprocessing_signal_unit_unknown
rna_seq:SRR14701376	sharepoint_2026-07-13_new439	SRR14701376	SRX11039422	SAMN19488780	SRS9108702	PRJNA734302	SRP322151	GSE175918	34544019	shared/sharepoint_2026-07-13/training_input_bigwig/SRR14701376.bw	63525862	cd3d1f6a81d41075911ba9071b97d9211678a7fa038133c6cdf3ca3009831b79	True	True	Caenorhabditis elegans	treated	treated			Young Adult		RNA-Seq	TRANSCRIPTOMIC	cDNA	PAIRED	151	derived_from_ENA_base_count_read_count_layout	unknown		unknown	A deleterious impact on the C. elegans fertility over generation after a chronic exposure to ionizing irradiation: A multigenerational transcriptomic evidence	PRJNA734302		Young Adult					unknown_from_provided_metadata	WBcel235_by_chromosome_header_validation	unknown_from_provided_metadata	unknown_from_provided_metadata	unknown	C	False	41503120	12533942240	True	08fc3e090ff269855008318d988e16a9;2de11d961b69443c6967f41260da2aba	3363694478;3726922423	7090616901	ftp.sra.ebi.ac.uk/vol1/fastq/SRR147/076/SRR14701376/SRR14701376_1.fastq.gz;ftp.sra.ebi.ac.uk/vol1/fastq/SRR147/076/SRR14701376/SRR14701376_2.fastq.gz	False	0		success		source_reported_pending_harmonization	False	awaiting_uniform_reprocessing_signal_unit_unknown
rna_seq:SRR14701377	sharepoint_2026-07-13_new439	SRR14701377	SRX11039423	SAMN19488779	SRS9108699	PRJNA734302	SRP322151	GSE175918	34544019	shared/sharepoint_2026-07-13/training_input_bigwig/SRR14701377.bw	72924978	c607111788cba3ae5a3ea116d0dbb07e157ee7a8d944d3eb43c32ae0458e0872	True	True	Caenorhabditis elegans	treated	treated			Young Adult		RNA-Seq	TRANSCRIPTOMIC	cDNA	PAIRED	151	derived_from_ENA_base_count_read_count_layout	unknown		unknown	A deleterious impact on the C. elegans fertility over generation after a chronic exposure to ionizing irradiation: A multigenerational transcriptomic evidence	PRJNA734302		Young Adult					unknown_from_provided_metadata	WBcel235_by_chromosome_header_validation	unknown_from_provided_metadata	unknown_from_provided_metadata	unknown	C	False	59436179	17949726058	True	8a098e9c470d642bc41109038d9036f4;a4cbf80d18fe3614caf9e395aacbfcc9	4826295494;5332072087	10158367581	ftp.sra.ebi.ac.uk/vol1/fastq/SRR147/077/SRR14701377/SRR14701377_1.fastq.gz;ftp.sra.ebi.ac.uk/vol1/fastq/SRR147/077/SRR14701377/SRR14701377_2.fastq.gz	False	0		success		source_reported_pending_harmonization	False	awaiting_uniform_reprocessing_signal_unit_unknown
rna_seq:SRR14701378	sharepoint_2026-07-13_new439	SRR14701378	SRX11039424	SAMN19488778	SRS9108701	PRJNA734302	SRP322151	GSE175918	34544019	shared/sharepoint_2026-07-13/training_input_bigwig/SRR14701378.bw	63784600	39ddafe022a1d88818ec4791f0782d792bc8b5e10728aa76656996f6982bd045	True	True	Caenorhabditis elegans	treated	treated			Young Adult		RNA-Seq	TRANSCRIPTOMIC	cDNA	PAIRED	151	derived_from_ENA_base_count_read_count_layout	unknown		unknown	A deleterious impact on the C. elegans fertility over generation after a chronic exposure to ionizing irradiation: A multigenerational transcriptomic evidence	PRJNA734302		Young Adult					unknown_from_provided_metadata	WBcel235_by_chromosome_header_validation	unknown_from_provided_metadata	unknown_from_provided_metadata	unknown	C	False	44841342	13542085284	True	71687b220d8d83ad7aed6819bd89b71b;65a36ef80e9327b14b34393d796b703a	3685736809;4042222647	7727959456	ftp.sra.ebi.ac.uk/vol1/fastq/SRR147/078/SRR14701378/SRR14701378_1.fastq.gz;ftp.sra.ebi.ac.uk/vol1/fastq/SRR147/078/SRR14701378/SRR14701378_2.fastq.gz	False	0		success		source_reported_pending_harmonization	False	awaiting_uniform_reprocessing_signal_unit_unknown
rna_seq:SRR14701379	sharepoint_2026-07-13_new439	SRR14701379	SRX11039425	SAMN19488792	SRS9108703	PRJNA734302	SRP322151	GSE175918	34544019	shared/sharepoint_2026-07-13/training_input_bigwig/SRR14701379.bw	66860982	96c7a7d25c02e02e5e66dc2d6c0844030af95f782a8ced85cb17d54bab6110f3	True	True	Caenorhabditis elegans	treated	treated			Young Adult		RNA-Seq	TRANSCRIPTOMIC	cDNA	PAIRED	151	derived_from_ENA_base_count_read_count_layout	unknown		unknown	A deleterious impact on the C. elegans fertility over generation after a chronic exposure to ionizing irradiation: A multigenerational transcriptomic evidence	PRJNA734302		Young Adult					unknown_from_provided_metadata	WBcel235_by_chromosome_header_validation	unknown_from_provided_metadata	unknown_from_provided_metadata	unknown	C	False	49782389	15034281478	True	b1da33d5e61e407558f7660e5b22cd1c;c477b75d776ade6a9c460b9d2694ce36	4090507862;4465343852	8555851714	ftp.sra.ebi.ac.uk/vol1/fastq/SRR147/079/SRR14701379/SRR14701379_1.fastq.gz;ftp.sra.ebi.ac.uk/vol1/fastq/SRR147/079/SRR14701379/SRR14701379_2.fastq.gz	False	0		success		source_reported_pending_harmonization	False	awaiting_uniform_reprocessing_signal_unit_unknown
rna_seq:SRR14701380	sharepoint_2026-07-13_new439	SRR14701380	SRX11039426	SAMN19488791	SRS9108704	PRJNA734302	SRP322151	GSE175918	34544019	shared/sharepoint_2026-07-13/training_input_bigwig/SRR14701380.bw	55574420	576411715b25e9352a9abd8fdb951b7b447b3288179034d42b27ad145897b82e	True	True	Caenorhabditis elegans	WT	WT			Young Adult		RNA-Seq	TRANSCRIPTOMIC	cDNA	PAIRED	151	derived_from_ENA_base_count_read_count_layout	unknown		unknown	A deleterious impact on the C. elegans fertility over generation after a chronic exposure to ionizing irradiation: A multigenerational transcriptomic evidence	PRJNA734302		Young Adult					unknown_from_provided_metadata	WBcel235_by_chromosome_header_validation	unknown_from_provided_metadata	unknown_from_provided_metadata	unknown	C	False	44720326	13505538452	True	538b14384cd6ed110f8a49b625bb0804;236798ad6b7dc92188e048932d8a81f1	3297559146;3696674645	6994233791	ftp.sra.ebi.ac.uk/vol1/fastq/SRR147/080/SRR14701380/SRR14701380_1.fastq.gz;ftp.sra.ebi.ac.uk/vol1/fastq/SRR147/080/SRR14701380/SRR14701380_2.fastq.gz	False	0		success		source_reported_pending_harmonization	False	awaiting_uniform_reprocessing_signal_unit_unknown
rna_seq:SRR14701381	sharepoint_2026-07-13_new439	SRR14701381	SRX11039427	SAMN19488790	SRS9108705	PRJNA734302	SRP322151	GSE175918	34544019	shared/sharepoint_2026-07-13/training_input_bigwig/SRR14701381.bw	67224371	ed18d186ddf30d81fc053f5e7121cddc0908e2fb191ae4999e700d7dda7cbd0f	True	True	Caenorhabditis elegans	WT	WT			Young Adult		RNA-Seq	TRANSCRIPTOMIC	cDNA	PAIRED	151	derived_from_ENA_base_count_read_count_layout	unknown		unknown	A deleterious impact on the C. elegans fertility over generation after a chronic exposure to ionizing irradiation: A multigenerational transcriptomic evidence	PRJNA734302		Young Adult					unknown_from_provided_metadata	WBcel235_by_chromosome_header_validation	unknown_from_provided_metadata	unknown_from_provided_metadata	unknown	C	False	46813494	14137675188	True	c3a0ece0c8038eb57b2b8564537e5827;634f7291b7d84cd4d8c2e90916a7a6c9	3824908875;4256730636	8081639511	ftp.sra.ebi.ac.uk/vol1/fastq/SRR147/081/SRR14701381/SRR14701381_1.fastq.gz;ftp.sra.ebi.ac.uk/vol1/fastq/SRR147/081/SRR14701381/SRR14701381_2.fastq.gz	False	0		success		source_reported_pending_harmonization	False	awaiting_uniform_reprocessing_signal_unit_unknown
rna_seq:SRR14701382	sharepoint_2026-07-13_new439	SRR14701382	SRX11039428	SAMN19488789	SRS9108706	PRJNA734302	SRP322151	GSE175918	34544019	shared/sharepoint_2026-07-13/training_input_bigwig/SRR14701382.bw	71835191	4878a735da57c555ddc4a9c7615e65d68118566e51164938540a6d2b9ff48258	True	True	Caenorhabditis elegans	WT	WT			Young Adult		RNA-Seq	TRANSCRIPTOMIC	cDNA	PAIRED	151	derived_from_ENA_base_count_read_count_layout	unknown		unknown	A deleterious impact on the C. elegans fertility over generation after a chronic exposure to ionizing irradiation: A multigenerational transcriptomic evidence	PRJNA734302		Young Adult					unknown_from_provided_metadata	WBcel235_by_chromosome_header_validation	unknown_from_provided_metadata	unknown_from_provided_metadata	unknown	C	False	55966233	16901802366	True	2c58c231f48912e5cc186eb200eed510;ffc6c3121db6eccbdf45a81e3f0773e8	4359416624;4866265483	9225682107	ftp.sra.ebi.ac.uk/vol1/fastq/SRR147/082/SRR14701382/SRR14701382_1.fastq.gz;ftp.sra.ebi.ac.uk/vol1/fastq/SRR147/082/SRR14701382/SRR14701382_2.fastq.gz	False	0		success		source_reported_pending_harmonization	False	awaiting_uniform_reprocessing_signal_unit_unknown
rna_seq:SRR14701383	sharepoint_2026-07-13_new439	SRR14701383	SRX11039429	SAMN19488788	SRS9108707	PRJNA734302	SRP322151	GSE175918	34544019	shared/sharepoint_2026-07-13/training_input_bigwig/SRR14701383.bw	59238222	3aa632df1b775a4d15f6e1ad2e44b49a1bf1b55e7f3541cf9cdb07226c4d6d52	True	True	Caenorhabditis elegans	treated	treated			Young Adult		RNA-Seq	TRANSCRIPTOMIC	cDNA	PAIRED	151	derived_from_ENA_base_count_read_count_layout	unknown		unknown	A deleterious impact on the C. elegans fertility over generation after a chronic exposure to ionizing irradiation: A multigenerational transcriptomic evidence	PRJNA734302		Young Adult					unknown_from_provided_metadata	WBcel235_by_chromosome_header_validation	unknown_from_provided_metadata	unknown_from_provided_metadata	unknown	C	False	49625611	14986934522	True	bf92387d37665265846c93cb05f50dd4;00a399d09e5ae6f4f4540cf048467a97	3834786481;4253445749	8088232230	ftp.sra.ebi.ac.uk/vol1/fastq/SRR147/083/SRR14701383/SRR14701383_1.fastq.gz;ftp.sra.ebi.ac.uk/vol1/fastq/SRR147/083/SRR14701383/SRR14701383_2.fastq.gz	False	0		success		source_reported_pending_harmonization	False	awaiting_uniform_reprocessing_signal_unit_unknown
rna_seq:SRR14701384	sharepoint_2026-07-13_new439	SRR14701384	SRX11039430	SAMN19488787	SRS9108708	PRJNA734302	SRP322151	GSE175918	34544019	shared/sharepoint_2026-07-13/training_input_bigwig/SRR14701384.bw	59624782	420ab17d56db7cba72f5fc4c77ab4b188a8bae33853cb62805966fa32647e58b	True	True	Caenorhabditis elegans	treated	treated			Young Adult		RNA-Seq	TRANSCRIPTOMIC	cDNA	PAIRED	151	derived_from_ENA_base_count_read_count_layout	unknown		unknown	A deleterious impact on the C. elegans fertility over generation after a chronic exposure to ionizing irradiation: A multigenerational transcriptomic evidence	PRJNA734302		Young Adult					unknown_from_provided_metadata	WBcel235_by_chromosome_header_validation	unknown_from_provided_metadata	unknown_from_provided_metadata	unknown	C	False	38860971	11736013242	True	82426fc99d6b8865cacaa0f7ef2a0b79;90736e753600678bb22d363fd60a4474	3190188131;3498735477	6688923608	ftp.sra.ebi.ac.uk/vol1/fastq/SRR147/084/SRR14701384/SRR14701384_1.fastq.gz;ftp.sra.ebi.ac.uk/vol1/fastq/SRR147/084/SRR14701384/SRR14701384_2.fastq.gz	False	0		success		source_reported_pending_harmonization	False	awaiting_uniform_reprocessing_signal_unit_unknown
rna_seq:SRR14701385	sharepoint_2026-07-13_new439	SRR14701385	SRX11039431	SAMN19488786	SRS9108709	PRJNA734302	SRP322151	GSE175918	34544019	shared/sharepoint_2026-07-13/training_input_bigwig/SRR14701385.bw	57737918	98bee3a1646d2f0cab43f6773f115c2e22306da97967e0dbc101f7191442c94e	True	True	Caenorhabditis elegans	treated	treated			Young Adult		RNA-Seq	TRANSCRIPTOMIC	cDNA	PAIRED	151	derived_from_ENA_base_count_read_count_layout	unknown		unknown	A deleterious impact on the C. elegans fertility over generation after a chronic exposure to ionizing irradiation: A multigenerational transcriptomic evidence	PRJNA734302		Young Adult					unknown_from_provided_metadata	WBcel235_by_chromosome_header_validation	unknown_from_provided_metadata	unknown_from_provided_metadata	unknown	C	False	34818662	10515235924	True	6c40fe64536244ac942cf7129a5617b5;e74f121a7aca0cbe8414b82cf8eaebea	2874338245;3127896694	6002234939	ftp.sra.ebi.ac.uk/vol1/fastq/SRR147/085/SRR14701385/SRR14701385_1.fastq.gz;ftp.sra.ebi.ac.uk/vol1/fastq/SRR147/085/SRR14701385/SRR14701385_2.fastq.gz	False	0		success		source_reported_pending_harmonization	False	awaiting_uniform_reprocessing_signal_unit_unknown
rna_seq:SRR14701386	sharepoint_2026-07-13_new439	SRR14701386	SRX11039432	SAMN19488785	SRS9108710	PRJNA734302	SRP322151	GSE175918	34544019	shared/sharepoint_2026-07-13/training_input_bigwig/SRR14701386.bw	74555155	3b63d6022b527cf70b950e537609a8871e05a1a7b173dbfabdea393bad0a114e	True	True	Caenorhabditis elegans	treated	treated			Young Adult		RNA-Seq	TRANSCRIPTOMIC	cDNA	PAIRED	151	derived_from_ENA_base_count_read_count_layout	unknown		unknown	A deleterious impact on the C. elegans fertility over generation after a chronic exposure to ionizing irradiation: A multigenerational transcriptomic evidence	PRJNA734302		Young Adult					unknown_from_provided_metadata	WBcel235_by_chromosome_header_validation	unknown_from_provided_metadata	unknown_from_provided_metadata	unknown	C	False	66084021	19957374342	True	5c476271f44988111361d52a93272c3b;1e7e926c9074a6f3f6bd5dedd4ae653f	5454877435;6026501773	11481379208	ftp.sra.ebi.ac.uk/vol1/fastq/SRR147/086/SRR14701386/SRR14701386_1.fastq.gz;ftp.sra.ebi.ac.uk/vol1/fastq/SRR147/086/SRR14701386/SRR14701386_2.fastq.gz	False	0		success		source_reported_pending_harmonization	False	awaiting_uniform_reprocessing_signal_unit_unknown
rna_seq:SRR14701387	sharepoint_2026-07-13_new439	SRR14701387	SRX11039433	SAMN19488784	SRS9108711	PRJNA734302	SRP322151	GSE175918	34544019	shared/sharepoint_2026-07-13/training_input_bigwig/SRR14701387.bw	63606841	78b26512aec635ddc7ff7f26d4f07234bd5d58f34ddbcf2c68e02e7a2fce4fc6	True	True	Caenorhabditis elegans	treated	treated			Young Adult		RNA-Seq	TRANSCRIPTOMIC	cDNA	PAIRED	151	derived_from_ENA_base_count_read_count_layout	unknown		unknown	A deleterious impact on the C. elegans fertility over generation after a chronic exposure to ionizing irradiation: A multigenerational transcriptomic evidence	PRJNA734302		Young Adult					unknown_from_provided_metadata	WBcel235_by_chromosome_header_validation	unknown_from_provided_metadata	unknown_from_provided_metadata	unknown	C	False	49250057	14873517214	True	8273c4223b572ac5d307bea75abec6e7;be8db1862386a2989c6db159616a9ba8	4134726540;4490268739	8624995279	ftp.sra.ebi.ac.uk/vol1/fastq/SRR147/087/SRR14701387/SRR14701387_1.fastq.gz;ftp.sra.ebi.ac.uk/vol1/fastq/SRR147/087/SRR14701387/SRR14701387_2.fastq.gz	False	0		success		source_reported_pending_harmonization	False	awaiting_uniform_reprocessing_signal_unit_unknown
rna_seq:SRR14701388	sharepoint_2026-07-13_new439	SRR14701388	SRX11039434	SAMN19488783	SRS9108712	PRJNA734302	SRP322151	GSE175918	34544019	shared/sharepoint_2026-07-13/training_input_bigwig/SRR14701388.bw	35695048	77189a7849db7fecbee2e67402185542888d1102e3f1777daf260f01dd7031b4	True	True	Caenorhabditis elegans	treated	treated			Young Adult		RNA-Seq	TRANSCRIPTOMIC	cDNA	PAIRED	151	derived_from_ENA_base_count_read_count_layout	unknown		unknown	A deleterious impact on the C. elegans fertility over generation after a chronic exposure to ionizing irradiation: A multigenerational transcriptomic evidence	PRJNA734302		Young Adult					unknown_from_provided_metadata	WBcel235_by_chromosome_header_validation	unknown_from_provided_metadata	unknown_from_provided_metadata	unknown	C	False	50243701	15173597702	True	1ecb236a33c2e9459db962bf32a35c62;d9abdabf37e30c08b1467cc65cda109c	4183756894;4484365350	8668122244	ftp.sra.ebi.ac.uk/vol1/fastq/SRR147/088/SRR14701388/SRR14701388_1.fastq.gz;ftp.sra.ebi.ac.uk/vol1/fastq/SRR147/088/SRR14701388/SRR14701388_2.fastq.gz	False	0		success		source_reported_pending_harmonization	False	awaiting_uniform_reprocessing_signal_unit_unknown
rna_seq:SRR14701389	sharepoint_2026-07-13_new439	SRR14701389	SRX11039435	SAMN19488873	SRS9108714	PRJNA734302	SRP322151	GSE175918	34544019	shared/sharepoint_2026-07-13/training_input_bigwig/SRR14701389.bw	55848251	328ea2945045057727b6331d399a91b4a088dfb6a3cbcfcf03952292436b975e	True	True	Caenorhabditis elegans	WT	WT			Young Adult		RNA-Seq	TRANSCRIPTOMIC	cDNA	PAIRED	151	derived_from_ENA_base_count_read_count_layout	unknown		unknown	A deleterious impact on the C. elegans fertility over generation after a chronic exposure to ionizing irradiation: A multigenerational transcriptomic evidence	PRJNA734302		Young Adult					unknown_from_provided_metadata	WBcel235_by_chromosome_header_validation	unknown_from_provided_metadata	unknown_from_provided_metadata	unknown	C	False	43910167	13260870434	True	8c76a721d1ed0556479c88cc86ef6dd4;0dfda10339e504895eca90233469a6aa	3383115996;3679796077	7062912073	ftp.sra.ebi.ac.uk/vol1/fastq/SRR147/089/SRR14701389/SRR14701389_1.fastq.gz;ftp.sra.ebi.ac.uk/vol1/fastq/SRR147/089/SRR14701389/SRR14701389_2.fastq.gz	False	0		success		source_reported_pending_harmonization	False	awaiting_uniform_reprocessing_signal_unit_unknown
rna_seq:SRR14701390	sharepoint_2026-07-13_new439	SRR14701390	SRX11039436	SAMN19488872	SRS9108713	PRJNA734302	SRP322151	GSE175918	34544019	shared/sharepoint_2026-07-13/training_input_bigwig/SRR14701390.bw	63870299	6e1528bedfe63e2d47142293a8700514fc95c3c2b0681e62aa53a102b5034632	True	True	Caenorhabditis elegans	WT	WT			Young Adult		RNA-Seq	TRANSCRIPTOMIC	cDNA	PAIRED	151	derived_from_ENA_base_count_read_count_layout	unknown		unknown	A deleterious impact on the C. elegans fertility over generation after a chronic exposure to ionizing irradiation: A multigenerational transcriptomic evidence	PRJNA734302		Young Adult					unknown_from_provided_metadata	WBcel235_by_chromosome_header_validation	unknown_from_provided_metadata	unknown_from_provided_metadata	unknown	C	False	49023471	14805088242	True	da10deeb85e8c03fa938f85266067852;236aa28441277af45c568b6600855b77	3976203980;4351959535	8328163515	ftp.sra.ebi.ac.uk/vol1/fastq/SRR147/090/SRR14701390/SRR14701390_1.fastq.gz;ftp.sra.ebi.ac.uk/vol1/fastq/SRR147/090/SRR14701390/SRR14701390_2.fastq.gz	False	0		success		source_reported_pending_harmonization	False	awaiting_uniform_reprocessing_signal_unit_unknown
rna_seq:SRR14701391	sharepoint_2026-07-13_new439	SRR14701391	SRX11039437	SAMN19488871	SRS9108715	PRJNA734302	SRP322151	GSE175918	34544019	shared/sharepoint_2026-07-13/training_input_bigwig/SRR14701391.bw	51126101	f1e4389c31b81ddd5f6d1b96c7755ef1c92ea77b0935f6a5f0978638fc0da433	True	True	Caenorhabditis elegans	WT	WT			Young Adult		RNA-Seq	TRANSCRIPTOMIC	cDNA	PAIRED	151	derived_from_ENA_base_count_read_count_layout	unknown		unknown	A deleterious impact on the C. elegans fertility over generation after a chronic exposure to ionizing irradiation: A multigenerational transcriptomic evidence	PRJNA734302		Young Adult					unknown_from_provided_metadata	WBcel235_by_chromosome_header_validation	unknown_from_provided_metadata	unknown_from_provided_metadata	unknown	C	False	55788946	16848261692	True	3409a2d5efec765f6617c30bf7a1112c;b47eaabfd41784cea98887c7c9a14f5f	4403809056;4841827279	9245636335	ftp.sra.ebi.ac.uk/vol1/fastq/SRR147/091/SRR14701391/SRR14701391_1.fastq.gz;ftp.sra.ebi.ac.uk/vol1/fastq/SRR147/091/SRR14701391/SRR14701391_2.fastq.gz	False	0		success		source_reported_pending_harmonization	False	awaiting_uniform_reprocessing_signal_unit_unknown
rna_seq:SRR1956641	sharepoint_2026-07-13_new439	SRR1956641	SRX982138	SAMN03464648	SRS896895	PRJNA280541	SRP056941	GSE67650	26641248;27356611	shared/sharepoint_2026-07-13/training_input_bigwig/SRR1956641.bw	12423252	fc5aae4d3c5b36ac7da85681ab93409197ced7c782f5194a84d772a6a0fa7e0c	True	True	Caenorhabditis elegans	N2	WT			L3		RNA-Seq	TRANSCRIPTOMIC	cDNA	SINGLE	51	derived_from_ENA_base_count_read_count_layout	unknown		unknown	Developmental dynamics of C. elegans dosage compensation	PRJNA280541		L3		L3			unknown_from_provided_metadata	WBcel235_by_chromosome_header_validation	unknown_from_provided_metadata	unknown_from_provided_metadata	unknown	C	False	4261556	217339356	True	b87d54b342d1b542357d549244eef699	229465133	229465133	ftp.sra.ebi.ac.uk/vol1/fastq/SRR195/001/SRR1956641/SRR1956641.fastq.gz	False	0		success		source_reported_pending_harmonization	False	awaiting_uniform_reprocessing_signal_unit_unknown
rna_seq:SRR1956642	sharepoint_2026-07-13_new439	SRR1956642	SRX982138	SAMN03464648	SRS896895	PRJNA280541	SRP056941	GSE67650	26641248;27356611	shared/sharepoint_2026-07-13/training_input_bigwig/SRR1956642.bw	11921045	a095b7a35c52c6baeda749bd2fbee79b91d79fd89e8d5e8ec836cb3fb59e374a	True	True	Caenorhabditis elegans	N2	WT			L3		RNA-Seq	TRANSCRIPTOMIC	cDNA	SINGLE	51	derived_from_ENA_base_count_read_count_layout	unknown		unknown	Developmental dynamics of C. elegans dosage compensation	PRJNA280541		L3		L3			unknown_from_provided_metadata	WBcel235_by_chromosome_header_validation	unknown_from_provided_metadata	unknown_from_provided_metadata	unknown	C	False	3801150	193858650	True	74e0a15297123eb198e054917a2629f6	181797795	181797795	ftp.sra.ebi.ac.uk/vol1/fastq/SRR195/002/SRR1956642/SRR1956642.fastq.gz	False	0		success		source_reported_pending_harmonization	False	awaiting_uniform_reprocessing_signal_unit_unknown
rna_seq:SRR1956643	sharepoint_2026-07-13_new439	SRR1956643	SRX982138	SAMN03464648	SRS896895	PRJNA280541	SRP056941	GSE67650	26641248;27356611	shared/sharepoint_2026-07-13/training_input_bigwig/SRR1956643.bw	13188928	1f8cdab2328b82e7d8280f3335645e43ef2a018cdd58a0901417533b602fec65	True	True	Caenorhabditis elegans	N2	WT			L3		RNA-Seq	TRANSCRIPTOMIC	cDNA	SINGLE	51	derived_from_ENA_base_count_read_count_layout	unknown		unknown	Developmental dynamics of C. elegans dosage compensation	PRJNA280541		L3		L3			unknown_from_provided_metadata	WBcel235_by_chromosome_header_validation	unknown_from_provided_metadata	unknown_from_provided_metadata	unknown	C	False	4791731	244378281	True	e3ce33f94e2ef806fbd68b318dae5575	195289848	195289848	ftp.sra.ebi.ac.uk/vol1/fastq/SRR195/003/SRR1956643/SRR1956643.fastq.gz	False	0		success		source_reported_pending_harmonization	False	awaiting_uniform_reprocessing_signal_unit_unknown
rna_seq:SRR1956644	sharepoint_2026-07-13_new439	SRR1956644	SRX982139	SAMN03464649	SRS896894	PRJNA280541	SRP056941	GSE67650	26641248;27356611	shared/sharepoint_2026-07-13/training_input_bigwig/SRR1956644.bw	14079832	71129f9b1abcd1fe781ff83b893b27a259d3c5c9f3d21cbe30ba2f4d2f4f172a	True	True	Caenorhabditis elegans	N2	WT			L3		RNA-Seq	TRANSCRIPTOMIC	cDNA	SINGLE	51	derived_from_ENA_base_count_read_count_layout	unknown		unknown	Developmental dynamics of C. elegans dosage compensation	PRJNA280541		L3		L3			unknown_from_provided_metadata	WBcel235_by_chromosome_header_validation	unknown_from_provided_metadata	unknown_from_provided_metadata	unknown	C	False	5047433	257419083	True	4854d687c1ccdc9ca03924216507e6cd	270698588	270698588	ftp.sra.ebi.ac.uk/vol1/fastq/SRR195/004/SRR1956644/SRR1956644.fastq.gz	False	0		success		source_reported_pending_harmonization	False	awaiting_uniform_reprocessing_signal_unit_unknown
rna_seq:SRR1956645	sharepoint_2026-07-13_new439	SRR1956645	SRX982139	SAMN03464649	SRS896894	PRJNA280541	SRP056941	GSE67650	26641248;27356611	shared/sharepoint_2026-07-13/training_input_bigwig/SRR1956645.bw	16702323	b5002fefabc360b485cd3a3a7c45d7ea87cca7a839a1b4c4fd938bc30ee2a05a	True	True	Caenorhabditis elegans	N2	WT			L3		RNA-Seq	TRANSCRIPTOMIC	cDNA	SINGLE	51	derived_from_ENA_base_count_read_count_layout	unknown		unknown	Developmental dynamics of C. elegans dosage compensation	PRJNA280541		L3		L3			unknown_from_provided_metadata	WBcel235_by_chromosome_header_validation	unknown_from_provided_metadata	unknown_from_provided_metadata	unknown	C	False	6928355	353346105	True	d11b3f95615233688f817dd5389cbdb1	268339078	268339078	ftp.sra.ebi.ac.uk/vol1/fastq/SRR195/005/SRR1956645/SRR1956645.fastq.gz	False	0		success		source_reported_pending_harmonization	False	awaiting_uniform_reprocessing_signal_unit_unknown
rna_seq:SRR1956646	sharepoint_2026-07-13_new439	SRR1956646	SRX982140	SAMN03464650	SRS896893	PRJNA280541	SRP056941	GSE67650	26641248;27356611	shared/sharepoint_2026-07-13/training_input_bigwig/SRR1956646.bw	15794305	1620f99a6b553abfa6061699a11a6a33e7e384e3d1ebfe49439832b058c3c6e5	True	True	Caenorhabditis elegans	N2	WT			L3		RNA-Seq	TRANSCRIPTOMIC	cDNA	SINGLE	51	derived_from_ENA_base_count_read_count_layout	unknown		unknown	Developmental dynamics of C. elegans dosage compensation	PRJNA280541		L3		L3			unknown_from_provided_metadata	WBcel235_by_chromosome_header_validation	unknown_from_provided_metadata	unknown_from_provided_metadata	unknown	C	False	7543595	384723345	True	98ea4a67dfabd9ab27174b19f7db66ab	403495449	403495449	ftp.sra.ebi.ac.uk/vol1/fastq/SRR195/006/SRR1956646/SRR1956646.fastq.gz	False	0		success		source_reported_pending_harmonization	False	awaiting_uniform_reprocessing_signal_unit_unknown
rna_seq:SRR1956647	sharepoint_2026-07-13_new439	SRR1956647	SRX982140	SAMN03464650	SRS896893	PRJNA280541	SRP056941	GSE67650	26641248;27356611	shared/sharepoint_2026-07-13/training_input_bigwig/SRR1956647.bw	13616464	e41d16822d9c9802d955c7b82322d801a27c01c462b2222da31366413c9e1234	True	True	Caenorhabditis elegans	N2	WT			L3		RNA-Seq	TRANSCRIPTOMIC	cDNA	SINGLE	51	derived_from_ENA_base_count_read_count_layout	unknown		unknown	Developmental dynamics of C. elegans dosage compensation	PRJNA280541		L3		L3			unknown_from_provided_metadata	WBcel235_by_chromosome_header_validation	unknown_from_provided_metadata	unknown_from_provided_metadata	unknown	C	False	5874597	299604447	True	ab084b30c9966d22433d533e48f18fab	227145024	227145024	ftp.sra.ebi.ac.uk/vol1/fastq/SRR195/007/SRR1956647/SRR1956647.fastq.gz	False	0		success		source_reported_pending_harmonization	False	awaiting_uniform_reprocessing_signal_unit_unknown
rna_seq:SRR1956659	sharepoint_2026-07-13_new439	SRR1956659	SRX982149	SAMN03464659	SRS896884	PRJNA280541	SRP056941	GSE67650	26641248;27356611	shared/sharepoint_2026-07-13/training_input_bigwig/SRR1956659.bw	22853306	45a2207fbaf660ec3d7f93911ec176c0c29c7e2d1772754857ef0533445c6d1b	True	True	Caenorhabditis elegans	N2	WT			L3		RNA-Seq	TRANSCRIPTOMIC	cDNA	SINGLE	51	derived_from_ENA_base_count_read_count_layout	unknown		unknown	Developmental dynamics of C. elegans dosage compensation	PRJNA280541		L3		L3			unknown_from_provided_metadata	WBcel235_by_chromosome_header_validation	unknown_from_provided_metadata	unknown_from_provided_metadata	unknown	C	False	12352504	629977704	True	187ccbffd52d6f3d76af9cdc2e51685b	670468206	670468206	ftp.sra.ebi.ac.uk/vol1/fastq/SRR195/009/SRR1956659/SRR1956659.fastq.gz	False	0		success		source_reported_pending_harmonization	False	awaiting_uniform_reprocessing_signal_unit_unknown
rna_seq:SRR1956660	sharepoint_2026-07-13_new439	SRR1956660	SRX982150	SAMN03464660	SRS896883	PRJNA280541	SRP056941	GSE67650	26641248;27356611	shared/sharepoint_2026-07-13/training_input_bigwig/SRR1956660.bw	20908344	f79a6494efb2454d99f6abe6b9dcf76eb115cb666cc9185ce78ee0c1ac0007ac	True	True	Caenorhabditis elegans	N2	WT			L3		RNA-Seq	TRANSCRIPTOMIC	cDNA	SINGLE	51	derived_from_ENA_base_count_read_count_layout	unknown		unknown	Developmental dynamics of C. elegans dosage compensation	PRJNA280541		L3		L3			unknown_from_provided_metadata	WBcel235_by_chromosome_header_validation	unknown_from_provided_metadata	unknown_from_provided_metadata	unknown	C	False	9715065	495468315	True	2b8e3844b3908b3c9f948b185294636d	547288583	547288583	ftp.sra.ebi.ac.uk/vol1/fastq/SRR195/000/SRR1956660/SRR1956660.fastq.gz	False	0		success		source_reported_pending_harmonization	False	awaiting_uniform_reprocessing_signal_unit_unknown
rna_seq:SRR1956661	sharepoint_2026-07-13_new439	SRR1956661	SRX982150	SAMN03464660	SRS896883	PRJNA280541	SRP056941	GSE67650	26641248;27356611	shared/sharepoint_2026-07-13/training_input_bigwig/SRR1956661.bw	26095609	e4afbdc94c2c07ab69ecfa41926ecd774fff2008996bfb47f6492d4b5148a3b8	True	True	Caenorhabditis elegans	N2	WT			L3		RNA-Seq	TRANSCRIPTOMIC	cDNA	SINGLE	51	derived_from_ENA_base_count_read_count_layout	unknown		unknown	Developmental dynamics of C. elegans dosage compensation	PRJNA280541		L3		L3			unknown_from_provided_metadata	WBcel235_by_chromosome_header_validation	unknown_from_provided_metadata	unknown_from_provided_metadata	unknown	C	False	15445589	787725039	True	96137ea1b51671034ada2c9f81fb57da	822546902	822546902	ftp.sra.ebi.ac.uk/vol1/fastq/SRR195/001/SRR1956661/SRR1956661.fastq.gz	False	0		success		source_reported_pending_harmonization	False	awaiting_uniform_reprocessing_signal_unit_unknown
rna_seq:SRR1956662	sharepoint_2026-07-13_new439	SRR1956662	SRX982151	SAMN03464661	SRS896882	PRJNA280541	SRP056941	GSE67650	26641248;27356611	shared/sharepoint_2026-07-13/training_input_bigwig/SRR1956662.bw	36654949	9135c518add918df25a8bcf18b5eb2404235192a7096543a0f4b25986b07cccd	True	True	Caenorhabditis elegans	N2	WT			L3		RNA-Seq	TRANSCRIPTOMIC	cDNA	SINGLE	51	derived_from_ENA_base_count_read_count_layout	unknown		unknown	Developmental dynamics of C. elegans dosage compensation	PRJNA280541		L3		L3			unknown_from_provided_metadata	WBcel235_by_chromosome_header_validation	unknown_from_provided_metadata	unknown_from_provided_metadata	unknown	C	False	35171880	1793765880	True	42932d3ee6189166088dcb4a02a55d84	1835739701	1835739701	ftp.sra.ebi.ac.uk/vol1/fastq/SRR195/002/SRR1956662/SRR1956662.fastq.gz	False	0		success		source_reported_pending_harmonization	False	awaiting_uniform_reprocessing_signal_unit_unknown
rna_seq:SRR1956663	sharepoint_2026-07-13_new439	SRR1956663	SRX982152	SAMN03464662	SRS896881	PRJNA280541	SRP056941	GSE67650	26641248;27356611	shared/sharepoint_2026-07-13/training_input_bigwig/SRR1956663.bw	24766618	b56e770c6cb907ce7abb4497cc5216e67bd926cd261dfd11a56ff4f5f7732105	True	True	Caenorhabditis elegans	N2	WT			L3		RNA-Seq	TRANSCRIPTOMIC	cDNA	SINGLE	51	derived_from_ENA_base_count_read_count_layout	unknown		unknown	Developmental dynamics of C. elegans dosage compensation	PRJNA280541		L3		L3			unknown_from_provided_metadata	WBcel235_by_chromosome_header_validation	unknown_from_provided_metadata	unknown_from_provided_metadata	unknown	C	False	21696348	1106513748	True	ac04c8ce4150c45aa9e07256d84a79fd	1009979959	1009979959	ftp.sra.ebi.ac.uk/vol1/fastq/SRR195/003/SRR1956663/SRR1956663.fastq.gz	False	0		success		source_reported_pending_harmonization	False	awaiting_uniform_reprocessing_signal_unit_unknown
rna_seq:SRR1956664	sharepoint_2026-07-13_new439	SRR1956664	SRX982153	SAMN03464663	SRS896880	PRJNA280541	SRP056941	GSE67650	26641248;27356611	shared/sharepoint_2026-07-13/training_input_bigwig/SRR1956664.bw	21084685	65dc04c64af616d25b30257ec3e8ca62f00c339aae4b711a47d5de53f4a51ce4	True	True	Caenorhabditis elegans	CB428	mutated			L3		RNA-Seq	TRANSCRIPTOMIC	cDNA	SINGLE	51	derived_from_ENA_base_count_read_count_layout	unknown		unknown	Developmental dynamics of C. elegans dosage compensation	PRJNA280541		L3		L3			unknown_from_provided_metadata	WBcel235_by_chromosome_header_validation	unknown_from_provided_metadata	unknown_from_provided_metadata	unknown	C	False	10015410	510785910	True	6ad1ac9cf372cd246a557a4e32e68af2	565526872	565526872	ftp.sra.ebi.ac.uk/vol1/fastq/SRR195/004/SRR1956664/SRR1956664.fastq.gz	False	0		success		source_reported_pending_harmonization	False	awaiting_uniform_reprocessing_signal_unit_unknown
rna_seq:SRR1956665	sharepoint_2026-07-13_new439	SRR1956665	SRX982153	SAMN03464663	SRS896880	PRJNA280541	SRP056941	GSE67650	26641248;27356611	shared/sharepoint_2026-07-13/training_input_bigwig/SRR1956665.bw	26235913	21e18bf222779f4fee58631ff21d57fce1c10b3edb90ea3846679982fc8154b2	True	True	Caenorhabditis elegans	CB428	mutated			L3		RNA-Seq	TRANSCRIPTOMIC	cDNA	SINGLE	51	derived_from_ENA_base_count_read_count_layout	unknown		unknown	Developmental dynamics of C. elegans dosage compensation	PRJNA280541		L3		L3			unknown_from_provided_metadata	WBcel235_by_chromosome_header_validation	unknown_from_provided_metadata	unknown_from_provided_metadata	unknown	C	False	15971308	814536708	True	ddcc2e606fd9c72b065f4cf6c2f5861b	853820384	853820384	ftp.sra.ebi.ac.uk/vol1/fastq/SRR195/005/SRR1956665/SRR1956665.fastq.gz	False	0		success		source_reported_pending_harmonization	False	awaiting_uniform_reprocessing_signal_unit_unknown
rna_seq:SRR1956666	sharepoint_2026-07-13_new439	SRR1956666	SRX982154	SAMN03464664	SRS896879	PRJNA280541	SRP056941	GSE67650	26641248;27356611	shared/sharepoint_2026-07-13/training_input_bigwig/SRR1956666.bw	23435030	310b96ef6de6dc728117e3a273c04f964094e62b02af2310ababa9b2441a33a3	True	True	Caenorhabditis elegans	CB428	mutated			L3		RNA-Seq	TRANSCRIPTOMIC	cDNA	SINGLE	51	derived_from_ENA_base_count_read_count_layout	unknown		unknown	Developmental dynamics of C. elegans dosage compensation	PRJNA280541		L3		L3			unknown_from_provided_metadata	WBcel235_by_chromosome_header_validation	unknown_from_provided_metadata	unknown_from_provided_metadata	unknown	C	False	13581129	692637579	True	0e00ab67d9772205152cdf9da521e5dc	765574939	765574939	ftp.sra.ebi.ac.uk/vol1/fastq/SRR195/006/SRR1956666/SRR1956666.fastq.gz	False	0		success		source_reported_pending_harmonization	False	awaiting_uniform_reprocessing_signal_unit_unknown
rna_seq:SRR1956667	sharepoint_2026-07-13_new439	SRR1956667	SRX982154	SAMN03464664	SRS896879	PRJNA280541	SRP056941	GSE67650	26641248;27356611	shared/sharepoint_2026-07-13/training_input_bigwig/SRR1956667.bw	28585785	50d28316bece6ef550efb99f1742a42613b7dbb52e3ef4289ed345a2f57bbbf2	True	True	Caenorhabditis elegans	CB428	mutated			L3		RNA-Seq	TRANSCRIPTOMIC	cDNA	SINGLE	51	derived_from_ENA_base_count_read_count_layout	unknown		unknown	Developmental dynamics of C. elegans dosage compensation	PRJNA280541		L3		L3			unknown_from_provided_metadata	WBcel235_by_chromosome_header_validation	unknown_from_provided_metadata	unknown_from_provided_metadata	unknown	C	False	21284785	1085524035	True	a1626f910d41b176a6e44ccb73de6186	1133519938	1133519938	ftp.sra.ebi.ac.uk/vol1/fastq/SRR195/007/SRR1956667/SRR1956667.fastq.gz	False	0		success		source_reported_pending_harmonization	False	awaiting_uniform_reprocessing_signal_unit_unknown
rna_seq:SRR1956668	sharepoint_2026-07-13_new439	SRR1956668	SRX982155	SAMN03464665	SRS896878	PRJNA280541	SRP056941	GSE67650	26641248;27356611	shared/sharepoint_2026-07-13/training_input_bigwig/SRR1956668.bw	38654449	9cec18d6104cca95e0b506b691dff54ee75c99df451cd7c8d378b2749b79e761	True	True	Caenorhabditis elegans	CB428	mutated			L3		RNA-Seq	TRANSCRIPTOMIC	cDNA	SINGLE	51	derived_from_ENA_base_count_read_count_layout	unknown		unknown	Developmental dynamics of C. elegans dosage compensation	PRJNA280541		L3		L3			unknown_from_provided_metadata	WBcel235_by_chromosome_header_validation	unknown_from_provided_metadata	unknown_from_provided_metadata	unknown	C	False	35461105	1808516355	True	c6cedc084ccde90c6377a24acdaf2e65	1842693357	1842693357	ftp.sra.ebi.ac.uk/vol1/fastq/SRR195/008/SRR1956668/SRR1956668.fastq.gz	False	0		success		source_reported_pending_harmonization	False	awaiting_uniform_reprocessing_signal_unit_unknown
rna_seq:SRR1956669	sharepoint_2026-07-13_new439	SRR1956669	SRX982156	SAMN03464666	SRS896877	PRJNA280541	SRP056941	GSE67650	26641248;27356611	shared/sharepoint_2026-07-13/training_input_bigwig/SRR1956669.bw	33524322	77c8a82285fa8d54e36231a163587193d6afe1de9ee65c1074337bf03c497006	True	True	Caenorhabditis elegans	CB428	mutated			L3		RNA-Seq	TRANSCRIPTOMIC	cDNA	SINGLE	51	derived_from_ENA_base_count_read_count_layout	unknown		unknown	Developmental dynamics of C. elegans dosage compensation	PRJNA280541		L3		L3			unknown_from_provided_metadata	WBcel235_by_chromosome_header_validation	unknown_from_provided_metadata	unknown_from_provided_metadata	unknown	C	False	28676566	1462504866	True	f09328361cff37508cff45638ba85b49	1351850098	1351850098	ftp.sra.ebi.ac.uk/vol1/fastq/SRR195/009/SRR1956669/SRR1956669.fastq.gz	False	0		success		source_reported_pending_harmonization	False	awaiting_uniform_reprocessing_signal_unit_unknown
rna_seq:SRR1956670	sharepoint_2026-07-13_new439	SRR1956670	SRX982157	SAMN03464670	SRS896876	PRJNA280541	SRP056941	GSE67650	26641248;27356611	shared/sharepoint_2026-07-13/training_input_bigwig/SRR1956670.bw	27486105	75c5fc0545d0b2fe7bcb53e2dfd9b06b0c518b1db617d7305d16c5a0b80462e2	True	True	Caenorhabditis elegans	MT14911	mutated			L3		RNA-Seq	TRANSCRIPTOMIC	cDNA	SINGLE	51	derived_from_ENA_base_count_read_count_layout	unknown		unknown	Developmental dynamics of C. elegans dosage compensation	PRJNA280541		L3		L3			unknown_from_provided_metadata	WBcel235_by_chromosome_header_validation	unknown_from_provided_metadata	unknown_from_provided_metadata	unknown	C	False	16931231	863492781	True	b91530c31a8cbe2f2d1fe7f112eb3982	914423451	914423451	ftp.sra.ebi.ac.uk/vol1/fastq/SRR195/000/SRR1956670/SRR1956670.fastq.gz	False	0		success		source_reported_pending_harmonization	False	awaiting_uniform_reprocessing_signal_unit_unknown
rna_seq:SRR1956671	sharepoint_2026-07-13_new439	SRR1956671	SRX982158	SAMN03464671	SRS896875	PRJNA280541	SRP056941	GSE67650	26641248;27356611	shared/sharepoint_2026-07-13/training_input_bigwig/SRR1956671.bw	23568826	655d74bf94fd05eea731cfedf9a0878fe11c9f58abcb2d60f1dcdea524a9b456	True	True	Caenorhabditis elegans	MT14911	mutated			L3		RNA-Seq	TRANSCRIPTOMIC	cDNA	SINGLE	51	derived_from_ENA_base_count_read_count_layout	unknown		unknown	Developmental dynamics of C. elegans dosage compensation	PRJNA280541		L3		L3			unknown_from_provided_metadata	WBcel235_by_chromosome_header_validation	unknown_from_provided_metadata	unknown_from_provided_metadata	unknown	C	False	12724784	648963984	True	5e0a95b77618778cb23fd178cdcb2767	689670257	689670257	ftp.sra.ebi.ac.uk/vol1/fastq/SRR195/001/SRR1956671/SRR1956671.fastq.gz	False	0		success		source_reported_pending_harmonization	False	awaiting_uniform_reprocessing_signal_unit_unknown
rna_seq:SRR1956672	sharepoint_2026-07-13_new439	SRR1956672	SRX982159	SAMN03464672	SRS896874	PRJNA280541	SRP056941	GSE67650	26641248;27356611	shared/sharepoint_2026-07-13/training_input_bigwig/SRR1956672.bw	35823725	abcbdff01d33772da8a11760caffa2cc115779d9ef54829d65651e2d623e7b19	True	True	Caenorhabditis elegans	MT14911	mutated			L3		RNA-Seq	TRANSCRIPTOMIC	cDNA	SINGLE	51	derived_from_ENA_base_count_read_count_layout	unknown		unknown	Developmental dynamics of C. elegans dosage compensation	PRJNA280541		L3		L3			unknown_from_provided_metadata	WBcel235_by_chromosome_header_validation	unknown_from_provided_metadata	unknown_from_provided_metadata	unknown	C	False	32995333	1682761983	True	cbc5d63b4fd5248ea3054ef950224b3b	1713960408	1713960408	ftp.sra.ebi.ac.uk/vol1/fastq/SRR195/002/SRR1956672/SRR1956672.fastq.gz	False	0		success		source_reported_pending_harmonization	False	awaiting_uniform_reprocessing_signal_unit_unknown
rna_seq:SRR1956673	sharepoint_2026-07-13_new439	SRR1956673	SRX982160	SAMN03464673	SRS896873	PRJNA280541	SRP056941	GSE67650	26641248;27356611	shared/sharepoint_2026-07-13/training_input_bigwig/SRR1956673.bw	18986419	b2409d4ff3d0d9de8d1a5e5ac5a33885c694a2bad2fa20588b3a2a1b4fa91d0a	True	True	Caenorhabditis elegans	MT14911	mutated			L3		RNA-Seq	TRANSCRIPTOMIC	cDNA	SINGLE	51	derived_from_ENA_base_count_read_count_layout	unknown		unknown	Developmental dynamics of C. elegans dosage compensation	PRJNA280541		L3		L3			unknown_from_provided_metadata	WBcel235_by_chromosome_header_validation	unknown_from_provided_metadata	unknown_from_provided_metadata	unknown	C	False	12259412	625230012	True	3edc575dc560df545deb025b28f65d62	548755400	548755400	ftp.sra.ebi.ac.uk/vol1/fastq/SRR195/003/SRR1956673/SRR1956673.fastq.gz	False	0		success		source_reported_pending_harmonization	False	awaiting_uniform_reprocessing_signal_unit_unknown
rna_seq:SRR1956674	sharepoint_2026-07-13_new439	SRR1956674	SRX982160	SAMN03464673	SRS896873	PRJNA280541	SRP056941	GSE67650	26641248;27356611	shared/sharepoint_2026-07-13/training_input_bigwig/SRR1956674.bw	15290615	5a4aa1888134161e3a50d69e83b4aa57b80531152017af6512b0370263739635	True	True	Caenorhabditis elegans	MT14911	mutated			L3		RNA-Seq	TRANSCRIPTOMIC	cDNA	SINGLE	51	derived_from_ENA_base_count_read_count_layout	unknown		unknown	Developmental dynamics of C. elegans dosage compensation	PRJNA280541		L3		L3			unknown_from_provided_metadata	WBcel235_by_chromosome_header_validation	unknown_from_provided_metadata	unknown_from_provided_metadata	unknown	C	False	8213090	418867590	True	401941ade13eb2cee73ccf6d427daff0	374742392	374742392	ftp.sra.ebi.ac.uk/vol1/fastq/SRR195/004/SRR1956674/SRR1956674.fastq.gz	False	0		success		source_reported_pending_harmonization	False	awaiting_uniform_reprocessing_signal_unit_unknown
rna_seq:SRR1956694	sharepoint_2026-07-13_new439	SRR1956694	SRX982177	SAMN03464629	SRS896856	PRJNA280541	SRP056941	GSE67650	26641248;27356611	shared/sharepoint_2026-07-13/training_input_bigwig/SRR1956694.bw	37478364	d9c53aba540705d0154fc05f45e192cffa4825b647969d6010123ad81dcd5519	True	True	Caenorhabditis elegans	N2, DPY-27 RNAi	WT+treated			L3		RNA-Seq	TRANSCRIPTOMIC	cDNA	SINGLE	51	derived_from_ENA_base_count_read_count_layout	unknown		unknown	Developmental dynamics of C. elegans dosage compensation	PRJNA280541		L3		L3			unknown_from_provided_metadata	WBcel235_by_chromosome_header_validation	unknown_from_provided_metadata	unknown_from_provided_metadata	unknown	C	False	28660580	1461689580	True	cc690933303d9d5259b97dcd48318d53	1515758511	1515758511	ftp.sra.ebi.ac.uk/vol1/fastq/SRR195/004/SRR1956694/SRR1956694.fastq.gz	False	0		success		source_reported_pending_harmonization	False	awaiting_uniform_reprocessing_signal_unit_unknown
rna_seq:SRR1956695	sharepoint_2026-07-13_new439	SRR1956695	SRX982178	SAMN03464630	SRS896855	PRJNA280541	SRP056941	GSE67650	26641248;27356611	shared/sharepoint_2026-07-13/training_input_bigwig/SRR1956695.bw	19112515	0a2be08a2ff11f3490557b6102d2bc89c2b2ca55e544c53ea939cfc9bf026ed9	True	True	Caenorhabditis elegans	N2, DPY-27 RNAi	WT+treated			L3		RNA-Seq	TRANSCRIPTOMIC	cDNA	SINGLE	51	derived_from_ENA_base_count_read_count_layout	unknown		unknown	Developmental dynamics of C. elegans dosage compensation	PRJNA280541		L3		L3			unknown_from_provided_metadata	WBcel235_by_chromosome_header_validation	unknown_from_provided_metadata	unknown_from_provided_metadata	unknown	C	False	8669859	442162809	True	25a87546e34869f51516c272c7a16f1f	430770251	430770251	ftp.sra.ebi.ac.uk/vol1/fastq/SRR195/005/SRR1956695/SRR1956695.fastq.gz	False	0		success		source_reported_pending_harmonization	False	awaiting_uniform_reprocessing_signal_unit_unknown
rna_seq:SRR1956696	sharepoint_2026-07-13_new439	SRR1956696	SRX982179	SAMN03464631	SRS896854	PRJNA280541	SRP056941	GSE67650	26641248;27356611	shared/sharepoint_2026-07-13/training_input_bigwig/SRR1956696.bw	17451218	7c39c3f3cb9f93dff227bf271115398a536bb55320bc5738335cd2dd04acc0c7	True	True	Caenorhabditis elegans	N2, DPY-27 RNAi	WT+treated			L3		RNA-Seq	TRANSCRIPTOMIC	cDNA	SINGLE	51	derived_from_ENA_base_count_read_count_layout	unknown		unknown	Developmental dynamics of C. elegans dosage compensation	PRJNA280541		L3		L3			unknown_from_provided_metadata	WBcel235_by_chromosome_header_validation	unknown_from_provided_metadata	unknown_from_provided_metadata	unknown	C	False	8319719	424305669	True	89b4b934b6a835931aaf9414183bcb43	410518062	410518062	ftp.sra.ebi.ac.uk/vol1/fastq/SRR195/006/SRR1956696/SRR1956696.fastq.gz	False	0		success		source_reported_pending_harmonization	False	awaiting_uniform_reprocessing_signal_unit_unknown
rna_seq:SRR1956697	sharepoint_2026-07-13_new439	SRR1956697	SRX982180	SAMN03464632	SRS896853	PRJNA280541	SRP056941	GSE67650	26641248;27356611	shared/sharepoint_2026-07-13/training_input_bigwig/SRR1956697.bw	17285661	ddff1b5780bf132ce6fc2380ec1bc49f08aef30c0c5a05761ec446c1d15ee5db	True	True	Caenorhabditis elegans	N2, DPY-27 RNAi	WT+treated			L3		RNA-Seq	TRANSCRIPTOMIC	cDNA	SINGLE	51	derived_from_ENA_base_count_read_count_layout	unknown		unknown	Developmental dynamics of C. elegans dosage compensation	PRJNA280541		L3		L3			unknown_from_provided_metadata	WBcel235_by_chromosome_header_validation	unknown_from_provided_metadata	unknown_from_provided_metadata	unknown	C	False	7912323	403528473	True	0aae1230bbef6f9dba3ae14a1391f390	395245341	395245341	ftp.sra.ebi.ac.uk/vol1/fastq/SRR195/007/SRR1956697/SRR1956697.fastq.gz	False	0		success		source_reported_pending_harmonization	False	awaiting_uniform_reprocessing_signal_unit_unknown
rna_seq:SRR1956698	sharepoint_2026-07-13_new439	SRR1956698	SRX982181	SAMN03464633	SRS896852	PRJNA280541	SRP056941	GSE67650	26641248;27356611	shared/sharepoint_2026-07-13/training_input_bigwig/SRR1956698.bw	33678814	cee10047a6b18f59c8fa032a77b0efa15df9cedec13fee789e6c16c099975ef7	True	True	Caenorhabditis elegans	N2, Vector RNAi	WT+treated			L3		RNA-Seq	TRANSCRIPTOMIC	cDNA	SINGLE	51	derived_from_ENA_base_count_read_count_layout	unknown		unknown	Developmental dynamics of C. elegans dosage compensation	PRJNA280541		L3		L3			unknown_from_provided_metadata	WBcel235_by_chromosome_header_validation	unknown_from_provided_metadata	unknown_from_provided_metadata	unknown	C	False	25612968	1306261368	True	38b343b15251eefa711cb0d6238275cc	1355464950	1355464950	ftp.sra.ebi.ac.uk/vol1/fastq/SRR195/008/SRR1956698/SRR1956698.fastq.gz	False	0		success		source_reported_pending_harmonization	False	awaiting_uniform_reprocessing_signal_unit_unknown
rna_seq:SRR1956699	sharepoint_2026-07-13_new439	SRR1956699	SRX982182	SAMN03464634	SRS896851	PRJNA280541	SRP056941	GSE67650	26641248;27356611	shared/sharepoint_2026-07-13/training_input_bigwig/SRR1956699.bw	18695944	8fa7d753bbc11edd119b4ddce1d19a63f4dcfc2e58ba2519a571ac8533a334c4	True	True	Caenorhabditis elegans	N2, Vector RNAi	WT+treated			L3		RNA-Seq	TRANSCRIPTOMIC	cDNA	SINGLE	51	derived_from_ENA_base_count_read_count_layout	unknown		unknown	Developmental dynamics of C. elegans dosage compensation	PRJNA280541		L3		L3			unknown_from_provided_metadata	WBcel235_by_chromosome_header_validation	unknown_from_provided_metadata	unknown_from_provided_metadata	unknown	C	False	8677053	442529703	True	6712c2fd1fb3ef2f3ec206112bf04de7	429680236	429680236	ftp.sra.ebi.ac.uk/vol1/fastq/SRR195/009/SRR1956699/SRR1956699.fastq.gz	False	0		success		source_reported_pending_harmonization	False	awaiting_uniform_reprocessing_signal_unit_unknown
rna_seq:SRR1956700	sharepoint_2026-07-13_new439	SRR1956700	SRX982183	SAMN03464635	SRS896850	PRJNA280541	SRP056941	GSE67650	26641248;27356611	shared/sharepoint_2026-07-13/training_input_bigwig/SRR1956700.bw	17898165	ba2143fe486e2f66c4d1cfc3e81a4900971e49ba1d5c1de301d3b77874febf28	True	True	Caenorhabditis elegans	N2, Vector RNAi	WT+treated			L3		RNA-Seq	TRANSCRIPTOMIC	cDNA	SINGLE	51	derived_from_ENA_base_count_read_count_layout	unknown		unknown	Developmental dynamics of C. elegans dosage compensation	PRJNA280541		L3		L3			unknown_from_provided_metadata	WBcel235_by_chromosome_header_validation	unknown_from_provided_metadata	unknown_from_provided_metadata	unknown	C	False	8120681	414154731	True	a17964bda539db64b56962ff40c31cff	401134132	401134132	ftp.sra.ebi.ac.uk/vol1/fastq/SRR195/000/SRR1956700/SRR1956700.fastq.gz	False	0		success		source_reported_pending_harmonization	False	awaiting_uniform_reprocessing_signal_unit_unknown
rna_seq:SRR1956701	sharepoint_2026-07-13_new439	SRR1956701	SRX982184	SAMN03464636	SRS896849	PRJNA280541	SRP056941	GSE67650	26641248;27356611	shared/sharepoint_2026-07-13/training_input_bigwig/SRR1956701.bw	14307471	2f45b2855d561a3fee958c2d592af11e8c95f4f08c22041d8fd150813fbe655b	True	True	Caenorhabditis elegans	N2, Vector RNAi	WT+treated			L3		RNA-Seq	TRANSCRIPTOMIC	cDNA	SINGLE	51	derived_from_ENA_base_count_read_count_layout	unknown		unknown	Developmental dynamics of C. elegans dosage compensation	PRJNA280541		L3		L3			unknown_from_provided_metadata	WBcel235_by_chromosome_header_validation	unknown_from_provided_metadata	unknown_from_provided_metadata	unknown	C	False	5909650	301392150	True	ce3bf77d5c5fc0fc02331f937be68383	293828824	293828824	ftp.sra.ebi.ac.uk/vol1/fastq/SRR195/001/SRR1956701/SRR1956701.fastq.gz	False	0		success		source_reported_pending_harmonization	False	awaiting_uniform_reprocessing_signal_unit_unknown
rna_seq:SRR23049895	sharepoint_2026-07-13_new439	SRR23049895	SRX19003428	SAMN32677660	SRS16423310	PRJNA922944	SRP417015			shared/sharepoint_2026-07-13/training_input_bigwig/SRR23049895.bw	31233735	c6d821645cf42f2178025ff3e35e6c1db5166a7574679d8d3d47263e3bbe2bd1	True	True	Caenorhabditis elegans	MCJ275	mutated	hermaphrodite	whole animal	Young Adult		RNA-Seq	TRANSCRIPTOMIC	RANDOM	PAIRED	151	derived_from_ENA_base_count_read_count_layout	unknown	alg-1(AEDH); alg-2(AEDH) young adult experiment 1rep2	unknown	The catalytic activity of microRNA Argonautes plays a modest role in miRNA star strand cleavage in C. elegans	PRJNA922944		Young Adult		young adult		whole animal	unknown_from_provided_metadata	WBcel235_by_chromosome_header_validation	unknown_from_provided_metadata	unknown_from_provided_metadata	unknown	C	False	20446448	6174827296	True	7a831f554a952ef9b58a1737ccfc9500;f74007acbc850e3b30b9c5a339af129a	934885960;930403260	1865289220	ftp.sra.ebi.ac.uk/vol1/fastq/SRR230/095/SRR23049895/SRR23049895_1.fastq.gz;ftp.sra.ebi.ac.uk/vol1/fastq/SRR230/095/SRR23049895/SRR23049895_2.fastq.gz	False	0		success		source_reported_pending_harmonization	False	awaiting_uniform_reprocessing_signal_unit_unknown
rna_seq:SRR23049906	sharepoint_2026-07-13_new439	SRR23049906	SRX19003417	SAMN32677659	SRS16423309	PRJNA922944	SRP417015			shared/sharepoint_2026-07-13/training_input_bigwig/SRR23049906.bw	44137751	2bed82875f0bcd0970425e6825d65ba9ac859ee6054eb4e1aa0fb9525eec5e94	True	True	Caenorhabditis elegans	N2	WT	hermaphrodite	whole animal	Young Adult		RNA-Seq	TRANSCRIPTOMIC	RANDOM	PAIRED	151	derived_from_ENA_base_count_read_count_layout	unknown	wild type young adult experiment 1rep2	unknown	The catalytic activity of microRNA Argonautes plays a modest role in miRNA star strand cleavage in C. elegans	PRJNA922944		Young Adult		young adult		whole animal	unknown_from_provided_metadata	WBcel235_by_chromosome_header_validation	unknown_from_provided_metadata	unknown_from_provided_metadata	unknown	C	False	22099955	6674186410	True	c50fedf40b7b67f4a4c4b97c4c1302c5;633a36057bf39f8b3052877b57603d93	1416148994;1434963433	2851112427	ftp.sra.ebi.ac.uk/vol1/fastq/SRR230/006/SRR23049906/SRR23049906_1.fastq.gz;ftp.sra.ebi.ac.uk/vol1/fastq/SRR230/006/SRR23049906/SRR23049906_2.fastq.gz	False	0		success		source_reported_pending_harmonization	False	awaiting_uniform_reprocessing_signal_unit_unknown
rna_seq:SRR23049917	sharepoint_2026-07-13_new439	SRR23049917	SRX19003406	SAMN32677658	SRS16423308	PRJNA922944	SRP417015			shared/sharepoint_2026-07-13/training_input_bigwig/SRR23049917.bw	32002132	0661d978d7d44bd00509320cc1360cfd5142fb74f6073c885beaa33dfb3a59eb	True	True	Caenorhabditis elegans	MCJ275	mutated	hermaphrodite	whole animal	Embryo		RNA-Seq	TRANSCRIPTOMIC	RANDOM	PAIRED	151	derived_from_ENA_base_count_read_count_layout	unknown	alg-1(AEDH); alg-2(AEDH) mixed embryos experiment 1rep1	unknown	The catalytic activity of microRNA Argonautes plays a modest role in miRNA star strand cleavage in C. elegans	PRJNA922944		Embryo		mixed embryos		whole animal	unknown_from_provided_metadata	WBcel235_by_chromosome_header_validation	unknown_from_provided_metadata	unknown_from_provided_metadata	unknown	C	False	77528415	23413581330	True	eab86a6f24ec2dfb7222680b55b1664a;c86af3b011f0f075b194d9e8a85b6138	4089057793;4081417527	8170475320	ftp.sra.ebi.ac.uk/vol1/fastq/SRR230/017/SRR23049917/SRR23049917_1.fastq.gz;ftp.sra.ebi.ac.uk/vol1/fastq/SRR230/017/SRR23049917/SRR23049917_2.fastq.gz	False	0		success		source_reported_pending_harmonization	False	awaiting_uniform_reprocessing_signal_unit_unknown
rna_seq:SRR23049928	sharepoint_2026-07-13_new439	SRR23049928	SRX19003395	SAMN32677657	SRS16423307	PRJNA922944	SRP417015			shared/sharepoint_2026-07-13/training_input_bigwig/SRR23049928.bw	42625825	22203fc5bfb9675e360c9e92c140b1ec62c538e97d4cb72cd846a2b5d72d6eac	True	True	Caenorhabditis elegans	N2	WT	hermaphrodite	whole animal	Embryo		RNA-Seq	TRANSCRIPTOMIC	RANDOM	PAIRED	151	derived_from_ENA_base_count_read_count_layout	unknown	wild type mixed embryos experiment 1rep1	unknown	The catalytic activity of microRNA Argonautes plays a modest role in miRNA star strand cleavage in C. elegans	PRJNA922944		Embryo		mixed embryos		whole animal	unknown_from_provided_metadata	WBcel235_by_chromosome_header_validation	unknown_from_provided_metadata	unknown_from_provided_metadata	unknown	C	False	21231711	6411976722	True	d1806da9c1f3393be70f565ba81588fe;7b8bccb3ffec87a02d7be93f7bc8dedd	1211489222;1238734368	2450223590	ftp.sra.ebi.ac.uk/vol1/fastq/SRR230/028/SRR23049928/SRR23049928_1.fastq.gz;ftp.sra.ebi.ac.uk/vol1/fastq/SRR230/028/SRR23049928/SRR23049928_2.fastq.gz	False	0		success		source_reported_pending_harmonization	False	awaiting_uniform_reprocessing_signal_unit_unknown
rna_seq:SRR23049936	sharepoint_2026-07-13_new439	SRR23049936	SRX19003387	SAMN32677662	SRS16423312	PRJNA922944	SRP417015			shared/sharepoint_2026-07-13/training_input_bigwig/SRR23049936.bw	36750954	b52cfc0f7056e620264769e1fefdcaf8e45f66dd97ef4c778dfaa6e11a11c859	True	True	Caenorhabditis elegans	MCJ275	mutated	hermaphrodite	whole animal	Young Adult		RNA-Seq	TRANSCRIPTOMIC	RANDOM	PAIRED	151	derived_from_ENA_base_count_read_count_layout	unknown	alg-1(AEDH); alg-2(AEDH) young adult experiment 1rep3	unknown	The catalytic activity of microRNA Argonautes plays a modest role in miRNA star strand cleavage in C. elegans	PRJNA922944		Young Adult		young adult		whole animal	unknown_from_provided_metadata	WBcel235_by_chromosome_header_validation	unknown_from_provided_metadata	unknown_from_provided_metadata	unknown	C	False	20601649	6221697998	True	0ed7fc1fba90e0e6dcfd99c1799b6e10;bc8be3facdd19b0645062fd743ef347f	982276196;973957351	1956233547	ftp.sra.ebi.ac.uk/vol1/fastq/SRR230/036/SRR23049936/SRR23049936_1.fastq.gz;ftp.sra.ebi.ac.uk/vol1/fastq/SRR230/036/SRR23049936/SRR23049936_2.fastq.gz	False	0		success		source_reported_pending_harmonization	False	awaiting_uniform_reprocessing_signal_unit_unknown
rna_seq:SRR23049937	sharepoint_2026-07-13_new439	SRR23049937	SRX19003386	SAMN32677661	SRS16423311	PRJNA922944	SRP417015			shared/sharepoint_2026-07-13/training_input_bigwig/SRR23049937.bw	29433378	a3aed124a8392d5545fbb0a2ba8be28dfc2d4e4165d61ebcb40c6d660cb9afd7	True	True	Caenorhabditis elegans	N2	WT	hermaphrodite	whole animal	Young Adult		RNA-Seq	TRANSCRIPTOMIC	RANDOM	PAIRED	151	derived_from_ENA_base_count_read_count_layout	unknown	wild type young adult experiment 1rep3	unknown	The catalytic activity of microRNA Argonautes plays a modest role in miRNA star strand cleavage in C. elegans	PRJNA922944		Young Adult		young adult		whole animal	unknown_from_provided_metadata	WBcel235_by_chromosome_header_validation	unknown_from_provided_metadata	unknown_from_provided_metadata	unknown	C	False	20715159	6255978018	True	19e546a4fdbe34ef7b5915539225b141;c5f98c9e60514bfaaeabb83f3e03dab5	959088982;956661989	1915750971	ftp.sra.ebi.ac.uk/vol1/fastq/SRR230/037/SRR23049937/SRR23049937_1.fastq.gz;ftp.sra.ebi.ac.uk/vol1/fastq/SRR230/037/SRR23049937/SRR23049937_2.fastq.gz	False	0		success		source_reported_pending_harmonization	False	awaiting_uniform_reprocessing_signal_unit_unknown
rna_seq:SRR23049953	sharepoint_2026-07-13_new439	SRR23049953	SRX19003370	SAMN32677674	SRS16423305	PRJNA922944	SRP417015			shared/sharepoint_2026-07-13/training_input_bigwig/SRR23049953.bw	39177937	8f20bb7557cb2c420b3924c38a8cd625bbda254c7a6559494ddb9836de241060	True	True	Caenorhabditis elegans	MCJ275	mutated	hermaphrodite	whole animal	Embryo		RNA-Seq	TRANSCRIPTOMIC	RANDOM	PAIRED	151	derived_from_ENA_base_count_read_count_layout	unknown	alg-1(AEDH); alg-2(AEDH) mixed embryos experiment 1rep4	unknown	The catalytic activity of microRNA Argonautes plays a modest role in miRNA star strand cleavage in C. elegans	PRJNA922944		Embryo		mixed embryos		whole animal	unknown_from_provided_metadata	WBcel235_by_chromosome_header_validation	unknown_from_provided_metadata	unknown_from_provided_metadata	unknown	C	False	20733012	6261369624	True	b762e680517c9b9b22c3b029b5846271;1efd8ee07c9b28fd3afb2c58f152a745	925525460;925312671	1850838131	ftp.sra.ebi.ac.uk/vol1/fastq/SRR230/053/SRR23049953/SRR23049953_1.fastq.gz;ftp.sra.ebi.ac.uk/vol1/fastq/SRR230/053/SRR23049953/SRR23049953_2.fastq.gz	False	0		success		source_reported_pending_harmonization	False	awaiting_uniform_reprocessing_signal_unit_unknown
rna_seq:SRR23049954	sharepoint_2026-07-13_new439	SRR23049954	SRX19003369	SAMN32677673	SRS16423304	PRJNA922944	SRP417015			shared/sharepoint_2026-07-13/training_input_bigwig/SRR23049954.bw	35961559	9c8820673e848401a9c4551536e3f84eab40fa4431ca61bdf03c1a2a5f811e08	True	True	Caenorhabditis elegans	N2	WT	hermaphrodite	whole animal	Embryo		RNA-Seq	TRANSCRIPTOMIC	RANDOM	PAIRED	151	derived_from_ENA_base_count_read_count_layout	unknown	wild type mixed embryos experiment 1rep4	unknown	The catalytic activity of microRNA Argonautes plays a modest role in miRNA star strand cleavage in C. elegans	PRJNA922944		Embryo		mixed embryos		whole animal	unknown_from_provided_metadata	WBcel235_by_chromosome_header_validation	unknown_from_provided_metadata	unknown_from_provided_metadata	unknown	C	False	20783937	6276748974	True	b318c2ad12e6919a8bf65f1c4668fbd1;b1f16a572e64da6cb0b76aad58994004	889205283;893067968	1782273251	ftp.sra.ebi.ac.uk/vol1/fastq/SRR230/054/SRR23049954/SRR23049954_1.fastq.gz;ftp.sra.ebi.ac.uk/vol1/fastq/SRR230/054/SRR23049954/SRR23049954_2.fastq.gz	False	0		success		source_reported_pending_harmonization	False	awaiting_uniform_reprocessing_signal_unit_unknown
rna_seq:SRR23049956	sharepoint_2026-07-13_new439	SRR23049956	SRX19003367	SAMN32677672	SRS16423302	PRJNA922944	SRP417015			shared/sharepoint_2026-07-13/training_input_bigwig/SRR23049956.bw	46219150	e437ef61cba1e44023c8641fa398707fe8d8172d23d5c4f6e7a7e8abe68944cf	True	True	Caenorhabditis elegans	MCJ275	mutated	hermaphrodite	whole animal	Embryo		RNA-Seq	TRANSCRIPTOMIC	RANDOM	PAIRED	151	derived_from_ENA_base_count_read_count_layout	unknown	alg-1(AEDH); alg-2(AEDH) mixed embryos experiment 1rep3	unknown	The catalytic activity of microRNA Argonautes plays a modest role in miRNA star strand cleavage in C. elegans	PRJNA922944		Embryo		mixed embryos		whole animal	unknown_from_provided_metadata	WBcel235_by_chromosome_header_validation	unknown_from_provided_metadata	unknown_from_provided_metadata	unknown	C	False	21445828	6476640056	True	ead0fba667c3778bce4fb11896ad0d9b;2b267416872cbd0ee757ea01472a9b8c	1246814663;1291130253	2537944916	ftp.sra.ebi.ac.uk/vol1/fastq/SRR230/056/SRR23049956/SRR23049956_1.fastq.gz;ftp.sra.ebi.ac.uk/vol1/fastq/SRR230/056/SRR23049956/SRR23049956_2.fastq.gz	False	0		success		source_reported_pending_harmonization	False	awaiting_uniform_reprocessing_signal_unit_unknown
rna_seq:SRR23049957	sharepoint_2026-07-13_new439	SRR23049957	SRX19003366	SAMN32677671	SRS16423301	PRJNA922944	SRP417015			shared/sharepoint_2026-07-13/training_input_bigwig/SRR23049957.bw	42855403	5b123e431ef54cb324caa814fc3ea879e1f8aab9873532aa85195cded45c1a35	True	True	Caenorhabditis elegans	N2	WT	hermaphrodite	whole animal	Embryo		RNA-Seq	TRANSCRIPTOMIC	RANDOM	PAIRED	151	derived_from_ENA_base_count_read_count_layout	unknown	wild type mixed embryos experiment 1rep3	unknown	The catalytic activity of microRNA Argonautes plays a modest role in miRNA star strand cleavage in C. elegans	PRJNA922944		Embryo		mixed embryos		whole animal	unknown_from_provided_metadata	WBcel235_by_chromosome_header_validation	unknown_from_provided_metadata	unknown_from_provided_metadata	unknown	C	False	22282509	6729317718	True	204fd30500be780d9720ae1a2153c360;fe50137c09972c6213e6365e12a72e8e	1266379329;1315196701	2581576030	ftp.sra.ebi.ac.uk/vol1/fastq/SRR230/057/SRR23049957/SRR23049957_1.fastq.gz;ftp.sra.ebi.ac.uk/vol1/fastq/SRR230/057/SRR23049957/SRR23049957_2.fastq.gz	False	0		success		source_reported_pending_harmonization	False	awaiting_uniform_reprocessing_signal_unit_unknown
rna_seq:SRR23049958	sharepoint_2026-07-13_new439	SRR23049958	SRX19003365	SAMN32677670	SRS16423300	PRJNA922944	SRP417015			shared/sharepoint_2026-07-13/training_input_bigwig/SRR23049958.bw	39215341	4933f033bce387c39264010e7ee8fb38d9a331693074b561741963c9aba27b3e	True	True	Caenorhabditis elegans	MCJ275	mutated	hermaphrodite	whole animal	Embryo		RNA-Seq	TRANSCRIPTOMIC	RANDOM	PAIRED	151	derived_from_ENA_base_count_read_count_layout	unknown	alg-1(AEDH); alg-2(AEDH) mixed embryos experiment 1rep2	unknown	The catalytic activity of microRNA Argonautes plays a modest role in miRNA star strand cleavage in C. elegans	PRJNA922944		Embryo		mixed embryos		whole animal	unknown_from_provided_metadata	WBcel235_by_chromosome_header_validation	unknown_from_provided_metadata	unknown_from_provided_metadata	unknown	C	False	24035012	7258573624	True	864db077ab2a0f07a76a2653287e9dec;f5f07afd7bcf105012bf290b44d3a45c	1047219871;1046909246	2094129117	ftp.sra.ebi.ac.uk/vol1/fastq/SRR230/058/SRR23049958/SRR23049958_1.fastq.gz;ftp.sra.ebi.ac.uk/vol1/fastq/SRR230/058/SRR23049958/SRR23049958_2.fastq.gz	False	0		success		source_reported_pending_harmonization	False	awaiting_uniform_reprocessing_signal_unit_unknown
rna_seq:SRR23049959	sharepoint_2026-07-13_new439	SRR23049959	SRX19003364	SAMN32677669	SRS16423299	PRJNA922944	SRP417015			shared/sharepoint_2026-07-13/training_input_bigwig/SRR23049959.bw	35135952	8a52e17dda2bf5a0d85ac06dfdce052a32749cf73cbc09dfe95e2bcbaa176c25	True	True	Caenorhabditis elegans	N2	WT	hermaphrodite	whole animal	Embryo		RNA-Seq	TRANSCRIPTOMIC	RANDOM	PAIRED	151	derived_from_ENA_base_count_read_count_layout	unknown	wild type mixed embryos experiment 1rep2	unknown	The catalytic activity of microRNA Argonautes plays a modest role in miRNA star strand cleavage in C. elegans	PRJNA922944		Embryo		mixed embryos		whole animal	unknown_from_provided_metadata	WBcel235_by_chromosome_header_validation	unknown_from_provided_metadata	unknown_from_provided_metadata	unknown	C	False	20713804	6255568808	True	b2c395a252e09855bb9e11b8816a91a2;3c4219a5f9dd8e6980e1a37c9ac4fdc1	917981596;917091847	1835073443	ftp.sra.ebi.ac.uk/vol1/fastq/SRR230/059/SRR23049959/SRR23049959_1.fastq.gz;ftp.sra.ebi.ac.uk/vol1/fastq/SRR230/059/SRR23049959/SRR23049959_2.fastq.gz	False	0		success		source_reported_pending_harmonization	False	awaiting_uniform_reprocessing_signal_unit_unknown
rna_seq:SRR23049964	sharepoint_2026-07-13_new439	SRR23049964	SRX19003359	SAMN32677664	SRS16423294	PRJNA922944	SRP417015			shared/sharepoint_2026-07-13/training_input_bigwig/SRR23049964.bw	34978321	84fff581fd2e65a37411655796fe5b5f2e145189c5f90811b7d8cf2f00188172	True	True	Caenorhabditis elegans	MCJ275	mutated	hermaphrodite	whole animal	Young Adult		RNA-Seq	TRANSCRIPTOMIC	RANDOM	PAIRED	151	derived_from_ENA_base_count_read_count_layout	unknown	alg-1(AEDH); alg-2(AEDH) young adult experiment 1rep4	unknown	The catalytic activity of microRNA Argonautes plays a modest role in miRNA star strand cleavage in C. elegans	PRJNA922944		Young Adult		young adult		whole animal	unknown_from_provided_metadata	WBcel235_by_chromosome_header_validation	unknown_from_provided_metadata	unknown_from_provided_metadata	unknown	C	False	22477124	6788091448	True	ad97a125f268234e6039941ac71cf75a;af895359283a95fae1484fa590c8e62f	1364681763;1379478829	2744160592	ftp.sra.ebi.ac.uk/vol1/fastq/SRR230/064/SRR23049964/SRR23049964_1.fastq.gz;ftp.sra.ebi.ac.uk/vol1/fastq/SRR230/064/SRR23049964/SRR23049964_2.fastq.gz	False	0		success		source_reported_pending_harmonization	False	awaiting_uniform_reprocessing_signal_unit_unknown
rna_seq:SRR23049965	sharepoint_2026-07-13_new439	SRR23049965	SRX19003358	SAMN32677663	SRS16423293	PRJNA922944	SRP417015			shared/sharepoint_2026-07-13/training_input_bigwig/SRR23049965.bw	39466744	0f9e734f661034907c44ffd0f9517eb5ddfab730e7ea4e01d5cbe78a98cb0450	True	True	Caenorhabditis elegans	N2	WT	hermaphrodite	whole animal	Young Adult		RNA-Seq	TRANSCRIPTOMIC	RANDOM	PAIRED	151	derived_from_ENA_base_count_read_count_layout	unknown	wild type young adult experiment 1rep4	unknown	The catalytic activity of microRNA Argonautes plays a modest role in miRNA star strand cleavage in C. elegans	PRJNA922944		Young Adult		young adult		whole animal	unknown_from_provided_metadata	WBcel235_by_chromosome_header_validation	unknown_from_provided_metadata	unknown_from_provided_metadata	unknown	C	False	22058334	6661616868	True	508b272eeeb3d5b06399b652c2d1ba0c;0f4558597a5a0e5f7627a8e31ec44f56	1380478615;1379067437	2759546052	ftp.sra.ebi.ac.uk/vol1/fastq/SRR230/065/SRR23049965/SRR23049965_1.fastq.gz;ftp.sra.ebi.ac.uk/vol1/fastq/SRR230/065/SRR23049965/SRR23049965_2.fastq.gz	False	0		success		source_reported_pending_harmonization	False	awaiting_uniform_reprocessing_signal_unit_unknown
rna_seq:SRR23049966	sharepoint_2026-07-13_new439	SRR23049966	SRX19003357	SAMN32677654	SRS16423292	PRJNA922944	SRP417015			shared/sharepoint_2026-07-13/training_input_bigwig/SRR23049966.bw	33877709	e194ec67b69cfe021cf435906880f202567a399ec7f2856b6ee3f3a0dae86a87	True	True	Caenorhabditis elegans	N2	WT	hermaphrodite	whole animal	Young Adult		RNA-Seq	TRANSCRIPTOMIC	RANDOM	PAIRED	151	derived_from_ENA_base_count_read_count_layout	unknown	wild type young adult experiment 1rep1	unknown	The catalytic activity of microRNA Argonautes plays a modest role in miRNA star strand cleavage in C. elegans	PRJNA922944		Young Adult		young adult		whole animal	unknown_from_provided_metadata	WBcel235_by_chromosome_header_validation	unknown_from_provided_metadata	unknown_from_provided_metadata	unknown	C	False	22214125	6708665750	True	b8adc63123f9486fd9235302cc8d9d19;7a8eadefafb72bf715c23f6048aed1ee	1042627223;1037223642	2079850865	ftp.sra.ebi.ac.uk/vol1/fastq/SRR230/066/SRR23049966/SRR23049966_1.fastq.gz;ftp.sra.ebi.ac.uk/vol1/fastq/SRR230/066/SRR23049966/SRR23049966_2.fastq.gz	False	0		success		source_reported_pending_harmonization	False	awaiting_uniform_reprocessing_signal_unit_unknown
rna_seq:SRR23049967	sharepoint_2026-07-13_new439	SRR23049967	SRX19003356	SAMN32677653	SRS16423291	PRJNA922944	SRP417015			shared/sharepoint_2026-07-13/training_input_bigwig/SRR23049967.bw	38893088	a40fb14cc7252d1cf1cbd07a6aa4f9b272cd706ecdaec2c33c8aa5084505b501	True	True	Caenorhabditis elegans	MCJ275	mutated	hermaphrodite	whole animal	Young Adult		RNA-Seq	TRANSCRIPTOMIC	RANDOM	PAIRED	151	derived_from_ENA_base_count_read_count_layout	unknown	alg-1(AEDH); alg-2(AEDH) young adult experiment 1rep1	unknown	The catalytic activity of microRNA Argonautes plays a modest role in miRNA star strand cleavage in C. elegans	PRJNA922944		Young Adult		young adult		whole animal	unknown_from_provided_metadata	WBcel235_by_chromosome_header_validation	unknown_from_provided_metadata	unknown_from_provided_metadata	unknown	C	False	22348695	6749305890	True	e6e9bc58e1b10cc7da172ae32d493454;ab690667ab2c223ef159481fce1d4d11	1329492324;1355929821	2685422145	ftp.sra.ebi.ac.uk/vol1/fastq/SRR230/067/SRR23049967/SRR23049967_1.fastq.gz;ftp.sra.ebi.ac.uk/vol1/fastq/SRR230/067/SRR23049967/SRR23049967_2.fastq.gz	False	0		success		source_reported_pending_harmonization	False	awaiting_uniform_reprocessing_signal_unit_unknown
rna_seq:SRR2541829	sharepoint_2026-07-13_new439	SRR2541829	SRX1297650	SAMN04124059	SRS1095812	PRJNA280541	SRP056941	GSE67650	26641248;27356611	shared/sharepoint_2026-07-13/training_input_bigwig/SRR2541829.bw	15226505	1100b2667b63fe0dc6c763b0f4098f23f54bd24e36f4042fbda3943b9a9b7866	True	True	Caenorhabditis elegans	BS553	mutated			L3		RNA-Seq	TRANSCRIPTOMIC	cDNA	SINGLE	51	derived_from_ENA_base_count_read_count_layout	unknown		unknown	Developmental dynamics of C. elegans dosage compensation	PRJNA280541		L3		L3			unknown_from_provided_metadata	WBcel235_by_chromosome_header_validation	unknown_from_provided_metadata	unknown_from_provided_metadata	unknown	C	False	6461715	329547465	True	91b612d1c83f2cd6377d871214f11c48	347777790	347777790	ftp.sra.ebi.ac.uk/vol1/fastq/SRR254/009/SRR2541829/SRR2541829.fastq.gz	False	0		success		source_reported_pending_harmonization	False	awaiting_uniform_reprocessing_signal_unit_unknown
rna_seq:SRR2541830	sharepoint_2026-07-13_new439	SRR2541830	SRX1297650	SAMN04124059	SRS1095812	PRJNA280541	SRP056941	GSE67650	26641248;27356611	shared/sharepoint_2026-07-13/training_input_bigwig/SRR2541830.bw	17850191	97ce80a9dee5ef4f725bdc5d9453d2e9e394ab29c836b7e0b9a1ef9b2635834f	True	True	Caenorhabditis elegans	BS553	mutated			L3		RNA-Seq	TRANSCRIPTOMIC	cDNA	SINGLE	51	derived_from_ENA_base_count_read_count_layout	unknown		unknown	Developmental dynamics of C. elegans dosage compensation	PRJNA280541		L3		L3			unknown_from_provided_metadata	WBcel235_by_chromosome_header_validation	unknown_from_provided_metadata	unknown_from_provided_metadata	unknown	C	False	8474045	432176295	True	eebb30f3f0d83de0d5d21a9136b4a70d	329457110	329457110	ftp.sra.ebi.ac.uk/vol1/fastq/SRR254/000/SRR2541830/SRR2541830.fastq.gz	False	0		success		source_reported_pending_harmonization	False	awaiting_uniform_reprocessing_signal_unit_unknown
rna_seq:SRR2541831	sharepoint_2026-07-13_new439	SRR2541831	SRX1297651	SAMN04124060	SRS1095811	PRJNA280541	SRP056941	GSE67650	26641248;27356611	shared/sharepoint_2026-07-13/training_input_bigwig/SRR2541831.bw	14503494	ca403c30e53105be1ad2e9e189d8c2e4afdb1206e0dd59bdaba8cc6dde14ba7f	True	True	Caenorhabditis elegans	BS553	mutated			L3		RNA-Seq	TRANSCRIPTOMIC	cDNA	SINGLE	51	derived_from_ENA_base_count_read_count_layout	unknown		unknown	Developmental dynamics of C. elegans dosage compensation	PRJNA280541		L3		L3			unknown_from_provided_metadata	WBcel235_by_chromosome_header_validation	unknown_from_provided_metadata	unknown_from_provided_metadata	unknown	C	False	6430247	327942597	True	00a0802057491c0924b6baeaa16d589e	344988636	344988636	ftp.sra.ebi.ac.uk/vol1/fastq/SRR254/001/SRR2541831/SRR2541831.fastq.gz	False	0		success		source_reported_pending_harmonization	False	awaiting_uniform_reprocessing_signal_unit_unknown
rna_seq:SRR2541832	sharepoint_2026-07-13_new439	SRR2541832	SRX1297651	SAMN04124060	SRS1095811	PRJNA280541	SRP056941	GSE67650	26641248;27356611	shared/sharepoint_2026-07-13/training_input_bigwig/SRR2541832.bw	7452058	b5421c9101978fbccee96b917eb58bc62c21c3b1d12c85d93ab44e3cfb9dea7d	True	True	Caenorhabditis elegans	BS553	mutated			L3		RNA-Seq	TRANSCRIPTOMIC	cDNA	SINGLE	51	derived_from_ENA_base_count_read_count_layout	unknown		unknown	Developmental dynamics of C. elegans dosage compensation	PRJNA280541		L3		L3			unknown_from_provided_metadata	WBcel235_by_chromosome_header_validation	unknown_from_provided_metadata	unknown_from_provided_metadata	unknown	C	False	2072783	105711933	True	dcffe625b377cb862d3755997b65db3b	99725644	99725644	ftp.sra.ebi.ac.uk/vol1/fastq/SRR254/002/SRR2541832/SRR2541832.fastq.gz	False	0		success		source_reported_pending_harmonization	False	awaiting_uniform_reprocessing_signal_unit_unknown
rna_seq:SRR2541833	sharepoint_2026-07-13_new439	SRR2541833	SRX1297651	SAMN04124060	SRS1095811	PRJNA280541	SRP056941	GSE67650	26641248;27356611	shared/sharepoint_2026-07-13/training_input_bigwig/SRR2541833.bw	9162279	912736658e2b7d498542b393dd76449af3f98061351c5cc0feaadca3c46213ef	True	True	Caenorhabditis elegans	BS553	mutated			L3		RNA-Seq	TRANSCRIPTOMIC	cDNA	SINGLE	51	derived_from_ENA_base_count_read_count_layout	unknown		unknown	Developmental dynamics of C. elegans dosage compensation	PRJNA280541		L3		L3			unknown_from_provided_metadata	WBcel235_by_chromosome_header_validation	unknown_from_provided_metadata	unknown_from_provided_metadata	unknown	C	False	3081337	157148187	True	2c5ba1722b69776832135b2809f8a14c	127520911	127520911	ftp.sra.ebi.ac.uk/vol1/fastq/SRR254/003/SRR2541833/SRR2541833.fastq.gz	False	0		success		source_reported_pending_harmonization	False	awaiting_uniform_reprocessing_signal_unit_unknown
rna_seq:SRR2541834	sharepoint_2026-07-13_new439	SRR2541834	SRX1297652	SAMN04124061	SRS1095810	PRJNA280541	SRP056941	GSE67650	26641248;27356611	shared/sharepoint_2026-07-13/training_input_bigwig/SRR2541834.bw	15568500	518de927d37aca73e619195f535c51fef2eda802c416246166357fcadf045c72	True	True	Caenorhabditis elegans	BS553	mutated			L3		RNA-Seq	TRANSCRIPTOMIC	cDNA	SINGLE	51	derived_from_ENA_base_count_read_count_layout	unknown		unknown	Developmental dynamics of C. elegans dosage compensation	PRJNA280541		L3		L3			unknown_from_provided_metadata	WBcel235_by_chromosome_header_validation	unknown_from_provided_metadata	unknown_from_provided_metadata	unknown	C	False	7150062	364653162	True	2f723ae596ec94aee177cdd306add358	383014205	383014205	ftp.sra.ebi.ac.uk/vol1/fastq/SRR254/004/SRR2541834/SRR2541834.fastq.gz	False	0		success		source_reported_pending_harmonization	False	awaiting_uniform_reprocessing_signal_unit_unknown
rna_seq:SRR2541835	sharepoint_2026-07-13_new439	SRR2541835	SRX1297652	SAMN04124061	SRS1095810	PRJNA280541	SRP056941	GSE67650	26641248;27356611	shared/sharepoint_2026-07-13/training_input_bigwig/SRR2541835.bw	9125029	375de9d6f20f9cd3a012856e4f008ca28caf31847881c712a20a0d9c26f67149	True	True	Caenorhabditis elegans	BS553	mutated			L3		RNA-Seq	TRANSCRIPTOMIC	cDNA	SINGLE	51	derived_from_ENA_base_count_read_count_layout	unknown		unknown	Developmental dynamics of C. elegans dosage compensation	PRJNA280541		L3		L3			unknown_from_provided_metadata	WBcel235_by_chromosome_header_validation	unknown_from_provided_metadata	unknown_from_provided_metadata	unknown	C	False	2820721	143856771	True	03975fa650b7b3b02204d89f67f90e5e	135252157	135252157	ftp.sra.ebi.ac.uk/vol1/fastq/SRR254/005/SRR2541835/SRR2541835.fastq.gz	False	0		success		source_reported_pending_harmonization	False	awaiting_uniform_reprocessing_signal_unit_unknown
rna_seq:SRR2541836	sharepoint_2026-07-13_new439	SRR2541836	SRX1297652	SAMN04124061	SRS1095810	PRJNA280541	SRP056941	GSE67650	26641248;27356611	shared/sharepoint_2026-07-13/training_input_bigwig/SRR2541836.bw	10904914	aad3c5fa1c232b36a3ea8121417a51a038c9629b58d7b47fb860df29f6136c59	True	True	Caenorhabditis elegans	BS553	mutated			L3		RNA-Seq	TRANSCRIPTOMIC	cDNA	SINGLE	51	derived_from_ENA_base_count_read_count_layout	unknown		unknown	Developmental dynamics of C. elegans dosage compensation	PRJNA280541		L3		L3			unknown_from_provided_metadata	WBcel235_by_chromosome_header_validation	unknown_from_provided_metadata	unknown_from_provided_metadata	unknown	C	False	4078241	207990291	True	ddd7db58d90b678bf18f42fa30cba219	167786947	167786947	ftp.sra.ebi.ac.uk/vol1/fastq/SRR254/006/SRR2541836/SRR2541836.fastq.gz	False	0		success		source_reported_pending_harmonization	False	awaiting_uniform_reprocessing_signal_unit_unknown
rna_seq:SRR27352845	sharepoint_2026-07-13_new439	SRR27352845	SRX23029407	SAMN39129102	SRS19991290	PRJNA1057254	SRP480176	GSE252065	38412125	shared/sharepoint_2026-07-13/training_input_bigwig/SRR27352845.bw	18113758	e813d71001482bbbbce4d9eca3a88187d639c8ae7ad9002b325509192b42e070	True	True	Caenorhabditis elegans	N2	WT		whole animal	L4		RNA-Seq	TRANSCRIPTOMIC	cDNA	SINGLE	74.4643	derived_from_ENA_base_count_read_count_layout	unknown		unknown	Modeling neurodevelopmental disorder-associated human AGO1 mutations in C. elegans Argonaute alg-1. [RNA-Seq]	PRJNA1057254		L4				whole animal	unknown_from_provided_metadata	WBcel235_by_chromosome_header_validation	unknown_from_provided_metadata	unknown_from_provided_metadata	unknown	C	False	6143626	457480853	True	852d7d0f3ef9157629967e7fa726bad1	218973979	218973979	ftp.sra.ebi.ac.uk/vol1/fastq/SRR273/045/SRR27352845/SRR27352845.fastq.gz	False	0		success		source_reported_pending_harmonization	False	awaiting_uniform_reprocessing_signal_unit_unknown
rna_seq:SRR27352846	sharepoint_2026-07-13_new439	SRR27352846	SRX23029406	SAMN39129111	SRS19991291	PRJNA1057254	SRP480176	GSE252065	38412125	shared/sharepoint_2026-07-13/training_input_bigwig/SRR27352846.bw	19955180	696840d31f72a2349abcbd888475fe76e1245cd44c10b36daf4691bc90aad67a	True	True	Caenorhabditis elegans	alg-1(zen25, V254I)	mutated		whole animal	L4		RNA-Seq	TRANSCRIPTOMIC	cDNA	SINGLE	74.4216	derived_from_ENA_base_count_read_count_layout	unknown		unknown	Modeling neurodevelopmental disorder-associated human AGO1 mutations in C. elegans Argonaute alg-1. [RNA-Seq]	PRJNA1057254		L4				whole animal	unknown_from_provided_metadata	WBcel235_by_chromosome_header_validation	unknown_from_provided_metadata	unknown_from_provided_metadata	unknown	C	False	7112535	529326031	True	b3ed01d40e843d386ba01063b19ac377	253607304	253607304	ftp.sra.ebi.ac.uk/vol1/fastq/SRR273/046/SRR27352846/SRR27352846.fastq.gz	False	0		success		source_reported_pending_harmonization	False	awaiting_uniform_reprocessing_signal_unit_unknown
rna_seq:SRR27352847	sharepoint_2026-07-13_new439	SRR27352847	SRX23029405	SAMN39129112	SRS19991289	PRJNA1057254	SRP480176	GSE252065	38412125	shared/sharepoint_2026-07-13/training_input_bigwig/SRR27352847.bw	20657962	b9efd0735dcfcc5a3bd1239c7d4ccaebc3269c8e5ba90b0fdfe471f2583ee89f	True	True	Caenorhabditis elegans	alg-1(zen25, V254I)	mutated		whole animal	L4		RNA-Seq	TRANSCRIPTOMIC	cDNA	SINGLE	74.458	derived_from_ENA_base_count_read_count_layout	unknown		unknown	Modeling neurodevelopmental disorder-associated human AGO1 mutations in C. elegans Argonaute alg-1. [RNA-Seq]	PRJNA1057254		L4				whole animal	unknown_from_provided_metadata	WBcel235_by_chromosome_header_validation	unknown_from_provided_metadata	unknown_from_provided_metadata	unknown	C	False	8038563	598535566	True	37cb7059797f4eebeda0b342bcadb749	284508283	284508283	ftp.sra.ebi.ac.uk/vol1/fastq/SRR273/047/SRR27352847/SRR27352847.fastq.gz	False	0		success		source_reported_pending_harmonization	False	awaiting_uniform_reprocessing_signal_unit_unknown
rna_seq:SRR27352848	sharepoint_2026-07-13_new439	SRR27352848	SRX23029404	SAMN39129113	SRS19991288	PRJNA1057254	SRP480176	GSE252065	38412125	shared/sharepoint_2026-07-13/training_input_bigwig/SRR27352848.bw	20262021	51410ee0336d6c8f63df84bb859873267453680ef3b6d2ad310091f1193158fe	True	True	Caenorhabditis elegans	alg-1(zen25, V254I)	mutated		whole animal	L4		RNA-Seq	TRANSCRIPTOMIC	cDNA	SINGLE	74.4504	derived_from_ENA_base_count_read_count_layout	unknown		unknown	Modeling neurodevelopmental disorder-associated human AGO1 mutations in C. elegans Argonaute alg-1. [RNA-Seq]	PRJNA1057254		L4				whole animal	unknown_from_provided_metadata	WBcel235_by_chromosome_header_validation	unknown_from_provided_metadata	unknown_from_provided_metadata	unknown	C	False	7652107	569702588	True	4e329587d76d77889e8bf359f4138f82	270582031	270582031	ftp.sra.ebi.ac.uk/vol1/fastq/SRR273/048/SRR27352848/SRR27352848.fastq.gz	False	0		success		source_reported_pending_harmonization	False	awaiting_uniform_reprocessing_signal_unit_unknown
rna_seq:SRR27352849	sharepoint_2026-07-13_new439	SRR27352849	SRX23029403	SAMN39129114	SRS19991287	PRJNA1057254	SRP480176	GSE252065	38412125	shared/sharepoint_2026-07-13/training_input_bigwig/SRR27352849.bw	19443680	4534c1f8407a02e66097b6e41404a2c46a8c4b047993b034ed75dd7ade101ca0	True	True	Caenorhabditis elegans	alg-1(ma443, G199S)	mutated		whole animal	L4		RNA-Seq	TRANSCRIPTOMIC	cDNA	SINGLE	74.3597	derived_from_ENA_base_count_read_count_layout	unknown		unknown	Modeling neurodevelopmental disorder-associated human AGO1 mutations in C. elegans Argonaute alg-1. [RNA-Seq]	PRJNA1057254		L4				whole animal	unknown_from_provided_metadata	WBcel235_by_chromosome_header_validation	unknown_from_provided_metadata	unknown_from_provided_metadata	unknown	C	False	6436950	478649716	True	5a726d04f1cdc00bd2e99ac4bfbd3244	229333240	229333240	ftp.sra.ebi.ac.uk/vol1/fastq/SRR273/049/SRR27352849/SRR27352849.fastq.gz	False	0		success		source_reported_pending_harmonization	False	awaiting_uniform_reprocessing_signal_unit_unknown
rna_seq:SRR27352850	sharepoint_2026-07-13_new439	SRR27352850	SRX23029402	SAMN39129115	SRS19991286	PRJNA1057254	SRP480176	GSE252065	38412125	shared/sharepoint_2026-07-13/training_input_bigwig/SRR27352850.bw	18725347	07573569d21434859225cb7ae72ba60898b9a5234bddc3d233c6c430b9b1b17f	True	True	Caenorhabditis elegans	alg-1(ma443, G199S)	mutated		whole animal	L4		RNA-Seq	TRANSCRIPTOMIC	cDNA	SINGLE	74.3725	derived_from_ENA_base_count_read_count_layout	unknown		unknown	Modeling neurodevelopmental disorder-associated human AGO1 mutations in C. elegans Argonaute alg-1. [RNA-Seq]	PRJNA1057254		L4				whole animal	unknown_from_provided_metadata	WBcel235_by_chromosome_header_validation	unknown_from_provided_metadata	unknown_from_provided_metadata	unknown	C	False	6556044	487589578	True	f57ff8eee54b984f331c5f22f698d72a	233102694	233102694	ftp.sra.ebi.ac.uk/vol1/fastq/SRR273/050/SRR27352850/SRR27352850.fastq.gz	False	0		success		source_reported_pending_harmonization	False	awaiting_uniform_reprocessing_signal_unit_unknown
rna_seq:SRR27352851	sharepoint_2026-07-13_new439	SRR27352851	SRX23029401	SAMN39129116	SRS19991285	PRJNA1057254	SRP480176	GSE252065	38412125	shared/sharepoint_2026-07-13/training_input_bigwig/SRR27352851.bw	19353074	f4be7199bad16042421998c4167f56a9fa054f37a60089594bb78bc9d7c08911	True	True	Caenorhabditis elegans	alg-1(ma443, G199S)	mutated		whole animal	L4		RNA-Seq	TRANSCRIPTOMIC	cDNA	SINGLE	74.4725	derived_from_ENA_base_count_read_count_layout	unknown		unknown	Modeling neurodevelopmental disorder-associated human AGO1 mutations in C. elegans Argonaute alg-1. [RNA-Seq]	PRJNA1057254		L4				whole animal	unknown_from_provided_metadata	WBcel235_by_chromosome_header_validation	unknown_from_provided_metadata	unknown_from_provided_metadata	unknown	C	False	6510215	484832196	True	b67916ae0edf80ac1931e8658d860cb5	232383119	232383119	ftp.sra.ebi.ac.uk/vol1/fastq/SRR273/051/SRR27352851/SRR27352851.fastq.gz	False	0		success		source_reported_pending_harmonization	False	awaiting_uniform_reprocessing_signal_unit_unknown
rna_seq:SRR27352852	sharepoint_2026-07-13_new439	SRR27352852	SRX23029400	SAMN39129117	SRS19991283	PRJNA1057254	SRP480176	GSE252065	38412125	shared/sharepoint_2026-07-13/training_input_bigwig/SRR27352852.bw	18911079	99cb2d8c5f103255b4193534f15cc9b0118959175f58c77311f26268bf8294f1	True	True	Caenorhabditis elegans	alg-1(ma447,F180del)	mutated		whole animal	L4		RNA-Seq	TRANSCRIPTOMIC	cDNA	SINGLE	74.471	derived_from_ENA_base_count_read_count_layout	unknown		unknown	Modeling neurodevelopmental disorder-associated human AGO1 mutations in C. elegans Argonaute alg-1. [RNA-Seq]	PRJNA1057254		L4				whole animal	unknown_from_provided_metadata	WBcel235_by_chromosome_header_validation	unknown_from_provided_metadata	unknown_from_provided_metadata	unknown	C	False	6753470	502937450	True	ecd2988c7fac3f0403a71cb885b1fc03	240158744	240158744	ftp.sra.ebi.ac.uk/vol1/fastq/SRR273/052/SRR27352852/SRR27352852.fastq.gz	False	0		success		source_reported_pending_harmonization	False	awaiting_uniform_reprocessing_signal_unit_unknown
rna_seq:SRR27352853	sharepoint_2026-07-13_new439	SRR27352853	SRX23029399	SAMN39129118	SRS19991284	PRJNA1057254	SRP480176	GSE252065	38412125	shared/sharepoint_2026-07-13/training_input_bigwig/SRR27352853.bw	20835716	5602bae2ba2e4eb31efd06141173b1568cdfc69ad1da47ae355ba616dd707fdd	True	True	Caenorhabditis elegans	alg-1(ma447,F180del)	mutated		whole animal	L4		RNA-Seq	TRANSCRIPTOMIC	cDNA	SINGLE	74.4718	derived_from_ENA_base_count_read_count_layout	unknown		unknown	Modeling neurodevelopmental disorder-associated human AGO1 mutations in C. elegans Argonaute alg-1. [RNA-Seq]	PRJNA1057254		L4				whole animal	unknown_from_provided_metadata	WBcel235_by_chromosome_header_validation	unknown_from_provided_metadata	unknown_from_provided_metadata	unknown	C	False	7543014	561741597	True	23a2522d1bd15174c23a537d0118cbf5	267262014	267262014	ftp.sra.ebi.ac.uk/vol1/fastq/SRR273/053/SRR27352853/SRR27352853.fastq.gz	False	0		success		source_reported_pending_harmonization	False	awaiting_uniform_reprocessing_signal_unit_unknown
rna_seq:SRR27352854	sharepoint_2026-07-13_new439	SRR27352854	SRX23029398	SAMN39129119	SRS19991282	PRJNA1057254	SRP480176	GSE252065	38412125	shared/sharepoint_2026-07-13/training_input_bigwig/SRR27352854.bw	19911654	5f467b69619940c9b6086e5eb15c9b39209e8023f4e62e27ee4f08f6ac4c7e41	True	True	Caenorhabditis elegans	alg-1(ma447,F180del)	mutated		whole animal	L4		RNA-Seq	TRANSCRIPTOMIC	cDNA	SINGLE	74.4736	derived_from_ENA_base_count_read_count_layout	unknown		unknown	Modeling neurodevelopmental disorder-associated human AGO1 mutations in C. elegans Argonaute alg-1. [RNA-Seq]	PRJNA1057254		L4				whole animal	unknown_from_provided_metadata	WBcel235_by_chromosome_header_validation	unknown_from_provided_metadata	unknown_from_provided_metadata	unknown	C	False	7437016	553861512	True	3ce39a6b697fcfffad57f22756494d63	262182666	262182666	ftp.sra.ebi.ac.uk/vol1/fastq/SRR273/054/SRR27352854/SRR27352854.fastq.gz	False	0		success		source_reported_pending_harmonization	False	awaiting_uniform_reprocessing_signal_unit_unknown
rna_seq:SRR27352855	sharepoint_2026-07-13_new439	SRR27352855	SRX23029397	SAMN39129103	SRS19991281	PRJNA1057254	SRP480176	GSE252065	38412125	shared/sharepoint_2026-07-13/training_input_bigwig/SRR27352855.bw	19025073	c157e1185d061b36bbe3553a651542ba1aa7624c90e0597fd79bff036a4a3ffe	True	True	Caenorhabditis elegans	N2	WT		whole animal	L4		RNA-Seq	TRANSCRIPTOMIC	cDNA	SINGLE	74.4661	derived_from_ENA_base_count_read_count_layout	unknown		unknown	Modeling neurodevelopmental disorder-associated human AGO1 mutations in C. elegans Argonaute alg-1. [RNA-Seq]	PRJNA1057254		L4				whole animal	unknown_from_provided_metadata	WBcel235_by_chromosome_header_validation	unknown_from_provided_metadata	unknown_from_provided_metadata	unknown	C	False	7031181	523584943	True	32a2ecfa6c0c478f4c92a0e5b22d108a	249513824	249513824	ftp.sra.ebi.ac.uk/vol1/fastq/SRR273/055/SRR27352855/SRR27352855.fastq.gz	False	0		success		source_reported_pending_harmonization	False	awaiting_uniform_reprocessing_signal_unit_unknown
rna_seq:SRR27352856	sharepoint_2026-07-13_new439	SRR27352856	SRX23029396	SAMN39129104	SRS19991280	PRJNA1057254	SRP480176	GSE252065	38412125	shared/sharepoint_2026-07-13/training_input_bigwig/SRR27352856.bw	20404753	91180fde6eda3f931f737fe5a408d43a9e26d4eae193a97f8731c054eab1e928	True	True	Caenorhabditis elegans	N2	WT		whole animal	L4		RNA-Seq	TRANSCRIPTOMIC	cDNA	SINGLE	74.4713	derived_from_ENA_base_count_read_count_layout	unknown		unknown	Modeling neurodevelopmental disorder-associated human AGO1 mutations in C. elegans Argonaute alg-1. [RNA-Seq]	PRJNA1057254		L4				whole animal	unknown_from_provided_metadata	WBcel235_by_chromosome_header_validation	unknown_from_provided_metadata	unknown_from_provided_metadata	unknown	C	False	7640990	569034163	True	f75aef1375637ca8420c81175cf89273	269995071	269995071	ftp.sra.ebi.ac.uk/vol1/fastq/SRR273/056/SRR27352856/SRR27352856.fastq.gz	False	0		success		source_reported_pending_harmonization	False	awaiting_uniform_reprocessing_signal_unit_unknown
rna_seq:SRR27352857	sharepoint_2026-07-13_new439	SRR27352857	SRX23029395	SAMN39129105	SRS19991279	PRJNA1057254	SRP480176	GSE252065	38412125	shared/sharepoint_2026-07-13/training_input_bigwig/SRR27352857.bw	22153671	2efe350d207959cf372cb97adde422f687c93d99ab099a59e89299d5a3d038d0	True	True	Caenorhabditis elegans	alg-1(tm492, 0)	mutated		whole animal	L4		RNA-Seq	TRANSCRIPTOMIC	cDNA	SINGLE	74.4219	derived_from_ENA_base_count_read_count_layout	unknown		unknown	Modeling neurodevelopmental disorder-associated human AGO1 mutations in C. elegans Argonaute alg-1. [RNA-Seq]	PRJNA1057254		L4				whole animal	unknown_from_provided_metadata	WBcel235_by_chromosome_header_validation	unknown_from_provided_metadata	unknown_from_provided_metadata	unknown	C	False	8292765	617163270	True	f4d16addde92867696f85ca56fe6b8dc	294996033	294996033	ftp.sra.ebi.ac.uk/vol1/fastq/SRR273/057/SRR27352857/SRR27352857.fastq.gz	False	0		success		source_reported_pending_harmonization	False	awaiting_uniform_reprocessing_signal_unit_unknown
rna_seq:SRR27352858	sharepoint_2026-07-13_new439	SRR27352858	SRX23029394	SAMN39129106	SRS19991278	PRJNA1057254	SRP480176	GSE252065	38412125	shared/sharepoint_2026-07-13/training_input_bigwig/SRR27352858.bw	19603491	5c35fbc7a2004b08186529e6d04ddf2114a43a828ab95e6c8e648384132a24f8	True	True	Caenorhabditis elegans	alg-1(tm492, 0)	mutated		whole animal	L4		RNA-Seq	TRANSCRIPTOMIC	cDNA	SINGLE	74.389	derived_from_ENA_base_count_read_count_layout	unknown		unknown	Modeling neurodevelopmental disorder-associated human AGO1 mutations in C. elegans Argonaute alg-1. [RNA-Seq]	PRJNA1057254		L4				whole animal	unknown_from_provided_metadata	WBcel235_by_chromosome_header_validation	unknown_from_provided_metadata	unknown_from_provided_metadata	unknown	C	False	7250489	539356273	True	75fb5d7a57619f202b5e09d648f4ea44	255964092	255964092	ftp.sra.ebi.ac.uk/vol1/fastq/SRR273/058/SRR27352858/SRR27352858.fastq.gz	False	0		success		source_reported_pending_harmonization	False	awaiting_uniform_reprocessing_signal_unit_unknown
rna_seq:SRR27352859	sharepoint_2026-07-13_new439	SRR27352859	SRX23029393	SAMN39129107	SRS19991277	PRJNA1057254	SRP480176	GSE252065	38412125	shared/sharepoint_2026-07-13/training_input_bigwig/SRR27352859.bw	19798365	428dbcb02305cd930f80a2ac0383772b0009caf25519adae6d837591de34a585	True	True	Caenorhabditis elegans	alg-1(tm492, 0)	mutated		whole animal	L4		RNA-Seq	TRANSCRIPTOMIC	cDNA	SINGLE	74.4209	derived_from_ENA_base_count_read_count_layout	unknown		unknown	Modeling neurodevelopmental disorder-associated human AGO1 mutations in C. elegans Argonaute alg-1. [RNA-Seq]	PRJNA1057254		L4				whole animal	unknown_from_provided_metadata	WBcel235_by_chromosome_header_validation	unknown_from_provided_metadata	unknown_from_provided_metadata	unknown	C	False	7134259	530937696	True	664a512b0bb88239326d4a6ae092b07e	252769782	252769782	ftp.sra.ebi.ac.uk/vol1/fastq/SRR273/059/SRR27352859/SRR27352859.fastq.gz	False	0		success		source_reported_pending_harmonization	False	awaiting_uniform_reprocessing_signal_unit_unknown
rna_seq:SRR27352860	sharepoint_2026-07-13_new439	SRR27352860	SRX23029392	SAMN39129108	SRS19991276	PRJNA1057254	SRP480176	GSE252065	38412125	shared/sharepoint_2026-07-13/training_input_bigwig/SRR27352860.bw	21102799	2e82fd22541983994a60d5e20bce236c59d4f1016e0fb80853cd4f394d37407c	True	True	Caenorhabditis elegans	alg-1(zen18,H751L)	mutated		whole animal	L4		RNA-Seq	TRANSCRIPTOMIC	cDNA	SINGLE	74.2339	derived_from_ENA_base_count_read_count_layout	unknown		unknown	Modeling neurodevelopmental disorder-associated human AGO1 mutations in C. elegans Argonaute alg-1. [RNA-Seq]	PRJNA1057254		L4				whole animal	unknown_from_provided_metadata	WBcel235_by_chromosome_header_validation	unknown_from_provided_metadata	unknown_from_provided_metadata	unknown	C	False	8333062	618595984	True	96f5a39f44184813b9bcd38c3dcf4d83	286310413	286310413	ftp.sra.ebi.ac.uk/vol1/fastq/SRR273/060/SRR27352860/SRR27352860.fastq.gz	False	0		success		source_reported_pending_harmonization	False	awaiting_uniform_reprocessing_signal_unit_unknown
rna_seq:SRR27352861	sharepoint_2026-07-13_new439	SRR27352861	SRX23029391	SAMN39129109	SRS19991275	PRJNA1057254	SRP480176	GSE252065	38412125	shared/sharepoint_2026-07-13/training_input_bigwig/SRR27352861.bw	18640114	60b76aaef9d1886eec7f38b27ba1bcc1a5809d4a16337868d626ff4046868556	True	True	Caenorhabditis elegans	alg-1(zen18,H751L)	mutated		whole animal	L4		RNA-Seq	TRANSCRIPTOMIC	cDNA	SINGLE	74.4876	derived_from_ENA_base_count_read_count_layout	unknown		unknown	Modeling neurodevelopmental disorder-associated human AGO1 mutations in C. elegans Argonaute alg-1. [RNA-Seq]	PRJNA1057254		L4				whole animal	unknown_from_provided_metadata	WBcel235_by_chromosome_header_validation	unknown_from_provided_metadata	unknown_from_provided_metadata	unknown	C	False	7007716	521988164	True	453cdfde54e422d6a7763ad625be60be	247257109	247257109	ftp.sra.ebi.ac.uk/vol1/fastq/SRR273/061/SRR27352861/SRR27352861.fastq.gz	False	0		success		source_reported_pending_harmonization	False	awaiting_uniform_reprocessing_signal_unit_unknown
rna_seq:SRR27352862	sharepoint_2026-07-13_new439	SRR27352862	SRX23029390	SAMN39129110	SRS19991274	PRJNA1057254	SRP480176	GSE252065	38412125	shared/sharepoint_2026-07-13/training_input_bigwig/SRR27352862.bw	19324254	b674ab70ca8716669bb5b29c3fd798642f54bc39ac36f3708df557c02d5f8b2a	True	True	Caenorhabditis elegans	alg-1(zen18,H751L)	mutated		whole animal	L4		RNA-Seq	TRANSCRIPTOMIC	cDNA	SINGLE	74.4669	derived_from_ENA_base_count_read_count_layout	unknown		unknown	Modeling neurodevelopmental disorder-associated human AGO1 mutations in C. elegans Argonaute alg-1. [RNA-Seq]	PRJNA1057254		L4				whole animal	unknown_from_provided_metadata	WBcel235_by_chromosome_header_validation	unknown_from_provided_metadata	unknown_from_provided_metadata	unknown	C	False	6623933	493263453	True	a2e7876ae9d26bc4f37b948d0c9b7d81	237152264	237152264	ftp.sra.ebi.ac.uk/vol1/fastq/SRR273/062/SRR27352862/SRR27352862.fastq.gz	False	0		success		source_reported_pending_harmonization	False	awaiting_uniform_reprocessing_signal_unit_unknown
rna_seq:SRR28628814	sharepoint_2026-07-13_new439	SRR28628814	SRX24226694	SAMN40933351	SRS20996294	PRJNA1099214	SRP501217	GSE263774	40097442	shared/sharepoint_2026-07-13/training_input_bigwig/SRR28628814.bw	33828749	192abe760ed922d2efdef894da8d4a9c86d66d9e917bdd0df6fb2af075cf7250	True	True	Caenorhabditis elegans	cdk-12as;ssup-72[E22K]	mutated+treated		whole worm	L1	3MB-PP1 (2uM)	RNA-Seq	TRANSCRIPTOMIC	cDNA	PAIRED	101	derived_from_ENA_base_count_read_count_layout	unknown		unknown	The SSUP-72/PINN-1 module is required for efficient 3'end processing and coordinates developmental gene expression during exit from diapause in C. elegans [RNAseq-suppression]	PRJNA1099214		L1		L1		whole worm	unknown_from_provided_metadata	WBcel235_by_chromosome_header_validation	unknown_from_provided_metadata	unknown_from_provided_metadata	unknown	C	False	29488242	5956624884	True	a0621acf399c93b56785484cff6560e3;be205c3b0a316b3eaddbfd3de00df73f	915794575;996326194	1912120769	ftp.sra.ebi.ac.uk/vol1/fastq/SRR286/014/SRR28628814/SRR28628814_1.fastq.gz;ftp.sra.ebi.ac.uk/vol1/fastq/SRR286/014/SRR28628814/SRR28628814_2.fastq.gz	False	0		success		source_reported_pending_harmonization	False	awaiting_uniform_reprocessing_signal_unit_unknown
rna_seq:SRR28628815	sharepoint_2026-07-13_new439	SRR28628815	SRX24226693	SAMN40933352	SRS20996292	PRJNA1099214	SRP501217	GSE263774	40097442	shared/sharepoint_2026-07-13/training_input_bigwig/SRR28628815.bw	42085722	8bf652d402adf36989aebfb14a38f9c54ddd0570edad2f17272407917f77602c	True	True	Caenorhabditis elegans	cdk-12as;ssup-72[E22K]	mutated+treated		whole worm	L1	3MB-PP1 (2uM)	RNA-Seq	TRANSCRIPTOMIC	cDNA	PAIRED	101	derived_from_ENA_base_count_read_count_layout	unknown		unknown	The SSUP-72/PINN-1 module is required for efficient 3'end processing and coordinates developmental gene expression during exit from diapause in C. elegans [RNAseq-suppression]	PRJNA1099214		L1		L1		whole worm	unknown_from_provided_metadata	WBcel235_by_chromosome_header_validation	unknown_from_provided_metadata	unknown_from_provided_metadata	unknown	C	False	40099067	8100011534	True	599eea9cab3b72cc996280049e240d7c;afe513d17b22a5ff5d08e2da18475911	1240278373;1344422995	2584701368	ftp.sra.ebi.ac.uk/vol1/fastq/SRR286/015/SRR28628815/SRR28628815_1.fastq.gz;ftp.sra.ebi.ac.uk/vol1/fastq/SRR286/015/SRR28628815/SRR28628815_2.fastq.gz	False	0		success		source_reported_pending_harmonization	False	awaiting_uniform_reprocessing_signal_unit_unknown
rna_seq:SRR28628816	sharepoint_2026-07-13_new439	SRR28628816	SRX24226692	SAMN40933353	SRS20996293	PRJNA1099214	SRP501217	GSE263774	40097442	shared/sharepoint_2026-07-13/training_input_bigwig/SRR28628816.bw	33031875	f99dd146b5bcb68bb1e6d811be4755fbfbbed1932346e7a9ca80ee0b075f7b28	True	True	Caenorhabditis elegans	cdk-12as;ssup-72[E22K]	mutated+treated		whole worm	L1	3MB-PP1 (2uM)	RNA-Seq	TRANSCRIPTOMIC	cDNA	PAIRED	101	derived_from_ENA_base_count_read_count_layout	unknown		unknown	The SSUP-72/PINN-1 module is required for efficient 3'end processing and coordinates developmental gene expression during exit from diapause in C. elegans [RNAseq-suppression]	PRJNA1099214		L1		L1		whole worm	unknown_from_provided_metadata	WBcel235_by_chromosome_header_validation	unknown_from_provided_metadata	unknown_from_provided_metadata	unknown	C	False	29927271	6045308742	True	efd89864a65ea9c3038e06abb5e3ff37;a3bc9a4fd12581d468b025d79d8661b0	967093953;970567842	1937661795	ftp.sra.ebi.ac.uk/vol1/fastq/SRR286/016/SRR28628816/SRR28628816_1.fastq.gz;ftp.sra.ebi.ac.uk/vol1/fastq/SRR286/016/SRR28628816/SRR28628816_2.fastq.gz	False	0		success		source_reported_pending_harmonization	False	awaiting_uniform_reprocessing_signal_unit_unknown
rna_seq:SRR28628817	sharepoint_2026-07-13_new439	SRR28628817	SRX24226691	SAMN40933354	SRS20996291	PRJNA1099214	SRP501217	GSE263774	40097442	shared/sharepoint_2026-07-13/training_input_bigwig/SRR28628817.bw	39026228	3db1f1d818275bf31c39c9535bd6697a80583b9405be5d2fc6dc74dd676fecce	True	True	Caenorhabditis elegans	cdk-12as;ssup-72[E22K]	mutated		whole worm	L1	DMSO	RNA-Seq	TRANSCRIPTOMIC	cDNA	PAIRED	101	derived_from_ENA_base_count_read_count_layout	unknown		unknown	The SSUP-72/PINN-1 module is required for efficient 3'end processing and coordinates developmental gene expression during exit from diapause in C. elegans [RNAseq-suppression]	PRJNA1099214		L1		L1		whole worm	unknown_from_provided_metadata	WBcel235_by_chromosome_header_validation	unknown_from_provided_metadata	unknown_from_provided_metadata	unknown	C	False	34522082	6973460564	True	f42e43732c81a492abfc3fb38cb8dd62;6d2eaa2cbcc46822d7341e15acb2ee44	1080683458;1160359283	2241042741	ftp.sra.ebi.ac.uk/vol1/fastq/SRR286/017/SRR28628817/SRR28628817_1.fastq.gz;ftp.sra.ebi.ac.uk/vol1/fastq/SRR286/017/SRR28628817/SRR28628817_2.fastq.gz	False	0		success		source_reported_pending_harmonization	False	awaiting_uniform_reprocessing_signal_unit_unknown
rna_seq:SRR28628818	sharepoint_2026-07-13_new439	SRR28628818	SRX24226690	SAMN40933355	SRS20996290	PRJNA1099214	SRP501217	GSE263774	40097442	shared/sharepoint_2026-07-13/training_input_bigwig/SRR28628818.bw	46257577	43f052758e740c5b14417ed0b28bf635a7b0368fbb183c3ad3e1739364004888	True	True	Caenorhabditis elegans	cdk-12as;ssup-72[E22K]	mutated		whole worm	L1	DMSO	RNA-Seq	TRANSCRIPTOMIC	cDNA	PAIRED	101	derived_from_ENA_base_count_read_count_layout	unknown		unknown	The SSUP-72/PINN-1 module is required for efficient 3'end processing and coordinates developmental gene expression during exit from diapause in C. elegans [RNAseq-suppression]	PRJNA1099214		L1		L1		whole worm	unknown_from_provided_metadata	WBcel235_by_chromosome_header_validation	unknown_from_provided_metadata	unknown_from_provided_metadata	unknown	C	False	47677556	9630866312	True	5639eca83822fbfc633a48d3bdd63ed1;6613728513b8ac14b81da1d8ddaa67c4	1465359066;1594649666	3060008732	ftp.sra.ebi.ac.uk/vol1/fastq/SRR286/018/SRR28628818/SRR28628818_1.fastq.gz;ftp.sra.ebi.ac.uk/vol1/fastq/SRR286/018/SRR28628818/SRR28628818_2.fastq.gz	False	0		success		source_reported_pending_harmonization	False	awaiting_uniform_reprocessing_signal_unit_unknown
rna_seq:SRR28628819	sharepoint_2026-07-13_new439	SRR28628819	SRX24226689	SAMN40933356	SRS20996289	PRJNA1099214	SRP501217	GSE263774	40097442	shared/sharepoint_2026-07-13/training_input_bigwig/SRR28628819.bw	39526673	0e35d4462aa0e7089260625aa08b5dcbb10805635957ab38b2959aa947dbcc13	True	True	Caenorhabditis elegans	cdk-12as;ssup-72[E22K]	mutated		whole worm	L1	DMSO	RNA-Seq	TRANSCRIPTOMIC	cDNA	PAIRED	101	derived_from_ENA_base_count_read_count_layout	unknown		unknown	The SSUP-72/PINN-1 module is required for efficient 3'end processing and coordinates developmental gene expression during exit from diapause in C. elegans [RNAseq-suppression]	PRJNA1099214		L1		L1		whole worm	unknown_from_provided_metadata	WBcel235_by_chromosome_header_validation	unknown_from_provided_metadata	unknown_from_provided_metadata	unknown	C	False	38486359	7774244518	True	2a858e0113a35abfb2da2e590e223279;b63e08252fcf20288faad130ecc4c742	1199849525;1273843645	2473693170	ftp.sra.ebi.ac.uk/vol1/fastq/SRR286/019/SRR28628819/SRR28628819_1.fastq.gz;ftp.sra.ebi.ac.uk/vol1/fastq/SRR286/019/SRR28628819/SRR28628819_2.fastq.gz	False	0		success		source_reported_pending_harmonization	False	awaiting_uniform_reprocessing_signal_unit_unknown
rna_seq:SRR28628820	sharepoint_2026-07-13_new439	SRR28628820	SRX24226688	SAMN40933357	SRS20996288	PRJNA1099214	SRP501217	GSE263774	40097442	shared/sharepoint_2026-07-13/training_input_bigwig/SRR28628820.bw	39521238	47ea7870db4c68f7ab9cba7d531a5b060d6b0b3bc292015f0fc34c73388e381e	True	True	Caenorhabditis elegans	cdk-12as;ssup-72[E22K]	mutated		whole worm	L1	DMSO	RNA-Seq	TRANSCRIPTOMIC	cDNA	PAIRED	101	derived_from_ENA_base_count_read_count_layout	unknown		unknown	The SSUP-72/PINN-1 module is required for efficient 3'end processing and coordinates developmental gene expression during exit from diapause in C. elegans [RNAseq-suppression]	PRJNA1099214		L1		L1		whole worm	unknown_from_provided_metadata	WBcel235_by_chromosome_header_validation	unknown_from_provided_metadata	unknown_from_provided_metadata	unknown	C	False	38702788	7817963176	True	d02ba8e036351eeac18050a71b691205;5ddbbc1d1670bb8d273f1ed0dfc61b47	1161639347;1284189626	2445828973	ftp.sra.ebi.ac.uk/vol1/fastq/SRR286/020/SRR28628820/SRR28628820_1.fastq.gz;ftp.sra.ebi.ac.uk/vol1/fastq/SRR286/020/SRR28628820/SRR28628820_2.fastq.gz	False	0		success		source_reported_pending_harmonization	False	awaiting_uniform_reprocessing_signal_unit_unknown
rna_seq:SRR28628821	sharepoint_2026-07-13_new439	SRR28628821	SRX24226687	SAMN40933358	SRS20996287	PRJNA1099214	SRP501217	GSE263774	40097442	shared/sharepoint_2026-07-13/training_input_bigwig/SRR28628821.bw	43868570	da9de22bdfcf1b9601ede2e1605b1a50cbb12b004151276cb059d2d61e226a15	True	True	Caenorhabditis elegans	cdk-12as;ssup-72[E22K]	mutated		whole worm	L1	DMSO	RNA-Seq	TRANSCRIPTOMIC	cDNA	PAIRED	101	derived_from_ENA_base_count_read_count_layout	unknown		unknown	The SSUP-72/PINN-1 module is required for efficient 3'end processing and coordinates developmental gene expression during exit from diapause in C. elegans [RNAseq-suppression]	PRJNA1099214		L1		L1		whole worm	unknown_from_provided_metadata	WBcel235_by_chromosome_header_validation	unknown_from_provided_metadata	unknown_from_provided_metadata	unknown	C	False	40001889	8080381578	True	73a53ca25c65fabfd1cc0aca20f01809;f842e948f3aea06c0508621e5188603d	1238347874;1311675730	2550023604	ftp.sra.ebi.ac.uk/vol1/fastq/SRR286/021/SRR28628821/SRR28628821_1.fastq.gz;ftp.sra.ebi.ac.uk/vol1/fastq/SRR286/021/SRR28628821/SRR28628821_2.fastq.gz	False	0		success		source_reported_pending_harmonization	False	awaiting_uniform_reprocessing_signal_unit_unknown
rna_seq:SRR28628822	sharepoint_2026-07-13_new439	SRR28628822	SRX24226686	SAMN40933359	SRS20996286	PRJNA1099214	SRP501217	GSE263774	40097442	shared/sharepoint_2026-07-13/training_input_bigwig/SRR28628822.bw	38937143	7cc852895e407fdf880e431b7fca917206e1ca335d5639ec18445129f961b57c	True	True	Caenorhabditis elegans	cdk-12as;ssup-72[E22K]	mutated		whole worm	L1	DMSO	RNA-Seq	TRANSCRIPTOMIC	cDNA	PAIRED	101	derived_from_ENA_base_count_read_count_layout	unknown		unknown	The SSUP-72/PINN-1 module is required for efficient 3'end processing and coordinates developmental gene expression during exit from diapause in C. elegans [RNAseq-suppression]	PRJNA1099214		L1		L1		whole worm	unknown_from_provided_metadata	WBcel235_by_chromosome_header_validation	unknown_from_provided_metadata	unknown_from_provided_metadata	unknown	C	False	32212013	6506826626	True	d084d1caf22f76480de28e8cbce6183b;7b43d9022a3f0712c4e88e31df3a8899	1022140438;1084412963	2106553401	ftp.sra.ebi.ac.uk/vol1/fastq/SRR286/022/SRR28628822/SRR28628822_1.fastq.gz;ftp.sra.ebi.ac.uk/vol1/fastq/SRR286/022/SRR28628822/SRR28628822_2.fastq.gz	False	0		success		source_reported_pending_harmonization	False	awaiting_uniform_reprocessing_signal_unit_unknown
rna_seq:SRR28628823	sharepoint_2026-07-13_new439	SRR28628823	SRX24226685	SAMN40933360	SRS20996285	PRJNA1099214	SRP501217	GSE263774	40097442	shared/sharepoint_2026-07-13/training_input_bigwig/SRR28628823.bw	45615063	9ee840cde2d94ab5b5577c3990f1b13bf2f6d7c8b71474def42cb83b40381f3f	True	True	Caenorhabditis elegans	cdk-12as	mutated+treated		whole worm	L1	3MB-PP1 (2uM)	RNA-Seq	TRANSCRIPTOMIC	cDNA	PAIRED	101	derived_from_ENA_base_count_read_count_layout	unknown		unknown	The SSUP-72/PINN-1 module is required for efficient 3'end processing and coordinates developmental gene expression during exit from diapause in C. elegans [RNAseq-suppression]	PRJNA1099214		L1		L1		whole worm	unknown_from_provided_metadata	WBcel235_by_chromosome_header_validation	unknown_from_provided_metadata	unknown_from_provided_metadata	unknown	C	False	40990695	8280120390	True	5d4b195ced330407736db9e843a07466;844921706e456f4fe3114f35df03bd94	1335519495;1321348023	2656867518	ftp.sra.ebi.ac.uk/vol1/fastq/SRR286/023/SRR28628823/SRR28628823_1.fastq.gz;ftp.sra.ebi.ac.uk/vol1/fastq/SRR286/023/SRR28628823/SRR28628823_2.fastq.gz	False	0		success		source_reported_pending_harmonization	False	awaiting_uniform_reprocessing_signal_unit_unknown
rna_seq:SRR28628824	sharepoint_2026-07-13_new439	SRR28628824	SRX24226684	SAMN40933361	SRS20996284	PRJNA1099214	SRP501217	GSE263774	40097442	shared/sharepoint_2026-07-13/training_input_bigwig/SRR28628824.bw	35166887	fefd21f6d8b73e497a06056b2b0dd105fa6e92af437a0957f6b1a1494be2dfd5	True	True	Caenorhabditis elegans	cdk-12as	mutated+treated		whole worm	L1	3MB-PP1 (2uM)	RNA-Seq	TRANSCRIPTOMIC	cDNA	PAIRED	101	derived_from_ENA_base_count_read_count_layout	unknown		unknown	The SSUP-72/PINN-1 module is required for efficient 3'end processing and coordinates developmental gene expression during exit from diapause in C. elegans [RNAseq-suppression]	PRJNA1099214		L1		L1		whole worm	unknown_from_provided_metadata	WBcel235_by_chromosome_header_validation	unknown_from_provided_metadata	unknown_from_provided_metadata	unknown	C	False	31611854	6385594508	True	8698e20c9afbbd93a9f28e51ff4ad3fb;d83ab0cd02b6f2a43f14b3a51074be40	963616059;1038190217	2001806276	ftp.sra.ebi.ac.uk/vol1/fastq/SRR286/024/SRR28628824/SRR28628824_1.fastq.gz;ftp.sra.ebi.ac.uk/vol1/fastq/SRR286/024/SRR28628824/SRR28628824_2.fastq.gz	False	0		success		source_reported_pending_harmonization	False	awaiting_uniform_reprocessing_signal_unit_unknown
rna_seq:SRR28628825	sharepoint_2026-07-13_new439	SRR28628825	SRX24226683	SAMN40933362	SRS20996283	PRJNA1099214	SRP501217	GSE263774	40097442	shared/sharepoint_2026-07-13/training_input_bigwig/SRR28628825.bw	34232230	0612661b6b241d537ee7ae04cedb9e396134d41f6c95e1db8ba95da8170cf4fc	True	True	Caenorhabditis elegans	cdk-12as	mutated+treated		whole worm	L1	3MB-PP1 (2uM)	RNA-Seq	TRANSCRIPTOMIC	cDNA	PAIRED	101	derived_from_ENA_base_count_read_count_layout	unknown		unknown	The SSUP-72/PINN-1 module is required for efficient 3'end processing and coordinates developmental gene expression during exit from diapause in C. elegans [RNAseq-suppression]	PRJNA1099214		L1		L1		whole worm	unknown_from_provided_metadata	WBcel235_by_chromosome_header_validation	unknown_from_provided_metadata	unknown_from_provided_metadata	unknown	C	False	32218966	6508231132	True	9b5362d9a84118e6e3a91957f99388a0;df98c3ea56b4082a6f30745359d13f1e	996623724;1106402995	2103026719	ftp.sra.ebi.ac.uk/vol1/fastq/SRR286/025/SRR28628825/SRR28628825_1.fastq.gz;ftp.sra.ebi.ac.uk/vol1/fastq/SRR286/025/SRR28628825/SRR28628825_2.fastq.gz	False	0		success		source_reported_pending_harmonization	False	awaiting_uniform_reprocessing_signal_unit_unknown
rna_seq:SRR28628826	sharepoint_2026-07-13_new439	SRR28628826	SRX24226682	SAMN40933363	SRS20996282	PRJNA1099214	SRP501217	GSE263774	40097442	shared/sharepoint_2026-07-13/training_input_bigwig/SRR28628826.bw	57825806	01a9108bb4cadf37a96a3439bfdbbf1ca4c70da37e2fc8d8e02b610d1adb5506	True	True	Caenorhabditis elegans	cdk-12as	mutated		whole worm	L1	DMSO	RNA-Seq	TRANSCRIPTOMIC	cDNA	PAIRED	101	derived_from_ENA_base_count_read_count_layout	unknown		unknown	The SSUP-72/PINN-1 module is required for efficient 3'end processing and coordinates developmental gene expression during exit from diapause in C. elegans [RNAseq-suppression]	PRJNA1099214		L1		L1		whole worm	unknown_from_provided_metadata	WBcel235_by_chromosome_header_validation	unknown_from_provided_metadata	unknown_from_provided_metadata	unknown	C	False	61493602	12421707604	True	6cbecee314447ec899a0ae65e1f74f1f;24a7c6308c6e095163ef7592eaa9bd55	1905702915;2018139543	3923842458	ftp.sra.ebi.ac.uk/vol1/fastq/SRR286/026/SRR28628826/SRR28628826_1.fastq.gz;ftp.sra.ebi.ac.uk/vol1/fastq/SRR286/026/SRR28628826/SRR28628826_2.fastq.gz	False	0		success		source_reported_pending_harmonization	False	awaiting_uniform_reprocessing_signal_unit_unknown
rna_seq:SRR28628827	sharepoint_2026-07-13_new439	SRR28628827	SRX24226681	SAMN40933364	SRS20996281	PRJNA1099214	SRP501217	GSE263774	40097442	shared/sharepoint_2026-07-13/training_input_bigwig/SRR28628827.bw	41975249	c2fab7d4bf033cc38db230ac08315cac9e4f7ddfcf5b55b1c91e43b90795d204	True	True	Caenorhabditis elegans	cdk-12as	mutated		whole worm	L1	DMSO	RNA-Seq	TRANSCRIPTOMIC	cDNA	PAIRED	101	derived_from_ENA_base_count_read_count_layout	unknown		unknown	The SSUP-72/PINN-1 module is required for efficient 3'end processing and coordinates developmental gene expression during exit from diapause in C. elegans [RNAseq-suppression]	PRJNA1099214		L1		L1		whole worm	unknown_from_provided_metadata	WBcel235_by_chromosome_header_validation	unknown_from_provided_metadata	unknown_from_provided_metadata	unknown	C	False	43754735	8838456470	True	2ba5eb5fa267d01f7d6246dc51120e64;66e7d8c5294bdeb5f9ababccfc19bc79	1364603177;1449664656	2814267833	ftp.sra.ebi.ac.uk/vol1/fastq/SRR286/027/SRR28628827/SRR28628827_1.fastq.gz;ftp.sra.ebi.ac.uk/vol1/fastq/SRR286/027/SRR28628827/SRR28628827_2.fastq.gz	False	0		success		source_reported_pending_harmonization	False	awaiting_uniform_reprocessing_signal_unit_unknown
rna_seq:SRR28628828	sharepoint_2026-07-13_new439	SRR28628828	SRX24226680	SAMN40933365	SRS20996280	PRJNA1099214	SRP501217	GSE263774	40097442	shared/sharepoint_2026-07-13/training_input_bigwig/SRR28628828.bw	36195182	7ec0c3f311f42c0756f602be660221f5243a67288ce09f554177eba60ce64fae	True	True	Caenorhabditis elegans	cdk-12as	mutated		whole worm	L1	DMSO	RNA-Seq	TRANSCRIPTOMIC	cDNA	PAIRED	101	derived_from_ENA_base_count_read_count_layout	unknown		unknown	The SSUP-72/PINN-1 module is required for efficient 3'end processing and coordinates developmental gene expression during exit from diapause in C. elegans [RNAseq-suppression]	PRJNA1099214		L1		L1		whole worm	unknown_from_provided_metadata	WBcel235_by_chromosome_header_validation	unknown_from_provided_metadata	unknown_from_provided_metadata	unknown	C	False	38475350	7772020700	True	441cfa2a98cd6ad305ac4eee5d3512f5;59b2f5d996735f92ba22b04895707a33	1206133583;1260560629	2466694212	ftp.sra.ebi.ac.uk/vol1/fastq/SRR286/028/SRR28628828/SRR28628828_1.fastq.gz;ftp.sra.ebi.ac.uk/vol1/fastq/SRR286/028/SRR28628828/SRR28628828_2.fastq.gz	False	0		success		source_reported_pending_harmonization	False	awaiting_uniform_reprocessing_signal_unit_unknown
rna_seq:SRR28628829	sharepoint_2026-07-13_new439	SRR28628829	SRX24226679	SAMN40933366	SRS20996279	PRJNA1099214	SRP501217	GSE263774	40097442	shared/sharepoint_2026-07-13/training_input_bigwig/SRR28628829.bw	35439596	199c6d451ff2f4b5e49cb6daeaf67c9b9c3c3a8b9b9e47a4a94b0cf2bb9f0695	True	True	Caenorhabditis elegans	cdk-12as	mutated		whole worm	L1	DMSO	RNA-Seq	TRANSCRIPTOMIC	cDNA	PAIRED	101	derived_from_ENA_base_count_read_count_layout	unknown		unknown	The SSUP-72/PINN-1 module is required for efficient 3'end processing and coordinates developmental gene expression during exit from diapause in C. elegans [RNAseq-suppression]	PRJNA1099214		L1		L1		whole worm	unknown_from_provided_metadata	WBcel235_by_chromosome_header_validation	unknown_from_provided_metadata	unknown_from_provided_metadata	unknown	C	False	27182376	5490839952	True	e690872f0305ab0f1cff302b9d8d23c7;0ed4f94e23b076c7b44802e3433efdcd	845097571;911060531	1756158102	ftp.sra.ebi.ac.uk/vol1/fastq/SRR286/029/SRR28628829/SRR28628829_1.fastq.gz;ftp.sra.ebi.ac.uk/vol1/fastq/SRR286/029/SRR28628829/SRR28628829_2.fastq.gz	False	0		success		source_reported_pending_harmonization	False	awaiting_uniform_reprocessing_signal_unit_unknown
rna_seq:SRR28628830	sharepoint_2026-07-13_new439	SRR28628830	SRX24226678	SAMN40933367	SRS20996278	PRJNA1099214	SRP501217	GSE263774	40097442	shared/sharepoint_2026-07-13/training_input_bigwig/SRR28628830.bw	43712262	a9b810f5f6ef64a417af703fba7993b3761e94c0b0389a1c007be160909e30c3	True	True	Caenorhabditis elegans	cdk-12as	mutated		whole worm	L1	DMSO	RNA-Seq	TRANSCRIPTOMIC	cDNA	PAIRED	101	derived_from_ENA_base_count_read_count_layout	unknown		unknown	The SSUP-72/PINN-1 module is required for efficient 3'end processing and coordinates developmental gene expression during exit from diapause in C. elegans [RNAseq-suppression]	PRJNA1099214		L1		L1		whole worm	unknown_from_provided_metadata	WBcel235_by_chromosome_header_validation	unknown_from_provided_metadata	unknown_from_provided_metadata	unknown	C	False	34278872	6924332144	True	8e1ebb8ceac591a6fc9e2a55b2ef6374;29171544ed7a90940baccd57a740493c	1114429404;1168347901	2282777305	ftp.sra.ebi.ac.uk/vol1/fastq/SRR286/030/SRR28628830/SRR28628830_1.fastq.gz;ftp.sra.ebi.ac.uk/vol1/fastq/SRR286/030/SRR28628830/SRR28628830_2.fastq.gz	False	0		success		source_reported_pending_harmonization	False	awaiting_uniform_reprocessing_signal_unit_unknown
rna_seq:SRR28628831	sharepoint_2026-07-13_new439	SRR28628831	SRX24226677	SAMN40933368	SRS20996277	PRJNA1099214	SRP501217	GSE263774	40097442	shared/sharepoint_2026-07-13/training_input_bigwig/SRR28628831.bw	50388132	6db766980757bdfe3fc4ea347f132e0931e43f71096e59bc23f26d28fbfee05f	True	True	Caenorhabditis elegans	cdk-12as	mutated		whole worm	L1	DMSO	RNA-Seq	TRANSCRIPTOMIC	cDNA	PAIRED	101	derived_from_ENA_base_count_read_count_layout	unknown		unknown	The SSUP-72/PINN-1 module is required for efficient 3'end processing and coordinates developmental gene expression during exit from diapause in C. elegans [RNAseq-suppression]	PRJNA1099214		L1		L1		whole worm	unknown_from_provided_metadata	WBcel235_by_chromosome_header_validation	unknown_from_provided_metadata	unknown_from_provided_metadata	unknown	C	False	42722364	8629917528	True	e6351fc67a122c93f67d02572e250c32;966cd5e2e21e6508b6a0ef4444fc2a14	1357733064;1448055995	2805789059	ftp.sra.ebi.ac.uk/vol1/fastq/SRR286/031/SRR28628831/SRR28628831_1.fastq.gz;ftp.sra.ebi.ac.uk/vol1/fastq/SRR286/031/SRR28628831/SRR28628831_2.fastq.gz	False	0		success		source_reported_pending_harmonization	False	awaiting_uniform_reprocessing_signal_unit_unknown
rna_seq:SRR28628832	sharepoint_2026-07-13_new439	SRR28628832	SRX24226676	SAMN40933369	SRS20996276	PRJNA1099214	SRP501217	GSE263774	40097442	shared/sharepoint_2026-07-13/training_input_bigwig/SRR28628832.bw	55725916	039631ea76c0fccdbfecad4d972431468de7dd4b9f172d5591d44d9bce860d0e	True	True	Caenorhabditis elegans	ssup-72[E22K]	mutated		whole worm	L1	DMSO	RNA-Seq	TRANSCRIPTOMIC	cDNA	PAIRED	101	derived_from_ENA_base_count_read_count_layout	unknown		unknown	The SSUP-72/PINN-1 module is required for efficient 3'end processing and coordinates developmental gene expression during exit from diapause in C. elegans [RNAseq-suppression]	PRJNA1099214		L1		L1		whole worm	unknown_from_provided_metadata	WBcel235_by_chromosome_header_validation	unknown_from_provided_metadata	unknown_from_provided_metadata	unknown	C	False	43189605	8724300210	True	e9e4fce06abb6ade7558fb3a5366637d;388f8c5c2b6568bd24250df5b75c114c	1441402499;1512713273	2954115772	ftp.sra.ebi.ac.uk/vol1/fastq/SRR286/032/SRR28628832/SRR28628832_1.fastq.gz;ftp.sra.ebi.ac.uk/vol1/fastq/SRR286/032/SRR28628832/SRR28628832_2.fastq.gz	False	0		success		source_reported_pending_harmonization	False	awaiting_uniform_reprocessing_signal_unit_unknown
rna_seq:SRR28628833	sharepoint_2026-07-13_new439	SRR28628833	SRX24226675	SAMN40933370	SRS20996275	PRJNA1099214	SRP501217	GSE263774	40097442	shared/sharepoint_2026-07-13/training_input_bigwig/SRR28628833.bw	53671781	04fe1f2d8afe36eac603f211537e1e2428fd0d97e2598228a9b277ca63f61ac3	True	True	Caenorhabditis elegans	ssup-72[E22K]	mutated		whole worm	L1	DMSO	RNA-Seq	TRANSCRIPTOMIC	cDNA	PAIRED	101	derived_from_ENA_base_count_read_count_layout	unknown		unknown	The SSUP-72/PINN-1 module is required for efficient 3'end processing and coordinates developmental gene expression during exit from diapause in C. elegans [RNAseq-suppression]	PRJNA1099214		L1		L1		whole worm	unknown_from_provided_metadata	WBcel235_by_chromosome_header_validation	unknown_from_provided_metadata	unknown_from_provided_metadata	unknown	C	False	46201503	9332703606	True	fa96116e5d4fa620578a4cc2a0ef803c;44ef546ae645331f6540951355ab1025	1490026490;1588215572	3078242062	ftp.sra.ebi.ac.uk/vol1/fastq/SRR286/033/SRR28628833/SRR28628833_1.fastq.gz;ftp.sra.ebi.ac.uk/vol1/fastq/SRR286/033/SRR28628833/SRR28628833_2.fastq.gz	False	0		success		source_reported_pending_harmonization	False	awaiting_uniform_reprocessing_signal_unit_unknown
rna_seq:SRR28628834	sharepoint_2026-07-13_new439	SRR28628834	SRX24226674	SAMN40933371	SRS20996274	PRJNA1099214	SRP501217	GSE263774	40097442	shared/sharepoint_2026-07-13/training_input_bigwig/SRR28628834.bw	50639836	d5bccf1041606a8ab335927b32528736d7f41be82bc2d77de45da0e1d96fe65a	True	True	Caenorhabditis elegans	ssup-72[E22K]	mutated		whole worm	L1	DMSO	RNA-Seq	TRANSCRIPTOMIC	cDNA	PAIRED	101	derived_from_ENA_base_count_read_count_layout	unknown		unknown	The SSUP-72/PINN-1 module is required for efficient 3'end processing and coordinates developmental gene expression during exit from diapause in C. elegans [RNAseq-suppression]	PRJNA1099214		L1		L1		whole worm	unknown_from_provided_metadata	WBcel235_by_chromosome_header_validation	unknown_from_provided_metadata	unknown_from_provided_metadata	unknown	C	False	42861094	8657940988	True	e18f027b407d6766944e3097baafc125;0efb9dd862d931321dd5690d18a4f34f	1371083900;1451656853	2822740753	ftp.sra.ebi.ac.uk/vol1/fastq/SRR286/034/SRR28628834/SRR28628834_1.fastq.gz;ftp.sra.ebi.ac.uk/vol1/fastq/SRR286/034/SRR28628834/SRR28628834_2.fastq.gz	False	0		success		source_reported_pending_harmonization	False	awaiting_uniform_reprocessing_signal_unit_unknown
rna_seq:SRR28628835	sharepoint_2026-07-13_new439	SRR28628835	SRX24226673	SAMN40933372	SRS20996273	PRJNA1099214	SRP501217	GSE263774	40097442	shared/sharepoint_2026-07-13/training_input_bigwig/SRR28628835.bw	39521663	c8c910fcf0822ef578e1af3f639f53e4a200155bb3f705ce0a0a017bd74801b9	True	True	Caenorhabditis elegans	N2	WT		whole worm	L1	DMSO	RNA-Seq	TRANSCRIPTOMIC	cDNA	PAIRED	101	derived_from_ENA_base_count_read_count_layout	unknown		unknown	The SSUP-72/PINN-1 module is required for efficient 3'end processing and coordinates developmental gene expression during exit from diapause in C. elegans [RNAseq-suppression]	PRJNA1099214		L1		L1		whole worm	unknown_from_provided_metadata	WBcel235_by_chromosome_header_validation	unknown_from_provided_metadata	unknown_from_provided_metadata	unknown	C	False	36196172	7311626744	True	3ec37034d4432b13fb07cdbacdb19deb;d4e69b02a899d23f54221ec778745d19	1114531141;1209914535	2324445676	ftp.sra.ebi.ac.uk/vol1/fastq/SRR286/035/SRR28628835/SRR28628835_1.fastq.gz;ftp.sra.ebi.ac.uk/vol1/fastq/SRR286/035/SRR28628835/SRR28628835_2.fastq.gz	False	0		success		source_reported_pending_harmonization	False	awaiting_uniform_reprocessing_signal_unit_unknown
rna_seq:SRR28628836	sharepoint_2026-07-13_new439	SRR28628836	SRX24226672	SAMN40933373	SRS20996272	PRJNA1099214	SRP501217	GSE263774	40097442	shared/sharepoint_2026-07-13/training_input_bigwig/SRR28628836.bw	36609616	d5e106212c0356cc9cf1f72ceb1dd072f4516bf6ccc7bb8d8cf7b7451e5baf71	True	True	Caenorhabditis elegans	N2	WT		whole worm	L1	DMSO	RNA-Seq	TRANSCRIPTOMIC	cDNA	PAIRED	101	derived_from_ENA_base_count_read_count_layout	unknown		unknown	The SSUP-72/PINN-1 module is required for efficient 3'end processing and coordinates developmental gene expression during exit from diapause in C. elegans [RNAseq-suppression]	PRJNA1099214		L1		L1		whole worm	unknown_from_provided_metadata	WBcel235_by_chromosome_header_validation	unknown_from_provided_metadata	unknown_from_provided_metadata	unknown	C	False	37156196	7505551592	True	ad8aaac8510f7be05a0a76147228ec45;acda6da920ce5521ac8a28650d586a83	1111094597;1205971458	2317066055	ftp.sra.ebi.ac.uk/vol1/fastq/SRR286/036/SRR28628836/SRR28628836_1.fastq.gz;ftp.sra.ebi.ac.uk/vol1/fastq/SRR286/036/SRR28628836/SRR28628836_2.fastq.gz	False	0		success		source_reported_pending_harmonization	False	awaiting_uniform_reprocessing_signal_unit_unknown
rna_seq:SRR28628837	sharepoint_2026-07-13_new439	SRR28628837	SRX24226671	SAMN40933374	SRS20996271	PRJNA1099214	SRP501217	GSE263774	40097442	shared/sharepoint_2026-07-13/training_input_bigwig/SRR28628837.bw	32145283	d86816f9f0f646072d9d0a47aefc5623bfc78c9e779f987b0150909e17dbdd6d	True	True	Caenorhabditis elegans	N2	WT		whole worm	L1	DMSO	RNA-Seq	TRANSCRIPTOMIC	cDNA	PAIRED	101	derived_from_ENA_base_count_read_count_layout	unknown		unknown	The SSUP-72/PINN-1 module is required for efficient 3'end processing and coordinates developmental gene expression during exit from diapause in C. elegans [RNAseq-suppression]	PRJNA1099214		L1		L1		whole worm	unknown_from_provided_metadata	WBcel235_by_chromosome_header_validation	unknown_from_provided_metadata	unknown_from_provided_metadata	unknown	C	False	34693255	7008037510	True	5b19c2ea398dbb0e61bbf6f531b2fe0f;b44f1c8efd2a8f808bcffe9508bcdf92	1017231872;1105809126	2123040998	ftp.sra.ebi.ac.uk/vol1/fastq/SRR286/037/SRR28628837/SRR28628837_1.fastq.gz;ftp.sra.ebi.ac.uk/vol1/fastq/SRR286/037/SRR28628837/SRR28628837_2.fastq.gz	False	0		success		source_reported_pending_harmonization	False	awaiting_uniform_reprocessing_signal_unit_unknown
rna_seq:SRR28645089	sharepoint_2026-07-13_new439	SRR28645089	SRX24238209	SAMN40932161	SRS21006596	PRJNA1099212	SRP501530	GSE263771	40097442	shared/sharepoint_2026-07-13/training_input_bigwig/SRR28645089.bw	98734601	eba730e274ce7579bebe48d7b8f426d8aec589671aa7903f8afd7ee50ee7f1b8	True	True	Caenorhabditis elegans	ssup-72(0)	mutated		whole worm	L1		RNA-Seq	TRANSCRIPTOMIC	cDNA	PAIRED	97.4424	derived_from_ENA_base_count_read_count_layout	unknown		unknown	The SSUP-72/PINN-1 module is required for efficient 3'end processing and coordinates developmental gene expression during exit from diapause in C. elegans [RNAseq-SSUP72]	PRJNA1099212		L1		L1		whole worm	unknown_from_provided_metadata	WBcel235_by_chromosome_header_validation	unknown_from_provided_metadata	unknown_from_provided_metadata	unknown	C	False	36879299	7187212681	True	91e6dec09561a8259b61fc5bc05799de;a816af96a463359ce4921b0e4d4c237c	1901643796;1911670206	3813314002	ftp.sra.ebi.ac.uk/vol1/fastq/SRR286/089/SRR28645089/SRR28645089_1.fastq.gz;ftp.sra.ebi.ac.uk/vol1/fastq/SRR286/089/SRR28645089/SRR28645089_2.fastq.gz	False	0		success		source_reported_pending_harmonization	False	awaiting_uniform_reprocessing_signal_unit_unknown
rna_seq:SRR28645090	sharepoint_2026-07-13_new439	SRR28645090	SRX24238208	SAMN40932162	SRS21006595	PRJNA1099212	SRP501530	GSE263771	40097442	shared/sharepoint_2026-07-13/training_input_bigwig/SRR28645090.bw	95472586	5b07c168d30503d4421fab224d9521a3f0fc7ed55cb3ff7219e18ecc1b5f2534	True	True	Caenorhabditis elegans	ssup-72(0)	mutated		whole worm	L1		RNA-Seq	TRANSCRIPTOMIC	cDNA	PAIRED	97.5424	derived_from_ENA_base_count_read_count_layout	unknown		unknown	The SSUP-72/PINN-1 module is required for efficient 3'end processing and coordinates developmental gene expression during exit from diapause in C. elegans [RNAseq-SSUP72]	PRJNA1099212		L1		L1		whole worm	unknown_from_provided_metadata	WBcel235_by_chromosome_header_validation	unknown_from_provided_metadata	unknown_from_provided_metadata	unknown	C	False	34817109	6792289811	True	c24b825227cdd869c183193d7245b935;6b1ba4ac0ab3f8138f87d0359a93d4f6	1794868933;1805446333	3600315266	ftp.sra.ebi.ac.uk/vol1/fastq/SRR286/090/SRR28645090/SRR28645090_1.fastq.gz;ftp.sra.ebi.ac.uk/vol1/fastq/SRR286/090/SRR28645090/SRR28645090_2.fastq.gz	False	0		success		source_reported_pending_harmonization	False	awaiting_uniform_reprocessing_signal_unit_unknown
rna_seq:SRR28645091	sharepoint_2026-07-13_new439	SRR28645091	SRX24238207	SAMN40932163	SRS21006594	PRJNA1099212	SRP501530	GSE263771	40097442	shared/sharepoint_2026-07-13/training_input_bigwig/SRR28645091.bw	94612429	31fc2cd57cfb2326eeffbc196c7ff84e8a0b83bbb896647e3d043b0de0372c12	True	True	Caenorhabditis elegans	ssup-72(0)	mutated		whole worm	L1		RNA-Seq	TRANSCRIPTOMIC	cDNA	PAIRED	97.7113	derived_from_ENA_base_count_read_count_layout	unknown		unknown	The SSUP-72/PINN-1 module is required for efficient 3'end processing and coordinates developmental gene expression during exit from diapause in C. elegans [RNAseq-SSUP72]	PRJNA1099212		L1		L1		whole worm	unknown_from_provided_metadata	WBcel235_by_chromosome_header_validation	unknown_from_provided_metadata	unknown_from_provided_metadata	unknown	C	False	33042507	6457250463	True	136297b6b630150d96e3c87af4f74eb6;9804f260acc37c651143903e7c376f97	1712755697;1720676873	3433432570	ftp.sra.ebi.ac.uk/vol1/fastq/SRR286/091/SRR28645091/SRR28645091_1.fastq.gz;ftp.sra.ebi.ac.uk/vol1/fastq/SRR286/091/SRR28645091/SRR28645091_2.fastq.gz	False	0		success		source_reported_pending_harmonization	False	awaiting_uniform_reprocessing_signal_unit_unknown
rna_seq:SRR28645092	sharepoint_2026-07-13_new439	SRR28645092	SRX24238206	SAMN40932164	SRS21006593	PRJNA1099212	SRP501530	GSE263771	40097442	shared/sharepoint_2026-07-13/training_input_bigwig/SRR28645092.bw	99030275	80beaee6a2a6335d3fb08045281efb034861963ef03fe1fbb94e2fb1f5a77458	True	True	Caenorhabditis elegans	N2	WT		whole worm	L1		RNA-Seq	TRANSCRIPTOMIC	cDNA	PAIRED	97.5824	derived_from_ENA_base_count_read_count_layout	unknown		unknown	The SSUP-72/PINN-1 module is required for efficient 3'end processing and coordinates developmental gene expression during exit from diapause in C. elegans [RNAseq-SSUP72]	PRJNA1099212		L1		L1		whole worm	unknown_from_provided_metadata	WBcel235_by_chromosome_header_validation	unknown_from_provided_metadata	unknown_from_provided_metadata	unknown	C	False	44798408	8743074418	True	99b07b9b5689faddabcc73cf46a895e9;448e73e05fda12e71d56ac63970c5750	2303052991;2317891929	4620944920	ftp.sra.ebi.ac.uk/vol1/fastq/SRR286/092/SRR28645092/SRR28645092_1.fastq.gz;ftp.sra.ebi.ac.uk/vol1/fastq/SRR286/092/SRR28645092/SRR28645092_2.fastq.gz	False	0		success		source_reported_pending_harmonization	False	awaiting_uniform_reprocessing_signal_unit_unknown
rna_seq:SRR28645093	sharepoint_2026-07-13_new439	SRR28645093	SRX24238205	SAMN40932165	SRS21006592	PRJNA1099212	SRP501530	GSE263771	40097442	shared/sharepoint_2026-07-13/training_input_bigwig/SRR28645093.bw	101610429	aeb3506e7194b9a71999c9c0f5f6c6836a5896e341b7f2f220d4fb8c9763965d	True	True	Caenorhabditis elegans	pinn-1(0)	mutated		whole worm	L1		RNA-Seq	TRANSCRIPTOMIC	cDNA	PAIRED	97.4946	derived_from_ENA_base_count_read_count_layout	unknown		unknown	The SSUP-72/PINN-1 module is required for efficient 3'end processing and coordinates developmental gene expression during exit from diapause in C. elegans [RNAseq-SSUP72]	PRJNA1099212		L1		L1		whole worm	unknown_from_provided_metadata	WBcel235_by_chromosome_header_validation	unknown_from_provided_metadata	unknown_from_provided_metadata	unknown	C	False	39321797	7667323864	True	44a2cf862a027bf2e008cecf06431785;29d232f43069caee7ab4ebd314036cab	1917464069;1983391069	3900855138	ftp.sra.ebi.ac.uk/vol1/fastq/SRR286/093/SRR28645093/SRR28645093_1.fastq.gz;ftp.sra.ebi.ac.uk/vol1/fastq/SRR286/093/SRR28645093/SRR28645093_2.fastq.gz	False	0		success		source_reported_pending_harmonization	False	awaiting_uniform_reprocessing_signal_unit_unknown
rna_seq:SRR28645094	sharepoint_2026-07-13_new439	SRR28645094	SRX24238204	SAMN40932166	SRS21006591	PRJNA1099212	SRP501530	GSE263771	40097442	shared/sharepoint_2026-07-13/training_input_bigwig/SRR28645094.bw	128364371	e601d1e10b787b415c1f41be63b2ff69602dbc94c9fa5eeb4bf2a7cf7a346125	True	True	Caenorhabditis elegans	pinn-1(0)	mutated		whole worm	L1		RNA-Seq	TRANSCRIPTOMIC	cDNA	PAIRED	97.4983	derived_from_ENA_base_count_read_count_layout	unknown		unknown	The SSUP-72/PINN-1 module is required for efficient 3'end processing and coordinates developmental gene expression during exit from diapause in C. elegans [RNAseq-SSUP72]	PRJNA1099212		L1		L1		whole worm	unknown_from_provided_metadata	WBcel235_by_chromosome_header_validation	unknown_from_provided_metadata	unknown_from_provided_metadata	unknown	C	False	63256653	12334829951	True	09e3e28ae75b1b02954e9e605cc32c45;7b375142b57739b25a0b8349c8d840e1	3089041296;3194089002	6283130298	ftp.sra.ebi.ac.uk/vol1/fastq/SRR286/094/SRR28645094/SRR28645094_1.fastq.gz;ftp.sra.ebi.ac.uk/vol1/fastq/SRR286/094/SRR28645094/SRR28645094_2.fastq.gz	False	0		success		source_reported_pending_harmonization	False	awaiting_uniform_reprocessing_signal_unit_unknown
rna_seq:SRR28645095	sharepoint_2026-07-13_new439	SRR28645095	SRX24238203	SAMN40932167	SRS21006590	PRJNA1099212	SRP501530	GSE263771	40097442	shared/sharepoint_2026-07-13/training_input_bigwig/SRR28645095.bw	117218431	d82ca2175d76b10c661e8dc09845f8a0ec12faffdbf7d30ba9de2c91d1899457	True	True	Caenorhabditis elegans	pinn-1(0)	mutated		whole worm	L1		RNA-Seq	TRANSCRIPTOMIC	cDNA	PAIRED	97.4383	derived_from_ENA_base_count_read_count_layout	unknown		unknown	The SSUP-72/PINN-1 module is required for efficient 3'end processing and coordinates developmental gene expression during exit from diapause in C. elegans [RNAseq-SSUP72]	PRJNA1099212		L1		L1		whole worm	unknown_from_provided_metadata	WBcel235_by_chromosome_header_validation	unknown_from_provided_metadata	unknown_from_provided_metadata	unknown	C	False	51209186	9979468253	True	17512d78fe4ca759b37a98a271fccc24;f6368edeaab1ab52cc51260e4906e49a	2499388516;2589380546	5088769062	ftp.sra.ebi.ac.uk/vol1/fastq/SRR286/095/SRR28645095/SRR28645095_1.fastq.gz;ftp.sra.ebi.ac.uk/vol1/fastq/SRR286/095/SRR28645095/SRR28645095_2.fastq.gz	False	0		success		source_reported_pending_harmonization	False	awaiting_uniform_reprocessing_signal_unit_unknown
rna_seq:SRR28645096	sharepoint_2026-07-13_new439	SRR28645096	SRX24238202	SAMN40932168	SRS21006589	PRJNA1099212	SRP501530	GSE263771	40097442	shared/sharepoint_2026-07-13/training_input_bigwig/SRR28645096.bw	110531938	4c52fd37e76a975777aec15790be51bfa771c51b8633f16405ad518d635d8798	True	True	Caenorhabditis elegans	ssup-72[S39A]	mutated		whole worm	L1		RNA-Seq	TRANSCRIPTOMIC	cDNA	PAIRED	97.4597	derived_from_ENA_base_count_read_count_layout	unknown		unknown	The SSUP-72/PINN-1 module is required for efficient 3'end processing and coordinates developmental gene expression during exit from diapause in C. elegans [RNAseq-SSUP72]	PRJNA1099212		L1		L1		whole worm	unknown_from_provided_metadata	WBcel235_by_chromosome_header_validation	unknown_from_provided_metadata	unknown_from_provided_metadata	unknown	C	False	47785185	9314260043	True	5906f14ba1dfe63fa938c05bf47cf902;afc30f0eec6232788fa853889c9bb8ab	2338165095;2413620074	4751785169	ftp.sra.ebi.ac.uk/vol1/fastq/SRR286/096/SRR28645096/SRR28645096_1.fastq.gz;ftp.sra.ebi.ac.uk/vol1/fastq/SRR286/096/SRR28645096/SRR28645096_2.fastq.gz	False	0		success		source_reported_pending_harmonization	False	awaiting_uniform_reprocessing_signal_unit_unknown
rna_seq:SRR28645097	sharepoint_2026-07-13_new439	SRR28645097	SRX24238201	SAMN40932169	SRS21006588	PRJNA1099212	SRP501530	GSE263771	40097442	shared/sharepoint_2026-07-13/training_input_bigwig/SRR28645097.bw	101424308	93f644af8fd80e0f2b7f3d2f98176f54604dd9babe8d1f032098f28de0a7915f	True	True	Caenorhabditis elegans	ssup-72[S39A]	mutated		whole worm	L1		RNA-Seq	TRANSCRIPTOMIC	cDNA	PAIRED	97.0395	derived_from_ENA_base_count_read_count_layout	unknown		unknown	The SSUP-72/PINN-1 module is required for efficient 3'end processing and coordinates developmental gene expression during exit from diapause in C. elegans [RNAseq-SSUP72]	PRJNA1099212		L1		L1		whole worm	unknown_from_provided_metadata	WBcel235_by_chromosome_header_validation	unknown_from_provided_metadata	unknown_from_provided_metadata	unknown	C	False	44801229	8694978832	True	06ef68a5f7894f8de484c4d7106214e7;ae5d41ce764b2eb55c35ec0cf476a969	2167110025;2225172721	4392282746	ftp.sra.ebi.ac.uk/vol1/fastq/SRR286/097/SRR28645097/SRR28645097_1.fastq.gz;ftp.sra.ebi.ac.uk/vol1/fastq/SRR286/097/SRR28645097/SRR28645097_2.fastq.gz	False	0		success		source_reported_pending_harmonization	False	awaiting_uniform_reprocessing_signal_unit_unknown
rna_seq:SRR28645098	sharepoint_2026-07-13_new439	SRR28645098	SRX24238200	SAMN40932170	SRS21006587	PRJNA1099212	SRP501530	GSE263771	40097442	shared/sharepoint_2026-07-13/training_input_bigwig/SRR28645098.bw	100186900	2296e6fd2f9dfc07afeacf3a39d9699b270c1e589b08d5b673694911bc6dba56	True	True	Caenorhabditis elegans	ssup-72[S39A]	mutated		whole worm	L1		RNA-Seq	TRANSCRIPTOMIC	cDNA	PAIRED	97.4162	derived_from_ENA_base_count_read_count_layout	unknown		unknown	The SSUP-72/PINN-1 module is required for efficient 3'end processing and coordinates developmental gene expression during exit from diapause in C. elegans [RNAseq-SSUP72]	PRJNA1099212		L1		L1		whole worm	unknown_from_provided_metadata	WBcel235_by_chromosome_header_validation	unknown_from_provided_metadata	unknown_from_provided_metadata	unknown	C	False	42089548	8200403707	True	f19881d620e494062dfd94d7efc0991d;587ee884d65cafca134a4a200d1cd951	2058340800;2124216495	4182557295	ftp.sra.ebi.ac.uk/vol1/fastq/SRR286/098/SRR28645098/SRR28645098_1.fastq.gz;ftp.sra.ebi.ac.uk/vol1/fastq/SRR286/098/SRR28645098/SRR28645098_2.fastq.gz	False	0		success		source_reported_pending_harmonization	False	awaiting_uniform_reprocessing_signal_unit_unknown
rna_seq:SRR28645099	sharepoint_2026-07-13_new439	SRR28645099	SRX24238199	SAMN40932171	SRS21006586	PRJNA1099212	SRP501530	GSE263771	40097442	shared/sharepoint_2026-07-13/training_input_bigwig/SRR28645099.bw	115124793	5110e01d52b778d0fb25f3756a6f965c28b99512d3092a0a6cad520aa65d0594	True	True	Caenorhabditis elegans	ssup-72[S39E]	mutated		whole worm	L1		RNA-Seq	TRANSCRIPTOMIC	cDNA	PAIRED	97.3046	derived_from_ENA_base_count_read_count_layout	unknown		unknown	The SSUP-72/PINN-1 module is required for efficient 3'end processing and coordinates developmental gene expression during exit from diapause in C. elegans [RNAseq-SSUP72]	PRJNA1099212		L1		L1		whole worm	unknown_from_provided_metadata	WBcel235_by_chromosome_header_validation	unknown_from_provided_metadata	unknown_from_provided_metadata	unknown	C	False	51508121	10023951434	True	be7b0a7131ce61ec96e0acdc3c2e47ab;8d3c64a9a5f2e5e75f36452ad7375435	2508742193;2588832847	5097575040	ftp.sra.ebi.ac.uk/vol1/fastq/SRR286/099/SRR28645099/SRR28645099_1.fastq.gz;ftp.sra.ebi.ac.uk/vol1/fastq/SRR286/099/SRR28645099/SRR28645099_2.fastq.gz	False	0		success		source_reported_pending_harmonization	False	awaiting_uniform_reprocessing_signal_unit_unknown
rna_seq:SRR28645100	sharepoint_2026-07-13_new439	SRR28645100	SRX24238198	SAMN40932172	SRS21006585	PRJNA1099212	SRP501530	GSE263771	40097442	shared/sharepoint_2026-07-13/training_input_bigwig/SRR28645100.bw	115073048	e76c011c044c1598fcc3072bc1f750fd5c1627fe8d1591da964543a084f80378	True	True	Caenorhabditis elegans	ssup-72[S39E]	mutated		whole worm	L1		RNA-Seq	TRANSCRIPTOMIC	cDNA	PAIRED	97.3137	derived_from_ENA_base_count_read_count_layout	unknown		unknown	The SSUP-72/PINN-1 module is required for efficient 3'end processing and coordinates developmental gene expression during exit from diapause in C. elegans [RNAseq-SSUP72]	PRJNA1099212		L1		L1		whole worm	unknown_from_provided_metadata	WBcel235_by_chromosome_header_validation	unknown_from_provided_metadata	unknown_from_provided_metadata	unknown	C	False	52001783	10120976129	True	991b2bd88d978a06cde69381ddd5d3dc;72fcf81ed2613e6e51ed530b4d61663d	2530062267;2610114760	5140177027	ftp.sra.ebi.ac.uk/vol1/fastq/SRR286/000/SRR28645100/SRR28645100_1.fastq.gz;ftp.sra.ebi.ac.uk/vol1/fastq/SRR286/000/SRR28645100/SRR28645100_2.fastq.gz	False	0		success		source_reported_pending_harmonization	False	awaiting_uniform_reprocessing_signal_unit_unknown
rna_seq:SRR28645101	sharepoint_2026-07-13_new439	SRR28645101	SRX24238197	SAMN40932173	SRS21006584	PRJNA1099212	SRP501530	GSE263771	40097442	shared/sharepoint_2026-07-13/training_input_bigwig/SRR28645101.bw	108517605	fe13167903c92bc3847452c5e1024c7c60c0a613634fd9d34960c8ba93561e9d	True	True	Caenorhabditis elegans	ssup-72[S39E]	mutated		whole worm	L1		RNA-Seq	TRANSCRIPTOMIC	cDNA	PAIRED	97.4797	derived_from_ENA_base_count_read_count_layout	unknown		unknown	The SSUP-72/PINN-1 module is required for efficient 3'end processing and coordinates developmental gene expression during exit from diapause in C. elegans [RNAseq-SSUP72]	PRJNA1099212		L1		L1		whole worm	unknown_from_provided_metadata	WBcel235_by_chromosome_header_validation	unknown_from_provided_metadata	unknown_from_provided_metadata	unknown	C	False	43506018	8481908872	True	92a719b234428d4c318cd6fc428b914f;4812464f33939848a4b5607161ee272e	2118934058;2192326035	4311260093	ftp.sra.ebi.ac.uk/vol1/fastq/SRR286/001/SRR28645101/SRR28645101_1.fastq.gz;ftp.sra.ebi.ac.uk/vol1/fastq/SRR286/001/SRR28645101/SRR28645101_2.fastq.gz	False	0		success		source_reported_pending_harmonization	False	awaiting_uniform_reprocessing_signal_unit_unknown
rna_seq:SRR28645102	sharepoint_2026-07-13_new439	SRR28645102	SRX24238196	SAMN40932174	SRS21006583	PRJNA1099212	SRP501530	GSE263771	40097442	shared/sharepoint_2026-07-13/training_input_bigwig/SRR28645102.bw	141209612	d4b2d1f183c96b40ce042c00a44a8813286b79821ca8137c8fec8dc66040bf6e	True	True	Caenorhabditis elegans	ssup-72[E22K]	mutated		whole worm	L1		RNA-Seq	TRANSCRIPTOMIC	cDNA	PAIRED	97.2272	derived_from_ENA_base_count_read_count_layout	unknown		unknown	The SSUP-72/PINN-1 module is required for efficient 3'end processing and coordinates developmental gene expression during exit from diapause in C. elegans [RNAseq-SSUP72]	PRJNA1099212		L1		L1		whole worm	unknown_from_provided_metadata	WBcel235_by_chromosome_header_validation	unknown_from_provided_metadata	unknown_from_provided_metadata	unknown	C	False	66357302	12903469882	True	ddb3109516eb152793f76b91c07e52ee;e8b0d69bf0e6dad633560c1856b85a92	3251628715;3348762876	6600391591	ftp.sra.ebi.ac.uk/vol1/fastq/SRR286/002/SRR28645102/SRR28645102_1.fastq.gz;ftp.sra.ebi.ac.uk/vol1/fastq/SRR286/002/SRR28645102/SRR28645102_2.fastq.gz	False	0		success		source_reported_pending_harmonization	False	awaiting_uniform_reprocessing_signal_unit_unknown
rna_seq:SRR28645103	sharepoint_2026-07-13_new439	SRR28645103	SRX24238195	SAMN40932175	SRS21006582	PRJNA1099212	SRP501530	GSE263771	40097442	shared/sharepoint_2026-07-13/training_input_bigwig/SRR28645103.bw	113042641	ddc1cf0512482db86f11d08d9499ffb5633c7ac405017d0ddf018365d2eeddfe	True	True	Caenorhabditis elegans	ssup-72[E22K]	mutated		whole worm	L1		RNA-Seq	TRANSCRIPTOMIC	cDNA	PAIRED	97.4053	derived_from_ENA_base_count_read_count_layout	unknown		unknown	The SSUP-72/PINN-1 module is required for efficient 3'end processing and coordinates developmental gene expression during exit from diapause in C. elegans [RNAseq-SSUP72]	PRJNA1099212		L1		L1		whole worm	unknown_from_provided_metadata	WBcel235_by_chromosome_header_validation	unknown_from_provided_metadata	unknown_from_provided_metadata	unknown	C	False	43675647	8508476762	True	b1f2a5ee4d135fa58d14854c3eacda2f;c038f6da4cac219b94cb9c1f991942d4	2135975866;2207540442	4343516308	ftp.sra.ebi.ac.uk/vol1/fastq/SRR286/003/SRR28645103/SRR28645103_1.fastq.gz;ftp.sra.ebi.ac.uk/vol1/fastq/SRR286/003/SRR28645103/SRR28645103_2.fastq.gz	False	0		success		source_reported_pending_harmonization	False	awaiting_uniform_reprocessing_signal_unit_unknown
rna_seq:SRR28645104	sharepoint_2026-07-13_new439	SRR28645104	SRX24238194	SAMN40932176	SRS21006581	PRJNA1099212	SRP501530	GSE263771	40097442	shared/sharepoint_2026-07-13/training_input_bigwig/SRR28645104.bw	130317685	c22320e39e2393118fc19da050139d24328d023ef2f44c14c43c0e31ef422559	True	True	Caenorhabditis elegans	ssup-72[E22K]	mutated		whole worm	L1		RNA-Seq	TRANSCRIPTOMIC	cDNA	PAIRED	97.575	derived_from_ENA_base_count_read_count_layout	unknown		unknown	The SSUP-72/PINN-1 module is required for efficient 3'end processing and coordinates developmental gene expression during exit from diapause in C. elegans [RNAseq-SSUP72]	PRJNA1099212		L1		L1		whole worm	unknown_from_provided_metadata	WBcel235_by_chromosome_header_validation	unknown_from_provided_metadata	unknown_from_provided_metadata	unknown	C	False	59181770	11549323153	True	91b9e2ff1951e8b97ecbbf2afc337694;4da24b482af6fc2cb639f443634d001e	2913028977;3006770020	5919798997	ftp.sra.ebi.ac.uk/vol1/fastq/SRR286/004/SRR28645104/SRR28645104_1.fastq.gz;ftp.sra.ebi.ac.uk/vol1/fastq/SRR286/004/SRR28645104/SRR28645104_2.fastq.gz	False	0		success		source_reported_pending_harmonization	False	awaiting_uniform_reprocessing_signal_unit_unknown
rna_seq:SRR28645105	sharepoint_2026-07-13_new439	SRR28645105	SRX24238193	SAMN40932177	SRS21006580	PRJNA1099212	SRP501530	GSE263771	40097442	shared/sharepoint_2026-07-13/training_input_bigwig/SRR28645105.bw	102872373	878c3a156edd879b94403ffbfc5fbbebba887749c27d362edd2318618d9c958d	True	True	Caenorhabditis elegans	ssup-72[C13S]	mutated		whole worm	L1		RNA-Seq	TRANSCRIPTOMIC	cDNA	PAIRED	97.397	derived_from_ENA_base_count_read_count_layout	unknown		unknown	The SSUP-72/PINN-1 module is required for efficient 3'end processing and coordinates developmental gene expression during exit from diapause in C. elegans [RNAseq-SSUP72]	PRJNA1099212		L1		L1		whole worm	unknown_from_provided_metadata	WBcel235_by_chromosome_header_validation	unknown_from_provided_metadata	unknown_from_provided_metadata	unknown	C	False	43312614	8437038823	True	0b203b069801cb1d86cb64119b2755da;5933f536a9ef46f5e8cd417df3f350fe	2117690081;2189988400	4307678481	ftp.sra.ebi.ac.uk/vol1/fastq/SRR286/005/SRR28645105/SRR28645105_1.fastq.gz;ftp.sra.ebi.ac.uk/vol1/fastq/SRR286/005/SRR28645105/SRR28645105_2.fastq.gz	False	0		success		source_reported_pending_harmonization	False	awaiting_uniform_reprocessing_signal_unit_unknown
rna_seq:SRR28645106	sharepoint_2026-07-13_new439	SRR28645106	SRX24238192	SAMN40932178	SRS21006579	PRJNA1099212	SRP501530	GSE263771	40097442	shared/sharepoint_2026-07-13/training_input_bigwig/SRR28645106.bw	110482009	f1499a9ab2065446c760288ce62d0c7472ded8e623d6fb58fb8d1ed2694468a9	True	True	Caenorhabditis elegans	ssup-72[C13S]	mutated		whole worm	L1		RNA-Seq	TRANSCRIPTOMIC	cDNA	PAIRED	97.457	derived_from_ENA_base_count_read_count_layout	unknown		unknown	The SSUP-72/PINN-1 module is required for efficient 3'end processing and coordinates developmental gene expression during exit from diapause in C. elegans [RNAseq-SSUP72]	PRJNA1099212		L1		L1		whole worm	unknown_from_provided_metadata	WBcel235_by_chromosome_header_validation	unknown_from_provided_metadata	unknown_from_provided_metadata	unknown	C	False	45484515	8865573167	True	1eb8574482175301caee0c2f328d6121;88fe93d77b3a60dc243430c12649cc98	2225732470;2296330614	4522063084	ftp.sra.ebi.ac.uk/vol1/fastq/SRR286/006/SRR28645106/SRR28645106_1.fastq.gz;ftp.sra.ebi.ac.uk/vol1/fastq/SRR286/006/SRR28645106/SRR28645106_2.fastq.gz	False	0		success		source_reported_pending_harmonization	False	awaiting_uniform_reprocessing_signal_unit_unknown
rna_seq:SRR28645107	sharepoint_2026-07-13_new439	SRR28645107	SRX24238191	SAMN40932179	SRS21006578	PRJNA1099212	SRP501530	GSE263771	40097442	shared/sharepoint_2026-07-13/training_input_bigwig/SRR28645107.bw	96854589	ae5198bdb9bca0a7465cf66eb1a0dbc67ae00eee0cba9141ddd557fc8a8dae92	True	True	Caenorhabditis elegans	ssup-72[C13S]	mutated		whole worm	L1		RNA-Seq	TRANSCRIPTOMIC	cDNA	PAIRED	97.4145	derived_from_ENA_base_count_read_count_layout	unknown		unknown	The SSUP-72/PINN-1 module is required for efficient 3'end processing and coordinates developmental gene expression during exit from diapause in C. elegans [RNAseq-SSUP72]	PRJNA1099212		L1		L1		whole worm	unknown_from_provided_metadata	WBcel235_by_chromosome_header_validation	unknown_from_provided_metadata	unknown_from_provided_metadata	unknown	C	False	35398232	6896599670	True	1f58db47ce35b342911247996d120a73;891ff4e21bd1994fa4c688a4759ae13e	1735207348;1788414718	3523622066	ftp.sra.ebi.ac.uk/vol1/fastq/SRR286/007/SRR28645107/SRR28645107_1.fastq.gz;ftp.sra.ebi.ac.uk/vol1/fastq/SRR286/007/SRR28645107/SRR28645107_2.fastq.gz	False	0		success		source_reported_pending_harmonization	False	awaiting_uniform_reprocessing_signal_unit_unknown
rna_seq:SRR28645108	sharepoint_2026-07-13_new439	SRR28645108	SRX24238190	SAMN40932180	SRS21006577	PRJNA1099212	SRP501530	GSE263771	40097442	shared/sharepoint_2026-07-13/training_input_bigwig/SRR28645108.bw	126468705	4051203c57383d2dc3c8593a89b64aca73c04c44180636a1f82c21f4fcfd9761	True	True	Caenorhabditis elegans	ssup-72[E22K]	mutated		whole worm	L1		RNA-Seq	TRANSCRIPTOMIC	cDNA	PAIRED	97.5218	derived_from_ENA_base_count_read_count_layout	unknown		unknown	The SSUP-72/PINN-1 module is required for efficient 3'end processing and coordinates developmental gene expression during exit from diapause in C. elegans [RNAseq-SSUP72]	PRJNA1099212		L1		L1		whole worm	unknown_from_provided_metadata	WBcel235_by_chromosome_header_validation	unknown_from_provided_metadata	unknown_from_provided_metadata	unknown	C	False	65351209	12746338432	True	df7286b4c76b1b745b06455f3387d612;af0f43b588e74e39f0729603ea97db96	3192680575;3299570343	6492250918	ftp.sra.ebi.ac.uk/vol1/fastq/SRR286/008/SRR28645108/SRR28645108_1.fastq.gz;ftp.sra.ebi.ac.uk/vol1/fastq/SRR286/008/SRR28645108/SRR28645108_2.fastq.gz	False	0		success		source_reported_pending_harmonization	False	awaiting_uniform_reprocessing_signal_unit_unknown
rna_seq:SRR28645109	sharepoint_2026-07-13_new439	SRR28645109	SRX24238189	SAMN40932181	SRS21006576	PRJNA1099212	SRP501530	GSE263771	40097442	shared/sharepoint_2026-07-13/training_input_bigwig/SRR28645109.bw	109880040	3835800a8b8ed0070464e48732bbcee37f9d502bec01dcd93baa8fe112c8a689	True	True	Caenorhabditis elegans	ssup-72[E22K]	mutated		whole worm	L1		RNA-Seq	TRANSCRIPTOMIC	cDNA	PAIRED	97.4551	derived_from_ENA_base_count_read_count_layout	unknown		unknown	The SSUP-72/PINN-1 module is required for efficient 3'end processing and coordinates developmental gene expression during exit from diapause in C. elegans [RNAseq-SSUP72]	PRJNA1099212		L1		L1		whole worm	unknown_from_provided_metadata	WBcel235_by_chromosome_header_validation	unknown_from_provided_metadata	unknown_from_provided_metadata	unknown	C	False	43901591	8556866094	True	d8523da20ba3e3ed27a0e4926a94cc02;4ab8319cad6d2552ac5d834a007b8134	2143328724;2223011779	4366340503	ftp.sra.ebi.ac.uk/vol1/fastq/SRR286/009/SRR28645109/SRR28645109_1.fastq.gz;ftp.sra.ebi.ac.uk/vol1/fastq/SRR286/009/SRR28645109/SRR28645109_2.fastq.gz	False	0		success		source_reported_pending_harmonization	False	awaiting_uniform_reprocessing_signal_unit_unknown
rna_seq:SRR28645110	sharepoint_2026-07-13_new439	SRR28645110	SRX24238188	SAMN40932182	SRS21006575	PRJNA1099212	SRP501530	GSE263771	40097442	shared/sharepoint_2026-07-13/training_input_bigwig/SRR28645110.bw	115019489	58eb7c6999579e90f206390f636492c5f624a02852ae7f74f184566ac8022447	True	True	Caenorhabditis elegans	ssup-72[E22K]	mutated		whole worm	L1		RNA-Seq	TRANSCRIPTOMIC	cDNA	PAIRED	97.5423	derived_from_ENA_base_count_read_count_layout	unknown		unknown	The SSUP-72/PINN-1 module is required for efficient 3'end processing and coordinates developmental gene expression during exit from diapause in C. elegans [RNAseq-SSUP72]	PRJNA1099212		L1		L1		whole worm	unknown_from_provided_metadata	WBcel235_by_chromosome_header_validation	unknown_from_provided_metadata	unknown_from_provided_metadata	unknown	C	False	49116423	9581857460	True	3c6efab370e07756ac38fb5f045147ea;44ce2585e6655d0a98948c687c97bd2a	2404440491;2478509688	4882950179	ftp.sra.ebi.ac.uk/vol1/fastq/SRR286/010/SRR28645110/SRR28645110_1.fastq.gz;ftp.sra.ebi.ac.uk/vol1/fastq/SRR286/010/SRR28645110/SRR28645110_2.fastq.gz	False	0		success		source_reported_pending_harmonization	False	awaiting_uniform_reprocessing_signal_unit_unknown
rna_seq:SRR28645111	sharepoint_2026-07-13_new439	SRR28645111	SRX24238187	SAMN40932183	SRS21006573	PRJNA1099212	SRP501530	GSE263771	40097442	shared/sharepoint_2026-07-13/training_input_bigwig/SRR28645111.bw	95207218	3d26e600a784ea57baf9999933fc35e6e9bd707e4b21548ba8f0fa44a9b5a3a8	True	True	Caenorhabditis elegans	N2	WT		whole worm	L1		RNA-Seq	TRANSCRIPTOMIC	cDNA	PAIRED	97.5457	derived_from_ENA_base_count_read_count_layout	unknown		unknown	The SSUP-72/PINN-1 module is required for efficient 3'end processing and coordinates developmental gene expression during exit from diapause in C. elegans [RNAseq-SSUP72]	PRJNA1099212		L1		L1		whole worm	unknown_from_provided_metadata	WBcel235_by_chromosome_header_validation	unknown_from_provided_metadata	unknown_from_provided_metadata	unknown	C	False	37563795	7328375010	True	a70ca7f02869be5116ac979dab75ba21;d88e6c4604194015c3b6f768e8937481	1842346307;1893342483	3735688790	ftp.sra.ebi.ac.uk/vol1/fastq/SRR286/011/SRR28645111/SRR28645111_1.fastq.gz;ftp.sra.ebi.ac.uk/vol1/fastq/SRR286/011/SRR28645111/SRR28645111_2.fastq.gz	False	0		success		source_reported_pending_harmonization	False	awaiting_uniform_reprocessing_signal_unit_unknown
rna_seq:SRR28645112	sharepoint_2026-07-13_new439	SRR28645112	SRX24238186	SAMN40932184	SRS21006574	PRJNA1099212	SRP501530	GSE263771	40097442	shared/sharepoint_2026-07-13/training_input_bigwig/SRR28645112.bw	96977781	3e2658ef82a7877b4f4ae5ebc1fa9a23b929d70d7f75f24359329caebf258eb0	True	True	Caenorhabditis elegans	N2	WT		whole worm	L1		RNA-Seq	TRANSCRIPTOMIC	cDNA	PAIRED	97.4627	derived_from_ENA_base_count_read_count_layout	unknown		unknown	The SSUP-72/PINN-1 module is required for efficient 3'end processing and coordinates developmental gene expression during exit from diapause in C. elegans [RNAseq-SSUP72]	PRJNA1099212		L1		L1		whole worm	unknown_from_provided_metadata	WBcel235_by_chromosome_header_validation	unknown_from_provided_metadata	unknown_from_provided_metadata	unknown	C	False	39421171	7684189539	True	61b3b5914ea65551993c993f91a8a1cc;7f7cdecf4aa7ac46a61374b6e8a6b933	1926891693;1990982023	3917873716	ftp.sra.ebi.ac.uk/vol1/fastq/SRR286/012/SRR28645112/SRR28645112_1.fastq.gz;ftp.sra.ebi.ac.uk/vol1/fastq/SRR286/012/SRR28645112/SRR28645112_2.fastq.gz	False	0		success		source_reported_pending_harmonization	False	awaiting_uniform_reprocessing_signal_unit_unknown
rna_seq:SRR28645113	sharepoint_2026-07-13_new439	SRR28645113	SRX24238185	SAMN40932185	SRS21006572	PRJNA1099212	SRP501530	GSE263771	40097442	shared/sharepoint_2026-07-13/training_input_bigwig/SRR28645113.bw	100695030	316fd92e352d1a9c8900f997d14a4acf42a1ad8b6b532de5a4d455b482acafe5	True	True	Caenorhabditis elegans	N2	WT		whole worm	L1		RNA-Seq	TRANSCRIPTOMIC	cDNA	PAIRED	97.2781	derived_from_ENA_base_count_read_count_layout	unknown		unknown	The SSUP-72/PINN-1 module is required for efficient 3'end processing and coordinates developmental gene expression during exit from diapause in C. elegans [RNAseq-SSUP72]	PRJNA1099212		L1		L1		whole worm	unknown_from_provided_metadata	WBcel235_by_chromosome_header_validation	unknown_from_provided_metadata	unknown_from_provided_metadata	unknown	C	False	45471832	8846829493	True	b3884f6133f0954272bb90dceeefc326;399c5a300fe6d861fc38395e55a20d3a	2215039752;2287270298	4502310050	ftp.sra.ebi.ac.uk/vol1/fastq/SRR286/013/SRR28645113/SRR28645113_1.fastq.gz;ftp.sra.ebi.ac.uk/vol1/fastq/SRR286/013/SRR28645113/SRR28645113_2.fastq.gz	False	0		success		source_reported_pending_harmonization	False	awaiting_uniform_reprocessing_signal_unit_unknown
rna_seq:SRR30917237	sharepoint_2026-07-13_new439	SRR30917237	SRX26320471	SAMN44106888	SRS22847628	PRJNA1170320	SRP537263	GSE279082	39975340;40623109	shared/sharepoint_2026-07-13/training_input_bigwig/SRR30917237.bw	56568915	ba11c2bc8db672626981434a94a541b77f851b11e8b0d6fdae53d544b35577cd	True	True	Caenorhabditis elegans	NJL2492	mutated		whole animal	L4	synchronized L4 stage animals	RNA-Seq	TRANSCRIPTOMIC	cDNA	PAIRED	50	derived_from_ENA_base_count_read_count_layout	unknown		unknown	Protein sequence editing defines distinct and overlapping functions of SKN-1A/Nrf1 and SKN-1C/Nrf2.	PRJNA1170320		L4				whole animal	unknown_from_provided_metadata	WBcel235_by_chromosome_header_validation	unknown_from_provided_metadata	unknown_from_provided_metadata	unknown	C	False	31837958	3183795800	True	0d1b043eab577a5eaf060948aa7a5742;9fddae4311c56ccabdaf9d32e0cacc03	961858368;970308546	1932166914	ftp.sra.ebi.ac.uk/vol1/fastq/SRR309/037/SRR30917237/SRR30917237_1.fastq.gz;ftp.sra.ebi.ac.uk/vol1/fastq/SRR309/037/SRR30917237/SRR30917237_2.fastq.gz	False	0		success		source_reported_pending_harmonization	False	awaiting_uniform_reprocessing_signal_unit_unknown
rna_seq:SRR30917238	sharepoint_2026-07-13_new439	SRR30917238	SRX26320470	SAMN44106889	SRS22847627	PRJNA1170320	SRP537263	GSE279082	39975340;40623109	shared/sharepoint_2026-07-13/training_input_bigwig/SRR30917238.bw	58358127	fe3eff6372e00ba785ad1c2a2b862791d659e3c98cc079fd739336e8482952fb	True	True	Caenorhabditis elegans	NJL2494	mutated		whole animal	L4	synchronized L4 stage animals	RNA-Seq	TRANSCRIPTOMIC	cDNA	PAIRED	50	derived_from_ENA_base_count_read_count_layout	unknown		unknown	Protein sequence editing defines distinct and overlapping functions of SKN-1A/Nrf1 and SKN-1C/Nrf2.	PRJNA1170320		L4				whole animal	unknown_from_provided_metadata	WBcel235_by_chromosome_header_validation	unknown_from_provided_metadata	unknown_from_provided_metadata	unknown	C	False	30367430	3036743000	True	8c1c3b5adc67a2b5c85a4955e9600419;990524318a39d98883aa03afdb831874	912875822;924684712	1837560534	ftp.sra.ebi.ac.uk/vol1/fastq/SRR309/038/SRR30917238/SRR30917238_1.fastq.gz;ftp.sra.ebi.ac.uk/vol1/fastq/SRR309/038/SRR30917238/SRR30917238_2.fastq.gz	False	0		success		source_reported_pending_harmonization	False	awaiting_uniform_reprocessing_signal_unit_unknown
rna_seq:SRR30917239	sharepoint_2026-07-13_new439	SRR30917239	SRX26320469	SAMN44106890	SRS22847626	PRJNA1170320	SRP537263	GSE279082	39975340;40623109	shared/sharepoint_2026-07-13/training_input_bigwig/SRR30917239.bw	54191467	ef13096386bd5d68e0b4dc8b45b20b01aa62c2f92106c7804d4064297090084a	True	True	Caenorhabditis elegans	GR3105	mutated		whole animal	L4	synchronized L4 stage animals	RNA-Seq	TRANSCRIPTOMIC	cDNA	PAIRED	50	derived_from_ENA_base_count_read_count_layout	unknown		unknown	Protein sequence editing defines distinct and overlapping functions of SKN-1A/Nrf1 and SKN-1C/Nrf2.	PRJNA1170320		L4				whole animal	unknown_from_provided_metadata	WBcel235_by_chromosome_header_validation	unknown_from_provided_metadata	unknown_from_provided_metadata	unknown	C	False	25750729	2575072900	True	eb43db294dfff2a144cc7ba14827c9b3;b8578653fd37928854dd6cc5dd5f7544	778767016;786085678	1564852694	ftp.sra.ebi.ac.uk/vol1/fastq/SRR309/039/SRR30917239/SRR30917239_1.fastq.gz;ftp.sra.ebi.ac.uk/vol1/fastq/SRR309/039/SRR30917239/SRR30917239_2.fastq.gz	False	0		success		source_reported_pending_harmonization	False	awaiting_uniform_reprocessing_signal_unit_unknown
rna_seq:SRR30917240	sharepoint_2026-07-13_new439	SRR30917240	SRX26320468	SAMN44106891	SRS22847625	PRJNA1170320	SRP537263	GSE279082	39975340;40623109	shared/sharepoint_2026-07-13/training_input_bigwig/SRR30917240.bw	52733033	159402c1a60c306099e52c4ac924f51e56b9c025ec539f714ddc74dbeaf1fdbc	True	True	Caenorhabditis elegans	N2	WT		whole animal	L4	synchronized L4 stage animals	RNA-Seq	TRANSCRIPTOMIC	cDNA	PAIRED	50	derived_from_ENA_base_count_read_count_layout	unknown		unknown	Protein sequence editing defines distinct and overlapping functions of SKN-1A/Nrf1 and SKN-1C/Nrf2.	PRJNA1170320		L4				whole animal	unknown_from_provided_metadata	WBcel235_by_chromosome_header_validation	unknown_from_provided_metadata	unknown_from_provided_metadata	unknown	C	False	31249212	3124921200	True	52ba95bf9c1ab1e521386c7adf504d03;4bd9d7adfa5a695296a36a65affb2df9	939659017;952445770	1892104787	ftp.sra.ebi.ac.uk/vol1/fastq/SRR309/040/SRR30917240/SRR30917240_1.fastq.gz;ftp.sra.ebi.ac.uk/vol1/fastq/SRR309/040/SRR30917240/SRR30917240_2.fastq.gz	False	0		success		source_reported_pending_harmonization	False	awaiting_uniform_reprocessing_signal_unit_unknown
rna_seq:SRR30917241	sharepoint_2026-07-13_new439	SRR30917241	SRX26320467	SAMN44106892	SRS22847623	PRJNA1170320	SRP537263	GSE279082	39975340;40623109	shared/sharepoint_2026-07-13/training_input_bigwig/SRR30917241.bw	54661667	7267526f2dfd739b29d8a1c6a469feb37948f6a10ab19b550d3553f93f498625	True	True	Caenorhabditis elegans	NJL2492	mutated		whole animal	L4	synchronized L4 stage animals	RNA-Seq	TRANSCRIPTOMIC	cDNA	PAIRED	50	derived_from_ENA_base_count_read_count_layout	unknown		unknown	Protein sequence editing defines distinct and overlapping functions of SKN-1A/Nrf1 and SKN-1C/Nrf2.	PRJNA1170320		L4				whole animal	unknown_from_provided_metadata	WBcel235_by_chromosome_header_validation	unknown_from_provided_metadata	unknown_from_provided_metadata	unknown	C	False	30951632	3095163200	True	69fe6d84f9852ff8790da6156019c132;9eee31e89cfb520a36c383f81d155fc6	930179015;941839402	1872018417	ftp.sra.ebi.ac.uk/vol1/fastq/SRR309/041/SRR30917241/SRR30917241_1.fastq.gz;ftp.sra.ebi.ac.uk/vol1/fastq/SRR309/041/SRR30917241/SRR30917241_2.fastq.gz	False	0		success		source_reported_pending_harmonization	False	awaiting_uniform_reprocessing_signal_unit_unknown
rna_seq:SRR30917242	sharepoint_2026-07-13_new439	SRR30917242	SRX26320466	SAMN44106893	SRS22847624	PRJNA1170320	SRP537263	GSE279082	39975340;40623109	shared/sharepoint_2026-07-13/training_input_bigwig/SRR30917242.bw	53100332	cb0362fc7e283bd4bc8063035ff2613cdeb3fa40e6a52fecba43ac38d96e38df	True	True	Caenorhabditis elegans	NJL2494	mutated		whole animal	L4	synchronized L4 stage animals	RNA-Seq	TRANSCRIPTOMIC	cDNA	PAIRED	50	derived_from_ENA_base_count_read_count_layout	unknown		unknown	Protein sequence editing defines distinct and overlapping functions of SKN-1A/Nrf1 and SKN-1C/Nrf2.	PRJNA1170320		L4				whole animal	unknown_from_provided_metadata	WBcel235_by_chromosome_header_validation	unknown_from_provided_metadata	unknown_from_provided_metadata	unknown	C	False	27648005	2764800500	True	c8277b4d2d79baadcb024208216ea4fe;bd056f829b26fe6ba11da93397d14c0e	830425313;842345462	1672770775	ftp.sra.ebi.ac.uk/vol1/fastq/SRR309/042/SRR30917242/SRR30917242_1.fastq.gz;ftp.sra.ebi.ac.uk/vol1/fastq/SRR309/042/SRR30917242/SRR30917242_2.fastq.gz	False	0		success		source_reported_pending_harmonization	False	awaiting_uniform_reprocessing_signal_unit_unknown
rna_seq:SRR30917243	sharepoint_2026-07-13_new439	SRR30917243	SRX26320465	SAMN44106894	SRS22847622	PRJNA1170320	SRP537263	GSE279082	39975340;40623109	shared/sharepoint_2026-07-13/training_input_bigwig/SRR30917243.bw	54820078	e4f7fa8cedabb04a268d0dc1bcb132f8d3d1bd67361a6a2257c1dc8a70166d78	True	True	Caenorhabditis elegans	GR3105	mutated		whole animal	L4	synchronized L4 stage animals	RNA-Seq	TRANSCRIPTOMIC	cDNA	PAIRED	50	derived_from_ENA_base_count_read_count_layout	unknown		unknown	Protein sequence editing defines distinct and overlapping functions of SKN-1A/Nrf1 and SKN-1C/Nrf2.	PRJNA1170320		L4				whole animal	unknown_from_provided_metadata	WBcel235_by_chromosome_header_validation	unknown_from_provided_metadata	unknown_from_provided_metadata	unknown	C	False	30266490	3026649000	True	63b0d31ed195ab318e8a8a516925ba2c;2d0c52d4e206d22a03aa86ce8dafc341	908863741;921490679	1830354420	ftp.sra.ebi.ac.uk/vol1/fastq/SRR309/043/SRR30917243/SRR30917243_1.fastq.gz;ftp.sra.ebi.ac.uk/vol1/fastq/SRR309/043/SRR30917243/SRR30917243_2.fastq.gz	False	0		success		source_reported_pending_harmonization	False	awaiting_uniform_reprocessing_signal_unit_unknown
rna_seq:SRR30917244	sharepoint_2026-07-13_new439	SRR30917244	SRX26320464	SAMN44106895	SRS22847621	PRJNA1170320	SRP537263	GSE279082	39975340;40623109	shared/sharepoint_2026-07-13/training_input_bigwig/SRR30917244.bw	51193518	22342365114a5df47b8b4413e6e838eee65176f43ccbd54e6154a5e49fc78c74	True	True	Caenorhabditis elegans	N2	WT		whole animal	L4	synchronized L4 stage animals	RNA-Seq	TRANSCRIPTOMIC	cDNA	PAIRED	50	derived_from_ENA_base_count_read_count_layout	unknown		unknown	Protein sequence editing defines distinct and overlapping functions of SKN-1A/Nrf1 and SKN-1C/Nrf2.	PRJNA1170320		L4				whole animal	unknown_from_provided_metadata	WBcel235_by_chromosome_header_validation	unknown_from_provided_metadata	unknown_from_provided_metadata	unknown	C	False	28773083	2877308300	True	2004739d05078eef7b1f168496e58300;0f126a99b8d761eb3df209cfe891f4c3	866466775;874873210	1741339985	ftp.sra.ebi.ac.uk/vol1/fastq/SRR309/044/SRR30917244/SRR30917244_1.fastq.gz;ftp.sra.ebi.ac.uk/vol1/fastq/SRR309/044/SRR30917244/SRR30917244_2.fastq.gz	False	0		success		source_reported_pending_harmonization	False	awaiting_uniform_reprocessing_signal_unit_unknown
rna_seq:SRR30917245	sharepoint_2026-07-13_new439	SRR30917245	SRX26320463	SAMN44106896	SRS22847620	PRJNA1170320	SRP537263	GSE279082	39975340;40623109	shared/sharepoint_2026-07-13/training_input_bigwig/SRR30917245.bw	56743545	ff099a173a49664ccae1eed89a31c719fb7fc1adebeaf25c9a80eafb4ed1a822	True	True	Caenorhabditis elegans	NJL2492	mutated		whole animal	L4	synchronized L4 stage animals	RNA-Seq	TRANSCRIPTOMIC	cDNA	PAIRED	50	derived_from_ENA_base_count_read_count_layout	unknown		unknown	Protein sequence editing defines distinct and overlapping functions of SKN-1A/Nrf1 and SKN-1C/Nrf2.	PRJNA1170320		L4				whole animal	unknown_from_provided_metadata	WBcel235_by_chromosome_header_validation	unknown_from_provided_metadata	unknown_from_provided_metadata	unknown	C	False	33105489	3310548900	True	525cb601f528b9c616c2d0a45740c05e;3bac1519b590107bc4042400cb39742a	995017964;1005469218	2000487182	ftp.sra.ebi.ac.uk/vol1/fastq/SRR309/045/SRR30917245/SRR30917245_1.fastq.gz;ftp.sra.ebi.ac.uk/vol1/fastq/SRR309/045/SRR30917245/SRR30917245_2.fastq.gz	False	0		success		source_reported_pending_harmonization	False	awaiting_uniform_reprocessing_signal_unit_unknown
rna_seq:SRR30917246	sharepoint_2026-07-13_new439	SRR30917246	SRX26320462	SAMN44106897	SRS22847618	PRJNA1170320	SRP537263	GSE279082	39975340;40623109	shared/sharepoint_2026-07-13/training_input_bigwig/SRR30917246.bw	55230803	224919240afb00c927d2c0b92957cb38711f96332b7b29181c1183297c4d805e	True	True	Caenorhabditis elegans	NJL2494	mutated		whole animal	L4	synchronized L4 stage animals	RNA-Seq	TRANSCRIPTOMIC	cDNA	PAIRED	50	derived_from_ENA_base_count_read_count_layout	unknown		unknown	Protein sequence editing defines distinct and overlapping functions of SKN-1A/Nrf1 and SKN-1C/Nrf2.	PRJNA1170320		L4				whole animal	unknown_from_provided_metadata	WBcel235_by_chromosome_header_validation	unknown_from_provided_metadata	unknown_from_provided_metadata	unknown	C	False	30634669	3063466900	True	1e89fcce356412cf8b7ed93c2b96f3de;27995655359c38cb59d0e694448de867	924601459;933272798	1857874257	ftp.sra.ebi.ac.uk/vol1/fastq/SRR309/046/SRR30917246/SRR30917246_1.fastq.gz;ftp.sra.ebi.ac.uk/vol1/fastq/SRR309/046/SRR30917246/SRR30917246_2.fastq.gz	False	0		success		source_reported_pending_harmonization	False	awaiting_uniform_reprocessing_signal_unit_unknown
rna_seq:SRR30917247	sharepoint_2026-07-13_new439	SRR30917247	SRX26320461	SAMN44106898	SRS22847619	PRJNA1170320	SRP537263	GSE279082	39975340;40623109	shared/sharepoint_2026-07-13/training_input_bigwig/SRR30917247.bw	51593881	1c19aa395319ca4910b3e06166cb1d4a541cd345e15f25b7054785922350772f	True	True	Caenorhabditis elegans	GR3105	mutated		whole animal	L4	synchronized L4 stage animals	RNA-Seq	TRANSCRIPTOMIC	cDNA	PAIRED	50	derived_from_ENA_base_count_read_count_layout	unknown		unknown	Protein sequence editing defines distinct and overlapping functions of SKN-1A/Nrf1 and SKN-1C/Nrf2.	PRJNA1170320		L4				whole animal	unknown_from_provided_metadata	WBcel235_by_chromosome_header_validation	unknown_from_provided_metadata	unknown_from_provided_metadata	unknown	C	False	28022753	2802275300	True	75b31b710da335d09158a30991df05c5;c8328f74da9b04e155bb93f7355c7d2f	845365868;853230870	1698596738	ftp.sra.ebi.ac.uk/vol1/fastq/SRR309/047/SRR30917247/SRR30917247_1.fastq.gz;ftp.sra.ebi.ac.uk/vol1/fastq/SRR309/047/SRR30917247/SRR30917247_2.fastq.gz	False	0		success		source_reported_pending_harmonization	False	awaiting_uniform_reprocessing_signal_unit_unknown
rna_seq:SRR30917248	sharepoint_2026-07-13_new439	SRR30917248	SRX26320460	SAMN44106899	SRS22847617	PRJNA1170320	SRP537263	GSE279082	39975340;40623109	shared/sharepoint_2026-07-13/training_input_bigwig/SRR30917248.bw	49978453	8eb8905b2fc68e95611f5182cbba6d858ef0599f0b8e08ecc8b487a392d74955	True	True	Caenorhabditis elegans	N2	WT		whole animal	L4	synchronized L4 stage animals	RNA-Seq	TRANSCRIPTOMIC	cDNA	PAIRED	50	derived_from_ENA_base_count_read_count_layout	unknown		unknown	Protein sequence editing defines distinct and overlapping functions of SKN-1A/Nrf1 and SKN-1C/Nrf2.	PRJNA1170320		L4				whole animal	unknown_from_provided_metadata	WBcel235_by_chromosome_header_validation	unknown_from_provided_metadata	unknown_from_provided_metadata	unknown	C	False	30284863	3028486300	True	00d92c09c24171b42f3e126e17c48c53;09dae86f8ba4accfb0322609365ece37	909625310;921701640	1831326950	ftp.sra.ebi.ac.uk/vol1/fastq/SRR309/048/SRR30917248/SRR30917248_1.fastq.gz;ftp.sra.ebi.ac.uk/vol1/fastq/SRR309/048/SRR30917248/SRR30917248_2.fastq.gz	False	0		success		source_reported_pending_harmonization	False	awaiting_uniform_reprocessing_signal_unit_unknown
rna_seq:SRR30917249	sharepoint_2026-07-13_new439	SRR30917249	SRX26320459	SAMN44106900	SRS22847616	PRJNA1170320	SRP537263	GSE279082	39975340;40623109	shared/sharepoint_2026-07-13/training_input_bigwig/SRR30917249.bw	54147410	a651187fa9cd5e4b59b7963a46e7553d4c9ead01c5b79ff373a149cd9b17485e	True	True	Caenorhabditis elegans	NJL2492	mutated		whole animal	L4	synchronized L4 stage animals	RNA-Seq	TRANSCRIPTOMIC	cDNA	PAIRED	50	derived_from_ENA_base_count_read_count_layout	unknown		unknown	Protein sequence editing defines distinct and overlapping functions of SKN-1A/Nrf1 and SKN-1C/Nrf2.	PRJNA1170320		L4				whole animal	unknown_from_provided_metadata	WBcel235_by_chromosome_header_validation	unknown_from_provided_metadata	unknown_from_provided_metadata	unknown	C	False	32347881	3234788100	True	5a48d9f4c2976ed57d89c07e10710551;8b549b6e86c684627627efe586793295	971509237;985898553	1957407790	ftp.sra.ebi.ac.uk/vol1/fastq/SRR309/049/SRR30917249/SRR30917249_1.fastq.gz;ftp.sra.ebi.ac.uk/vol1/fastq/SRR309/049/SRR30917249/SRR30917249_2.fastq.gz	False	0		success		source_reported_pending_harmonization	False	awaiting_uniform_reprocessing_signal_unit_unknown
rna_seq:SRR30917250	sharepoint_2026-07-13_new439	SRR30917250	SRX26320458	SAMN44106901	SRS22847614	PRJNA1170320	SRP537263	GSE279082	39975340;40623109	shared/sharepoint_2026-07-13/training_input_bigwig/SRR30917250.bw	53007689	b2707d3cf8c9aecf246d9c99c7e104a81a1aca9f8b203171f7efa8da20d32329	True	True	Caenorhabditis elegans	NJL2494	mutated		whole animal	L4	synchronized L4 stage animals	RNA-Seq	TRANSCRIPTOMIC	cDNA	PAIRED	50	derived_from_ENA_base_count_read_count_layout	unknown		unknown	Protein sequence editing defines distinct and overlapping functions of SKN-1A/Nrf1 and SKN-1C/Nrf2.	PRJNA1170320		L4				whole animal	unknown_from_provided_metadata	WBcel235_by_chromosome_header_validation	unknown_from_provided_metadata	unknown_from_provided_metadata	unknown	C	False	27528566	2752856600	True	a0f09134879f10d3060a66ad53aae210;775d8030f6cba2c40dc974c1a9045271	833398756;840230055	1673628811	ftp.sra.ebi.ac.uk/vol1/fastq/SRR309/050/SRR30917250/SRR30917250_1.fastq.gz;ftp.sra.ebi.ac.uk/vol1/fastq/SRR309/050/SRR30917250/SRR30917250_2.fastq.gz	False	0		success		source_reported_pending_harmonization	False	awaiting_uniform_reprocessing_signal_unit_unknown
rna_seq:SRR30917251	sharepoint_2026-07-13_new439	SRR30917251	SRX26320457	SAMN44106902	SRS22847615	PRJNA1170320	SRP537263	GSE279082	39975340;40623109	shared/sharepoint_2026-07-13/training_input_bigwig/SRR30917251.bw	53775867	6e515c9752bd10a68b40708395af99bfb6f1149293ceebf75da545585ba7be59	True	True	Caenorhabditis elegans	GR3105	mutated		whole animal	L4	synchronized L4 stage animals	RNA-Seq	TRANSCRIPTOMIC	cDNA	PAIRED	50	derived_from_ENA_base_count_read_count_layout	unknown		unknown	Protein sequence editing defines distinct and overlapping functions of SKN-1A/Nrf1 and SKN-1C/Nrf2.	PRJNA1170320		L4				whole animal	unknown_from_provided_metadata	WBcel235_by_chromosome_header_validation	unknown_from_provided_metadata	unknown_from_provided_metadata	unknown	C	False	29772071	2977207100	True	87fce64b560e9b280b3cfb603246d230;dfb8ca8257f877bc2bbc5c5b83c3a95f	896906149;904635590	1801541739	ftp.sra.ebi.ac.uk/vol1/fastq/SRR309/051/SRR30917251/SRR30917251_1.fastq.gz;ftp.sra.ebi.ac.uk/vol1/fastq/SRR309/051/SRR30917251/SRR30917251_2.fastq.gz	False	0		success		source_reported_pending_harmonization	False	awaiting_uniform_reprocessing_signal_unit_unknown
rna_seq:SRR30917252	sharepoint_2026-07-13_new439	SRR30917252	SRX26320456	SAMN44106903	SRS22847613	PRJNA1170320	SRP537263	GSE279082	39975340;40623109	shared/sharepoint_2026-07-13/training_input_bigwig/SRR30917252.bw	51642152	44a58ff6826b1d8f3066a16f9a88f5fa883aad1845c869cb9092bf5857c50622	True	True	Caenorhabditis elegans	N2	WT		whole animal	L4	synchronized L4 stage animals	RNA-Seq	TRANSCRIPTOMIC	cDNA	PAIRED	50	derived_from_ENA_base_count_read_count_layout	unknown		unknown	Protein sequence editing defines distinct and overlapping functions of SKN-1A/Nrf1 and SKN-1C/Nrf2.	PRJNA1170320		L4				whole animal	unknown_from_provided_metadata	WBcel235_by_chromosome_header_validation	unknown_from_provided_metadata	unknown_from_provided_metadata	unknown	C	False	28008046	2800804600	True	6352dee6e6c1f55cd821b15e8b236008;e82e135ff2276aae27c92715bf4cdd55	842140175;855050925	1697191100	ftp.sra.ebi.ac.uk/vol1/fastq/SRR309/052/SRR30917252/SRR30917252_1.fastq.gz;ftp.sra.ebi.ac.uk/vol1/fastq/SRR309/052/SRR30917252/SRR30917252_2.fastq.gz	False	0		success		source_reported_pending_harmonization	False	awaiting_uniform_reprocessing_signal_unit_unknown
rna_seq:SRR31283481	sharepoint_2026-07-13_new439	SRR31283481	SRX26662527	SAMN44636738	SRS23156297	PRJNA1183817	SRP544006	GSE281412	39829802;40450690	shared/sharepoint_2026-07-13/training_input_bigwig/SRR31283481.bw	4495772	5705136bff3497c50f0e5c48feba5b6dc03414f4a27ea6680583a10fa30131cb	True	True	Caenorhabditis elegans	N2	WT		embryos	Embryo	RNA-seq	RNA-Seq	TRANSCRIPTOMIC	cDNA	SINGLE	100	derived_from_ENA_base_count_read_count_layout	unknown		unknown	Low input ribosome profiling reveals stage-specific translational regulation during early C. elegans embryogenesis	PRJNA1183817		Embryo		8-cell		embryos	unknown_from_provided_metadata	WBcel235_by_chromosome_header_validation	unknown_from_provided_metadata	unknown_from_provided_metadata	unknown	C	False	5042788	504278800	True	aff28078549b45c111b9df8f3c61df98	161351009	161351009	ftp.sra.ebi.ac.uk/vol1/fastq/SRR312/081/SRR31283481/SRR31283481.fastq.gz	False	0		success		source_reported_pending_harmonization	False	awaiting_uniform_reprocessing_signal_unit_unknown
rna_seq:SRR31283482	sharepoint_2026-07-13_new439	SRR31283482	SRX26662526	SAMN44636739	SRS23156296	PRJNA1183817	SRP544006	GSE281412	39829802;40450690	shared/sharepoint_2026-07-13/training_input_bigwig/SRR31283482.bw	10458018	421a6f4f61da0967bc3c94a372e2e3cc62fd67862e50a2e77b5e03ada2dfb072	True	True	Caenorhabditis elegans	N2	WT		embryos	Embryo	RNA-seq	RNA-Seq	TRANSCRIPTOMIC	cDNA	SINGLE	100	derived_from_ENA_base_count_read_count_layout	unknown		unknown	Low input ribosome profiling reveals stage-specific translational regulation during early C. elegans embryogenesis	PRJNA1183817		Embryo		8-cell		embryos	unknown_from_provided_metadata	WBcel235_by_chromosome_header_validation	unknown_from_provided_metadata	unknown_from_provided_metadata	unknown	C	False	3589551	358955100	True	b05ada1d6f8612042dfce3e2e9266e56	167905167	167905167	ftp.sra.ebi.ac.uk/vol1/fastq/SRR312/082/SRR31283482/SRR31283482.fastq.gz	False	0		success		source_reported_pending_harmonization	False	awaiting_uniform_reprocessing_signal_unit_unknown
rna_seq:SRR31283483	sharepoint_2026-07-13_new439	SRR31283483	SRX26662525	SAMN44636740	SRS23156295	PRJNA1183817	SRP544006	GSE281412	39829802;40450690	shared/sharepoint_2026-07-13/training_input_bigwig/SRR31283483.bw	7414563	54dc999845459d2909c2525a10a4555f9f85fbf32cbed92197a9636e3ac23ed1	True	True	Caenorhabditis elegans	N2	WT		embryos	Embryo	RNA-seq	RNA-Seq	TRANSCRIPTOMIC	cDNA	SINGLE	100	derived_from_ENA_base_count_read_count_layout	unknown		unknown	Low input ribosome profiling reveals stage-specific translational regulation during early C. elegans embryogenesis	PRJNA1183817		Embryo		8-cell		embryos	unknown_from_provided_metadata	WBcel235_by_chromosome_header_validation	unknown_from_provided_metadata	unknown_from_provided_metadata	unknown	C	False	4282926	428292600	True	b1b5b365e7b6a8f681f6b9f45e23b08b	165454207	165454207	ftp.sra.ebi.ac.uk/vol1/fastq/SRR312/083/SRR31283483/SRR31283483.fastq.gz	False	0		success		source_reported_pending_harmonization	False	awaiting_uniform_reprocessing_signal_unit_unknown
rna_seq:SRR31283484	sharepoint_2026-07-13_new439	SRR31283484	SRX26662524	SAMN44636741	SRS23156294	PRJNA1183817	SRP544006	GSE281412	39829802;40450690	shared/sharepoint_2026-07-13/training_input_bigwig/SRR31283484.bw	3857825	c6a6a36f7c3c4fe0dbe8d3964edace1f763d26dc2430dab3fd81528238b1786f	True	True	Caenorhabditis elegans	N2	WT		embryos	Embryo	RNA-seq	RNA-Seq	TRANSCRIPTOMIC	cDNA	SINGLE	100	derived_from_ENA_base_count_read_count_layout	unknown		unknown	Low input ribosome profiling reveals stage-specific translational regulation during early C. elegans embryogenesis	PRJNA1183817		Embryo		4-cell		embryos	unknown_from_provided_metadata	WBcel235_by_chromosome_header_validation	unknown_from_provided_metadata	unknown_from_provided_metadata	unknown	C	False	5425292	542529200	True	ac922c9f3aa58374188a1de9d53c1750	169249506	169249506	ftp.sra.ebi.ac.uk/vol1/fastq/SRR312/084/SRR31283484/SRR31283484.fastq.gz	False	0		success		source_reported_pending_harmonization	False	awaiting_uniform_reprocessing_signal_unit_unknown
rna_seq:SRR31283485	sharepoint_2026-07-13_new439	SRR31283485	SRX26662523	SAMN44636742	SRS23156293	PRJNA1183817	SRP544006	GSE281412	39829802;40450690	shared/sharepoint_2026-07-13/training_input_bigwig/SRR31283485.bw	12339253	be1d1bbd8939cff99b95c922721370561fcfb7710e628534c61cbaff829e8e6d	True	True	Caenorhabditis elegans	N2	WT		embryos	Embryo	RNA-seq	RNA-Seq	TRANSCRIPTOMIC	cDNA	SINGLE	100	derived_from_ENA_base_count_read_count_layout	unknown		unknown	Low input ribosome profiling reveals stage-specific translational regulation during early C. elegans embryogenesis	PRJNA1183817		Embryo		4-cell		embryos	unknown_from_provided_metadata	WBcel235_by_chromosome_header_validation	unknown_from_provided_metadata	unknown_from_provided_metadata	unknown	C	False	4916111	491611100	True	387191d22b446bd823b3bbb6d8f0fee0	227132046	227132046	ftp.sra.ebi.ac.uk/vol1/fastq/SRR312/085/SRR31283485/SRR31283485.fastq.gz	False	0		success		source_reported_pending_harmonization	False	awaiting_uniform_reprocessing_signal_unit_unknown
rna_seq:SRR31283486	sharepoint_2026-07-13_new439	SRR31283486	SRX26662522	SAMN44636743	SRS23156292	PRJNA1183817	SRP544006	GSE281412	39829802;40450690	shared/sharepoint_2026-07-13/training_input_bigwig/SRR31283486.bw	11007086	5ad56a87b3901d81ecff47363b2fe05de99f3e3202df7b13ca26b9c62ba3bb30	True	True	Caenorhabditis elegans	N2	WT		embryos	Embryo	RNA-seq	RNA-Seq	TRANSCRIPTOMIC	cDNA	SINGLE	100	derived_from_ENA_base_count_read_count_layout	unknown		unknown	Low input ribosome profiling reveals stage-specific translational regulation during early C. elegans embryogenesis	PRJNA1183817		Embryo		4-cell		embryos	unknown_from_provided_metadata	WBcel235_by_chromosome_header_validation	unknown_from_provided_metadata	unknown_from_provided_metadata	unknown	C	False	4127135	412713500	True	cbec560ea2e53bad96fae8794025a834	192577593	192577593	ftp.sra.ebi.ac.uk/vol1/fastq/SRR312/086/SRR31283486/SRR31283486.fastq.gz	False	0		success		source_reported_pending_harmonization	False	awaiting_uniform_reprocessing_signal_unit_unknown
rna_seq:SRR31283487	sharepoint_2026-07-13_new439	SRR31283487	SRX26662521	SAMN44636744	SRS23156291	PRJNA1183817	SRP544006	GSE281412	39829802;40450690	shared/sharepoint_2026-07-13/training_input_bigwig/SRR31283487.bw	6831225	e69b241a24f19238e35f6435b712b086e5e14e1e9daa1bc273eca223e23fb125	True	True	Caenorhabditis elegans	N2	WT		embryos	Embryo	RNA-seq	RNA-Seq	TRANSCRIPTOMIC	cDNA	SINGLE	100	derived_from_ENA_base_count_read_count_layout	unknown		unknown	Low input ribosome profiling reveals stage-specific translational regulation during early C. elegans embryogenesis	PRJNA1183817		Embryo		2-cell		embryos	unknown_from_provided_metadata	WBcel235_by_chromosome_header_validation	unknown_from_provided_metadata	unknown_from_provided_metadata	unknown	C	False	5195268	519526800	True	c1040ab3f92299d5dabf2efb1070bfaa	183687541	183687541	ftp.sra.ebi.ac.uk/vol1/fastq/SRR312/087/SRR31283487/SRR31283487.fastq.gz	False	0		success		source_reported_pending_harmonization	False	awaiting_uniform_reprocessing_signal_unit_unknown
rna_seq:SRR31283488	sharepoint_2026-07-13_new439	SRR31283488	SRX26662520	SAMN44636745	SRS23156290	PRJNA1183817	SRP544006	GSE281412	39829802;40450690	shared/sharepoint_2026-07-13/training_input_bigwig/SRR31283488.bw	3931138	7f028511a27f4a7c482e75dd5a73bcac5294f2bf993bb6521d3be3b344d82304	True	True	Caenorhabditis elegans	N2	WT		embryos	Embryo	RNA-seq	RNA-Seq	TRANSCRIPTOMIC	cDNA	SINGLE	100	derived_from_ENA_base_count_read_count_layout	unknown		unknown	Low input ribosome profiling reveals stage-specific translational regulation during early C. elegans embryogenesis	PRJNA1183817		Embryo		2-cell		embryos	unknown_from_provided_metadata	WBcel235_by_chromosome_header_validation	unknown_from_provided_metadata	unknown_from_provided_metadata	unknown	C	False	4054170	405417000	True	8a009d34d68717830c0999aff6e81e8e	128864163	128864163	ftp.sra.ebi.ac.uk/vol1/fastq/SRR312/088/SRR31283488/SRR31283488.fastq.gz	False	0		success		source_reported_pending_harmonization	False	awaiting_uniform_reprocessing_signal_unit_unknown
rna_seq:SRR31283489	sharepoint_2026-07-13_new439	SRR31283489	SRX26662519	SAMN44636729	SRS23156289	PRJNA1183817	SRP544006	GSE281412	39829802;40450690	shared/sharepoint_2026-07-13/training_input_bigwig/SRR31283489.bw	12736134	8eebba79b08670110be07fbb51a75059be288ae5da5391a8e25a237e6fbdaff8	True	True	Caenorhabditis elegans	Zu405	mutated		embryos	Embryo	RNA-seq	RNA-Seq	TRANSCRIPTOMIC	cDNA	SINGLE	100	derived_from_ENA_base_count_read_count_layout	unknown		unknown	Low input ribosome profiling reveals stage-specific translational regulation during early C. elegans embryogenesis	PRJNA1183817		Embryo		4-cell		embryos	unknown_from_provided_metadata	WBcel235_by_chromosome_header_validation	unknown_from_provided_metadata	unknown_from_provided_metadata	unknown	C	False	7929149	792914900	True	79f6119c60d318f69b5e42d91c9ef67a	326582988	326582988	ftp.sra.ebi.ac.uk/vol1/fastq/SRR312/089/SRR31283489/SRR31283489.fastq.gz	False	0		success		source_reported_pending_harmonization	False	awaiting_uniform_reprocessing_signal_unit_unknown
rna_seq:SRR31283498	sharepoint_2026-07-13_new439	SRR31283498	SRX26662510	SAMN44636730	SRS23156280	PRJNA1183817	SRP544006	GSE281412	39829802;40450690	shared/sharepoint_2026-07-13/training_input_bigwig/SRR31283498.bw	8443711	ce4a70e629b0de68ee536008448dcc1f11583b87f0418906f3339005b14e5c26	True	True	Caenorhabditis elegans	Zu405	mutated		embryos	Embryo	RNA-seq	RNA-Seq	TRANSCRIPTOMIC	cDNA	SINGLE	100	derived_from_ENA_base_count_read_count_layout	unknown		unknown	Low input ribosome profiling reveals stage-specific translational regulation during early C. elegans embryogenesis	PRJNA1183817		Embryo		4-cell		embryos	unknown_from_provided_metadata	WBcel235_by_chromosome_header_validation	unknown_from_provided_metadata	unknown_from_provided_metadata	unknown	C	False	3278117	327811700	True	b051301e972c3f3bee6f1ca7515b8255	146222474	146222474	ftp.sra.ebi.ac.uk/vol1/fastq/SRR312/098/SRR31283498/SRR31283498.fastq.gz	False	0		success		source_reported_pending_harmonization	False	awaiting_uniform_reprocessing_signal_unit_unknown
rna_seq:SRR31283499	sharepoint_2026-07-13_new439	SRR31283499	SRX26662509	SAMN44636731	SRS23156279	PRJNA1183817	SRP544006	GSE281412	39829802;40450690	shared/sharepoint_2026-07-13/training_input_bigwig/SRR31283499.bw	8387053	69063ca51b1ed682fc4a9559f09ae79d4c95e7c6502316eab760709c90ee9b78	True	True	Caenorhabditis elegans	Zu405	mutated		embryos	Embryo	RNA-seq	RNA-Seq	TRANSCRIPTOMIC	cDNA	SINGLE	100	derived_from_ENA_base_count_read_count_layout	unknown		unknown	Low input ribosome profiling reveals stage-specific translational regulation during early C. elegans embryogenesis	PRJNA1183817		Embryo		4-cell		embryos	unknown_from_provided_metadata	WBcel235_by_chromosome_header_validation	unknown_from_provided_metadata	unknown_from_provided_metadata	unknown	C	False	2513312	251331200	True	9af2a1ffa5fe13d9dba665c94ea1edf8	118431523	118431523	ftp.sra.ebi.ac.uk/vol1/fastq/SRR312/099/SRR31283499/SRR31283499.fastq.gz	False	0		success		source_reported_pending_harmonization	False	awaiting_uniform_reprocessing_signal_unit_unknown
rna_seq:SRR31283500	sharepoint_2026-07-13_new439	SRR31283500	SRX26662508	SAMN44636732	SRS23156278	PRJNA1183817	SRP544006	GSE281412	39829802;40450690	shared/sharepoint_2026-07-13/training_input_bigwig/SRR31283500.bw	7878037	21a2123cbe205c18cc5735c61c729bd71bd76be4369a9b605019a211f2f592f2	True	True	Caenorhabditis elegans	Zu405	mutated		embryos	Embryo	RNA-seq	RNA-Seq	TRANSCRIPTOMIC	cDNA	SINGLE	100	derived_from_ENA_base_count_read_count_layout	unknown		unknown	Low input ribosome profiling reveals stage-specific translational regulation during early C. elegans embryogenesis	PRJNA1183817		Embryo		2-cell		embryos	unknown_from_provided_metadata	WBcel235_by_chromosome_header_validation	unknown_from_provided_metadata	unknown_from_provided_metadata	unknown	C	False	7817659	781765900	True	8945e93f026fc04c464f187aa00e4c43	272506911	272506911	ftp.sra.ebi.ac.uk/vol1/fastq/SRR312/000/SRR31283500/SRR31283500.fastq.gz	False	0		success		source_reported_pending_harmonization	False	awaiting_uniform_reprocessing_signal_unit_unknown
rna_seq:SRR31283501	sharepoint_2026-07-13_new439	SRR31283501	SRX26662507	SAMN44636733	SRS23156277	PRJNA1183817	SRP544006	GSE281412	39829802;40450690	shared/sharepoint_2026-07-13/training_input_bigwig/SRR31283501.bw	10305605	eec969d6a5e9f2d77ad847190d9366207dabeb152e342d9ce377244aee5c5758	True	True	Caenorhabditis elegans	Zu405	mutated		embryos	Embryo	RNA-seq	RNA-Seq	TRANSCRIPTOMIC	cDNA	SINGLE	100	derived_from_ENA_base_count_read_count_layout	unknown		unknown	Low input ribosome profiling reveals stage-specific translational regulation during early C. elegans embryogenesis	PRJNA1183817		Embryo		2-cell		embryos	unknown_from_provided_metadata	WBcel235_by_chromosome_header_validation	unknown_from_provided_metadata	unknown_from_provided_metadata	unknown	C	False	4503308	450330800	True	ebf7409cd6dadf002613e29239babf17	189325303	189325303	ftp.sra.ebi.ac.uk/vol1/fastq/SRR312/001/SRR31283501/SRR31283501.fastq.gz	False	0		success		source_reported_pending_harmonization	False	awaiting_uniform_reprocessing_signal_unit_unknown
rna_seq:SRR31283502	sharepoint_2026-07-13_new439	SRR31283502	SRX26662506	SAMN44636734	SRS23156276	PRJNA1183817	SRP544006	GSE281412	39829802;40450690	shared/sharepoint_2026-07-13/training_input_bigwig/SRR31283502.bw	8282766	3a1f26d02ba2625f96d27b27d68780aee17100013611b149f22b7c0a069124ce	True	True	Caenorhabditis elegans	Zu405	mutated		embryos	Embryo	RNA-seq	RNA-Seq	TRANSCRIPTOMIC	cDNA	SINGLE	100	derived_from_ENA_base_count_read_count_layout	unknown		unknown	Low input ribosome profiling reveals stage-specific translational regulation during early C. elegans embryogenesis	PRJNA1183817		Embryo		2-cell		embryos	unknown_from_provided_metadata	WBcel235_by_chromosome_header_validation	unknown_from_provided_metadata	unknown_from_provided_metadata	unknown	C	False	2439963	243996300	True	81a9432bcd9c837799d9edfb668fec68	115910124	115910124	ftp.sra.ebi.ac.uk/vol1/fastq/SRR312/002/SRR31283502/SRR31283502.fastq.gz	False	0		success		source_reported_pending_harmonization	False	awaiting_uniform_reprocessing_signal_unit_unknown
rna_seq:SRR31283503	sharepoint_2026-07-13_new439	SRR31283503	SRX26662505	SAMN44636735	SRS23156275	PRJNA1183817	SRP544006	GSE281412	39829802;40450690	shared/sharepoint_2026-07-13/training_input_bigwig/SRR31283503.bw	11042087	072d8cc940d288a276a319766d06330a2f38456c4bf8e45b4c19da7ea432fc9e	True	True	Caenorhabditis elegans	Zu405	mutated		embryos	Embryo	RNA-seq	RNA-Seq	TRANSCRIPTOMIC	cDNA	SINGLE	100	derived_from_ENA_base_count_read_count_layout	unknown		unknown	Low input ribosome profiling reveals stage-specific translational regulation during early C. elegans embryogenesis	PRJNA1183817		Embryo		1-cell		embryos	unknown_from_provided_metadata	WBcel235_by_chromosome_header_validation	unknown_from_provided_metadata	unknown_from_provided_metadata	unknown	C	False	4141629	414162900	True	55036f634fc6eb266c6c3c0492659eca	192851837	192851837	ftp.sra.ebi.ac.uk/vol1/fastq/SRR312/003/SRR31283503/SRR31283503.fastq.gz	False	0		success		source_reported_pending_harmonization	False	awaiting_uniform_reprocessing_signal_unit_unknown
rna_seq:SRR31283504	sharepoint_2026-07-13_new439	SRR31283504	SRX26662504	SAMN44636736	SRS23156274	PRJNA1183817	SRP544006	GSE281412	39829802;40450690	shared/sharepoint_2026-07-13/training_input_bigwig/SRR31283504.bw	12458075	998eed590523d805a553a5f02479eee56d24a09226b2fc31c8511a17cdd1d37b	True	True	Caenorhabditis elegans	Zu405	mutated		embryos	Embryo	RNA-seq	RNA-Seq	TRANSCRIPTOMIC	cDNA	SINGLE	100	derived_from_ENA_base_count_read_count_layout	unknown		unknown	Low input ribosome profiling reveals stage-specific translational regulation during early C. elegans embryogenesis	PRJNA1183817		Embryo		1-cell		embryos	unknown_from_provided_metadata	WBcel235_by_chromosome_header_validation	unknown_from_provided_metadata	unknown_from_provided_metadata	unknown	C	False	4830792	483079200	True	93bf4429aa63953431c9f6532bd2793b	221569634	221569634	ftp.sra.ebi.ac.uk/vol1/fastq/SRR312/004/SRR31283504/SRR31283504.fastq.gz	False	0		success		source_reported_pending_harmonization	False	awaiting_uniform_reprocessing_signal_unit_unknown
rna_seq:SRR31283505	sharepoint_2026-07-13_new439	SRR31283505	SRX26662503	SAMN44636737	SRS23156273	PRJNA1183817	SRP544006	GSE281412	39829802;40450690	shared/sharepoint_2026-07-13/training_input_bigwig/SRR31283505.bw	11282054	21baf05072f738361f20c3dd83258099a4a162f075634345fc574f6d899e74bb	True	True	Caenorhabditis elegans	Zu405	mutated		embryos	Embryo	RNA-seq	RNA-Seq	TRANSCRIPTOMIC	cDNA	SINGLE	100	derived_from_ENA_base_count_read_count_layout	unknown		unknown	Low input ribosome profiling reveals stage-specific translational regulation during early C. elegans embryogenesis	PRJNA1183817		Embryo		1-cell		embryos	unknown_from_provided_metadata	WBcel235_by_chromosome_header_validation	unknown_from_provided_metadata	unknown_from_provided_metadata	unknown	C	False	4089376	408937600	True	bce6e89ab7668884b6a37974da392c8f	194903516	194903516	ftp.sra.ebi.ac.uk/vol1/fastq/SRR312/005/SRR31283505/SRR31283505.fastq.gz	False	0		success		source_reported_pending_harmonization	False	awaiting_uniform_reprocessing_signal_unit_unknown
rna_seq:SRR31283514	sharepoint_2026-07-13_new439	SRR31283514	SRX26662494	SAMN44636746	SRS23156264	PRJNA1183817	SRP544006	GSE281412	39829802;40450690	shared/sharepoint_2026-07-13/training_input_bigwig/SRR31283514.bw	5501185	b7e4fc49f8f332dcdbde48b091571f2b43ad6dfc172bd000a7495a909e900bb8	True	True	Caenorhabditis elegans	N2	WT		embryos	Embryo	RNA-seq	RNA-Seq	TRANSCRIPTOMIC	cDNA	SINGLE	100	derived_from_ENA_base_count_read_count_layout	unknown		unknown	Low input ribosome profiling reveals stage-specific translational regulation during early C. elegans embryogenesis	PRJNA1183817		Embryo		2-cell		embryos	unknown_from_provided_metadata	WBcel235_by_chromosome_header_validation	unknown_from_provided_metadata	unknown_from_provided_metadata	unknown	C	False	4406971	440697100	True	85a6d9f779b3864be767eb37e362f819	148234700	148234700	ftp.sra.ebi.ac.uk/vol1/fastq/SRR312/014/SRR31283514/SRR31283514.fastq.gz	False	0		success		source_reported_pending_harmonization	False	awaiting_uniform_reprocessing_signal_unit_unknown
rna_seq:SRR31283515	sharepoint_2026-07-13_new439	SRR31283515	SRX26662493	SAMN44636747	SRS23156263	PRJNA1183817	SRP544006	GSE281412	39829802;40450690	shared/sharepoint_2026-07-13/training_input_bigwig/SRR31283515.bw	12589927	cc4d6d71f2930284ef19a7fb49311d51515bbc7f01961242a9fb5363bb216911	True	True	Caenorhabditis elegans	N2	WT		embryos	Embryo	RNA-seq	RNA-Seq	TRANSCRIPTOMIC	cDNA	SINGLE	100	derived_from_ENA_base_count_read_count_layout	unknown		unknown	Low input ribosome profiling reveals stage-specific translational regulation during early C. elegans embryogenesis	PRJNA1183817		Embryo		1-cell		embryos	unknown_from_provided_metadata	WBcel235_by_chromosome_header_validation	unknown_from_provided_metadata	unknown_from_provided_metadata	unknown	C	False	4842692	484269200	True	5c3f1f7b21d2315ab4df5a8cc71dd0e7	229692217	229692217	ftp.sra.ebi.ac.uk/vol1/fastq/SRR312/015/SRR31283515/SRR31283515.fastq.gz	False	0		success		source_reported_pending_harmonization	False	awaiting_uniform_reprocessing_signal_unit_unknown
rna_seq:SRR31283516	sharepoint_2026-07-13_new439	SRR31283516	SRX26662492	SAMN44636748	SRS23156262	PRJNA1183817	SRP544006	GSE281412	39829802;40450690	shared/sharepoint_2026-07-13/training_input_bigwig/SRR31283516.bw	11338442	497b24dbb1e24e9fa00d1f0951592869580c80852c149f02a2b06b70208529ea	True	True	Caenorhabditis elegans	N2	WT		embryos	Embryo	RNA-seq	RNA-Seq	TRANSCRIPTOMIC	cDNA	SINGLE	100	derived_from_ENA_base_count_read_count_layout	unknown		unknown	Low input ribosome profiling reveals stage-specific translational regulation during early C. elegans embryogenesis	PRJNA1183817		Embryo		1-cell		embryos	unknown_from_provided_metadata	WBcel235_by_chromosome_header_validation	unknown_from_provided_metadata	unknown_from_provided_metadata	unknown	C	False	5163917	516391700	True	73285a364ff1a1a0f6e0488f430c55ed	228233758	228233758	ftp.sra.ebi.ac.uk/vol1/fastq/SRR312/016/SRR31283516/SRR31283516.fastq.gz	False	0		success		source_reported_pending_harmonization	False	awaiting_uniform_reprocessing_signal_unit_unknown
rna_seq:SRR31283517	sharepoint_2026-07-13_new439	SRR31283517	SRX26662491	SAMN44636749	SRS23156261	PRJNA1183817	SRP544006	GSE281412	39829802;40450690	shared/sharepoint_2026-07-13/training_input_bigwig/SRR31283517.bw	13288470	010d70030ff2cd9598ffd35264da52bc5b10de97cbe79bfb8f39cf76af123b20	True	True	Caenorhabditis elegans	N2	WT		embryos	Embryo	RNA-seq	RNA-Seq	TRANSCRIPTOMIC	cDNA	SINGLE	100	derived_from_ENA_base_count_read_count_layout	unknown		unknown	Low input ribosome profiling reveals stage-specific translational regulation during early C. elegans embryogenesis	PRJNA1183817		Embryo		1-cell		embryos	unknown_from_provided_metadata	WBcel235_by_chromosome_header_validation	unknown_from_provided_metadata	unknown_from_provided_metadata	unknown	C	False	6259277	625927700	True	0a2d1d7fd5c9ba42f8a759d7ed3aaa49	297009623	297009623	ftp.sra.ebi.ac.uk/vol1/fastq/SRR312/017/SRR31283517/SRR31283517.fastq.gz	False	0		success		source_reported_pending_harmonization	False	awaiting_uniform_reprocessing_signal_unit_unknown
rna_seq:SRR32243497	sharepoint_2026-07-13_new439	SRR32243497	SRX27583317	SAMN46605368	SRS23994396	PRJNA1219662	SRP561818	GSE288873	40950051;41073798	shared/sharepoint_2026-07-13/training_input_bigwig/SRR32243497.bw	35523764	ff58c2c6d30c06eb278368781288c31057bb72b6e170ff04e95bc6ce62814826	True	True	Caenorhabditis elegans	N2	WT		Whole animal	L3		RNA-Seq	TRANSCRIPTOMIC	cDNA	SINGLE	51	derived_from_ENA_base_count_read_count_layout	unknown		unknown	mRNA-seq of wildtype C. elegans L3 larvae sampled at molt entry and molt exit [RNAseq_MoltEntry-MoltExit_N2]	PRJNA1219662		L3		L3 Molt Exit		Whole animal	unknown_from_provided_metadata	WBcel235_by_chromosome_header_validation	unknown_from_provided_metadata	unknown_from_provided_metadata	unknown	C	False	134163355	6842331105	True	abd7d69f4f2430bde5ff0a708b78efd9	4475441099	4475441099	ftp.sra.ebi.ac.uk/vol1/fastq/SRR322/097/SRR32243497/SRR32243497.fastq.gz	False	0		success		source_reported_pending_harmonization	False	awaiting_uniform_reprocessing_signal_unit_unknown
rna_seq:SRR32243498	sharepoint_2026-07-13_new439	SRR32243498	SRX27583316	SAMN46605369	SRS23994395	PRJNA1219662	SRP561818	GSE288873	40950051;41073798	shared/sharepoint_2026-07-13/training_input_bigwig/SRR32243498.bw	25509027	a8b7614baa0dd20b465cc1f67e3ab94f075aefe060b6856288a71cfdda263bbb	True	True	Caenorhabditis elegans	N2	WT		Whole animal	L3		RNA-Seq	TRANSCRIPTOMIC	cDNA	SINGLE	51	derived_from_ENA_base_count_read_count_layout	unknown		unknown	mRNA-seq of wildtype C. elegans L3 larvae sampled at molt entry and molt exit [RNAseq_MoltEntry-MoltExit_N2]	PRJNA1219662		L3		L3 Molt Entry		Whole animal	unknown_from_provided_metadata	WBcel235_by_chromosome_header_validation	unknown_from_provided_metadata	unknown_from_provided_metadata	unknown	C	False	127829625	6519310875	True	ad7b118343dcd84d0a0271bc93ba3fd6	4222499267	4222499267	ftp.sra.ebi.ac.uk/vol1/fastq/SRR322/098/SRR32243498/SRR32243498.fastq.gz	False	0		success		source_reported_pending_harmonization	False	awaiting_uniform_reprocessing_signal_unit_unknown
rna_seq:SRR34430875	sharepoint_2026-07-13_new439	SRR34430875	SRX29592161	SAMN49852055	SRS25714363	PRJNA1287651	SRP599236	GSE301850	41243651	shared/sharepoint_2026-07-13/training_input_bigwig/SRR34430875.bw	60585252	caf8e68773d61c279f05e0edcba21652bc580b0192ca7972fe26faef3c18566a	True	True	Caenorhabditis elegans	P37Stop	mutated		whole worm	L1		RNA-Seq	TRANSCRIPTOMIC	cDNA	PAIRED	150	derived_from_ENA_base_count_read_count_layout	unknown		unknown	Epidermal cell fusion promotes the transition from an embryonic to a larval transcriptome in C. elegans	PRJNA1287651		L1				whole worm	unknown_from_provided_metadata	WBcel235_by_chromosome_header_validation	unknown_from_provided_metadata	unknown_from_provided_metadata	unknown	C	False	46403498	13921049400	True	77c375ad12021ae8ac0b49583b7bca6f;278cc2b3c6319ad7e54da7ae6b20ffc2	2646549263;2690423525	5336972788	ftp.sra.ebi.ac.uk/vol1/fastq/SRR344/075/SRR34430875/SRR34430875_1.fastq.gz;ftp.sra.ebi.ac.uk/vol1/fastq/SRR344/075/SRR34430875/SRR34430875_2.fastq.gz	False	0		success		source_reported_pending_harmonization	False	awaiting_uniform_reprocessing_signal_unit_unknown
rna_seq:SRR34430876	sharepoint_2026-07-13_new439	SRR34430876	SRX29592160	SAMN49852056	SRS25714364	PRJNA1287651	SRP599236	GSE301850	41243651	shared/sharepoint_2026-07-13/training_input_bigwig/SRR34430876.bw	51450279	c77e6f439e6d3468d62daffeb94a3ed6b37b726e54e8efc7680b0b9d913ce6b6	True	True	Caenorhabditis elegans	P37Stop	mutated		whole worm	L1		RNA-Seq	TRANSCRIPTOMIC	cDNA	PAIRED	150	derived_from_ENA_base_count_read_count_layout	unknown		unknown	Epidermal cell fusion promotes the transition from an embryonic to a larval transcriptome in C. elegans	PRJNA1287651		L1				whole worm	unknown_from_provided_metadata	WBcel235_by_chromosome_header_validation	unknown_from_provided_metadata	unknown_from_provided_metadata	unknown	C	False	53299612	15989883600	True	3e2007204a8171b5851681511893210f;252617055acc2fc5439d8448fa4ffd61	3116682697;3127920852	6244603549	ftp.sra.ebi.ac.uk/vol1/fastq/SRR344/076/SRR34430876/SRR34430876_1.fastq.gz;ftp.sra.ebi.ac.uk/vol1/fastq/SRR344/076/SRR34430876/SRR34430876_2.fastq.gz	False	0		success		source_reported_pending_harmonization	False	awaiting_uniform_reprocessing_signal_unit_unknown
rna_seq:SRR34430877	sharepoint_2026-07-13_new439	SRR34430877	SRX29592159	SAMN49852057	SRS25714362	PRJNA1287651	SRP599236	GSE301850	41243651	shared/sharepoint_2026-07-13/training_input_bigwig/SRR34430877.bw	41730589	52edbcb672be3dc37b1c3a4b2bd05a0ab5966b8d5b09a5876715c964b86ce1ec	True	True	Caenorhabditis elegans	P37Stop	mutated		whole worm	L1		RNA-Seq	TRANSCRIPTOMIC	cDNA	PAIRED	150	derived_from_ENA_base_count_read_count_layout	unknown		unknown	Epidermal cell fusion promotes the transition from an embryonic to a larval transcriptome in C. elegans	PRJNA1287651		L1				whole worm	unknown_from_provided_metadata	WBcel235_by_chromosome_header_validation	unknown_from_provided_metadata	unknown_from_provided_metadata	unknown	C	False	50719057	15215717100	True	d7490877397d37723ba12ec958350c16;90b70f4c400da924287459d82cac25af	2964221154;2993671551	5957892705	ftp.sra.ebi.ac.uk/vol1/fastq/SRR344/077/SRR34430877/SRR34430877_1.fastq.gz;ftp.sra.ebi.ac.uk/vol1/fastq/SRR344/077/SRR34430877/SRR34430877_2.fastq.gz	False	0		success		source_reported_pending_harmonization	False	awaiting_uniform_reprocessing_signal_unit_unknown
rna_seq:SRR34430878	sharepoint_2026-07-13_new439	SRR34430878	SRX29592158	SAMN49852058	SRS25714361	PRJNA1287651	SRP599236	GSE301850	41243651	shared/sharepoint_2026-07-13/training_input_bigwig/SRR34430878.bw	46997056	d124a3fb356cdb5e79b277efe475fa451366637fcd3645a80e96f9af69ad8651	True	True	Caenorhabditis elegans	WT	WT		whole worm	L1		RNA-Seq	TRANSCRIPTOMIC	cDNA	PAIRED	150	derived_from_ENA_base_count_read_count_layout	unknown		unknown	Epidermal cell fusion promotes the transition from an embryonic to a larval transcriptome in C. elegans	PRJNA1287651		L1				whole worm	unknown_from_provided_metadata	WBcel235_by_chromosome_header_validation	unknown_from_provided_metadata	unknown_from_provided_metadata	unknown	C	False	50292760	15087828000	True	f3a124d87af7fcbb34b963bdeb54e445;e02f87560d9eda5866eb18176a9f0ace	2946338516;2969680727	5916019243	ftp.sra.ebi.ac.uk/vol1/fastq/SRR344/078/SRR34430878/SRR34430878_1.fastq.gz;ftp.sra.ebi.ac.uk/vol1/fastq/SRR344/078/SRR34430878/SRR34430878_2.fastq.gz	False	0		success		source_reported_pending_harmonization	False	awaiting_uniform_reprocessing_signal_unit_unknown
rna_seq:SRR34430879	sharepoint_2026-07-13_new439	SRR34430879	SRX29592157	SAMN49852059	SRS25714360	PRJNA1287651	SRP599236	GSE301850	41243651	shared/sharepoint_2026-07-13/training_input_bigwig/SRR34430879.bw	55552236	8dac7cac0145818755a183f1230d035238144f2a3c2d05d682156c66fc797827	True	True	Caenorhabditis elegans	WT	WT		whole worm	L1		RNA-Seq	TRANSCRIPTOMIC	cDNA	PAIRED	150	derived_from_ENA_base_count_read_count_layout	unknown		unknown	Epidermal cell fusion promotes the transition from an embryonic to a larval transcriptome in C. elegans	PRJNA1287651		L1				whole worm	unknown_from_provided_metadata	WBcel235_by_chromosome_header_validation	unknown_from_provided_metadata	unknown_from_provided_metadata	unknown	C	False	57578109	17273432700	True	bc78aa41cec0da5629981e8162111f1f;29e4159171163f9ec51a1aa484aad58c	3358208692;3368432745	6726641437	ftp.sra.ebi.ac.uk/vol1/fastq/SRR344/079/SRR34430879/SRR34430879_1.fastq.gz;ftp.sra.ebi.ac.uk/vol1/fastq/SRR344/079/SRR34430879/SRR34430879_2.fastq.gz	False	0		success		source_reported_pending_harmonization	False	awaiting_uniform_reprocessing_signal_unit_unknown
rna_seq:SRR34430880	sharepoint_2026-07-13_new439	SRR34430880	SRX29592156	SAMN49852060	SRS25714358	PRJNA1287651	SRP599236	GSE301850	41243651	shared/sharepoint_2026-07-13/training_input_bigwig/SRR34430880.bw	48845796	3dc13d0a5ed0e11174723f4ef804381e3e0de89d761c0f98e0e0b5baf6cad0e9	True	True	Caenorhabditis elegans	WT	WT		whole worm	L1		RNA-Seq	TRANSCRIPTOMIC	cDNA	PAIRED	150	derived_from_ENA_base_count_read_count_layout	unknown		unknown	Epidermal cell fusion promotes the transition from an embryonic to a larval transcriptome in C. elegans	PRJNA1287651		L1				whole worm	unknown_from_provided_metadata	WBcel235_by_chromosome_header_validation	unknown_from_provided_metadata	unknown_from_provided_metadata	unknown	C	False	53922296	16176688800	True	7ce6139e47cdaf273f7c6a6fee4e368f;d14f87a26ae942ba2a83e6b596f2ebe2	3108806080;3129648037	6238454117	ftp.sra.ebi.ac.uk/vol1/fastq/SRR344/080/SRR34430880/SRR34430880_1.fastq.gz;ftp.sra.ebi.ac.uk/vol1/fastq/SRR344/080/SRR34430880/SRR34430880_2.fastq.gz	False	0		success		source_reported_pending_harmonization	False	awaiting_uniform_reprocessing_signal_unit_unknown
rna_seq:SRR34430881	sharepoint_2026-07-13_new439	SRR34430881	SRX29592155	SAMN49852061	SRS25714359	PRJNA1287651	SRP599236	GSE301850	41243651	shared/sharepoint_2026-07-13/training_input_bigwig/SRR34430881.bw	74591810	b0951c9da9b8d51f3f8e82030397163f653c9bd07c7918802d965dcf59666d7f	True	True	Caenorhabditis elegans	eff-1 P183L	mutated		whole worm	L1		RNA-Seq	TRANSCRIPTOMIC	cDNA	PAIRED	51	derived_from_ENA_base_count_read_count_layout	unknown		unknown	Epidermal cell fusion promotes the transition from an embryonic to a larval transcriptome in C. elegans	PRJNA1287651		L1				whole worm	unknown_from_provided_metadata	WBcel235_by_chromosome_header_validation	unknown_from_provided_metadata	unknown_from_provided_metadata	unknown	C	False	39672445	4046589390	True	b545479d808cf5ec3637c473804da503;7cceb1b106c24c7d27d7ab03b9ac6d80	1209772728;1206107598	2415880326	ftp.sra.ebi.ac.uk/vol1/fastq/SRR344/081/SRR34430881/SRR34430881_1.fastq.gz;ftp.sra.ebi.ac.uk/vol1/fastq/SRR344/081/SRR34430881/SRR34430881_2.fastq.gz	False	0		success		source_reported_pending_harmonization	False	awaiting_uniform_reprocessing_signal_unit_unknown
rna_seq:SRR34430882	sharepoint_2026-07-13_new439	SRR34430882	SRX29592154	SAMN49852062	SRS25714357	PRJNA1287651	SRP599236	GSE301850	41243651	shared/sharepoint_2026-07-13/training_input_bigwig/SRR34430882.bw	74814601	9510f0e442964f007e2fd940208483ed92351bf8677bc3d1c1136f7a133acc85	True	True	Caenorhabditis elegans	eff-1 P183L	mutated		whole worm	L1		RNA-Seq	TRANSCRIPTOMIC	cDNA	PAIRED	51	derived_from_ENA_base_count_read_count_layout	unknown		unknown	Epidermal cell fusion promotes the transition from an embryonic to a larval transcriptome in C. elegans	PRJNA1287651		L1				whole worm	unknown_from_provided_metadata	WBcel235_by_chromosome_header_validation	unknown_from_provided_metadata	unknown_from_provided_metadata	unknown	C	False	39815718	4061203236	True	e42aa75c2d8a552c4aedd6481b86c126;ca0290560723e8c1b047db257340d103	1216569931;1216484115	2433054046	ftp.sra.ebi.ac.uk/vol1/fastq/SRR344/082/SRR34430882/SRR34430882_1.fastq.gz;ftp.sra.ebi.ac.uk/vol1/fastq/SRR344/082/SRR34430882/SRR34430882_2.fastq.gz	False	0		success		source_reported_pending_harmonization	False	awaiting_uniform_reprocessing_signal_unit_unknown
rna_seq:SRR34430883	sharepoint_2026-07-13_new439	SRR34430883	SRX29592153	SAMN49852063	SRS25714356	PRJNA1287651	SRP599236	GSE301850	41243651	shared/sharepoint_2026-07-13/training_input_bigwig/SRR34430883.bw	74784597	fa015017285a2c274c1082571108077be36e49b2dbbfea16ac45f777be3ca255	True	True	Caenorhabditis elegans	eff-1 P183L	mutated		whole worm	L1		RNA-Seq	TRANSCRIPTOMIC	cDNA	PAIRED	51	derived_from_ENA_base_count_read_count_layout	unknown		unknown	Epidermal cell fusion promotes the transition from an embryonic to a larval transcriptome in C. elegans	PRJNA1287651		L1				whole worm	unknown_from_provided_metadata	WBcel235_by_chromosome_header_validation	unknown_from_provided_metadata	unknown_from_provided_metadata	unknown	C	False	42532152	4338279504	True	82a96f936d9fe6bbc7298bd7b5e0a3ad;612d1cddc7dca2f5b598e69e4e914112	1301180251;1295195107	2596375358	ftp.sra.ebi.ac.uk/vol1/fastq/SRR344/083/SRR34430883/SRR34430883_1.fastq.gz;ftp.sra.ebi.ac.uk/vol1/fastq/SRR344/083/SRR34430883/SRR34430883_2.fastq.gz	False	0		success		source_reported_pending_harmonization	False	awaiting_uniform_reprocessing_signal_unit_unknown
rna_seq:SRR34430884	sharepoint_2026-07-13_new439	SRR34430884	SRX29592152	SAMN49852064	SRS25714354	PRJNA1287651	SRP599236	GSE301850	41243651	shared/sharepoint_2026-07-13/training_input_bigwig/SRR34430884.bw	73321026	0dbe297de0f06f3ad53929a2e8175656c0b85676250449056083622a3b2c0e2c	True	True	Caenorhabditis elegans	eff-1 S441L	mutated		whole worm	L1		RNA-Seq	TRANSCRIPTOMIC	cDNA	PAIRED	51	derived_from_ENA_base_count_read_count_layout	unknown		unknown	Epidermal cell fusion promotes the transition from an embryonic to a larval transcriptome in C. elegans	PRJNA1287651		L1				whole worm	unknown_from_provided_metadata	WBcel235_by_chromosome_header_validation	unknown_from_provided_metadata	unknown_from_provided_metadata	unknown	C	False	45365854	4627317108	True	aeb413a206edf83d62b3f8107c1824e8;52f9533bb8eed49c3174681abcf6ff22	1379960913;1375535523	2755496436	ftp.sra.ebi.ac.uk/vol1/fastq/SRR344/084/SRR34430884/SRR34430884_1.fastq.gz;ftp.sra.ebi.ac.uk/vol1/fastq/SRR344/084/SRR34430884/SRR34430884_2.fastq.gz	False	0		success		source_reported_pending_harmonization	False	awaiting_uniform_reprocessing_signal_unit_unknown
rna_seq:SRR34430885	sharepoint_2026-07-13_new439	SRR34430885	SRX29592151	SAMN49852065	SRS25714355	PRJNA1287651	SRP599236	GSE301850	41243651	shared/sharepoint_2026-07-13/training_input_bigwig/SRR34430885.bw	74507319	08e2fc6a2916a55fff693bf4b4458b5201431e2dacd956cc9b20abeaf11a05f2	True	True	Caenorhabditis elegans	eff-1 S441L	mutated		whole worm	L1		RNA-Seq	TRANSCRIPTOMIC	cDNA	PAIRED	51	derived_from_ENA_base_count_read_count_layout	unknown		unknown	Epidermal cell fusion promotes the transition from an embryonic to a larval transcriptome in C. elegans	PRJNA1287651		L1				whole worm	unknown_from_provided_metadata	WBcel235_by_chromosome_header_validation	unknown_from_provided_metadata	unknown_from_provided_metadata	unknown	C	False	48015757	4897607214	True	a244683fa7faa663c707d113aeb540de;f1e03fe1a93d0cea5db9d5c3f5ea7b4c	1460668286;1453867513	2914535799	ftp.sra.ebi.ac.uk/vol1/fastq/SRR344/085/SRR34430885/SRR34430885_1.fastq.gz;ftp.sra.ebi.ac.uk/vol1/fastq/SRR344/085/SRR34430885/SRR34430885_2.fastq.gz	False	0		success		source_reported_pending_harmonization	False	awaiting_uniform_reprocessing_signal_unit_unknown
rna_seq:SRR34430886	sharepoint_2026-07-13_new439	SRR34430886	SRX29592150	SAMN49852066	SRS25714353	PRJNA1287651	SRP599236	GSE301850	41243651	shared/sharepoint_2026-07-13/training_input_bigwig/SRR34430886.bw	74042864	db6965c7c2411cd1f97255810c392882f81e374613369c39c9ace04abc546359	True	True	Caenorhabditis elegans	eff-1 S441L	mutated		whole worm	L1		RNA-Seq	TRANSCRIPTOMIC	cDNA	PAIRED	51	derived_from_ENA_base_count_read_count_layout	unknown		unknown	Epidermal cell fusion promotes the transition from an embryonic to a larval transcriptome in C. elegans	PRJNA1287651		L1				whole worm	unknown_from_provided_metadata	WBcel235_by_chromosome_header_validation	unknown_from_provided_metadata	unknown_from_provided_metadata	unknown	C	False	48457821	4942697742	True	f8a79a103407cc30ccaa986718953138;41e23859696c68f27e24df510094e01a	1479884566;1469639007	2949523573	ftp.sra.ebi.ac.uk/vol1/fastq/SRR344/086/SRR34430886/SRR34430886_1.fastq.gz;ftp.sra.ebi.ac.uk/vol1/fastq/SRR344/086/SRR34430886/SRR34430886_2.fastq.gz	False	0		success		source_reported_pending_harmonization	False	awaiting_uniform_reprocessing_signal_unit_unknown
rna_seq:SRR34430887	sharepoint_2026-07-13_new439	SRR34430887	SRX29592149	SAMN49852067	SRS25714352	PRJNA1287651	SRP599236	GSE301850	41243651	shared/sharepoint_2026-07-13/training_input_bigwig/SRR34430887.bw	70240699	d97b5ec1c466cb19e78b007921395991e324d69d0458a7a1f1dd8f8856e40bfa	True	True	Caenorhabditis elegans	WT	WT		whole worm	L1		RNA-Seq	TRANSCRIPTOMIC	cDNA	PAIRED	51	derived_from_ENA_base_count_read_count_layout	unknown		unknown	Epidermal cell fusion promotes the transition from an embryonic to a larval transcriptome in C. elegans	PRJNA1287651		L1				whole worm	unknown_from_provided_metadata	WBcel235_by_chromosome_header_validation	unknown_from_provided_metadata	unknown_from_provided_metadata	unknown	C	False	48369475	4933686450	True	5d51656f65db33d7ffb2f147a69b4e92;b149e5dc6f35aeb258a3a4bd9263e4e4	1466453303;1462262139	2928715442	ftp.sra.ebi.ac.uk/vol1/fastq/SRR344/087/SRR34430887/SRR34430887_1.fastq.gz;ftp.sra.ebi.ac.uk/vol1/fastq/SRR344/087/SRR34430887/SRR34430887_2.fastq.gz	False	0		success		source_reported_pending_harmonization	False	awaiting_uniform_reprocessing_signal_unit_unknown
rna_seq:SRR34430888	sharepoint_2026-07-13_new439	SRR34430888	SRX29592148	SAMN49852068	SRS25714350	PRJNA1287651	SRP599236	GSE301850	41243651	shared/sharepoint_2026-07-13/training_input_bigwig/SRR34430888.bw	64017303	5eb88aa23f7e7c0bea87174948d10d33295db1dc4e83765b41779548e097a88b	True	True	Caenorhabditis elegans	WT	WT		whole worm	L1		RNA-Seq	TRANSCRIPTOMIC	cDNA	PAIRED	51	derived_from_ENA_base_count_read_count_layout	unknown		unknown	Epidermal cell fusion promotes the transition from an embryonic to a larval transcriptome in C. elegans	PRJNA1287651		L1				whole worm	unknown_from_provided_metadata	WBcel235_by_chromosome_header_validation	unknown_from_provided_metadata	unknown_from_provided_metadata	unknown	C	False	38105463	3886757226	True	6fd9680d80f96ac5f195f28d682ac660;220dff9a6e4dbc60d65bcc9fa7bcae8e	1160670024;1155733061	2316403085	ftp.sra.ebi.ac.uk/vol1/fastq/SRR344/088/SRR34430888/SRR34430888_1.fastq.gz;ftp.sra.ebi.ac.uk/vol1/fastq/SRR344/088/SRR34430888/SRR34430888_2.fastq.gz	False	0		success		source_reported_pending_harmonization	False	awaiting_uniform_reprocessing_signal_unit_unknown
rna_seq:SRR34430889	sharepoint_2026-07-13_new439	SRR34430889	SRX29592147	SAMN49852069	SRS25714351	PRJNA1287651	SRP599236	GSE301850	41243651	shared/sharepoint_2026-07-13/training_input_bigwig/SRR34430889.bw	67646952	6828b86ca47d72bfd0b145066a7a7570629c5315423210d9c5c79afa14747607	True	True	Caenorhabditis elegans	WT	WT		whole worm	L1		RNA-Seq	TRANSCRIPTOMIC	cDNA	PAIRED	51	derived_from_ENA_base_count_read_count_layout	unknown		unknown	Epidermal cell fusion promotes the transition from an embryonic to a larval transcriptome in C. elegans	PRJNA1287651		L1				whole worm	unknown_from_provided_metadata	WBcel235_by_chromosome_header_validation	unknown_from_provided_metadata	unknown_from_provided_metadata	unknown	C	False	45721552	4663598304	True	89f77e25176c418e8c8c21e0ab399e1a;f3bd5bbeb99bd65d743c02e018689abc	1388859342;1392921562	2781780904	ftp.sra.ebi.ac.uk/vol1/fastq/SRR344/089/SRR34430889/SRR34430889_1.fastq.gz;ftp.sra.ebi.ac.uk/vol1/fastq/SRR344/089/SRR34430889/SRR34430889_2.fastq.gz	False	0		success		source_reported_pending_harmonization	False	awaiting_uniform_reprocessing_signal_unit_unknown
rna_seq:SRR34582722	sharepoint_2026-07-13_new439	SRR34582722	SRX29724088	SAMN50022234	SRS25831593	PRJNA1293434	SRP601871	GSE303062		shared/sharepoint_2026-07-13/training_input_bigwig/SRR34582722.bw	87723043	036354be4064ee73909ad6d9ed5f77261bafa5f3ee4e7c6fa17e378751c0fa3c	True	True	Caenorhabditis elegans	spr-5 (by101)(I); met-2 (n4256)(III); (lin-35 RNAi)	mutated+treated		whole animal L1 Larvae	L1		RNA-Seq	TRANSCRIPTOMIC	cDNA	PAIRED	51	derived_from_ENA_base_count_read_count_layout	unknown		unknown	The Dream and MEC Complexes reinforce SPR-5; MET-2 maternal reprogramming to maintain the Germline-Soma distinction  [lin-35 RNAseq]	PRJNA1293434		L1				whole animal L1 Larvae	unknown_from_provided_metadata	WBcel235_by_chromosome_header_validation	unknown_from_provided_metadata	unknown_from_provided_metadata	unknown	C	False	46954128	4789321056	True	ec189b5ad829c7de11aaa26b5256b6dd;de535808a7a08bea225bf31555a6b486	1425281515;1456172341	2881453856	ftp.sra.ebi.ac.uk/vol1/fastq/SRR345/022/SRR34582722/SRR34582722_1.fastq.gz;ftp.sra.ebi.ac.uk/vol1/fastq/SRR345/022/SRR34582722/SRR34582722_2.fastq.gz	False	0		success		source_reported_pending_harmonization	False	awaiting_uniform_reprocessing_signal_unit_unknown
rna_seq:SRR34582723	sharepoint_2026-07-13_new439	SRR34582723	SRX29724087	SAMN50022235	SRS25831592	PRJNA1293434	SRP601871	GSE303062		shared/sharepoint_2026-07-13/training_input_bigwig/SRR34582723.bw	78928059	fcfd67edae26e2d3dbc0fc6ea887d0a36dcb61119e25d47b0e432ec8d63df463	True	True	Caenorhabditis elegans	spr-5 (by101)(I); met-2 (n4256)(III); (lin-35 RNAi)	mutated+treated		whole animal L1 Larvae	L1		RNA-Seq	TRANSCRIPTOMIC	cDNA	PAIRED	51	derived_from_ENA_base_count_read_count_layout	unknown		unknown	The Dream and MEC Complexes reinforce SPR-5; MET-2 maternal reprogramming to maintain the Germline-Soma distinction  [lin-35 RNAseq]	PRJNA1293434		L1				whole animal L1 Larvae	unknown_from_provided_metadata	WBcel235_by_chromosome_header_validation	unknown_from_provided_metadata	unknown_from_provided_metadata	unknown	C	False	40237614	4104236628	True	eb5b92bd90c8693dd87a0e5e4b919398;ffd3fe0c332d2f758bbc244b3e9fe820	1215831330;1243701749	2459533079	ftp.sra.ebi.ac.uk/vol1/fastq/SRR345/023/SRR34582723/SRR34582723_1.fastq.gz;ftp.sra.ebi.ac.uk/vol1/fastq/SRR345/023/SRR34582723/SRR34582723_2.fastq.gz	False	0		success		source_reported_pending_harmonization	False	awaiting_uniform_reprocessing_signal_unit_unknown
rna_seq:SRR34582724	sharepoint_2026-07-13_new439	SRR34582724	SRX29724086	SAMN50022236	SRS25831591	PRJNA1293434	SRP601871	GSE303062		shared/sharepoint_2026-07-13/training_input_bigwig/SRR34582724.bw	77239338	f0c4922d82bab15308786ef40397c60eafb9582fdbe95dfddab74cf40f4584b9	True	True	Caenorhabditis elegans	spr-5 (by101)(I); met-2 (n4256)(III); (lin-35 RNAi)	mutated+treated		whole animal L1 Larvae	L1		RNA-Seq	TRANSCRIPTOMIC	cDNA	PAIRED	51	derived_from_ENA_base_count_read_count_layout	unknown		unknown	The Dream and MEC Complexes reinforce SPR-5; MET-2 maternal reprogramming to maintain the Germline-Soma distinction  [lin-35 RNAseq]	PRJNA1293434		L1				whole animal L1 Larvae	unknown_from_provided_metadata	WBcel235_by_chromosome_header_validation	unknown_from_provided_metadata	unknown_from_provided_metadata	unknown	C	False	43315119	4418142138	True	acbaef79a97960d61a5b9d7b38c25b61;1348e1f61899420e3398ca1a2df9ca49	1305109142;1340738146	2645847288	ftp.sra.ebi.ac.uk/vol1/fastq/SRR345/024/SRR34582724/SRR34582724_1.fastq.gz;ftp.sra.ebi.ac.uk/vol1/fastq/SRR345/024/SRR34582724/SRR34582724_2.fastq.gz	False	0		success		source_reported_pending_harmonization	False	awaiting_uniform_reprocessing_signal_unit_unknown
rna_seq:SRR34582725	sharepoint_2026-07-13_new439	SRR34582725	SRX29724085	SAMN50022237	SRS25831590	PRJNA1293434	SRP601871	GSE303062		shared/sharepoint_2026-07-13/training_input_bigwig/SRR34582725.bw	69129220	1cd9a777329535daf8f87effd8e641fd59e071a395c663864d7e3274eb3d8305	True	True	Caenorhabditis elegans	spr-5 (by101)(I); met-2 (n4256)(III)	mutated		whole animal L1 Larvae	L1		RNA-Seq	TRANSCRIPTOMIC	cDNA	PAIRED	51	derived_from_ENA_base_count_read_count_layout	unknown		unknown	The Dream and MEC Complexes reinforce SPR-5; MET-2 maternal reprogramming to maintain the Germline-Soma distinction  [lin-35 RNAseq]	PRJNA1293434		L1				whole animal L1 Larvae	unknown_from_provided_metadata	WBcel235_by_chromosome_header_validation	unknown_from_provided_metadata	unknown_from_provided_metadata	unknown	C	False	32897119	3355506138	True	b04365c03a103b30b99adf4b487c8ba0;1df65d93509016764d8c87fbe189df8c	992800844;1013467245	2006268089	ftp.sra.ebi.ac.uk/vol1/fastq/SRR345/025/SRR34582725/SRR34582725_1.fastq.gz;ftp.sra.ebi.ac.uk/vol1/fastq/SRR345/025/SRR34582725/SRR34582725_2.fastq.gz	False	0		success		source_reported_pending_harmonization	False	awaiting_uniform_reprocessing_signal_unit_unknown
rna_seq:SRR34582726	sharepoint_2026-07-13_new439	SRR34582726	SRX29724084	SAMN50022238	SRS25831589	PRJNA1293434	SRP601871	GSE303062		shared/sharepoint_2026-07-13/training_input_bigwig/SRR34582726.bw	76640236	e61b59938aa61a2ad512752d2df07d45ecde29a259c5aea9d87d0d4e71ba507f	True	True	Caenorhabditis elegans	spr-5 (by101)(I); met-2 (n4256)(III)	mutated		whole animal L1 Larvae	L1		RNA-Seq	TRANSCRIPTOMIC	cDNA	PAIRED	51	derived_from_ENA_base_count_read_count_layout	unknown		unknown	The Dream and MEC Complexes reinforce SPR-5; MET-2 maternal reprogramming to maintain the Germline-Soma distinction  [lin-35 RNAseq]	PRJNA1293434		L1				whole animal L1 Larvae	unknown_from_provided_metadata	WBcel235_by_chromosome_header_validation	unknown_from_provided_metadata	unknown_from_provided_metadata	unknown	C	False	42486376	4333610352	True	d8fe47a1d3788f543ba87d213348126a;92d228bfcfcfd687a736179f855876b8	1280045884;1306210739	2586256623	ftp.sra.ebi.ac.uk/vol1/fastq/SRR345/026/SRR34582726/SRR34582726_1.fastq.gz;ftp.sra.ebi.ac.uk/vol1/fastq/SRR345/026/SRR34582726/SRR34582726_2.fastq.gz	False	0		success		source_reported_pending_harmonization	False	awaiting_uniform_reprocessing_signal_unit_unknown
rna_seq:SRR34582727	sharepoint_2026-07-13_new439	SRR34582727	SRX29724083	SAMN50022239	SRS25831588	PRJNA1293434	SRP601871	GSE303062		shared/sharepoint_2026-07-13/training_input_bigwig/SRR34582727.bw	66089649	37de8b0c6ee906246afd256e827bd9264b809a5d3dac608493a479298135afba	True	True	Caenorhabditis elegans	spr-5 (by101)(I); met-2 (n4256)(III)	mutated		whole animal L1 Larvae	L1		RNA-Seq	TRANSCRIPTOMIC	cDNA	PAIRED	51	derived_from_ENA_base_count_read_count_layout	unknown		unknown	The Dream and MEC Complexes reinforce SPR-5; MET-2 maternal reprogramming to maintain the Germline-Soma distinction  [lin-35 RNAseq]	PRJNA1293434		L1				whole animal L1 Larvae	unknown_from_provided_metadata	WBcel235_by_chromosome_header_validation	unknown_from_provided_metadata	unknown_from_provided_metadata	unknown	C	False	43232719	4409737338	True	ea04c61df5ba3d8734d0082e1254aa0c;a2b59a373624a9e0c25f3dfd85cd41e1	1281655180;1332972770	2614627950	ftp.sra.ebi.ac.uk/vol1/fastq/SRR345/027/SRR34582727/SRR34582727_1.fastq.gz;ftp.sra.ebi.ac.uk/vol1/fastq/SRR345/027/SRR34582727/SRR34582727_2.fastq.gz	False	0		success		source_reported_pending_harmonization	False	awaiting_uniform_reprocessing_signal_unit_unknown
rna_seq:SRR34582728	sharepoint_2026-07-13_new439	SRR34582728	SRX29724082	SAMN50022240	SRS25831587	PRJNA1293434	SRP601871	GSE303062		shared/sharepoint_2026-07-13/training_input_bigwig/SRR34582728.bw	82468553	6cb8450d07be5aabdc8d9de0aca62cc721ca693cfeaa03f31aa20f8d09181dd9	True	True	Caenorhabditis elegans	N2; (lin-35 RNAi)	WT+treated		whole animal L1 Larvae	L1		RNA-Seq	TRANSCRIPTOMIC	cDNA	PAIRED	51	derived_from_ENA_base_count_read_count_layout	unknown		unknown	The Dream and MEC Complexes reinforce SPR-5; MET-2 maternal reprogramming to maintain the Germline-Soma distinction  [lin-35 RNAseq]	PRJNA1293434		L1				whole animal L1 Larvae	unknown_from_provided_metadata	WBcel235_by_chromosome_header_validation	unknown_from_provided_metadata	unknown_from_provided_metadata	unknown	C	False	52634271	5368695642	True	a62d1b0531ac791d14e0cc8c025e602d;8f9c4eec988c9fc0ee9d320aee9a6816	1591168897;1626144244	3217313141	ftp.sra.ebi.ac.uk/vol1/fastq/SRR345/028/SRR34582728/SRR34582728_1.fastq.gz;ftp.sra.ebi.ac.uk/vol1/fastq/SRR345/028/SRR34582728/SRR34582728_2.fastq.gz	False	0		success		source_reported_pending_harmonization	False	awaiting_uniform_reprocessing_signal_unit_unknown
rna_seq:SRR34582729	sharepoint_2026-07-13_new439	SRR34582729	SRX29724081	SAMN50022241	SRS25831586	PRJNA1293434	SRP601871	GSE303062		shared/sharepoint_2026-07-13/training_input_bigwig/SRR34582729.bw	69232437	7990aac1ef55faa493a6fd023235a7c1e227b30305eabb5357f6c399bdf39f8c	True	True	Caenorhabditis elegans	N2; (lin-35 RNAi)	WT+treated		whole animal L1 Larvae	L1		RNA-Seq	TRANSCRIPTOMIC	cDNA	PAIRED	51	derived_from_ENA_base_count_read_count_layout	unknown		unknown	The Dream and MEC Complexes reinforce SPR-5; MET-2 maternal reprogramming to maintain the Germline-Soma distinction  [lin-35 RNAseq]	PRJNA1293434		L1				whole animal L1 Larvae	unknown_from_provided_metadata	WBcel235_by_chromosome_header_validation	unknown_from_provided_metadata	unknown_from_provided_metadata	unknown	C	False	40396325	4120425150	True	2b3963d0781d85f3bd8ef58ec85dfa1f;c2e2f3ed8a6c64482ac4e7600b72b185	1212959813;1239763993	2452723806	ftp.sra.ebi.ac.uk/vol1/fastq/SRR345/029/SRR34582729/SRR34582729_1.fastq.gz;ftp.sra.ebi.ac.uk/vol1/fastq/SRR345/029/SRR34582729/SRR34582729_2.fastq.gz	False	0		success		source_reported_pending_harmonization	False	awaiting_uniform_reprocessing_signal_unit_unknown
rna_seq:SRR34582730	sharepoint_2026-07-13_new439	SRR34582730	SRX29724080	SAMN50022242	SRS25831585	PRJNA1293434	SRP601871	GSE303062		shared/sharepoint_2026-07-13/training_input_bigwig/SRR34582730.bw	65698654	9a6b356dbecaf3856e978cfb133365ced253b623efc40e9b50991d8d631bd0b3	True	True	Caenorhabditis elegans	N2; (lin-35 RNAi)	WT+treated		whole animal L1 Larvae	L1		RNA-Seq	TRANSCRIPTOMIC	cDNA	PAIRED	51	derived_from_ENA_base_count_read_count_layout	unknown		unknown	The Dream and MEC Complexes reinforce SPR-5; MET-2 maternal reprogramming to maintain the Germline-Soma distinction  [lin-35 RNAseq]	PRJNA1293434		L1				whole animal L1 Larvae	unknown_from_provided_metadata	WBcel235_by_chromosome_header_validation	unknown_from_provided_metadata	unknown_from_provided_metadata	unknown	C	False	30603790	3121586580	True	85b7c52fcf01170e412d453b0ab2723a;76fba7f8da54a468d32b8b3d961c907e	922822960;946818185	1869641145	ftp.sra.ebi.ac.uk/vol1/fastq/SRR345/030/SRR34582730/SRR34582730_1.fastq.gz;ftp.sra.ebi.ac.uk/vol1/fastq/SRR345/030/SRR34582730/SRR34582730_2.fastq.gz	False	0		success		source_reported_pending_harmonization	False	awaiting_uniform_reprocessing_signal_unit_unknown
rna_seq:SRR34582731	sharepoint_2026-07-13_new439	SRR34582731	SRX29724079	SAMN50022243	SRS25831584	PRJNA1293434	SRP601871	GSE303062		shared/sharepoint_2026-07-13/training_input_bigwig/SRR34582731.bw	81799185	16723371c8239fac3f4694b07380fc2d6753e67acfded71cbe12f93d8758fae1	True	True	Caenorhabditis elegans	N2	WT		whole animal L1 Larvae	L1		RNA-Seq	TRANSCRIPTOMIC	cDNA	PAIRED	51	derived_from_ENA_base_count_read_count_layout	unknown		unknown	The Dream and MEC Complexes reinforce SPR-5; MET-2 maternal reprogramming to maintain the Germline-Soma distinction  [lin-35 RNAseq]	PRJNA1293434		L1				whole animal L1 Larvae	unknown_from_provided_metadata	WBcel235_by_chromosome_header_validation	unknown_from_provided_metadata	unknown_from_provided_metadata	unknown	C	False	54944433	5604332166	True	8d9c43a40e7186e05f73b4cca606ba78;7f497d0a3e481d57fbbdfcba16cae31c	1654134091;1697632203	3351766294	ftp.sra.ebi.ac.uk/vol1/fastq/SRR345/031/SRR34582731/SRR34582731_1.fastq.gz;ftp.sra.ebi.ac.uk/vol1/fastq/SRR345/031/SRR34582731/SRR34582731_2.fastq.gz	False	0		success		source_reported_pending_harmonization	False	awaiting_uniform_reprocessing_signal_unit_unknown
rna_seq:SRR34582732	sharepoint_2026-07-13_new439	SRR34582732	SRX29724078	SAMN50022244	SRS25831583	PRJNA1293434	SRP601871	GSE303062		shared/sharepoint_2026-07-13/training_input_bigwig/SRR34582732.bw	65620617	29c645f478aeddd06702d456f7af9d44273fe576a17fe9804bffe7dee47d1f43	True	True	Caenorhabditis elegans	N2	WT		whole animal L1 Larvae	L1		RNA-Seq	TRANSCRIPTOMIC	cDNA	PAIRED	51	derived_from_ENA_base_count_read_count_layout	unknown		unknown	The Dream and MEC Complexes reinforce SPR-5; MET-2 maternal reprogramming to maintain the Germline-Soma distinction  [lin-35 RNAseq]	PRJNA1293434		L1				whole animal L1 Larvae	unknown_from_provided_metadata	WBcel235_by_chromosome_header_validation	unknown_from_provided_metadata	unknown_from_provided_metadata	unknown	C	False	35692938	3640679676	True	467c8338105b4708d9673dd738c2e081;9ae19fa49b64a8dad22dcbe5931be7b7	1066974748;1092215612	2159190360	ftp.sra.ebi.ac.uk/vol1/fastq/SRR345/032/SRR34582732/SRR34582732_1.fastq.gz;ftp.sra.ebi.ac.uk/vol1/fastq/SRR345/032/SRR34582732/SRR34582732_2.fastq.gz	False	0		success		source_reported_pending_harmonization	False	awaiting_uniform_reprocessing_signal_unit_unknown
rna_seq:SRR34582733	sharepoint_2026-07-13_new439	SRR34582733	SRX29724077	SAMN50022245	SRS25831582	PRJNA1293434	SRP601871	GSE303062		shared/sharepoint_2026-07-13/training_input_bigwig/SRR34582733.bw	66783694	82fef850ba8842a81e6ac2c92cf221ec8229d8bb90031936afd597862dd8df6b	True	True	Caenorhabditis elegans	N2	WT		whole animal L1 Larvae	L1		RNA-Seq	TRANSCRIPTOMIC	cDNA	PAIRED	51	derived_from_ENA_base_count_read_count_layout	unknown		unknown	The Dream and MEC Complexes reinforce SPR-5; MET-2 maternal reprogramming to maintain the Germline-Soma distinction  [lin-35 RNAseq]	PRJNA1293434		L1				whole animal L1 Larvae	unknown_from_provided_metadata	WBcel235_by_chromosome_header_validation	unknown_from_provided_metadata	unknown_from_provided_metadata	unknown	C	False	52604429	5365651758	True	e15740311e0701f1a0a68fcfc74172cf;a0b4e52ccd4527d72b017bcc7b9d4b18	1559590144;1616795935	3176386079	ftp.sra.ebi.ac.uk/vol1/fastq/SRR345/033/SRR34582733/SRR34582733_1.fastq.gz;ftp.sra.ebi.ac.uk/vol1/fastq/SRR345/033/SRR34582733/SRR34582733_2.fastq.gz	False	0		success		source_reported_pending_harmonization	False	awaiting_uniform_reprocessing_signal_unit_unknown
rna_seq:SRR34628124	sharepoint_2026-07-13_new439	SRR34628124	SRX29769302	SAMN50084776	SRS25875904	PRJNA1294132	SRP602320	GSE303085		shared/sharepoint_2026-07-13/training_input_bigwig/SRR34628124.bw	68988404	3ab77b60d2cc811d1d6a878b9a9a1b308ae72c9195051ee99daa6f2bc45a3a31	True	True	Caenorhabditis elegans	spr-5 (by101)(I); met-2 (n4256)(III); (lin-35 RNAi)	mutated+treated		whole animal L1 Larvae	L1		RNA-Seq	TRANSCRIPTOMIC	cDNA	PAIRED	50.5822	derived_from_ENA_base_count_read_count_layout	unknown		unknown	The Dream and MEC Complexes reinforce SPR-5; MET-2 maternal reprogramming to maintain the Germline-Soma distinction  [mep-1 RNAseq]	PRJNA1294132		L1				whole animal L1 Larvae	unknown_from_provided_metadata	WBcel235_by_chromosome_header_validation	unknown_from_provided_metadata	unknown_from_provided_metadata	unknown	C	False	36740795	3716860181	True	2ee6b79b9346330763c926ad5f1c400c;3cf233912c94500b928b7a5a33ca40c2	1207920572;1235419481	2443340053	ftp.sra.ebi.ac.uk/vol1/fastq/SRR346/024/SRR34628124/SRR34628124_1.fastq.gz;ftp.sra.ebi.ac.uk/vol1/fastq/SRR346/024/SRR34628124/SRR34628124_2.fastq.gz	False	0		success		source_reported_pending_harmonization	False	awaiting_uniform_reprocessing_signal_unit_unknown
rna_seq:SRR34628125	sharepoint_2026-07-13_new439	SRR34628125	SRX29769301	SAMN50084777	SRS25875905	PRJNA1294132	SRP602320	GSE303085		shared/sharepoint_2026-07-13/training_input_bigwig/SRR34628125.bw	73220792	7e64352e0330b7cc5fd95c1a8271f1a2e2fda3bea5b19882ab58550abe30e734	True	True	Caenorhabditis elegans	spr-5 (by101)(I); met-2 (n4256)(III); (lin-35 RNAi)	mutated+treated		whole animal L1 Larvae	L1		RNA-Seq	TRANSCRIPTOMIC	cDNA	PAIRED	50.5864	derived_from_ENA_base_count_read_count_layout	unknown		unknown	The Dream and MEC Complexes reinforce SPR-5; MET-2 maternal reprogramming to maintain the Germline-Soma distinction  [mep-1 RNAseq]	PRJNA1294132		L1				whole animal L1 Larvae	unknown_from_provided_metadata	WBcel235_by_chromosome_header_validation	unknown_from_provided_metadata	unknown_from_provided_metadata	unknown	C	False	36326627	3675263117	True	043af2d5f255962947a4a33e1306db6c;b0354def474a30d8f61c639e77b76d40	1198647741;1232462681	2431110422	ftp.sra.ebi.ac.uk/vol1/fastq/SRR346/025/SRR34628125/SRR34628125_1.fastq.gz;ftp.sra.ebi.ac.uk/vol1/fastq/SRR346/025/SRR34628125/SRR34628125_2.fastq.gz	False	0		success		source_reported_pending_harmonization	False	awaiting_uniform_reprocessing_signal_unit_unknown
rna_seq:SRR34628126	sharepoint_2026-07-13_new439	SRR34628126	SRX29769300	SAMN50084778	SRS25875903	PRJNA1294132	SRP602320	GSE303085		shared/sharepoint_2026-07-13/training_input_bigwig/SRR34628126.bw	69996860	31afa5b99afd50ab38151a96c999d83366d6d41a9219f9259bea9f117a427a40	True	True	Caenorhabditis elegans	spr-5 (by101)(I); met-2 (n4256)(III); (lin-35 RNAi)	mutated+treated		whole animal L1 Larvae	L1		RNA-Seq	TRANSCRIPTOMIC	cDNA	PAIRED	50.5882	derived_from_ENA_base_count_read_count_layout	unknown		unknown	The Dream and MEC Complexes reinforce SPR-5; MET-2 maternal reprogramming to maintain the Germline-Soma distinction  [mep-1 RNAseq]	PRJNA1294132		L1				whole animal L1 Larvae	unknown_from_provided_metadata	WBcel235_by_chromosome_header_validation	unknown_from_provided_metadata	unknown_from_provided_metadata	unknown	C	False	34416598	3482145172	True	06676f125d94720fea28951ae8d65f53;d0e437ca84317b17eaf7f1916e405c3a	1133376898;1159083015	2292459913	ftp.sra.ebi.ac.uk/vol1/fastq/SRR346/026/SRR34628126/SRR34628126_1.fastq.gz;ftp.sra.ebi.ac.uk/vol1/fastq/SRR346/026/SRR34628126/SRR34628126_2.fastq.gz	False	0		success		source_reported_pending_harmonization	False	awaiting_uniform_reprocessing_signal_unit_unknown
rna_seq:SRR34628127	sharepoint_2026-07-13_new439	SRR34628127	SRX29769299	SAMN50084779	SRS25875902	PRJNA1294132	SRP602320	GSE303085		shared/sharepoint_2026-07-13/training_input_bigwig/SRR34628127.bw	75736031	0a079c78181c1a69b9117f113daa79db9298076500448a25eb7cd73b12adff9d	True	True	Caenorhabditis elegans	spr-5 (by101)(I); met-2 (n4256)(III)	mutated		whole animal L1 Larvae	L1		RNA-Seq	TRANSCRIPTOMIC	cDNA	PAIRED	50.582	derived_from_ENA_base_count_read_count_layout	unknown		unknown	The Dream and MEC Complexes reinforce SPR-5; MET-2 maternal reprogramming to maintain the Germline-Soma distinction  [mep-1 RNAseq]	PRJNA1294132		L1				whole animal L1 Larvae	unknown_from_provided_metadata	WBcel235_by_chromosome_header_validation	unknown_from_provided_metadata	unknown_from_provided_metadata	unknown	C	False	46237744	4677595418	True	ff68c262d363c8d00a651cf69f6a71f7;9ff74ce09e836c9383fd59b9472a1cb7	1517766838;1555114857	3072881695	ftp.sra.ebi.ac.uk/vol1/fastq/SRR346/027/SRR34628127/SRR34628127_1.fastq.gz;ftp.sra.ebi.ac.uk/vol1/fastq/SRR346/027/SRR34628127/SRR34628127_2.fastq.gz	False	0		success		source_reported_pending_harmonization	False	awaiting_uniform_reprocessing_signal_unit_unknown
rna_seq:SRR34628128	sharepoint_2026-07-13_new439	SRR34628128	SRX29769298	SAMN50084780	SRS25875901	PRJNA1294132	SRP602320	GSE303085		shared/sharepoint_2026-07-13/training_input_bigwig/SRR34628128.bw	63081494	16ab11514ac1f35cd994465252094b9de21be83227f36206a6fdc9ee611365a8	True	True	Caenorhabditis elegans	spr-5 (by101)(I); met-2 (n4256)(III)	mutated		whole animal L1 Larvae	L1		RNA-Seq	TRANSCRIPTOMIC	cDNA	PAIRED	50.5845	derived_from_ENA_base_count_read_count_layout	unknown		unknown	The Dream and MEC Complexes reinforce SPR-5; MET-2 maternal reprogramming to maintain the Germline-Soma distinction  [mep-1 RNAseq]	PRJNA1294132		L1				whole animal L1 Larvae	unknown_from_provided_metadata	WBcel235_by_chromosome_header_validation	unknown_from_provided_metadata	unknown_from_provided_metadata	unknown	C	False	31846023	3221828790	True	06ffbc015368633999676e5feca3bb2f;f7101e811ec316e52e1d858efe35ac65	1049828764;1083075717	2132904481	ftp.sra.ebi.ac.uk/vol1/fastq/SRR346/028/SRR34628128/SRR34628128_1.fastq.gz;ftp.sra.ebi.ac.uk/vol1/fastq/SRR346/028/SRR34628128/SRR34628128_2.fastq.gz	False	0		success		source_reported_pending_harmonization	False	awaiting_uniform_reprocessing_signal_unit_unknown
rna_seq:SRR34628129	sharepoint_2026-07-13_new439	SRR34628129	SRX29769297	SAMN50084781	SRS25875899	PRJNA1294132	SRP602320	GSE303085		shared/sharepoint_2026-07-13/training_input_bigwig/SRR34628129.bw	65961658	5db47079ad26457a858023363b632d05dcd4f0c4bfeab218a9238704a6100bd4	True	True	Caenorhabditis elegans	spr-5 (by101)(I); met-2 (n4256)(III)	mutated		whole animal L1 Larvae	L1		RNA-Seq	TRANSCRIPTOMIC	cDNA	PAIRED	50.5789	derived_from_ENA_base_count_read_count_layout	unknown		unknown	The Dream and MEC Complexes reinforce SPR-5; MET-2 maternal reprogramming to maintain the Germline-Soma distinction  [mep-1 RNAseq]	PRJNA1294132		L1				whole animal L1 Larvae	unknown_from_provided_metadata	WBcel235_by_chromosome_header_validation	unknown_from_provided_metadata	unknown_from_provided_metadata	unknown	C	False	34154073	3454950349	True	23a2931d28af2bcd7c3c7661f5254e76;cebab9d6be659956b8a38f5a0f10ffcf	1116104439;1144225501	2260329940	ftp.sra.ebi.ac.uk/vol1/fastq/SRR346/029/SRR34628129/SRR34628129_1.fastq.gz;ftp.sra.ebi.ac.uk/vol1/fastq/SRR346/029/SRR34628129/SRR34628129_2.fastq.gz	False	0		success		source_reported_pending_harmonization	False	awaiting_uniform_reprocessing_signal_unit_unknown
rna_seq:SRR34628130	sharepoint_2026-07-13_new439	SRR34628130	SRX29769296	SAMN50084782	SRS25875900	PRJNA1294132	SRP602320	GSE303085		shared/sharepoint_2026-07-13/training_input_bigwig/SRR34628130.bw	65472078	c5c9fb991999284ae2a7f4725c18088f764d8ef3549981b355a207f79c4d04e7	True	True	Caenorhabditis elegans	N2; (mep-1 RNAi)	WT+treated		whole animal L1 Larvae	L1		RNA-Seq	TRANSCRIPTOMIC	cDNA	PAIRED	50.5814	derived_from_ENA_base_count_read_count_layout	unknown		unknown	The Dream and MEC Complexes reinforce SPR-5; MET-2 maternal reprogramming to maintain the Germline-Soma distinction  [mep-1 RNAseq]	PRJNA1294132		L1				whole animal L1 Larvae	unknown_from_provided_metadata	WBcel235_by_chromosome_header_validation	unknown_from_provided_metadata	unknown_from_provided_metadata	unknown	C	False	42669380	4316553724	True	13350efa10447b2d06d8bc31c9a22453;33d5d353363718132bd50bb635466448	1396573771;1490766147	2887339918	ftp.sra.ebi.ac.uk/vol1/fastq/SRR346/030/SRR34628130/SRR34628130_1.fastq.gz;ftp.sra.ebi.ac.uk/vol1/fastq/SRR346/030/SRR34628130/SRR34628130_2.fastq.gz	False	0		success		source_reported_pending_harmonization	False	awaiting_uniform_reprocessing_signal_unit_unknown
rna_seq:SRR34628131	sharepoint_2026-07-13_new439	SRR34628131	SRX29769295	SAMN50084783	SRS25875898	PRJNA1294132	SRP602320	GSE303085		shared/sharepoint_2026-07-13/training_input_bigwig/SRR34628131.bw	53985574	037d1822f14cc99c494f7634f4d9982e879ee2ee79f08b895e4d135242934c34	True	True	Caenorhabditis elegans	N2; (mep-1 RNAi)	WT+treated		whole animal L1 Larvae	L1		RNA-Seq	TRANSCRIPTOMIC	cDNA	PAIRED	50.5678	derived_from_ENA_base_count_read_count_layout	unknown		unknown	The Dream and MEC Complexes reinforce SPR-5; MET-2 maternal reprogramming to maintain the Germline-Soma distinction  [mep-1 RNAseq]	PRJNA1294132		L1				whole animal L1 Larvae	unknown_from_provided_metadata	WBcel235_by_chromosome_header_validation	unknown_from_provided_metadata	unknown_from_provided_metadata	unknown	C	False	35052087	3545011170	True	1ca16f63b5f5e943dc7b3e99c1047000;b28547d1185dc417ba0fa30f20eeb002	1156397035;1191333799	2347730834	ftp.sra.ebi.ac.uk/vol1/fastq/SRR346/031/SRR34628131/SRR34628131_1.fastq.gz;ftp.sra.ebi.ac.uk/vol1/fastq/SRR346/031/SRR34628131/SRR34628131_2.fastq.gz	False	0		success		source_reported_pending_harmonization	False	awaiting_uniform_reprocessing_signal_unit_unknown
rna_seq:SRR34628132	sharepoint_2026-07-13_new439	SRR34628132	SRX29769294	SAMN50084784	SRS25875897	PRJNA1294132	SRP602320	GSE303085		shared/sharepoint_2026-07-13/training_input_bigwig/SRR34628132.bw	59953163	60384067c49eea4df521b2f3914e2af01b87481ac1a330d7c52c0bba0ba02bee	True	True	Caenorhabditis elegans	N2; (mep-1 RNAi)	WT+treated		whole animal L1 Larvae	L1		RNA-Seq	TRANSCRIPTOMIC	cDNA	PAIRED	50.5863	derived_from_ENA_base_count_read_count_layout	unknown		unknown	The Dream and MEC Complexes reinforce SPR-5; MET-2 maternal reprogramming to maintain the Germline-Soma distinction  [mep-1 RNAseq]	PRJNA1294132		L1				whole animal L1 Larvae	unknown_from_provided_metadata	WBcel235_by_chromosome_header_validation	unknown_from_provided_metadata	unknown_from_provided_metadata	unknown	C	False	30946252	3130913996	True	98c50018ef8da8f9aad55001974e393e;92a6efcc226e668a340e6769082560e0	1013197282;1054866688	2068063970	ftp.sra.ebi.ac.uk/vol1/fastq/SRR346/032/SRR34628132/SRR34628132_1.fastq.gz;ftp.sra.ebi.ac.uk/vol1/fastq/SRR346/032/SRR34628132/SRR34628132_2.fastq.gz	False	0		success		source_reported_pending_harmonization	False	awaiting_uniform_reprocessing_signal_unit_unknown
rna_seq:SRR34628133	sharepoint_2026-07-13_new439	SRR34628133	SRX29769293	SAMN50084785	SRS25875896	PRJNA1294132	SRP602320	GSE303085		shared/sharepoint_2026-07-13/training_input_bigwig/SRR34628133.bw	59151923	a861d3ae4238adb632bff9bd669cef1a6a70bebda193a317347dce505fef7de7	True	True	Caenorhabditis elegans	N2	WT		whole animal L1 Larvae	L1		RNA-Seq	TRANSCRIPTOMIC	cDNA	PAIRED	50.5778	derived_from_ENA_base_count_read_count_layout	unknown		unknown	The Dream and MEC Complexes reinforce SPR-5; MET-2 maternal reprogramming to maintain the Germline-Soma distinction  [mep-1 RNAseq]	PRJNA1294132		L1				whole animal L1 Larvae	unknown_from_provided_metadata	WBcel235_by_chromosome_header_validation	unknown_from_provided_metadata	unknown_from_provided_metadata	unknown	C	False	36714135	3713843173	True	b1094524a59afb0b3759970b76d785d6;b416fb4e2ea9b28e6ad9959294240f18	1200416483;1229914894	2430331377	ftp.sra.ebi.ac.uk/vol1/fastq/SRR346/033/SRR34628133/SRR34628133_1.fastq.gz;ftp.sra.ebi.ac.uk/vol1/fastq/SRR346/033/SRR34628133/SRR34628133_2.fastq.gz	False	0		success		source_reported_pending_harmonization	False	awaiting_uniform_reprocessing_signal_unit_unknown
rna_seq:SRR34628134	sharepoint_2026-07-13_new439	SRR34628134	SRX29769292	SAMN50084786	SRS25875895	PRJNA1294132	SRP602320	GSE303085		shared/sharepoint_2026-07-13/training_input_bigwig/SRR34628134.bw	60126423	1c18201a1b5b94249b0761392f095829a3e8da9c826ca7265198c8ae0462b2b9	True	True	Caenorhabditis elegans	N2	WT		whole animal L1 Larvae	L1		RNA-Seq	TRANSCRIPTOMIC	cDNA	PAIRED	50.5709	derived_from_ENA_base_count_read_count_layout	unknown		unknown	The Dream and MEC Complexes reinforce SPR-5; MET-2 maternal reprogramming to maintain the Germline-Soma distinction  [mep-1 RNAseq]	PRJNA1294132		L1				whole animal L1 Larvae	unknown_from_provided_metadata	WBcel235_by_chromosome_header_validation	unknown_from_provided_metadata	unknown_from_provided_metadata	unknown	C	False	37869436	3830180061	True	4e48a2ca8468cb321101ddff8e22bafb;4ff9f38c7fa23a1b245242d1f477e44d	1245307698;1280410995	2525718693	ftp.sra.ebi.ac.uk/vol1/fastq/SRR346/034/SRR34628134/SRR34628134_1.fastq.gz;ftp.sra.ebi.ac.uk/vol1/fastq/SRR346/034/SRR34628134/SRR34628134_2.fastq.gz	False	0		success		source_reported_pending_harmonization	False	awaiting_uniform_reprocessing_signal_unit_unknown
rna_seq:SRR34628135	sharepoint_2026-07-13_new439	SRR34628135	SRX29769291	SAMN50084787	SRS25875894	PRJNA1294132	SRP602320	GSE303085		shared/sharepoint_2026-07-13/training_input_bigwig/SRR34628135.bw	57516554	2dab6b87b60580ba57616841cba0b30976418a029efb7808c139b7300ab5cb35	True	True	Caenorhabditis elegans	N2	WT		whole animal L1 Larvae	L1		RNA-Seq	TRANSCRIPTOMIC	cDNA	PAIRED	50.5671	derived_from_ENA_base_count_read_count_layout	unknown		unknown	The Dream and MEC Complexes reinforce SPR-5; MET-2 maternal reprogramming to maintain the Germline-Soma distinction  [mep-1 RNAseq]	PRJNA1294132		L1				whole animal L1 Larvae	unknown_from_provided_metadata	WBcel235_by_chromosome_header_validation	unknown_from_provided_metadata	unknown_from_provided_metadata	unknown	C	False	39827797	4027951831	True	48f3c0dfb40e1ad60005922c2ae3562a;2cad52bcd4bbeef44709c2cbbc6098c1	1307251320;1332426328	2639677648	ftp.sra.ebi.ac.uk/vol1/fastq/SRR346/035/SRR34628135/SRR34628135_1.fastq.gz;ftp.sra.ebi.ac.uk/vol1/fastq/SRR346/035/SRR34628135/SRR34628135_2.fastq.gz	False	0		success		source_reported_pending_harmonization	False	awaiting_uniform_reprocessing_signal_unit_unknown
rna_seq:SRR34629314	sharepoint_2026-07-13_new439	SRR34629314	SRX29770460	SAMN50086049	SRS25876917	PRJNA1294194	SRP602349	GSE303122	41165580	shared/sharepoint_2026-07-13/training_input_bigwig/SRR34629314.bw	16972278	e6ce578e23ab5db7be6e4a0fc76ebb1c7a11f997d60c8d4d3549e59993248325	True	True	Caenorhabditis elegans	N2	treated		whole animal	L4	50+ generations of late selection	RNA-Seq	TRANSCRIPTOMIC	cDNA	PAIRED	150	derived_from_ENA_base_count_read_count_layout	unknown		unknown	Parental age selection in C. elegans influences progeny stress resistance capacity	PRJNA1294194		L4				whole animal	unknown_from_provided_metadata	WBcel235_by_chromosome_header_validation	unknown_from_provided_metadata	unknown_from_provided_metadata	unknown	C	False	20426279	6127883700	True	54b53b0c53592c50f223b12d3979b130;389d809af4835a135c113263f114ef6b	1428675542;1486842352	2915517894	ftp.sra.ebi.ac.uk/vol1/fastq/SRR346/014/SRR34629314/SRR34629314_1.fastq.gz;ftp.sra.ebi.ac.uk/vol1/fastq/SRR346/014/SRR34629314/SRR34629314_2.fastq.gz	False	0		success		source_reported_pending_harmonization	False	awaiting_uniform_reprocessing_signal_unit_unknown
rna_seq:SRR34629315	sharepoint_2026-07-13_new439	SRR34629315	SRX29770459	SAMN50086050	SRS25876916	PRJNA1294194	SRP602349	GSE303122	41165580	shared/sharepoint_2026-07-13/training_input_bigwig/SRR34629315.bw	45994653	96252a1114b58c645699bbe06992522ede7f311b995c27d7f241180599f3ef8c	True	True	Caenorhabditis elegans	N2	treated		whole animal	L4	50+ generations of late selection	RNA-Seq	TRANSCRIPTOMIC	cDNA	PAIRED	150	derived_from_ENA_base_count_read_count_layout	unknown		unknown	Parental age selection in C. elegans influences progeny stress resistance capacity	PRJNA1294194		L4				whole animal	unknown_from_provided_metadata	WBcel235_by_chromosome_header_validation	unknown_from_provided_metadata	unknown_from_provided_metadata	unknown	C	False	20072046	6021613800	True	79f8fa06bf2266aaabe25f44a756dd43;bade028e57b18bc108ad2c0a2be80901	1442768215;1472569509	2915337724	ftp.sra.ebi.ac.uk/vol1/fastq/SRR346/015/SRR34629315/SRR34629315_1.fastq.gz;ftp.sra.ebi.ac.uk/vol1/fastq/SRR346/015/SRR34629315/SRR34629315_2.fastq.gz	False	0		success		source_reported_pending_harmonization	False	awaiting_uniform_reprocessing_signal_unit_unknown
rna_seq:SRR34629316	sharepoint_2026-07-13_new439	SRR34629316	SRX29770458	SAMN50086051	SRS25876915	PRJNA1294194	SRP602349	GSE303122	41165580	shared/sharepoint_2026-07-13/training_input_bigwig/SRR34629316.bw	5665656	57eb176bd60f082cefb4d86e968b5e31e52af5d4835ce926a005c2d000aeb5b4	True	True	Caenorhabditis elegans	N2	treated		whole animal	L4	50+ generations of late selection	RNA-Seq	TRANSCRIPTOMIC	cDNA	PAIRED	150	derived_from_ENA_base_count_read_count_layout	unknown		unknown	Parental age selection in C. elegans influences progeny stress resistance capacity	PRJNA1294194		L4				whole animal	unknown_from_provided_metadata	WBcel235_by_chromosome_header_validation	unknown_from_provided_metadata	unknown_from_provided_metadata	unknown	C	False	22324090	6697227000	True	2e6c2af2439d2217f4cda4a6e0108703;075ae1738e9d210c584bf6ca02c1509c	1578434451;1645710766	3224145217	ftp.sra.ebi.ac.uk/vol1/fastq/SRR346/016/SRR34629316/SRR34629316_1.fastq.gz;ftp.sra.ebi.ac.uk/vol1/fastq/SRR346/016/SRR34629316/SRR34629316_2.fastq.gz	False	0		success		source_reported_pending_harmonization	False	awaiting_uniform_reprocessing_signal_unit_unknown
rna_seq:SRR34629317	sharepoint_2026-07-13_new439	SRR34629317	SRX29770457	SAMN50086052	SRS25876914	PRJNA1294194	SRP602349	GSE303122	41165580	shared/sharepoint_2026-07-13/training_input_bigwig/SRR34629317.bw	16244184	07e09ec8a131bd46059e5683262e104ca1e12c006730e61195152754c7d04c65	True	True	Caenorhabditis elegans	N2	treated		whole animal	L4	50+ generations of late selection	RNA-Seq	TRANSCRIPTOMIC	cDNA	PAIRED	150	derived_from_ENA_base_count_read_count_layout	unknown		unknown	Parental age selection in C. elegans influences progeny stress resistance capacity	PRJNA1294194		L4				whole animal	unknown_from_provided_metadata	WBcel235_by_chromosome_header_validation	unknown_from_provided_metadata	unknown_from_provided_metadata	unknown	C	False	24281978	7284593400	True	28d8f94dddde37f304f4eab1e90a01f7;9623afc9ba37365664d933f2ba146f3e	1738550922;1787847364	3526398286	ftp.sra.ebi.ac.uk/vol1/fastq/SRR346/017/SRR34629317/SRR34629317_1.fastq.gz;ftp.sra.ebi.ac.uk/vol1/fastq/SRR346/017/SRR34629317/SRR34629317_2.fastq.gz	False	0		success		source_reported_pending_harmonization	False	awaiting_uniform_reprocessing_signal_unit_unknown
rna_seq:SRR34629318	sharepoint_2026-07-13_new439	SRR34629318	SRX29770456	SAMN50086053	SRS25876913	PRJNA1294194	SRP602349	GSE303122	41165580	shared/sharepoint_2026-07-13/training_input_bigwig/SRR34629318.bw	28786234	4c97a1263a43bf1972a43ec9a44dcd7a6f814cb96f36e26809f602d9d935aee5	True	True	Caenorhabditis elegans	N2	WT		whole animal	L4	no selection	RNA-Seq	TRANSCRIPTOMIC	cDNA	PAIRED	150	derived_from_ENA_base_count_read_count_layout	unknown		unknown	Parental age selection in C. elegans influences progeny stress resistance capacity	PRJNA1294194		L4				whole animal	unknown_from_provided_metadata	WBcel235_by_chromosome_header_validation	unknown_from_provided_metadata	unknown_from_provided_metadata	unknown	C	False	22879650	6863895000	True	7a699e5501059c1b5d8eaf9dffe0f76c;a6e6c3c811033edd4a06b5d8a27fc7da	1587491861;1661919572	3249411433	ftp.sra.ebi.ac.uk/vol1/fastq/SRR346/018/SRR34629318/SRR34629318_1.fastq.gz;ftp.sra.ebi.ac.uk/vol1/fastq/SRR346/018/SRR34629318/SRR34629318_2.fastq.gz	False	0		success		source_reported_pending_harmonization	False	awaiting_uniform_reprocessing_signal_unit_unknown
rna_seq:SRR34629319	sharepoint_2026-07-13_new439	SRR34629319	SRX29770455	SAMN50086054	SRS25876912	PRJNA1294194	SRP602349	GSE303122	41165580	shared/sharepoint_2026-07-13/training_input_bigwig/SRR34629319.bw	24401048	8d91a1a37b4122936e0698e5e377cdc7fe182054c74605814928f99cbe8156a5	True	True	Caenorhabditis elegans	N2	WT		whole animal	L4	no selection	RNA-Seq	TRANSCRIPTOMIC	cDNA	PAIRED	150	derived_from_ENA_base_count_read_count_layout	unknown		unknown	Parental age selection in C. elegans influences progeny stress resistance capacity	PRJNA1294194		L4				whole animal	unknown_from_provided_metadata	WBcel235_by_chromosome_header_validation	unknown_from_provided_metadata	unknown_from_provided_metadata	unknown	C	False	22017083	6605124900	True	363bb9831cb247de7d2c053e35df35e5;8d1316869ed67818bba4711a2ee1a9de	1529219785;1599196055	3128415840	ftp.sra.ebi.ac.uk/vol1/fastq/SRR346/019/SRR34629319/SRR34629319_1.fastq.gz;ftp.sra.ebi.ac.uk/vol1/fastq/SRR346/019/SRR34629319/SRR34629319_2.fastq.gz	False	0		success		source_reported_pending_harmonization	False	awaiting_uniform_reprocessing_signal_unit_unknown
rna_seq:SRR34629320	sharepoint_2026-07-13_new439	SRR34629320	SRX29770454	SAMN50086055	SRS25876911	PRJNA1294194	SRP602349	GSE303122	41165580	shared/sharepoint_2026-07-13/training_input_bigwig/SRR34629320.bw	23077643	478b3baf08077165171e24329d0fecf662cca76a89116ee867f95c7719e21bf0	True	True	Caenorhabditis elegans	N2	WT		whole animal	L4	no selection	RNA-Seq	TRANSCRIPTOMIC	cDNA	PAIRED	150	derived_from_ENA_base_count_read_count_layout	unknown		unknown	Parental age selection in C. elegans influences progeny stress resistance capacity	PRJNA1294194		L4				whole animal	unknown_from_provided_metadata	WBcel235_by_chromosome_header_validation	unknown_from_provided_metadata	unknown_from_provided_metadata	unknown	C	False	21845055	6553516500	True	dc3c84643213e374de1fb9739e68ff16;f288c0855a4ee948bb67dd10398038f4	1509130210;1581694529	3090824739	ftp.sra.ebi.ac.uk/vol1/fastq/SRR346/020/SRR34629320/SRR34629320_1.fastq.gz;ftp.sra.ebi.ac.uk/vol1/fastq/SRR346/020/SRR34629320/SRR34629320_2.fastq.gz	False	0		success		source_reported_pending_harmonization	False	awaiting_uniform_reprocessing_signal_unit_unknown
rna_seq:SRR3535753	sharepoint_2026-07-13_new439	SRR3535753	SRX1769976	SAMN05004776	SRS1442500	PRJNA321853	SRP075274	GSE81520	27688402	shared/sharepoint_2026-07-13/training_input_bigwig/SRR3535753.bw	43786702	54e9b56ba2225b9fbeaf097e2e5a9e45b2215d3a02910476969ffe139130ee51	True	True	Caenorhabditis elegans	N2	WT		whole animal	L2		RNA-Seq	TRANSCRIPTOMIC	cDNA	SINGLE	49	derived_from_ENA_base_count_read_count_layout	unknown		unknown	RNA-seq analysis in C. elegans larval development and heat shock	PRJNA321849		L2		L2 larvae		whole animal	unknown_from_provided_metadata	WBcel235_by_chromosome_header_validation	unknown_from_provided_metadata	unknown_from_provided_metadata	unknown	C	False	27757321	1360108729	True	48b099225e32e7ea675ad122a04fc2c6	950473520	950473520	ftp.sra.ebi.ac.uk/vol1/fastq/SRR353/003/SRR3535753/SRR3535753.fastq.gz	False	0		success	provided_project_vs_ena_project	source_reported_pending_harmonization	False	awaiting_uniform_reprocessing_signal_unit_unknown
rna_seq:SRR3535754	sharepoint_2026-07-13_new439	SRR3535754	SRX1769977	SAMN05004777	SRS1442503	PRJNA321853	SRP075274	GSE81520	27688402	shared/sharepoint_2026-07-13/training_input_bigwig/SRR3535754.bw	47752669	b05de201de88d2e00aa576b3a40870835733418d51070c57e8d83cfa30ac9d97	True	True	Caenorhabditis elegans	N2	WT		whole animal	L2		RNA-Seq	TRANSCRIPTOMIC	cDNA	SINGLE	49	derived_from_ENA_base_count_read_count_layout	unknown		unknown	RNA-seq analysis in C. elegans larval development and heat shock	PRJNA321849		L2		L2 larvae		whole animal	unknown_from_provided_metadata	WBcel235_by_chromosome_header_validation	unknown_from_provided_metadata	unknown_from_provided_metadata	unknown	C	False	31713537	1553963313	True	390e269b783c4c259b172da3db266531	1185554826	1185554826	ftp.sra.ebi.ac.uk/vol1/fastq/SRR353/004/SRR3535754/SRR3535754.fastq.gz	False	0		success	provided_project_vs_ena_project	source_reported_pending_harmonization	False	awaiting_uniform_reprocessing_signal_unit_unknown
rna_seq:SRR3535755	sharepoint_2026-07-13_new439	SRR3535755	SRX1769978	SAMN05004778	SRS1442501	PRJNA321853	SRP075274	GSE81520	27688402	shared/sharepoint_2026-07-13/training_input_bigwig/SRR3535755.bw	39981031	a53f0d8e1896689dd5dac521f18fb8e8c7ac6bdf7314a71321e84b0f7e6a6e2a	True	True	Caenorhabditis elegans	N2	WT		whole animal	L2		RNA-Seq	TRANSCRIPTOMIC	cDNA	SINGLE	49	derived_from_ENA_base_count_read_count_layout	unknown		unknown	RNA-seq analysis in C. elegans larval development and heat shock	PRJNA321849		L2		L2 larvae		whole animal	unknown_from_provided_metadata	WBcel235_by_chromosome_header_validation	unknown_from_provided_metadata	unknown_from_provided_metadata	unknown	C	False	22905786	1122383514	True	e86dec9b52d10be451151066da7ff8ff	864374077	864374077	ftp.sra.ebi.ac.uk/vol1/fastq/SRR353/005/SRR3535755/SRR3535755.fastq.gz	False	0		success	provided_project_vs_ena_project	source_reported_pending_harmonization	False	awaiting_uniform_reprocessing_signal_unit_unknown
rna_seq:SRR3535756	sharepoint_2026-07-13_new439	SRR3535756	SRX1769979	SAMN05004779	SRS1442502	PRJNA321853	SRP075274	GSE81520	27688402	shared/sharepoint_2026-07-13/training_input_bigwig/SRR3535756.bw	34208751	46d350489b2289372943d386ad323b9c0f5c64fdd573ad6862247acbdd9cb334	True	True	Caenorhabditis elegans	N2	WT		whole animal	L2		RNA-Seq	TRANSCRIPTOMIC	cDNA	SINGLE	49	derived_from_ENA_base_count_read_count_layout	unknown		unknown	RNA-seq analysis in C. elegans larval development and heat shock	PRJNA321849		L2		L2 larvae		whole animal	unknown_from_provided_metadata	WBcel235_by_chromosome_header_validation	unknown_from_provided_metadata	unknown_from_provided_metadata	unknown	C	False	23942810	1173197690	True	1d093f9ddccfb04c31dd33332eeb3b8e	888795151	888795151	ftp.sra.ebi.ac.uk/vol1/fastq/SRR353/006/SRR3535756/SRR3535756.fastq.gz	False	0		success	provided_project_vs_ena_project	source_reported_pending_harmonization	False	awaiting_uniform_reprocessing_signal_unit_unknown
rna_seq:SRR3535757	sharepoint_2026-07-13_new439	SRR3535757	SRX1769980	SAMN05004780	SRS1442505	PRJNA321853	SRP075274	GSE81520	27688402	shared/sharepoint_2026-07-13/training_input_bigwig/SRR3535757.bw	41595357	d4d5e33bc217320ca89590d4467046c4bfaf3fb9121cd6cc22aae5e4870c9c49	True	True	Caenorhabditis elegans	N2	WT		whole animal	L2		RNA-Seq	TRANSCRIPTOMIC	cDNA	SINGLE	49	derived_from_ENA_base_count_read_count_layout	unknown		unknown	RNA-seq analysis in C. elegans larval development and heat shock	PRJNA321849		L2		L2 larvae		whole animal	unknown_from_provided_metadata	WBcel235_by_chromosome_header_validation	unknown_from_provided_metadata	unknown_from_provided_metadata	unknown	C	False	32409213	1588051437	True	d95823113c6c89c20a7a76971fa147fe	1200162719	1200162719	ftp.sra.ebi.ac.uk/vol1/fastq/SRR353/007/SRR3535757/SRR3535757.fastq.gz	False	0		success	provided_project_vs_ena_project	source_reported_pending_harmonization	False	awaiting_uniform_reprocessing_signal_unit_unknown
rna_seq:SRR3535758	sharepoint_2026-07-13_new439	SRR3535758	SRX1769981	SAMN05004781	SRS1442504	PRJNA321853	SRP075274	GSE81520	27688402	shared/sharepoint_2026-07-13/training_input_bigwig/SRR3535758.bw	35660618	51af50380c0852d960aa236cfe1c75036f015e4ade4f35654cdd5b2e693bd239	True	True	Caenorhabditis elegans	N2	WT		whole animal	L2		RNA-Seq	TRANSCRIPTOMIC	cDNA	SINGLE	49	derived_from_ENA_base_count_read_count_layout	unknown		unknown	RNA-seq analysis in C. elegans larval development and heat shock	PRJNA321849		L2		L2 larvae		whole animal	unknown_from_provided_metadata	WBcel235_by_chromosome_header_validation	unknown_from_provided_metadata	unknown_from_provided_metadata	unknown	C	False	24031533	1177545117	True	46efd7cd7dfe9efb889e96e9f94c83ec	897384570	897384570	ftp.sra.ebi.ac.uk/vol1/fastq/SRR353/008/SRR3535758/SRR3535758.fastq.gz	False	0		success	provided_project_vs_ena_project	source_reported_pending_harmonization	False	awaiting_uniform_reprocessing_signal_unit_unknown
rna_seq:SRR3535777	sharepoint_2026-07-13_new439	SRR3535777	SRX1769997	SAMN05004797	SRS1442520	PRJNA321852	SRP075275	GSE81521	27688402	shared/sharepoint_2026-07-13/training_input_bigwig/SRR3535777.bw	89826137	0ba92d8425bd1ac7053057a013e7253eecd5f84b6e935b117aac2d14d3b094bb	True	True	Caenorhabditis elegans	AM1061	mutated		whole animal	L2		ChIP-Seq	GENOMIC	ChIP	SINGLE	50	derived_from_ENA_base_count_read_count_layout	unknown		unknown	ChIP-seq of HSF-1 and Pol II in C. elegans larval development and heat shock	PRJNA321849		L2		young adults		whole animal	unknown_from_provided_metadata	WBcel235_by_chromosome_header_validation	unknown_from_provided_metadata	unknown_from_provided_metadata	unknown	C	False	53147964	2657398200	True	a8c68119e0bc871c088b7b07105b1534	2371252277	2371252277	ftp.sra.ebi.ac.uk/vol1/fastq/SRR353/007/SRR3535777/SRR3535777.fastq.gz	False	0		success	provided_project_vs_ena_project	source_reported_pending_harmonization	False	awaiting_uniform_reprocessing_signal_unit_unknown
rna_seq:SRR3535778	sharepoint_2026-07-13_new439	SRR3535778	SRX1769998	SAMN05004798	SRS1442521	PRJNA321852	SRP075275	GSE81521	27688402	shared/sharepoint_2026-07-13/training_input_bigwig/SRR3535778.bw	214639867	93ae57c74af09db70850ac34b6ee50baaaa579d54a6286332041f74f7be86aa6	True	True	Caenorhabditis elegans	AM1061	mutated		whole animal	L2		ChIP-Seq	GENOMIC	ChIP	SINGLE	49	derived_from_ENA_base_count_read_count_layout	unknown		unknown	ChIP-seq of HSF-1 and Pol II in C. elegans larval development and heat shock	PRJNA321849		L2		L2 larvae		whole animal	unknown_from_provided_metadata	WBcel235_by_chromosome_header_validation	unknown_from_provided_metadata	unknown_from_provided_metadata	unknown	C	False	46198117	2263707733	True	bece45447685b8d28fce65905aaf6f6c	1912906540	1912906540	ftp.sra.ebi.ac.uk/vol1/fastq/SRR353/008/SRR3535778/SRR3535778.fastq.gz	False	0		success	provided_project_vs_ena_project	source_reported_pending_harmonization	False	awaiting_uniform_reprocessing_signal_unit_unknown
rna_seq:SRR3535779	sharepoint_2026-07-13_new439	SRR3535779	SRX1769999	SAMN05004799	SRS1442522	PRJNA321852	SRP075275	GSE81521	27688402	shared/sharepoint_2026-07-13/training_input_bigwig/SRR3535779.bw	182735235	96f57cbb5bea5a941e7d17f8e3ac07c509995bb9da1e6db0b67adeb27e9a034a	True	True	Caenorhabditis elegans	AM1061	mutated		whole animal	L2		ChIP-Seq	GENOMIC	ChIP	SINGLE	49	derived_from_ENA_base_count_read_count_layout	unknown		unknown	ChIP-seq of HSF-1 and Pol II in C. elegans larval development and heat shock	PRJNA321849		L2		young adults		whole animal	unknown_from_provided_metadata	WBcel235_by_chromosome_header_validation	unknown_from_provided_metadata	unknown_from_provided_metadata	unknown	C	False	35975281	1762788769	True	d2b4d8fc7970711b869b889c85d76d4a	1856279690	1856279690	ftp.sra.ebi.ac.uk/vol1/fastq/SRR353/009/SRR3535779/SRR3535779.fastq.gz	False	0		success	provided_project_vs_ena_project	source_reported_pending_harmonization	False	awaiting_uniform_reprocessing_signal_unit_unknown
rna_seq:SRR3535780	sharepoint_2026-07-13_new439	SRR3535780	SRX1770000	SAMN05004801	SRS1442528	PRJNA321851	SRP075276	GSE81522	27688402	shared/sharepoint_2026-07-13/training_input_bigwig/SRR3535780.bw	16856491	79ba51ff5e5aaf28060c6ae2ea3763b09bbcbd4e42d830873e6477d84094a36c	True	True	Caenorhabditis elegans	N2	WT		whole animal	L2		RNA-Seq	TRANSCRIPTOMIC	cDNA	SINGLE	50	derived_from_ENA_base_count_read_count_layout	unknown		unknown	RNA-seq analysis of hsf-1 mutant in C. elegans larval development	PRJNA321849		L2		L2 larvae		whole animal	unknown_from_provided_metadata	WBcel235_by_chromosome_header_validation	unknown_from_provided_metadata	unknown_from_provided_metadata	unknown	C	False	25353738	1267686900	True	44dc78d596a7c48f97f45c58193121ca	893763623	893763623	ftp.sra.ebi.ac.uk/vol1/fastq/SRR353/000/SRR3535780/SRR3535780.fastq.gz	False	0		success	provided_project_vs_ena_project	source_reported_pending_harmonization	False	awaiting_uniform_reprocessing_signal_unit_unknown
rna_seq:SRR3535781	sharepoint_2026-07-13_new439	SRR3535781	SRX1770001	SAMN05004802	SRS1442526	PRJNA321851	SRP075276	GSE81522	27688402	shared/sharepoint_2026-07-13/training_input_bigwig/SRR3535781.bw	10417106	6b17afd7460464d3f45da940255874d6541f2cc2f7659fffdb159eee3c8390b4	True	True	Caenorhabditis elegans	N2	WT		whole animal	L2		RNA-Seq	TRANSCRIPTOMIC	cDNA	SINGLE	50	derived_from_ENA_base_count_read_count_layout	unknown		unknown	RNA-seq analysis of hsf-1 mutant in C. elegans larval development	PRJNA321849		L2		L2 larvae		whole animal	unknown_from_provided_metadata	WBcel235_by_chromosome_header_validation	unknown_from_provided_metadata	unknown_from_provided_metadata	unknown	C	False	14415721	720786050	True	72f260b60d30fedada34f405f9b5e5a1	510255228	510255228	ftp.sra.ebi.ac.uk/vol1/fastq/SRR353/001/SRR3535781/SRR3535781.fastq.gz	False	0		success	provided_project_vs_ena_project	source_reported_pending_harmonization	False	awaiting_uniform_reprocessing_signal_unit_unknown
rna_seq:SRR3535782	sharepoint_2026-07-13_new439	SRR3535782	SRX1770001	SAMN05004802	SRS1442526	PRJNA321851	SRP075276	GSE81522	27688402	shared/sharepoint_2026-07-13/training_input_bigwig/SRR3535782.bw	22571786	09aeef45a21f9c069d2cbf8fe543a01db5e226a83f194b7de11dbf442a672016	True	True	Caenorhabditis elegans	N2	WT		whole animal	L2		RNA-Seq	TRANSCRIPTOMIC	cDNA	SINGLE	50	derived_from_ENA_base_count_read_count_layout	unknown		unknown	RNA-seq analysis of hsf-1 mutant in C. elegans larval development	PRJNA321849		L2		L2 larvae		whole animal	unknown_from_provided_metadata	WBcel235_by_chromosome_header_validation	unknown_from_provided_metadata	unknown_from_provided_metadata	unknown	C	False	58439439	2921971950	True	8b5e6a92140c691e2af71b4ae5ea5554	2586399353	2586399353	ftp.sra.ebi.ac.uk/vol1/fastq/SRR353/002/SRR3535782/SRR3535782.fastq.gz	False	0		success	provided_project_vs_ena_project	source_reported_pending_harmonization	False	awaiting_uniform_reprocessing_signal_unit_unknown
rna_seq:SRR3535783	sharepoint_2026-07-13_new439	SRR3535783	SRX1770002	SAMN05004803	SRS1442531	PRJNA321851	SRP075276	GSE81522	27688402	shared/sharepoint_2026-07-13/training_input_bigwig/SRR3535783.bw	15624536	518392f8bb5946d91583847f36cb6de477c490475e095d0536cf6ad754cafb6a	True	True	Caenorhabditis elegans	N2	WT		whole animal	L2		RNA-Seq	TRANSCRIPTOMIC	cDNA	SINGLE	50	derived_from_ENA_base_count_read_count_layout	unknown		unknown	RNA-seq analysis of hsf-1 mutant in C. elegans larval development	PRJNA321849		L2		L2 larvae		whole animal	unknown_from_provided_metadata	WBcel235_by_chromosome_header_validation	unknown_from_provided_metadata	unknown_from_provided_metadata	unknown	C	False	14062796	703139800	True	f54d25313e2ad4ed5e9e0143fa3e0152	507825466	507825466	ftp.sra.ebi.ac.uk/vol1/fastq/SRR353/003/SRR3535783/SRR3535783.fastq.gz	False	0		success	provided_project_vs_ena_project	source_reported_pending_harmonization	False	awaiting_uniform_reprocessing_signal_unit_unknown
rna_seq:SRR3535784	sharepoint_2026-07-13_new439	SRR3535784	SRX1770002	SAMN05004803	SRS1442531	PRJNA321851	SRP075276	GSE81522	27688402	shared/sharepoint_2026-07-13/training_input_bigwig/SRR3535784.bw	20810845	dd174dd02b6007c569bf0dbb8b2072841b50267944d205025df5385b9376d4b1	True	True	Caenorhabditis elegans	N2	WT		whole animal	L2		RNA-Seq	TRANSCRIPTOMIC	cDNA	SINGLE	50	derived_from_ENA_base_count_read_count_layout	unknown		unknown	RNA-seq analysis of hsf-1 mutant in C. elegans larval development	PRJNA321849		L2		L2 larvae		whole animal	unknown_from_provided_metadata	WBcel235_by_chromosome_header_validation	unknown_from_provided_metadata	unknown_from_provided_metadata	unknown	C	False	24708152	1235407600	True	a147fcbd470c1715f8cd8449474ce0f5	1116567941	1116567941	ftp.sra.ebi.ac.uk/vol1/fastq/SRR353/004/SRR3535784/SRR3535784.fastq.gz	False	0		success	provided_project_vs_ena_project	source_reported_pending_harmonization	False	awaiting_uniform_reprocessing_signal_unit_unknown
rna_seq:SRR3535785	sharepoint_2026-07-13_new439	SRR3535785	SRX1770003	SAMN05004804	SRS1442527	PRJNA321851	SRP075276	GSE81522	27688402	shared/sharepoint_2026-07-13/training_input_bigwig/SRR3535785.bw	18737649	980a21b1e9dab338e00ff744d096b73c9c236f1aa157d74fe623a083d564fbaf	True	True	Caenorhabditis elegans	hsf-1(ok600)	mutated		whole animal	L2		RNA-Seq	TRANSCRIPTOMIC	cDNA	SINGLE	50	derived_from_ENA_base_count_read_count_layout	unknown		unknown	RNA-seq analysis of hsf-1 mutant in C. elegans larval development	PRJNA321849		L2		L2 larvae		whole animal	unknown_from_provided_metadata	WBcel235_by_chromosome_header_validation	unknown_from_provided_metadata	unknown_from_provided_metadata	unknown	C	False	66243599	3312179950	True	202c036b66d42f4c6fda63c8670bfb34	2938587924	2938587924	ftp.sra.ebi.ac.uk/vol1/fastq/SRR353/005/SRR3535785/SRR3535785.fastq.gz	False	0		success	provided_project_vs_ena_project	source_reported_pending_harmonization	False	awaiting_uniform_reprocessing_signal_unit_unknown
rna_seq:SRR3535786	sharepoint_2026-07-13_new439	SRR3535786	SRX1770003	SAMN05004804	SRS1442527	PRJNA321851	SRP075276	GSE81522	27688402	shared/sharepoint_2026-07-13/training_input_bigwig/SRR3535786.bw	29182725	ac52cb1978d97faf39558b221706b60b35a5f9bc5a40f56ad8548765e1581b7c	True	True	Caenorhabditis elegans	hsf-1(ok600)	mutated		whole animal	L2		RNA-Seq	TRANSCRIPTOMIC	cDNA	SINGLE	50	derived_from_ENA_base_count_read_count_layout	unknown		unknown	RNA-seq analysis of hsf-1 mutant in C. elegans larval development	PRJNA321849		L2		L2 larvae		whole animal	unknown_from_provided_metadata	WBcel235_by_chromosome_header_validation	unknown_from_provided_metadata	unknown_from_provided_metadata	unknown	C	False	52982538	2649126900	True	e0532d0a0731a8d6a9128bdcdc032995	2111565402	2111565402	ftp.sra.ebi.ac.uk/vol1/fastq/SRR353/006/SRR3535786/SRR3535786.fastq.gz	False	0		success	provided_project_vs_ena_project	source_reported_pending_harmonization	False	awaiting_uniform_reprocessing_signal_unit_unknown
rna_seq:SRR3535787	sharepoint_2026-07-13_new439	SRR3535787	SRX1770004	SAMN05004805	SRS1442529	PRJNA321851	SRP075276	GSE81522	27688402	shared/sharepoint_2026-07-13/training_input_bigwig/SRR3535787.bw	11875211	5a3cc8d7305cadc681885863fd7c6eaa0812ea461bb435c6237ec0b2d47940a7	True	True	Caenorhabditis elegans	hsf-1(ok600)	mutated		whole animal	L2		RNA-Seq	TRANSCRIPTOMIC	cDNA	SINGLE	50	derived_from_ENA_base_count_read_count_layout	unknown		unknown	RNA-seq analysis of hsf-1 mutant in C. elegans larval development	PRJNA321849		L2		L2 larvae		whole animal	unknown_from_provided_metadata	WBcel235_by_chromosome_header_validation	unknown_from_provided_metadata	unknown_from_provided_metadata	unknown	C	False	11978343	598917150	True	bb5a6176fe9f6152ce51c239bdc3a79d	428826934	428826934	ftp.sra.ebi.ac.uk/vol1/fastq/SRR353/007/SRR3535787/SRR3535787.fastq.gz	False	0		success	provided_project_vs_ena_project	source_reported_pending_harmonization	False	awaiting_uniform_reprocessing_signal_unit_unknown
rna_seq:SRR3535788	sharepoint_2026-07-13_new439	SRR3535788	SRX1770004	SAMN05004805	SRS1442529	PRJNA321851	SRP075276	GSE81522	27688402	shared/sharepoint_2026-07-13/training_input_bigwig/SRR3535788.bw	5070974	c6af4a620220061221fa11474d6cba670a8188b8180413c2c000b9600079c1f6	True	True	Caenorhabditis elegans	hsf-1(ok600)	mutated		whole animal	L2		RNA-Seq	TRANSCRIPTOMIC	cDNA	SINGLE	50	derived_from_ENA_base_count_read_count_layout	unknown		unknown	RNA-seq analysis of hsf-1 mutant in C. elegans larval development	PRJNA321849		L2		L2 larvae		whole animal	unknown_from_provided_metadata	WBcel235_by_chromosome_header_validation	unknown_from_provided_metadata	unknown_from_provided_metadata	unknown	C	False	3622422	181121100	True	804210e19c1dffd6394bcc14cdef525f	145775809	145775809	ftp.sra.ebi.ac.uk/vol1/fastq/SRR353/008/SRR3535788/SRR3535788.fastq.gz	False	0		success	provided_project_vs_ena_project	source_reported_pending_harmonization	False	awaiting_uniform_reprocessing_signal_unit_unknown
rna_seq:SRR3535789	sharepoint_2026-07-13_new439	SRR3535789	SRX1770005	SAMN05004806	SRS1442530	PRJNA321851	SRP075276	GSE81522	27688402	shared/sharepoint_2026-07-13/training_input_bigwig/SRR3535789.bw	32910055	890841fb419ac267aaf43adca1cdeb92ee7d703edd6a116e31aadbe4c034b3af	True	True	Caenorhabditis elegans	hsf-1(ok600)	mutated		whole animal	L2		RNA-Seq	TRANSCRIPTOMIC	cDNA	SINGLE	50	derived_from_ENA_base_count_read_count_layout	unknown		unknown	RNA-seq analysis of hsf-1 mutant in C. elegans larval development	PRJNA321849		L2		L2 larvae		whole animal	unknown_from_provided_metadata	WBcel235_by_chromosome_header_validation	unknown_from_provided_metadata	unknown_from_provided_metadata	unknown	C	False	44561474	2228073700	True	f3086d0681f7cd902f30b45e537f5b5a	1764787961	1764787961	ftp.sra.ebi.ac.uk/vol1/fastq/SRR353/009/SRR3535789/SRR3535789.fastq.gz	False	0		success	provided_project_vs_ena_project	source_reported_pending_harmonization	False	awaiting_uniform_reprocessing_signal_unit_unknown
rna_seq:SRR3535790	sharepoint_2026-07-13_new439	SRR3535790	SRX1770006	SAMN05004800	SRS1442524	PRJNA321851	SRP075276	GSE81522	27688402	shared/sharepoint_2026-07-13/training_input_bigwig/SRR3535790.bw	33543016	edd3e3b32f307b2cfc300ebf056d8db44600691758e8bc8ea083521ce8fd4ad2	True	True	Caenorhabditis elegans	AM1061	mutated		whole animal	L2		RNA-Seq	TRANSCRIPTOMIC	cDNA	SINGLE	50	derived_from_ENA_base_count_read_count_layout	unknown		unknown	RNA-seq analysis of hsf-1 mutant in C. elegans larval development	PRJNA321849		L2		L2 larvae		whole animal	unknown_from_provided_metadata	WBcel235_by_chromosome_header_validation	unknown_from_provided_metadata	unknown_from_provided_metadata	unknown	C	False	57181847	2859092350	True	271eded5c055e74091d8828348e71ff8	2264596801	2264596801	ftp.sra.ebi.ac.uk/vol1/fastq/SRR353/000/SRR3535790/SRR3535790.fastq.gz	False	0		success	provided_project_vs_ena_project	source_reported_pending_harmonization	False	awaiting_uniform_reprocessing_signal_unit_unknown
rna_seq:SRR3535791	sharepoint_2026-07-13_new439	SRR3535791	SRX1770007	SAMN05004807	SRS1442525	PRJNA321851	SRP075276	GSE81522	27688402	shared/sharepoint_2026-07-13/training_input_bigwig/SRR3535791.bw	8930007	9338938d0a3092327bbd40257d4def385246145737410794eade31a1eef115b9	True	True	Caenorhabditis elegans	AM1061	mutated		whole animal	L2		RNA-Seq	TRANSCRIPTOMIC	cDNA	SINGLE	50	derived_from_ENA_base_count_read_count_layout	unknown		unknown	RNA-seq analysis of hsf-1 mutant in C. elegans larval development	PRJNA321849		L2		L2 larvae		whole animal	unknown_from_provided_metadata	WBcel235_by_chromosome_header_validation	unknown_from_provided_metadata	unknown_from_provided_metadata	unknown	C	False	10694657	534732850	True	6cd1b6e054fba6925a39488c710cd34e	396544947	396544947	ftp.sra.ebi.ac.uk/vol1/fastq/SRR353/001/SRR3535791/SRR3535791.fastq.gz	False	0		success	provided_project_vs_ena_project	source_reported_pending_harmonization	False	awaiting_uniform_reprocessing_signal_unit_unknown
rna_seq:SRR3535792	sharepoint_2026-07-13_new439	SRR3535792	SRX1770007	SAMN05004807	SRS1442525	PRJNA321851	SRP075276	GSE81522	27688402	shared/sharepoint_2026-07-13/training_input_bigwig/SRR3535792.bw	21169662	f765eee0193464e796ad089852b859d5eba4bee99b2bb3fe4f87c1f3ccd81b79	True	True	Caenorhabditis elegans	AM1061	mutated		whole animal	L2		RNA-Seq	TRANSCRIPTOMIC	cDNA	SINGLE	50	derived_from_ENA_base_count_read_count_layout	unknown		unknown	RNA-seq analysis of hsf-1 mutant in C. elegans larval development	PRJNA321849		L2		L2 larvae		whole animal	unknown_from_provided_metadata	WBcel235_by_chromosome_header_validation	unknown_from_provided_metadata	unknown_from_provided_metadata	unknown	C	False	41972238	2098611900	True	aa888ddf5734deeecfd5c8966a363cc0	1676971934	1676971934	ftp.sra.ebi.ac.uk/vol1/fastq/SRR353/002/SRR3535792/SRR3535792.fastq.gz	False	0		success	provided_project_vs_ena_project	source_reported_pending_harmonization	False	awaiting_uniform_reprocessing_signal_unit_unknown
rna_seq:SRR3535793	sharepoint_2026-07-13_new439	SRR3535793	SRX1770008	SAMN05004808	SRS1442532	PRJNA321851	SRP075276	GSE81522	27688402	shared/sharepoint_2026-07-13/training_input_bigwig/SRR3535793.bw	19931476	43b93b9d8b9055273cbdc6809b2453b2411ffeec228a4649174b9a3268a69151	True	True	Caenorhabditis elegans	AM1061	mutated		whole animal	L2		RNA-Seq	TRANSCRIPTOMIC	cDNA	SINGLE	50	derived_from_ENA_base_count_read_count_layout	unknown		unknown	RNA-seq analysis of hsf-1 mutant in C. elegans larval development	PRJNA321849		L2		L2 larvae		whole animal	unknown_from_provided_metadata	WBcel235_by_chromosome_header_validation	unknown_from_provided_metadata	unknown_from_provided_metadata	unknown	C	False	44225034	2211251700	True	3485158e040a5af62fe0b8fdf4b6cfd2	1647757286	1647757286	ftp.sra.ebi.ac.uk/vol1/fastq/SRR353/003/SRR3535793/SRR3535793.fastq.gz	False	0		success	provided_project_vs_ena_project	source_reported_pending_harmonization	False	awaiting_uniform_reprocessing_signal_unit_unknown
rna_seq:SRR36521011	sharepoint_2026-07-13_new439	SRR36521011	SRX31541180	SAMN54218869	SRS27518984	PRJNA1391406	SRP656738	GSE314492		shared/sharepoint_2026-07-13/training_input_bigwig/SRR36521011.bw	75925881	24c79f2442a0938103a0736b92721b495ad44c0d11b9e3c7f0d17ee8f3dba8be	True	True	Caenorhabditis elegans	IVR10-2014	treated		whole animal	L4		RNA-Seq	TRANSCRIPTOMIC	cDNA	PAIRED	150	derived_from_ENA_base_count_read_count_layout	unknown		unknown	Gene expression of three ivermectin selected resistant Caenorhabditis elegans strains compared to the susceptible N2 strain	PRJNA1391406		L4		L4		whole animal	unknown_from_provided_metadata	WBcel235_by_chromosome_header_validation	unknown_from_provided_metadata	unknown_from_provided_metadata	unknown	C	False	45892112	13767633600	True	2632ab072b59107abbf9a4aeb4ab6337;964e877d2d0b84e66b2d950b19bbb9d3	3450585218;3491352524	6941937742	ftp.sra.ebi.ac.uk/vol1/fastq/SRR365/011/SRR36521011/SRR36521011_1.fastq.gz;ftp.sra.ebi.ac.uk/vol1/fastq/SRR365/011/SRR36521011/SRR36521011_2.fastq.gz	False	0		success		source_reported_pending_harmonization	False	awaiting_uniform_reprocessing_signal_unit_unknown
rna_seq:SRR36521012	sharepoint_2026-07-13_new439	SRR36521012	SRX31541179	SAMN54218870	SRS27518985	PRJNA1391406	SRP656738	GSE314492		shared/sharepoint_2026-07-13/training_input_bigwig/SRR36521012.bw	74198944	8c16ad6628c0872ad1d75e8ebf12ef2d3b61bde12fc5bf25b98039d481e6b11a	True	True	Caenorhabditis elegans	IVR10-2022	treated		whole animal	L4		RNA-Seq	TRANSCRIPTOMIC	cDNA	PAIRED	150	derived_from_ENA_base_count_read_count_layout	unknown		unknown	Gene expression of three ivermectin selected resistant Caenorhabditis elegans strains compared to the susceptible N2 strain	PRJNA1391406		L4		L4		whole animal	unknown_from_provided_metadata	WBcel235_by_chromosome_header_validation	unknown_from_provided_metadata	unknown_from_provided_metadata	unknown	C	False	41069582	12320874600	True	ef16057c6af22993c7f17c46bacee3a7;07153f09a7022decdfd1af3a90518788	3073372008;3200059417	6273431425	ftp.sra.ebi.ac.uk/vol1/fastq/SRR365/012/SRR36521012/SRR36521012_1.fastq.gz;ftp.sra.ebi.ac.uk/vol1/fastq/SRR365/012/SRR36521012/SRR36521012_2.fastq.gz	False	0		success		source_reported_pending_harmonization	False	awaiting_uniform_reprocessing_signal_unit_unknown
rna_seq:SRR36521013	sharepoint_2026-07-13_new439	SRR36521013	SRX31541178	SAMN54218871	SRS27518983	PRJNA1391406	SRP656738	GSE314492		shared/sharepoint_2026-07-13/training_input_bigwig/SRR36521013.bw	76582493	a773fcd3743a646898a9272a95153e5b233f945712f521fe4ba034e5f56bd334	True	True	Caenorhabditis elegans	IVR10-2009	treated		whole animal	L4		RNA-Seq	TRANSCRIPTOMIC	cDNA	PAIRED	150	derived_from_ENA_base_count_read_count_layout	unknown		unknown	Gene expression of three ivermectin selected resistant Caenorhabditis elegans strains compared to the susceptible N2 strain	PRJNA1391406		L4		L4		whole animal	unknown_from_provided_metadata	WBcel235_by_chromosome_header_validation	unknown_from_provided_metadata	unknown_from_provided_metadata	unknown	C	False	46707468	14012240400	True	86b08e62b6f1d22eec13ad74ab9c5bc0;b7293fc67d9872a7e198751b80426e3e	3487215671;3573767043	7060982714	ftp.sra.ebi.ac.uk/vol1/fastq/SRR365/013/SRR36521013/SRR36521013_1.fastq.gz;ftp.sra.ebi.ac.uk/vol1/fastq/SRR365/013/SRR36521013/SRR36521013_2.fastq.gz	False	0		success		source_reported_pending_harmonization	False	awaiting_uniform_reprocessing_signal_unit_unknown
rna_seq:SRR36521014	sharepoint_2026-07-13_new439	SRR36521014	SRX31541177	SAMN54218872	SRS27518981	PRJNA1391406	SRP656738	GSE314492		shared/sharepoint_2026-07-13/training_input_bigwig/SRR36521014.bw	71529804	462e6c66d1d710e315835cc2a4f301b58caabca8ddf2caebf05d089829c4a5a7	True	True	Caenorhabditis elegans	N2B	WT		whole animal	L4		RNA-Seq	TRANSCRIPTOMIC	cDNA	PAIRED	150	derived_from_ENA_base_count_read_count_layout	unknown		unknown	Gene expression of three ivermectin selected resistant Caenorhabditis elegans strains compared to the susceptible N2 strain	PRJNA1391406		L4		L4		whole animal	unknown_from_provided_metadata	WBcel235_by_chromosome_header_validation	unknown_from_provided_metadata	unknown_from_provided_metadata	unknown	C	False	42522743	12756822900	True	340a651952e8d752dc725517ccfea520;c0a1633501454f72fe11037e2c3dbd51	3236153070;3260395599	6496548669	ftp.sra.ebi.ac.uk/vol1/fastq/SRR365/014/SRR36521014/SRR36521014_1.fastq.gz;ftp.sra.ebi.ac.uk/vol1/fastq/SRR365/014/SRR36521014/SRR36521014_2.fastq.gz	False	0		success		source_reported_pending_harmonization	False	awaiting_uniform_reprocessing_signal_unit_unknown
rna_seq:SRR36521015	sharepoint_2026-07-13_new439	SRR36521015	SRX31541176	SAMN54218873	SRS27518982	PRJNA1391406	SRP656738	GSE314492		shared/sharepoint_2026-07-13/training_input_bigwig/SRR36521015.bw	68994317	91e6f9f2a148e3a5b69acde94b9bdb5386d2be7af94059a5fcfab5545aa9c68f	True	True	Caenorhabditis elegans	IVR10-2014	treated		whole animal	L4		RNA-Seq	TRANSCRIPTOMIC	cDNA	PAIRED	150	derived_from_ENA_base_count_read_count_layout	unknown		unknown	Gene expression of three ivermectin selected resistant Caenorhabditis elegans strains compared to the susceptible N2 strain	PRJNA1391406		L4		L4		whole animal	unknown_from_provided_metadata	WBcel235_by_chromosome_header_validation	unknown_from_provided_metadata	unknown_from_provided_metadata	unknown	C	False	38413074	11523922200	True	c3d3b8369cdba87451c82ffbd173f3f9;fbda8bbccc141c4ee799afb27cfd0fe1	2993014750;2900029974	5893044724	ftp.sra.ebi.ac.uk/vol1/fastq/SRR365/015/SRR36521015/SRR36521015_1.fastq.gz;ftp.sra.ebi.ac.uk/vol1/fastq/SRR365/015/SRR36521015/SRR36521015_2.fastq.gz	False	0		success		source_reported_pending_harmonization	False	awaiting_uniform_reprocessing_signal_unit_unknown
rna_seq:SRR36521016	sharepoint_2026-07-13_new439	SRR36521016	SRX31541175	SAMN54218874	SRS27518979	PRJNA1391406	SRP656738	GSE314492		shared/sharepoint_2026-07-13/training_input_bigwig/SRR36521016.bw	65948279	9882fdcf4620ced908d1ce870208621f5cb708222728d0b33bf26731b6741e07	True	True	Caenorhabditis elegans	IVR10-2022	treated		whole animal	L4		RNA-Seq	TRANSCRIPTOMIC	cDNA	PAIRED	150	derived_from_ENA_base_count_read_count_layout	unknown		unknown	Gene expression of three ivermectin selected resistant Caenorhabditis elegans strains compared to the susceptible N2 strain	PRJNA1391406		L4		L4		whole animal	unknown_from_provided_metadata	WBcel235_by_chromosome_header_validation	unknown_from_provided_metadata	unknown_from_provided_metadata	unknown	C	False	36243066	10872919800	True	866000906837d59a7858bc73b85b4265;410c808c3b5c436c21d874bc1c3e7d99	2746341797;2749501041	5495842838	ftp.sra.ebi.ac.uk/vol1/fastq/SRR365/016/SRR36521016/SRR36521016_1.fastq.gz;ftp.sra.ebi.ac.uk/vol1/fastq/SRR365/016/SRR36521016/SRR36521016_2.fastq.gz	False	0		success		source_reported_pending_harmonization	False	awaiting_uniform_reprocessing_signal_unit_unknown
rna_seq:SRR36521017	sharepoint_2026-07-13_new439	SRR36521017	SRX31541174	SAMN54218875	SRS27518977	PRJNA1391406	SRP656738	GSE314492		shared/sharepoint_2026-07-13/training_input_bigwig/SRR36521017.bw	76026417	2823f3ff03db66afbc6fa05321d24f6d1b4d14607068585fa4a809eb88d17bb8	True	True	Caenorhabditis elegans	IVR10-2009	treated		whole animal	L4		RNA-Seq	TRANSCRIPTOMIC	cDNA	PAIRED	150	derived_from_ENA_base_count_read_count_layout	unknown		unknown	Gene expression of three ivermectin selected resistant Caenorhabditis elegans strains compared to the susceptible N2 strain	PRJNA1391406		L4		L4		whole animal	unknown_from_provided_metadata	WBcel235_by_chromosome_header_validation	unknown_from_provided_metadata	unknown_from_provided_metadata	unknown	C	False	46089586	13826875800	True	a9da3c1c9ebfb79bd68b7b5021a2dbef;e8b894520f3ad924b6904078a91fffbb	3512219372;3511914132	7024133504	ftp.sra.ebi.ac.uk/vol1/fastq/SRR365/017/SRR36521017/SRR36521017_1.fastq.gz;ftp.sra.ebi.ac.uk/vol1/fastq/SRR365/017/SRR36521017/SRR36521017_2.fastq.gz	False	0		success		source_reported_pending_harmonization	False	awaiting_uniform_reprocessing_signal_unit_unknown
rna_seq:SRR36521018	sharepoint_2026-07-13_new439	SRR36521018	SRX31541173	SAMN54218876	SRS27518980	PRJNA1391406	SRP656738	GSE314492		shared/sharepoint_2026-07-13/training_input_bigwig/SRR36521018.bw	66081152	85e7b30e9c83f3817a974c3a1cbee4555e686dd577afe7d339d44a5d8379a8c8	True	True	Caenorhabditis elegans	N2B	WT		whole animal	L4		RNA-Seq	TRANSCRIPTOMIC	cDNA	PAIRED	150	derived_from_ENA_base_count_read_count_layout	unknown		unknown	Gene expression of three ivermectin selected resistant Caenorhabditis elegans strains compared to the susceptible N2 strain	PRJNA1391406		L4		L4		whole animal	unknown_from_provided_metadata	WBcel235_by_chromosome_header_validation	unknown_from_provided_metadata	unknown_from_provided_metadata	unknown	C	False	37657131	11297139300	True	775e7c520a85edc08c7366653730ecd3;eb8a32a9fe62bc8088a6aadf49e1b664	2834576853;2903384354	5737961207	ftp.sra.ebi.ac.uk/vol1/fastq/SRR365/018/SRR36521018/SRR36521018_1.fastq.gz;ftp.sra.ebi.ac.uk/vol1/fastq/SRR365/018/SRR36521018/SRR36521018_2.fastq.gz	False	0		success		source_reported_pending_harmonization	False	awaiting_uniform_reprocessing_signal_unit_unknown
rna_seq:SRR36521019	sharepoint_2026-07-13_new439	SRR36521019	SRX31541172	SAMN54218877	SRS27518976	PRJNA1391406	SRP656738	GSE314492		shared/sharepoint_2026-07-13/training_input_bigwig/SRR36521019.bw	72395588	62917488d48b23fadf9a15ca22d4375eaf6cb41cee605122371caa7d9af83a51	True	True	Caenorhabditis elegans	IVR10-2014	treated		whole animal	L4		RNA-Seq	TRANSCRIPTOMIC	cDNA	PAIRED	150	derived_from_ENA_base_count_read_count_layout	unknown		unknown	Gene expression of three ivermectin selected resistant Caenorhabditis elegans strains compared to the susceptible N2 strain	PRJNA1391406		L4		L4		whole animal	unknown_from_provided_metadata	WBcel235_by_chromosome_header_validation	unknown_from_provided_metadata	unknown_from_provided_metadata	unknown	C	False	44384595	13315378500	True	9e1972d4a274324b83f1cfbf507a2810;3f09b9f851a0693530864671c2d52198	3351625478;3395855438	6747480916	ftp.sra.ebi.ac.uk/vol1/fastq/SRR365/019/SRR36521019/SRR36521019_1.fastq.gz;ftp.sra.ebi.ac.uk/vol1/fastq/SRR365/019/SRR36521019/SRR36521019_2.fastq.gz	False	0		success		source_reported_pending_harmonization	False	awaiting_uniform_reprocessing_signal_unit_unknown
rna_seq:SRR36521020	sharepoint_2026-07-13_new439	SRR36521020	SRX31541171	SAMN54218878	SRS27518974	PRJNA1391406	SRP656738	GSE314492		shared/sharepoint_2026-07-13/training_input_bigwig/SRR36521020.bw	61836078	8e0779031466a7dbc685beac51a5e2f42cefc04b987144def5ab351e0d1a6c7c	True	True	Caenorhabditis elegans	IVR10-2022	treated		whole animal	L4		RNA-Seq	TRANSCRIPTOMIC	cDNA	PAIRED	150	derived_from_ENA_base_count_read_count_layout	unknown		unknown	Gene expression of three ivermectin selected resistant Caenorhabditis elegans strains compared to the susceptible N2 strain	PRJNA1391406		L4		L4		whole animal	unknown_from_provided_metadata	WBcel235_by_chromosome_header_validation	unknown_from_provided_metadata	unknown_from_provided_metadata	unknown	C	False	30420376	9126112800	True	f6597753abf7aca0b14382a45d525d0a;809f22249e955bc19bbb90234dc7e1de	2287825174;2319077955	4606903129	ftp.sra.ebi.ac.uk/vol1/fastq/SRR365/020/SRR36521020/SRR36521020_1.fastq.gz;ftp.sra.ebi.ac.uk/vol1/fastq/SRR365/020/SRR36521020/SRR36521020_2.fastq.gz	False	0		success		source_reported_pending_harmonization	False	awaiting_uniform_reprocessing_signal_unit_unknown
rna_seq:SRR36521021	sharepoint_2026-07-13_new439	SRR36521021	SRX31541170	SAMN54218879	SRS27518978	PRJNA1391406	SRP656738	GSE314492		shared/sharepoint_2026-07-13/training_input_bigwig/SRR36521021.bw	68350332	c9d814c0934b33bef840888f85264f8a372d870ec8d2afb8d38440632f7e7802	True	True	Caenorhabditis elegans	IVR10-2009	treated		whole animal	L4		RNA-Seq	TRANSCRIPTOMIC	cDNA	PAIRED	150	derived_from_ENA_base_count_read_count_layout	unknown		unknown	Gene expression of three ivermectin selected resistant Caenorhabditis elegans strains compared to the susceptible N2 strain	PRJNA1391406		L4		L4		whole animal	unknown_from_provided_metadata	WBcel235_by_chromosome_header_validation	unknown_from_provided_metadata	unknown_from_provided_metadata	unknown	C	False	36003568	10801070400	True	ee7e037b1d68e5b356aa8949f0dd33b9;3a7885dd39ef6b03fac2d1c30d8e24e2	2709721621;2754932114	5464653735	ftp.sra.ebi.ac.uk/vol1/fastq/SRR365/021/SRR36521021/SRR36521021_1.fastq.gz;ftp.sra.ebi.ac.uk/vol1/fastq/SRR365/021/SRR36521021/SRR36521021_2.fastq.gz	False	0		success		source_reported_pending_harmonization	False	awaiting_uniform_reprocessing_signal_unit_unknown
rna_seq:SRR36521022	sharepoint_2026-07-13_new439	SRR36521022	SRX31541169	SAMN54218880	SRS27518975	PRJNA1391406	SRP656738	GSE314492		shared/sharepoint_2026-07-13/training_input_bigwig/SRR36521022.bw	69381261	e407a0f10c4a3137ac2dcbd77bd8f3b5d85ac9200797f0860bc0ddb03aa676a1	True	True	Caenorhabditis elegans	N2B	WT		whole animal	L4		RNA-Seq	TRANSCRIPTOMIC	cDNA	PAIRED	150	derived_from_ENA_base_count_read_count_layout	unknown		unknown	Gene expression of three ivermectin selected resistant Caenorhabditis elegans strains compared to the susceptible N2 strain	PRJNA1391406		L4		L4		whole animal	unknown_from_provided_metadata	WBcel235_by_chromosome_header_validation	unknown_from_provided_metadata	unknown_from_provided_metadata	unknown	C	False	39280642	11784192600	True	016498240228b9db8ec2b6d36601f59d;4fbecb7cfbb37e2b33e89aacddb350fc	2923947887;2978812846	5902760733	ftp.sra.ebi.ac.uk/vol1/fastq/SRR365/022/SRR36521022/SRR36521022_1.fastq.gz;ftp.sra.ebi.ac.uk/vol1/fastq/SRR365/022/SRR36521022/SRR36521022_2.fastq.gz	False	0		success		source_reported_pending_harmonization	False	awaiting_uniform_reprocessing_signal_unit_unknown
rna_seq:SRR3657224	sharepoint_2026-07-13_new439	SRR3657224	SRX1836925	SAMN05225444	SRS1496360	PRJNA325295	SRP076415	GSE83216	27732864	shared/sharepoint_2026-07-13/training_input_bigwig/SRR3657224.bw	21556120	4ff164dcd01f7411c4b2b2f3e78e14f405b2de855f8795ca098073b63cc1174e	True	True	Caenorhabditis elegans	him-5	mutated	hermaphrodite		L3		RNA-Seq	TRANSCRIPTOMIC	cDNA	SINGLE	101	derived_from_ENA_base_count_read_count_layout	unknown		unknown	Developmental transcriptomes of the two sexes in Caenorhabditis elegans during sexual maturation	PRJNA325295		L3					unknown_from_provided_metadata	WBcel235_by_chromosome_header_validation	unknown_from_provided_metadata	unknown_from_provided_metadata	unknown	C	False	12136426	1225779026	True	20c61c2406828c2e543fce982d38f2fc	1122379555	1122379555	ftp.sra.ebi.ac.uk/vol1/fastq/SRR365/004/SRR3657224/SRR3657224.fastq.gz	False	0		success		source_reported_pending_harmonization	False	awaiting_uniform_reprocessing_signal_unit_unknown
rna_seq:SRR3657225	sharepoint_2026-07-13_new439	SRR3657225	SRX1836926	SAMN05225445	SRS1496361	PRJNA325295	SRP076415	GSE83216	27732864	shared/sharepoint_2026-07-13/training_input_bigwig/SRR3657225.bw	6186599	e9d5f419d84d0fa7afbfa56921b2706f4d53e61390299331ec0b1dc2e00f573d	True	True	Caenorhabditis elegans	him-5	mutated	hermaphrodite		L4		RNA-Seq	TRANSCRIPTOMIC	cDNA	SINGLE	101	derived_from_ENA_base_count_read_count_layout	unknown		unknown	Developmental transcriptomes of the two sexes in Caenorhabditis elegans during sexual maturation	PRJNA325295		L4					unknown_from_provided_metadata	WBcel235_by_chromosome_header_validation	unknown_from_provided_metadata	unknown_from_provided_metadata	unknown	C	False	9564114	965975514	True	b68744d0a1aacb54d8d0bb3ffc1facbc	899427581	899427581	ftp.sra.ebi.ac.uk/vol1/fastq/SRR365/005/SRR3657225/SRR3657225.fastq.gz	False	0		success		source_reported_pending_harmonization	False	awaiting_uniform_reprocessing_signal_unit_unknown
rna_seq:SRR3657226	sharepoint_2026-07-13_new439	SRR3657226	SRX1836927	SAMN05225446	SRS1496362	PRJNA325295	SRP076415	GSE83216	27732864	shared/sharepoint_2026-07-13/training_input_bigwig/SRR3657226.bw	13905969	4f14d7bf3e86face334f81a0cf7bdf06b1db7320cc817aa6395cac74e7b21727	True	True	Caenorhabditis elegans	him-5	mutated	hermaphrodite		L4		RNA-Seq	TRANSCRIPTOMIC	cDNA	SINGLE	101	derived_from_ENA_base_count_read_count_layout	unknown		unknown	Developmental transcriptomes of the two sexes in Caenorhabditis elegans during sexual maturation	PRJNA325295		L4					unknown_from_provided_metadata	WBcel235_by_chromosome_header_validation	unknown_from_provided_metadata	unknown_from_provided_metadata	unknown	C	False	10522001	1062722101	True	7dc9aa08344e07293ba9e13a59d026a4	1000210848	1000210848	ftp.sra.ebi.ac.uk/vol1/fastq/SRR365/006/SRR3657226/SRR3657226.fastq.gz	False	0		success		source_reported_pending_harmonization	False	awaiting_uniform_reprocessing_signal_unit_unknown
rna_seq:SRR3657227	sharepoint_2026-07-13_new439	SRR3657227	SRX1836928	SAMN05225447	SRS1496363	PRJNA325295	SRP076415	GSE83216	27732864	shared/sharepoint_2026-07-13/training_input_bigwig/SRR3657227.bw	23486946	9b03ce3f8d1787fb9a02af1705bfbc8cb8b5861dd3bdef69863f6f910a5bb75c	True	True	Caenorhabditis elegans	him-5	mutated	hermaphrodite		Young Adult		RNA-Seq	TRANSCRIPTOMIC	cDNA	SINGLE	101	derived_from_ENA_base_count_read_count_layout	unknown		unknown	Developmental transcriptomes of the two sexes in Caenorhabditis elegans during sexual maturation	PRJNA325295		Young Adult					unknown_from_provided_metadata	WBcel235_by_chromosome_header_validation	unknown_from_provided_metadata	unknown_from_provided_metadata	unknown	C	False	22177140	2239891140	True	3369b3a9ebf00f7abe9d704e52408292	2076140079	2076140079	ftp.sra.ebi.ac.uk/vol1/fastq/SRR365/007/SRR3657227/SRR3657227.fastq.gz	False	0		success		source_reported_pending_harmonization	False	awaiting_uniform_reprocessing_signal_unit_unknown
rna_seq:SRR3657228	sharepoint_2026-07-13_new439	SRR3657228	SRX1836929	SAMN05225448	SRS1496364	PRJNA325295	SRP076415	GSE83216	27732864	shared/sharepoint_2026-07-13/training_input_bigwig/SRR3657228.bw	26094653	d439f99ac2d06994224adc019b39a13772ca9c71e56b42de972c5ea7935ee4e1	True	True	Caenorhabditis elegans	him-5	mutated	hermaphrodite		Young Adult		RNA-Seq	TRANSCRIPTOMIC	cDNA	SINGLE	101	derived_from_ENA_base_count_read_count_layout	unknown		unknown	Developmental transcriptomes of the two sexes in Caenorhabditis elegans during sexual maturation	PRJNA325295		Young Adult					unknown_from_provided_metadata	WBcel235_by_chromosome_header_validation	unknown_from_provided_metadata	unknown_from_provided_metadata	unknown	C	False	23615491	2385164591	True	cb4a9d57ca2e17833d4326edd80e1a00	2233902218	2233902218	ftp.sra.ebi.ac.uk/vol1/fastq/SRR365/008/SRR3657228/SRR3657228.fastq.gz	False	0		success		source_reported_pending_harmonization	False	awaiting_uniform_reprocessing_signal_unit_unknown
rna_seq:SRR3657229	sharepoint_2026-07-13_new439	SRR3657229	SRX1836930	SAMN05225449	SRS1496365	PRJNA325295	SRP076415	GSE83216	27732864	shared/sharepoint_2026-07-13/training_input_bigwig/SRR3657229.bw	23811443	425607c4fa8ef0f86106c033aa586cae690a975ee5d42ea925038303cb28e916	True	True	Caenorhabditis elegans	him-5	mutated	male		L3		RNA-Seq	TRANSCRIPTOMIC	cDNA	SINGLE	101	derived_from_ENA_base_count_read_count_layout	unknown		unknown	Developmental transcriptomes of the two sexes in Caenorhabditis elegans during sexual maturation	PRJNA325295		L3					unknown_from_provided_metadata	WBcel235_by_chromosome_header_validation	unknown_from_provided_metadata	unknown_from_provided_metadata	unknown	C	False	13143222	1327465422	True	33ffcf239344fe10f3983cd146af73fd	1241240233	1241240233	ftp.sra.ebi.ac.uk/vol1/fastq/SRR365/009/SRR3657229/SRR3657229.fastq.gz	False	0		success		source_reported_pending_harmonization	False	awaiting_uniform_reprocessing_signal_unit_unknown
rna_seq:SRR3657230	sharepoint_2026-07-13_new439	SRR3657230	SRX1836931	SAMN05225450	SRS1496367	PRJNA325295	SRP076415	GSE83216	27732864	shared/sharepoint_2026-07-13/training_input_bigwig/SRR3657230.bw	36106910	4edf7a1c0b57bbc08e995031eccd4a6cdc07cdf0c3c98011b56fe9d5ec81f485	True	True	Caenorhabditis elegans	him-5	mutated	male		L4		RNA-Seq	TRANSCRIPTOMIC	cDNA	SINGLE	101	derived_from_ENA_base_count_read_count_layout	unknown		unknown	Developmental transcriptomes of the two sexes in Caenorhabditis elegans during sexual maturation	PRJNA325295		L4					unknown_from_provided_metadata	WBcel235_by_chromosome_header_validation	unknown_from_provided_metadata	unknown_from_provided_metadata	unknown	C	False	34273251	3461598351	True	4867b2b550c1c6a2190dfbf759136d30	2984522980	2984522980	ftp.sra.ebi.ac.uk/vol1/fastq/SRR365/000/SRR3657230/SRR3657230.fastq.gz	False	0		success		source_reported_pending_harmonization	False	awaiting_uniform_reprocessing_signal_unit_unknown
rna_seq:SRR3657231	sharepoint_2026-07-13_new439	SRR3657231	SRX1836932	SAMN05225451	SRS1496366	PRJNA325295	SRP076415	GSE83216	27732864	shared/sharepoint_2026-07-13/training_input_bigwig/SRR3657231.bw	12981552	aec2e95c6467853ad85c9574ac79af18a027ce5cd364711de895ae22cbc2cdcc	True	True	Caenorhabditis elegans	him-5	mutated	male		L4		RNA-Seq	TRANSCRIPTOMIC	cDNA	SINGLE	101	derived_from_ENA_base_count_read_count_layout	unknown		unknown	Developmental transcriptomes of the two sexes in Caenorhabditis elegans during sexual maturation	PRJNA325295		L4					unknown_from_provided_metadata	WBcel235_by_chromosome_header_validation	unknown_from_provided_metadata	unknown_from_provided_metadata	unknown	C	False	21693963	2191090263	True	20da095b46250eebd381a1150d8e4196	2034494920	2034494920	ftp.sra.ebi.ac.uk/vol1/fastq/SRR365/001/SRR3657231/SRR3657231.fastq.gz	False	0		success		source_reported_pending_harmonization	False	awaiting_uniform_reprocessing_signal_unit_unknown
rna_seq:SRR3657232	sharepoint_2026-07-13_new439	SRR3657232	SRX1836933	SAMN05225452	SRS1496368	PRJNA325295	SRP076415	GSE83216	27732864	shared/sharepoint_2026-07-13/training_input_bigwig/SRR3657232.bw	16187717	2230f5c0e06018c29cbc014a968f201714b22234e6ca3067090dd0fc263ac978	True	True	Caenorhabditis elegans	him-5	mutated	male		Young Adult		RNA-Seq	TRANSCRIPTOMIC	cDNA	SINGLE	101	derived_from_ENA_base_count_read_count_layout	unknown		unknown	Developmental transcriptomes of the two sexes in Caenorhabditis elegans during sexual maturation	PRJNA325295		Young Adult					unknown_from_provided_metadata	WBcel235_by_chromosome_header_validation	unknown_from_provided_metadata	unknown_from_provided_metadata	unknown	C	False	15020326	1517052926	True	4fb66093a3ca4a6b817b813302d2de95	1315589865	1315589865	ftp.sra.ebi.ac.uk/vol1/fastq/SRR365/002/SRR3657232/SRR3657232.fastq.gz	False	0		success		source_reported_pending_harmonization	False	awaiting_uniform_reprocessing_signal_unit_unknown
rna_seq:SRR3657233	sharepoint_2026-07-13_new439	SRR3657233	SRX1836934	SAMN05225453	SRS1496369	PRJNA325295	SRP076415	GSE83216	27732864	shared/sharepoint_2026-07-13/training_input_bigwig/SRR3657233.bw	18295966	b7d6536c34d8100796b29e2acdfb2d6d0773692f5391ad733a4dc1ed39b4adaa	True	True	Caenorhabditis elegans	him-5	mutated	male		Young Adult		RNA-Seq	TRANSCRIPTOMIC	cDNA	SINGLE	101	derived_from_ENA_base_count_read_count_layout	unknown		unknown	Developmental transcriptomes of the two sexes in Caenorhabditis elegans during sexual maturation	PRJNA325295		Young Adult					unknown_from_provided_metadata	WBcel235_by_chromosome_header_validation	unknown_from_provided_metadata	unknown_from_provided_metadata	unknown	C	False	20477143	2068191443	True	7d3d94f054428ffabc3657080c8c391f	1883634485	1883634485	ftp.sra.ebi.ac.uk/vol1/fastq/SRR365/003/SRR3657233/SRR3657233.fastq.gz	False	0		success		source_reported_pending_harmonization	False	awaiting_uniform_reprocessing_signal_unit_unknown
rna_seq:SRR36719198	sharepoint_2026-07-13_new439	SRR36719198	SRX31723545	SAMN54501195	SRS27692157	PRJNA1399626	SRP660539			shared/sharepoint_2026-07-13/training_input_bigwig/SRR36719198.bw	29831410	8ee03389bfd75b6e1d6dbb1d10586ec4854537f7c1f3ae3f0a60128ba8015cfe	True	True	Caenorhabditis elegans	mutated	mutated		Whole Organism	Young Adult		RNA-Seq	TRANSCRIPTOMIC	PolyA	SINGLE	101	derived_from_ENA_base_count_read_count_layout	unknown		unknown	A non-canonical role for UPR ER during heat stress in C. elegans.	PRJNA1399626		Young Adult				Whole Organism	unknown_from_provided_metadata	WBcel235_by_chromosome_header_validation	unknown_from_provided_metadata	unknown_from_provided_metadata	unknown	C	False	18709948	1889704748	True	b88d6cd6f1bc9c9869fa768df9a2a6c4	944905960	944905960	ftp.sra.ebi.ac.uk/vol1/fastq/SRR367/098/SRR36719198/SRR36719198.fastq.gz	False	0		success		source_reported_pending_harmonization	False	awaiting_uniform_reprocessing_signal_unit_unknown
rna_seq:SRR36719199	sharepoint_2026-07-13_new439	SRR36719199	SRX31723544	SAMN54501194	SRS27692156	PRJNA1399626	SRP660539			shared/sharepoint_2026-07-13/training_input_bigwig/SRR36719199.bw	35128022	724ffaa3839a2ce8fc0ff01700e24df3b579eb6f9c3fe14be9bf775bb2ab5470	True	True	Caenorhabditis elegans	mutated	mutated		Whole Organism	Young Adult		RNA-Seq	TRANSCRIPTOMIC	PolyA	SINGLE	101	derived_from_ENA_base_count_read_count_layout	unknown		unknown	A non-canonical role for UPR ER during heat stress in C. elegans.	PRJNA1399626		Young Adult				Whole Organism	unknown_from_provided_metadata	WBcel235_by_chromosome_header_validation	unknown_from_provided_metadata	unknown_from_provided_metadata	unknown	C	False	21499404	2171439804	True	1711c8aa3af03f0b009ebad3b33836cc	1119825289	1119825289	ftp.sra.ebi.ac.uk/vol1/fastq/SRR367/099/SRR36719199/SRR36719199.fastq.gz	False	0		success		source_reported_pending_harmonization	False	awaiting_uniform_reprocessing_signal_unit_unknown
rna_seq:SRR36719200	sharepoint_2026-07-13_new439	SRR36719200	SRX31723543	SAMN54501193	SRS27692155	PRJNA1399626	SRP660539			shared/sharepoint_2026-07-13/training_input_bigwig/SRR36719200.bw	29281891	33e5d4cca778405c13922ee74789a53d0a7039e15c048bef016915182466f71a	True	True	Caenorhabditis elegans	mutated	mutated		Whole Organism	Young Adult		RNA-Seq	TRANSCRIPTOMIC	PolyA	SINGLE	101	derived_from_ENA_base_count_read_count_layout	unknown		unknown	A non-canonical role for UPR ER during heat stress in C. elegans.	PRJNA1399626		Young Adult				Whole Organism	unknown_from_provided_metadata	WBcel235_by_chromosome_header_validation	unknown_from_provided_metadata	unknown_from_provided_metadata	unknown	C	False	18749194	1893668594	True	7ea448b1815adaad15528d479d54ebe9	960449258	960449258	ftp.sra.ebi.ac.uk/vol1/fastq/SRR367/000/SRR36719200/SRR36719200.fastq.gz	False	0		success		source_reported_pending_harmonization	False	awaiting_uniform_reprocessing_signal_unit_unknown
rna_seq:SRR36719201	sharepoint_2026-07-13_new439	SRR36719201	SRX31723542	SAMN54501192	SRS27692154	PRJNA1399626	SRP660539			shared/sharepoint_2026-07-13/training_input_bigwig/SRR36719201.bw	28800666	60670733976263405ad89d5e4e6039ea37aec224e3bd5005b4e17c5cf7a348f9	True	True	Caenorhabditis elegans	mutated	mutated		Whole Organism	Young Adult		RNA-Seq	TRANSCRIPTOMIC	PolyA	SINGLE	101	derived_from_ENA_base_count_read_count_layout	unknown		unknown	A non-canonical role for UPR ER during heat stress in C. elegans.	PRJNA1399626		Young Adult				Whole Organism	unknown_from_provided_metadata	WBcel235_by_chromosome_header_validation	unknown_from_provided_metadata	unknown_from_provided_metadata	unknown	C	False	17732251	1790957351	True	3d66af4b5de37cf99f8cfbae5fe49806	897017093	897017093	ftp.sra.ebi.ac.uk/vol1/fastq/SRR367/001/SRR36719201/SRR36719201.fastq.gz	False	0		success		source_reported_pending_harmonization	False	awaiting_uniform_reprocessing_signal_unit_unknown
rna_seq:SRR36719202	sharepoint_2026-07-13_new439	SRR36719202	SRX31723541	SAMN54501190	SRS27692153	PRJNA1399626	SRP660539			shared/sharepoint_2026-07-13/training_input_bigwig/SRR36719202.bw	29019600	89757a45ea1fbfff8dac0f424a8b40de407b14d647aff842145656c6a0207875	True	True	Caenorhabditis elegans	mutated	mutated		Whole Organism	Young Adult		RNA-Seq	TRANSCRIPTOMIC	PolyA	SINGLE	101	derived_from_ENA_base_count_read_count_layout	unknown		unknown	A non-canonical role for UPR ER during heat stress in C. elegans.	PRJNA1399626		Young Adult				Whole Organism	unknown_from_provided_metadata	WBcel235_by_chromosome_header_validation	unknown_from_provided_metadata	unknown_from_provided_metadata	unknown	C	False	17057919	1722849819	True	6d31e61aa4eb7b69c9abbe397b1f1a2d	870172216	870172216	ftp.sra.ebi.ac.uk/vol1/fastq/SRR367/002/SRR36719202/SRR36719202.fastq.gz	False	0		success		source_reported_pending_harmonization	False	awaiting_uniform_reprocessing_signal_unit_unknown
rna_seq:SRR36719203	sharepoint_2026-07-13_new439	SRR36719203	SRX31723540	SAMN54501190	SRS27692153	PRJNA1399626	SRP660539			shared/sharepoint_2026-07-13/training_input_bigwig/SRR36719203.bw	30330576	37a1a20b95de147b4fdafd9bd25f7db3db43564c4184015ffc51fdc46fb798f5	True	True	Caenorhabditis elegans	mutated	mutated		Whole Organism	Young Adult		RNA-Seq	TRANSCRIPTOMIC	PolyA	SINGLE	101	derived_from_ENA_base_count_read_count_layout	unknown		unknown	A non-canonical role for UPR ER during heat stress in C. elegans.	PRJNA1399626		Young Adult				Whole Organism	unknown_from_provided_metadata	WBcel235_by_chromosome_header_validation	unknown_from_provided_metadata	unknown_from_provided_metadata	unknown	C	False	16864155	1703279655	True	4b0945059db7b0663ba5ef82b8b95755	873521157	873521157	ftp.sra.ebi.ac.uk/vol1/fastq/SRR367/003/SRR36719203/SRR36719203.fastq.gz	False	0		success		source_reported_pending_harmonization	False	awaiting_uniform_reprocessing_signal_unit_unknown
rna_seq:SRR36719204	sharepoint_2026-07-13_new439	SRR36719204	SRX31723539	SAMN54501189	SRS27692152	PRJNA1399626	SRP660539			shared/sharepoint_2026-07-13/training_input_bigwig/SRR36719204.bw	29215561	244fab7196074813c74caa7322749a46e09bd00eeeae82ae92b249e1c9859d46	True	True	Caenorhabditis elegans	mutated	mutated		Whole Organism	Young Adult		RNA-Seq	TRANSCRIPTOMIC	PolyA	SINGLE	101	derived_from_ENA_base_count_read_count_layout	unknown		unknown	A non-canonical role for UPR ER during heat stress in C. elegans.	PRJNA1399626		Young Adult				Whole Organism	unknown_from_provided_metadata	WBcel235_by_chromosome_header_validation	unknown_from_provided_metadata	unknown_from_provided_metadata	unknown	C	False	16669313	1683600613	True	58421a5351b6280739883d8a0e1a418f	860221257	860221257	ftp.sra.ebi.ac.uk/vol1/fastq/SRR367/004/SRR36719204/SRR36719204.fastq.gz	False	0		success		source_reported_pending_harmonization	False	awaiting_uniform_reprocessing_signal_unit_unknown
rna_seq:SRR36719205	sharepoint_2026-07-13_new439	SRR36719205	SRX31723538	SAMN54501209	SRS27692151	PRJNA1399626	SRP660539			shared/sharepoint_2026-07-13/training_input_bigwig/SRR36719205.bw	29413635	aca9d2d81d83e427c13e918654fd0fed959c6caab4ec37ad8108cfba100aba6e	True	True	Caenorhabditis elegans	mutated+treated	mutated+treated		Whole Organism	Young Adult		RNA-Seq	TRANSCRIPTOMIC	PolyA	SINGLE	101	derived_from_ENA_base_count_read_count_layout	unknown		unknown	A non-canonical role for UPR ER during heat stress in C. elegans.	PRJNA1399626		Young Adult				Whole Organism	unknown_from_provided_metadata	WBcel235_by_chromosome_header_validation	unknown_from_provided_metadata	unknown_from_provided_metadata	unknown	C	False	16341774	1650519174	True	3adcda251a54777ae8a6cbd0c314a6e2	851806879	851806879	ftp.sra.ebi.ac.uk/vol1/fastq/SRR367/005/SRR36719205/SRR36719205.fastq.gz	False	0		success		source_reported_pending_harmonization	False	awaiting_uniform_reprocessing_signal_unit_unknown
rna_seq:SRR36719206	sharepoint_2026-07-13_new439	SRR36719206	SRX31723537	SAMN54501208	SRS27692150	PRJNA1399626	SRP660539			shared/sharepoint_2026-07-13/training_input_bigwig/SRR36719206.bw	25811287	d80664693e2e96d5962c7170ecf1cecf0ade075cc488044001d9de75393bbef6	True	True	Caenorhabditis elegans	mutated+treated	mutated+treated		Whole Organism	Young Adult		RNA-Seq	TRANSCRIPTOMIC	PolyA	SINGLE	101	derived_from_ENA_base_count_read_count_layout	unknown		unknown	A non-canonical role for UPR ER during heat stress in C. elegans.	PRJNA1399626		Young Adult				Whole Organism	unknown_from_provided_metadata	WBcel235_by_chromosome_header_validation	unknown_from_provided_metadata	unknown_from_provided_metadata	unknown	C	False	14388578	1453246378	True	f371861fe51f457766710131f7df0782	737640654	737640654	ftp.sra.ebi.ac.uk/vol1/fastq/SRR367/006/SRR36719206/SRR36719206.fastq.gz	False	0		success		source_reported_pending_harmonization	False	awaiting_uniform_reprocessing_signal_unit_unknown
rna_seq:SRR36719207	sharepoint_2026-07-13_new439	SRR36719207	SRX31723536	SAMN54501207	SRS27692149	PRJNA1399626	SRP660539			shared/sharepoint_2026-07-13/training_input_bigwig/SRR36719207.bw	28635858	6b528b689b4f7f7d67de2e3a8fff32c0a18e860880f43a612e407ee20c547713	True	True	Caenorhabditis elegans	mutated+treated	mutated+treated		Whole Organism	Young Adult		RNA-Seq	TRANSCRIPTOMIC	PolyA	SINGLE	101	derived_from_ENA_base_count_read_count_layout	unknown		unknown	A non-canonical role for UPR ER during heat stress in C. elegans.	PRJNA1399626		Young Adult				Whole Organism	unknown_from_provided_metadata	WBcel235_by_chromosome_header_validation	unknown_from_provided_metadata	unknown_from_provided_metadata	unknown	C	False	16521657	1668687357	True	a8e0d7e33c4e65d86e25238d836d9f5c	855699603	855699603	ftp.sra.ebi.ac.uk/vol1/fastq/SRR367/007/SRR36719207/SRR36719207.fastq.gz	False	0		success		source_reported_pending_harmonization	False	awaiting_uniform_reprocessing_signal_unit_unknown
rna_seq:SRR36719208	sharepoint_2026-07-13_new439	SRR36719208	SRX31723535	SAMN54501206	SRS27692148	PRJNA1399626	SRP660539			shared/sharepoint_2026-07-13/training_input_bigwig/SRR36719208.bw	25708316	baf5dd364f965abc4f01cb7cf43fa100168a8bac6e112f07d695be163d39609f	True	True	Caenorhabditis elegans	mutated+treated	mutated+treated		Whole Organism	Young Adult		RNA-Seq	TRANSCRIPTOMIC	PolyA	SINGLE	101	derived_from_ENA_base_count_read_count_layout	unknown		unknown	A non-canonical role for UPR ER during heat stress in C. elegans.	PRJNA1399626		Young Adult				Whole Organism	unknown_from_provided_metadata	WBcel235_by_chromosome_header_validation	unknown_from_provided_metadata	unknown_from_provided_metadata	unknown	C	False	12968716	1309840316	True	9d5d12e39a2c4d2705b8a4042142fba1	672980740	672980740	ftp.sra.ebi.ac.uk/vol1/fastq/SRR367/008/SRR36719208/SRR36719208.fastq.gz	False	0		success		source_reported_pending_harmonization	False	awaiting_uniform_reprocessing_signal_unit_unknown
rna_seq:SRR36719209	sharepoint_2026-07-13_new439	SRR36719209	SRX31723534	SAMN54501188	SRS27692147	PRJNA1399626	SRP660539			shared/sharepoint_2026-07-13/training_input_bigwig/SRR36719209.bw	29044280	6111475e9600355b23c1bc82bd62a2bce7e9d5d0acd083b839452f4da0b5caa5	True	True	Caenorhabditis elegans	WT	WT		Whole Organism	Young Adult		RNA-Seq	TRANSCRIPTOMIC	PolyA	SINGLE	101	derived_from_ENA_base_count_read_count_layout	unknown		unknown	A non-canonical role for UPR ER during heat stress in C. elegans.	PRJNA1399626		Young Adult				Whole Organism	unknown_from_provided_metadata	WBcel235_by_chromosome_header_validation	unknown_from_provided_metadata	unknown_from_provided_metadata	unknown	C	False	16011050	1617116050	True	213b4977dc62a3d479f8536fe6834c0a	828507257	828507257	ftp.sra.ebi.ac.uk/vol1/fastq/SRR367/009/SRR36719209/SRR36719209.fastq.gz	False	0		success		source_reported_pending_harmonization	False	awaiting_uniform_reprocessing_signal_unit_unknown
rna_seq:SRR36719210	sharepoint_2026-07-13_new439	SRR36719210	SRX31723533	SAMN54501205	SRS27692146	PRJNA1399626	SRP660539			shared/sharepoint_2026-07-13/training_input_bigwig/SRR36719210.bw	24738766	e9cbac32fea833da6f2f7d739f95b5bc03fe6b4e998901d549f91c532635c074	True	True	Caenorhabditis elegans	mutated+treated	mutated+treated		Whole Organism	Young Adult		RNA-Seq	TRANSCRIPTOMIC	PolyA	SINGLE	101	derived_from_ENA_base_count_read_count_layout	unknown		unknown	A non-canonical role for UPR ER during heat stress in C. elegans.	PRJNA1399626		Young Adult				Whole Organism	unknown_from_provided_metadata	WBcel235_by_chromosome_header_validation	unknown_from_provided_metadata	unknown_from_provided_metadata	unknown	C	False	13925368	1406462168	True	25c175bca12722a1316c103840fdb61a	720792734	720792734	ftp.sra.ebi.ac.uk/vol1/fastq/SRR367/010/SRR36719210/SRR36719210.fastq.gz	False	0		success		source_reported_pending_harmonization	False	awaiting_uniform_reprocessing_signal_unit_unknown
rna_seq:SRR36719211	sharepoint_2026-07-13_new439	SRR36719211	SRX31723532	SAMN54501204	SRS27692145	PRJNA1399626	SRP660539			shared/sharepoint_2026-07-13/training_input_bigwig/SRR36719211.bw	25116518	bc041a1a1fcbf2909ff9b0131d80081c37917f35ca91be25123f09fff6110aea	True	True	Caenorhabditis elegans	mutated+treated	mutated+treated		Whole Organism	Young Adult		RNA-Seq	TRANSCRIPTOMIC	PolyA	SINGLE	101	derived_from_ENA_base_count_read_count_layout	unknown		unknown	A non-canonical role for UPR ER during heat stress in C. elegans.	PRJNA1399626		Young Adult				Whole Organism	unknown_from_provided_metadata	WBcel235_by_chromosome_header_validation	unknown_from_provided_metadata	unknown_from_provided_metadata	unknown	C	False	12925443	1305469743	True	7c1c8e29bda924246ef315e68b3535fd	662768932	662768932	ftp.sra.ebi.ac.uk/vol1/fastq/SRR367/011/SRR36719211/SRR36719211.fastq.gz	False	0		success		source_reported_pending_harmonization	False	awaiting_uniform_reprocessing_signal_unit_unknown
rna_seq:SRR36719212	sharepoint_2026-07-13_new439	SRR36719212	SRX31723531	SAMN54501203	SRS27692144	PRJNA1399626	SRP660539			shared/sharepoint_2026-07-13/training_input_bigwig/SRR36719212.bw	27468236	736a759b219665bd3e5cae302bddecd50e47e786f85f07420ce71f19aa640086	True	True	Caenorhabditis elegans	mutated+treated	mutated+treated		Whole Organism	Young Adult		RNA-Seq	TRANSCRIPTOMIC	PolyA	SINGLE	101	derived_from_ENA_base_count_read_count_layout	unknown		unknown	A non-canonical role for UPR ER during heat stress in C. elegans.	PRJNA1399626		Young Adult				Whole Organism	unknown_from_provided_metadata	WBcel235_by_chromosome_header_validation	unknown_from_provided_metadata	unknown_from_provided_metadata	unknown	C	False	14919473	1506866773	True	638beda9f4ed1aa67afb40f15bd24e24	770936800	770936800	ftp.sra.ebi.ac.uk/vol1/fastq/SRR367/012/SRR36719212/SRR36719212.fastq.gz	False	0		success		source_reported_pending_harmonization	False	awaiting_uniform_reprocessing_signal_unit_unknown
rna_seq:SRR36719213	sharepoint_2026-07-13_new439	SRR36719213	SRX31723530	SAMN54501202	SRS27692143	PRJNA1399626	SRP660539			shared/sharepoint_2026-07-13/training_input_bigwig/SRR36719213.bw	23939431	050b492fc23fbe1300716a82e579b4bfbb6e9e9f75595fde867e4d87db30198a	True	True	Caenorhabditis elegans	mutated+treated	mutated+treated		Whole Organism	Young Adult		RNA-Seq	TRANSCRIPTOMIC	PolyA	SINGLE	101	derived_from_ENA_base_count_read_count_layout	unknown		unknown	A non-canonical role for UPR ER during heat stress in C. elegans.	PRJNA1399626		Young Adult				Whole Organism	unknown_from_provided_metadata	WBcel235_by_chromosome_header_validation	unknown_from_provided_metadata	unknown_from_provided_metadata	unknown	C	False	12345408	1246886208	True	51b206c2844ea6181871af367b3bf6b0	630387571	630387571	ftp.sra.ebi.ac.uk/vol1/fastq/SRR367/013/SRR36719213/SRR36719213.fastq.gz	False	0		success		source_reported_pending_harmonization	False	awaiting_uniform_reprocessing_signal_unit_unknown
rna_seq:SRR36719214	sharepoint_2026-07-13_new439	SRR36719214	SRX31723529	SAMN54501201	SRS27692142	PRJNA1399626	SRP660539			shared/sharepoint_2026-07-13/training_input_bigwig/SRR36719214.bw	28737824	a0d2e9e0eeb3059b852b657e271f0d54524bb6b16828690afeecf01fd70b75ed	True	True	Caenorhabditis elegans	mutated+treated	mutated+treated		Whole Organism	Young Adult		RNA-Seq	TRANSCRIPTOMIC	PolyA	SINGLE	101	derived_from_ENA_base_count_read_count_layout	unknown		unknown	A non-canonical role for UPR ER during heat stress in C. elegans.	PRJNA1399626		Young Adult				Whole Organism	unknown_from_provided_metadata	WBcel235_by_chromosome_header_validation	unknown_from_provided_metadata	unknown_from_provided_metadata	unknown	C	False	16126681	1628794781	True	138ac4dff17f95d87e62def92a546daa	836899981	836899981	ftp.sra.ebi.ac.uk/vol1/fastq/SRR367/014/SRR36719214/SRR36719214.fastq.gz	False	0		success		source_reported_pending_harmonization	False	awaiting_uniform_reprocessing_signal_unit_unknown
rna_seq:SRR36719215	sharepoint_2026-07-13_new439	SRR36719215	SRX31723528	SAMN54501200	SRS27692141	PRJNA1399626	SRP660539			shared/sharepoint_2026-07-13/training_input_bigwig/SRR36719215.bw	30625181	651afdbab286e3b32633eb55ab77906dd554c13275487e4ca8355c925e860e11	True	True	Caenorhabditis elegans	WT+treated	WT+treated		Whole Organism	Young Adult		RNA-Seq	TRANSCRIPTOMIC	PolyA	SINGLE	101	derived_from_ENA_base_count_read_count_layout	unknown		unknown	A non-canonical role for UPR ER during heat stress in C. elegans.	PRJNA1399626		Young Adult				Whole Organism	unknown_from_provided_metadata	WBcel235_by_chromosome_header_validation	unknown_from_provided_metadata	unknown_from_provided_metadata	unknown	C	False	19389081	1958297181	True	24645c59d7a518d14d8e7c6ab8760b7f	1007272635	1007272635	ftp.sra.ebi.ac.uk/vol1/fastq/SRR367/015/SRR36719215/SRR36719215.fastq.gz	False	0		success		source_reported_pending_harmonization	False	awaiting_uniform_reprocessing_signal_unit_unknown
rna_seq:SRR36719216	sharepoint_2026-07-13_new439	SRR36719216	SRX31723527	SAMN54501199	SRS27692140	PRJNA1399626	SRP660539			shared/sharepoint_2026-07-13/training_input_bigwig/SRR36719216.bw	28538351	020d9ea062bb5c29c0e55c74c32655aad0134cba1f380c7a00af0c46d27e4b5e	True	True	Caenorhabditis elegans	WT+treated	WT+treated		Whole Organism	Young Adult		RNA-Seq	TRANSCRIPTOMIC	PolyA	SINGLE	101	derived_from_ENA_base_count_read_count_layout	unknown		unknown	A non-canonical role for UPR ER during heat stress in C. elegans.	PRJNA1399626		Young Adult				Whole Organism	unknown_from_provided_metadata	WBcel235_by_chromosome_header_validation	unknown_from_provided_metadata	unknown_from_provided_metadata	unknown	C	False	16850532	1701903732	True	e874b99719883d36a2fe800a1607081a	868741265	868741265	ftp.sra.ebi.ac.uk/vol1/fastq/SRR367/016/SRR36719216/SRR36719216.fastq.gz	False	0		success		source_reported_pending_harmonization	False	awaiting_uniform_reprocessing_signal_unit_unknown
rna_seq:SRR36719217	sharepoint_2026-07-13_new439	SRR36719217	SRX31723526	SAMN54501198	SRS27692139	PRJNA1399626	SRP660539			shared/sharepoint_2026-07-13/training_input_bigwig/SRR36719217.bw	32119164	da18784a79199b4931e06575eeadb5af10a20fee3431d906187313c3dfd46e87	True	True	Caenorhabditis elegans	WT+treated	WT+treated		Whole Organism	Young Adult		RNA-Seq	TRANSCRIPTOMIC	PolyA	SINGLE	101	derived_from_ENA_base_count_read_count_layout	unknown		unknown	A non-canonical role for UPR ER during heat stress in C. elegans.	PRJNA1399626		Young Adult				Whole Organism	unknown_from_provided_metadata	WBcel235_by_chromosome_header_validation	unknown_from_provided_metadata	unknown_from_provided_metadata	unknown	C	False	19867436	2006611036	True	2d4f40f987d1f2e0f93a4b85180bd16a	1031113669	1031113669	ftp.sra.ebi.ac.uk/vol1/fastq/SRR367/017/SRR36719217/SRR36719217.fastq.gz	False	0		success		source_reported_pending_harmonization	False	awaiting_uniform_reprocessing_signal_unit_unknown
rna_seq:SRR36719218	sharepoint_2026-07-13_new439	SRR36719218	SRX31723525	SAMN54501197	SRS27692138	PRJNA1399626	SRP660539			shared/sharepoint_2026-07-13/training_input_bigwig/SRR36719218.bw	32131052	ed5ab5000d216ae65df0aac7f32af1f4e6cd2e2a6e01cfccc34da90807cd5d0d	True	True	Caenorhabditis elegans	mutated+treated	mutated+treated		Whole Organism	Young Adult		RNA-Seq	TRANSCRIPTOMIC	PolyA	SINGLE	101	derived_from_ENA_base_count_read_count_layout	unknown		unknown	A non-canonical role for UPR ER during heat stress in C. elegans.	PRJNA1399626		Young Adult				Whole Organism	unknown_from_provided_metadata	WBcel235_by_chromosome_header_validation	unknown_from_provided_metadata	unknown_from_provided_metadata	unknown	C	False	17702258	1787928058	True	72bb93fe929508988642279886ba8979	913061242	913061242	ftp.sra.ebi.ac.uk/vol1/fastq/SRR367/018/SRR36719218/SRR36719218.fastq.gz	False	0		success		source_reported_pending_harmonization	False	awaiting_uniform_reprocessing_signal_unit_unknown
rna_seq:SRR36719219	sharepoint_2026-07-13_new439	SRR36719219	SRX31723524	SAMN54501196	SRS27692137	PRJNA1399626	SRP660539			shared/sharepoint_2026-07-13/training_input_bigwig/SRR36719219.bw	29270739	b7015654cf578f2216d696e3dad778551eea2d5d26b76cdee9823659745a753e	True	True	Caenorhabditis elegans	mutated+treated	mutated+treated		Whole Organism	Young Adult		RNA-Seq	TRANSCRIPTOMIC	PolyA	SINGLE	101	derived_from_ENA_base_count_read_count_layout	unknown		unknown	A non-canonical role for UPR ER during heat stress in C. elegans.	PRJNA1399626		Young Adult				Whole Organism	unknown_from_provided_metadata	WBcel235_by_chromosome_header_validation	unknown_from_provided_metadata	unknown_from_provided_metadata	unknown	C	False	17536874	1771224274	True	fd4066f1b86bce2c2aa5729a1ffb111c	908666475	908666475	ftp.sra.ebi.ac.uk/vol1/fastq/SRR367/019/SRR36719219/SRR36719219.fastq.gz	False	0		success		source_reported_pending_harmonization	False	awaiting_uniform_reprocessing_signal_unit_unknown
rna_seq:SRR36719220	sharepoint_2026-07-13_new439	SRR36719220	SRX31723523	SAMN54501187	SRS27692136	PRJNA1399626	SRP660539			shared/sharepoint_2026-07-13/training_input_bigwig/SRR36719220.bw	29757948	852e52decb38c7a95c83a46fd867895b066f0fa1e55470b5298b0592b9173c5c	True	True	Caenorhabditis elegans	WT	WT		Whole Organism	Young Adult		RNA-Seq	TRANSCRIPTOMIC	PolyA	SINGLE	101	derived_from_ENA_base_count_read_count_layout	unknown		unknown	A non-canonical role for UPR ER during heat stress in C. elegans.	PRJNA1399626		Young Adult				Whole Organism	unknown_from_provided_metadata	WBcel235_by_chromosome_header_validation	unknown_from_provided_metadata	unknown_from_provided_metadata	unknown	C	False	16519620	1668481620	True	4d0b2993494a6c4c60147a1549969ed5	849847824	849847824	ftp.sra.ebi.ac.uk/vol1/fastq/SRR367/020/SRR36719220/SRR36719220.fastq.gz	False	0		success		source_reported_pending_harmonization	False	awaiting_uniform_reprocessing_signal_unit_unknown
rna_seq:SRR36719221	sharepoint_2026-07-13_new439	SRR36719221	SRX31723522	SAMN54501186	SRS27692135	PRJNA1399626	SRP660539			shared/sharepoint_2026-07-13/training_input_bigwig/SRR36719221.bw	27627125	4d4aa22d64b9d99fe70cb8a3c7b4256db8ce7c60309e0dab7176347fcbf688ea	True	True	Caenorhabditis elegans	WT	WT		Whole Organism	Young Adult		RNA-Seq	TRANSCRIPTOMIC	PolyA	SINGLE	101	derived_from_ENA_base_count_read_count_layout	unknown		unknown	A non-canonical role for UPR ER during heat stress in C. elegans.	PRJNA1399626		Young Adult				Whole Organism	unknown_from_provided_metadata	WBcel235_by_chromosome_header_validation	unknown_from_provided_metadata	unknown_from_provided_metadata	unknown	C	False	15369621	1552331721	True	88686c1069b753a2c969f1c63498542a	789245036	789245036	ftp.sra.ebi.ac.uk/vol1/fastq/SRR367/021/SRR36719221/SRR36719221.fastq.gz	False	0		success		source_reported_pending_harmonization	False	awaiting_uniform_reprocessing_signal_unit_unknown
rna_seq:SRR4069200	sharepoint_2026-07-13_new439	SRR4069200	SRX2055968	SAMN05710985	SRS1647988	PRJNA321853	SRP075274	GSE81520	27688402	shared/sharepoint_2026-07-13/training_input_bigwig/SRR4069200.bw	52961846	cb113097236f3841e44a5ba2c720b72d8fb0dc58b5c549a2e33ef406c4359de8	True	True	Caenorhabditis elegans	PS3551	mutated		whole animal	L2		RNA-Seq	TRANSCRIPTOMIC	cDNA	SINGLE	49	derived_from_ENA_base_count_read_count_layout	unknown		unknown	RNA-seq analysis in C. elegans larval development and heat shock	PRJNA321849		L2		L2 larvae		whole animal	unknown_from_provided_metadata	WBcel235_by_chromosome_header_validation	unknown_from_provided_metadata	unknown_from_provided_metadata	unknown	C	False	36816446	1804005854	True	913c4fb6f76dc5650e062dac3e4de772	1219609874	1219609874	ftp.sra.ebi.ac.uk/vol1/fastq/SRR406/000/SRR4069200/SRR4069200.fastq.gz	False	0		success	provided_project_vs_ena_project	source_reported_pending_harmonization	False	awaiting_uniform_reprocessing_signal_unit_unknown
rna_seq:SRR4069201	sharepoint_2026-07-13_new439	SRR4069201	SRX2055969	SAMN05710986	SRS1647992	PRJNA321853	SRP075274	GSE81520	27688402	shared/sharepoint_2026-07-13/training_input_bigwig/SRR4069201.bw	50051395	c76f41b03d8967e25f6261733d30770891470abeda5249b1c04928342c0cdace	True	True	Caenorhabditis elegans	PS3551	mutated		whole animal	L2		RNA-Seq	TRANSCRIPTOMIC	cDNA	SINGLE	49	derived_from_ENA_base_count_read_count_layout	unknown		unknown	RNA-seq analysis in C. elegans larval development and heat shock	PRJNA321849		L2		L2 larvae		whole animal	unknown_from_provided_metadata	WBcel235_by_chromosome_header_validation	unknown_from_provided_metadata	unknown_from_provided_metadata	unknown	C	False	32191990	1577407510	True	3e57fbd572fbca52cd1ddf5406b3566f	1063843553	1063843553	ftp.sra.ebi.ac.uk/vol1/fastq/SRR406/001/SRR4069201/SRR4069201.fastq.gz	False	0		success	provided_project_vs_ena_project	source_reported_pending_harmonization	False	awaiting_uniform_reprocessing_signal_unit_unknown
rna_seq:SRR4069202	sharepoint_2026-07-13_new439	SRR4069202	SRX2055970	SAMN05710987	SRS1647990	PRJNA321853	SRP075274	GSE81520	27688402	shared/sharepoint_2026-07-13/training_input_bigwig/SRR4069202.bw	50551908	d3902297cffe86c5dcd2133b6eb8b59b5c7c749ec80a4b2a31b068f16dfb3fd6	True	True	Caenorhabditis elegans	PS3551	mutated		whole animal	L2		RNA-Seq	TRANSCRIPTOMIC	cDNA	SINGLE	49	derived_from_ENA_base_count_read_count_layout	unknown		unknown	RNA-seq analysis in C. elegans larval development and heat shock	PRJNA321849		L2		L2 larvae		whole animal	unknown_from_provided_metadata	WBcel235_by_chromosome_header_validation	unknown_from_provided_metadata	unknown_from_provided_metadata	unknown	C	False	31861076	1561192724	True	787620b0f70c01bcbabfb997af550e61	1052099696	1052099696	ftp.sra.ebi.ac.uk/vol1/fastq/SRR406/002/SRR4069202/SRR4069202.fastq.gz	False	0		success	provided_project_vs_ena_project	source_reported_pending_harmonization	False	awaiting_uniform_reprocessing_signal_unit_unknown
rna_seq:SRR4069203	sharepoint_2026-07-13_new439	SRR4069203	SRX2055971	SAMN05710988	SRS1647993	PRJNA321853	SRP075274	GSE81520	27688402	shared/sharepoint_2026-07-13/training_input_bigwig/SRR4069203.bw	43246687	8a2f00bdd27a17191cd094f6407f9690972e124072784b0dc29af0ce4b044b84	True	True	Caenorhabditis elegans	PS3551	mutated		whole animal	L2		RNA-Seq	TRANSCRIPTOMIC	cDNA	SINGLE	49	derived_from_ENA_base_count_read_count_layout	unknown		unknown	RNA-seq analysis in C. elegans larval development and heat shock	PRJNA321849		L2		L2 larvae		whole animal	unknown_from_provided_metadata	WBcel235_by_chromosome_header_validation	unknown_from_provided_metadata	unknown_from_provided_metadata	unknown	C	False	29217135	1431639615	True	b100464397fe3afa9983a177029030f3	874150579	874150579	ftp.sra.ebi.ac.uk/vol1/fastq/SRR406/003/SRR4069203/SRR4069203.fastq.gz	False	0		success	provided_project_vs_ena_project	source_reported_pending_harmonization	False	awaiting_uniform_reprocessing_signal_unit_unknown
rna_seq:SRR4069204	sharepoint_2026-07-13_new439	SRR4069204	SRX2055972	SAMN05710977	SRS1647997	PRJNA321853	SRP075274	GSE81520	27688402	shared/sharepoint_2026-07-13/training_input_bigwig/SRR4069204.bw	53016154	a87bd74724482da4ab3c6805d2dc0658783a34712078241effee90ae2d7b684e	True	True	Caenorhabditis elegans	PS3551	mutated		whole animal	L2		RNA-Seq	TRANSCRIPTOMIC	cDNA	SINGLE	49	derived_from_ENA_base_count_read_count_layout	unknown		unknown	RNA-seq analysis in C. elegans larval development and heat shock	PRJNA321849		L2		L2 larvae		whole animal	unknown_from_provided_metadata	WBcel235_by_chromosome_header_validation	unknown_from_provided_metadata	unknown_from_provided_metadata	unknown	C	False	42825000	2098425000	True	6872af412355f717648eefbe0eb444ce	1486459335	1486459335	ftp.sra.ebi.ac.uk/vol1/fastq/SRR406/004/SRR4069204/SRR4069204.fastq.gz	False	0		success	provided_project_vs_ena_project	source_reported_pending_harmonization	False	awaiting_uniform_reprocessing_signal_unit_unknown
rna_seq:SRR4069205	sharepoint_2026-07-13_new439	SRR4069205	SRX2055973	SAMN05710983	SRS1647994	PRJNA321853	SRP075274	GSE81520	27688402	shared/sharepoint_2026-07-13/training_input_bigwig/SRR4069205.bw	52990067	e2dfe03bd1f9f315651b05a8737ad84ebe778be6ac3ac86b9fe5e8c99189546c	True	True	Caenorhabditis elegans	PS3551	mutated		whole animal	L2		RNA-Seq	TRANSCRIPTOMIC	cDNA	SINGLE	49	derived_from_ENA_base_count_read_count_layout	unknown		unknown	RNA-seq analysis in C. elegans larval development and heat shock	PRJNA321849		L2		L2 larvae		whole animal	unknown_from_provided_metadata	WBcel235_by_chromosome_header_validation	unknown_from_provided_metadata	unknown_from_provided_metadata	unknown	C	False	41117664	2014765536	True	87ca188d978302d97e3b1e01316b8abe	1415231404	1415231404	ftp.sra.ebi.ac.uk/vol1/fastq/SRR406/005/SRR4069205/SRR4069205.fastq.gz	False	0		success	provided_project_vs_ena_project	source_reported_pending_harmonization	False	awaiting_uniform_reprocessing_signal_unit_unknown
rna_seq:SRR4069206	sharepoint_2026-07-13_new439	SRR4069206	SRX2055974	SAMN05710984	SRS1647996	PRJNA321853	SRP075274	GSE81520	27688402	shared/sharepoint_2026-07-13/training_input_bigwig/SRR4069206.bw	39792227	36a9e3dff30cdd60b5d218bf646dca84fc35138cf8dcaaec682602d338e9a67b	True	True	Caenorhabditis elegans	AM1062	mutated		whole animal	L2		RNA-Seq	TRANSCRIPTOMIC	cDNA	SINGLE	49	derived_from_ENA_base_count_read_count_layout	unknown		unknown	RNA-seq analysis in C. elegans larval development and heat shock	PRJNA321849		L2		L2 larvae		whole animal	unknown_from_provided_metadata	WBcel235_by_chromosome_header_validation	unknown_from_provided_metadata	unknown_from_provided_metadata	unknown	C	False	21577233	1057284417	True	3ba74b0dd2aab431ebb35928c80fddaf	745868429	745868429	ftp.sra.ebi.ac.uk/vol1/fastq/SRR406/006/SRR4069206/SRR4069206.fastq.gz	False	0		success	provided_project_vs_ena_project	source_reported_pending_harmonization	False	awaiting_uniform_reprocessing_signal_unit_unknown
rna_seq:SRR4069207	sharepoint_2026-07-13_new439	SRR4069207	SRX2055975	SAMN05710982	SRS1647995	PRJNA321853	SRP075274	GSE81520	27688402	shared/sharepoint_2026-07-13/training_input_bigwig/SRR4069207.bw	43919300	ab30394f0c30b7b85c4d144782e358c8f0f47223a7687037219391fc293562a1	True	True	Caenorhabditis elegans	AM1062	mutated		whole animal	L2		RNA-Seq	TRANSCRIPTOMIC	cDNA	SINGLE	49	derived_from_ENA_base_count_read_count_layout	unknown		unknown	RNA-seq analysis in C. elegans larval development and heat shock	PRJNA321849		L2		L2 larvae		whole animal	unknown_from_provided_metadata	WBcel235_by_chromosome_header_validation	unknown_from_provided_metadata	unknown_from_provided_metadata	unknown	C	False	25930073	1270573577	True	e7d27a6660019d54eea08067eaad9ea9	894634437	894634437	ftp.sra.ebi.ac.uk/vol1/fastq/SRR406/007/SRR4069207/SRR4069207.fastq.gz	False	0		success	provided_project_vs_ena_project	source_reported_pending_harmonization	False	awaiting_uniform_reprocessing_signal_unit_unknown
rna_seq:SRR4069208	sharepoint_2026-07-13_new439	SRR4069208	SRX2055976	SAMN05710981	SRS1647998	PRJNA321853	SRP075274	GSE81520	27688402	shared/sharepoint_2026-07-13/training_input_bigwig/SRR4069208.bw	41558296	3842e60bb97ac95963bd403663bcfaff698a573c16452ff93333bce5050b46a5	True	True	Caenorhabditis elegans	AM1062	mutated		whole animal	L2		RNA-Seq	TRANSCRIPTOMIC	cDNA	SINGLE	49	derived_from_ENA_base_count_read_count_layout	unknown		unknown	RNA-seq analysis in C. elegans larval development and heat shock	PRJNA321849		L2		L2 larvae		whole animal	unknown_from_provided_metadata	WBcel235_by_chromosome_header_validation	unknown_from_provided_metadata	unknown_from_provided_metadata	unknown	C	False	22251684	1090332516	True	0b09d7702320e177200248a73f59498c	782559607	782559607	ftp.sra.ebi.ac.uk/vol1/fastq/SRR406/008/SRR4069208/SRR4069208.fastq.gz	False	0		success	provided_project_vs_ena_project	source_reported_pending_harmonization	False	awaiting_uniform_reprocessing_signal_unit_unknown
rna_seq:SRR4069209	sharepoint_2026-07-13_new439	SRR4069209	SRX2055977	SAMN05710980	SRS1647999	PRJNA321853	SRP075274	GSE81520	27688402	shared/sharepoint_2026-07-13/training_input_bigwig/SRR4069209.bw	43708321	907d32cd61895356339da8f347537372b060ca63afc25da383031078fec134c0	True	True	Caenorhabditis elegans	AM1062	mutated		whole animal	L2		RNA-Seq	TRANSCRIPTOMIC	cDNA	SINGLE	49	derived_from_ENA_base_count_read_count_layout	unknown		unknown	RNA-seq analysis in C. elegans larval development and heat shock	PRJNA321849		L2		L2 larvae		whole animal	unknown_from_provided_metadata	WBcel235_by_chromosome_header_validation	unknown_from_provided_metadata	unknown_from_provided_metadata	unknown	C	False	33295270	1631468230	True	a5249c4ddb36e001831a0162fd1e7964	1126975935	1126975935	ftp.sra.ebi.ac.uk/vol1/fastq/SRR406/009/SRR4069209/SRR4069209.fastq.gz	False	0		success	provided_project_vs_ena_project	source_reported_pending_harmonization	False	awaiting_uniform_reprocessing_signal_unit_unknown
rna_seq:SRR4069210	sharepoint_2026-07-13_new439	SRR4069210	SRX2055978	SAMN05710979	SRS1648008	PRJNA321853	SRP075274	GSE81520	27688402	shared/sharepoint_2026-07-13/training_input_bigwig/SRR4069210.bw	45533553	d348d9dd54cb3bccd29d678cc9dbc5df737c223c8fcf6354d69acc37b9a56f86	True	True	Caenorhabditis elegans	AM1062	mutated		whole animal	L2		RNA-Seq	TRANSCRIPTOMIC	cDNA	SINGLE	49	derived_from_ENA_base_count_read_count_layout	unknown		unknown	RNA-seq analysis in C. elegans larval development and heat shock	PRJNA321849		L2		L2 larvae		whole animal	unknown_from_provided_metadata	WBcel235_by_chromosome_header_validation	unknown_from_provided_metadata	unknown_from_provided_metadata	unknown	C	False	36015440	1764756560	True	1f44b3f5316cb59cdcd03345f0af2911	1216422616	1216422616	ftp.sra.ebi.ac.uk/vol1/fastq/SRR406/000/SRR4069210/SRR4069210.fastq.gz	False	0		success	provided_project_vs_ena_project	source_reported_pending_harmonization	False	awaiting_uniform_reprocessing_signal_unit_unknown
rna_seq:SRR4069211	sharepoint_2026-07-13_new439	SRR4069211	SRX2055979	SAMN05710978	SRS1648000	PRJNA321853	SRP075274	GSE81520	27688402	shared/sharepoint_2026-07-13/training_input_bigwig/SRR4069211.bw	35579774	05d128505cbe4d5c4afc8c7c664a17f72b73ce1567f92d694f799ea29b68d464	True	True	Caenorhabditis elegans	AM1062	mutated		whole animal	L2		RNA-Seq	TRANSCRIPTOMIC	cDNA	SINGLE	49	derived_from_ENA_base_count_read_count_layout	unknown		unknown	RNA-seq analysis in C. elegans larval development and heat shock	PRJNA321849		L2		L2 larvae		whole animal	unknown_from_provided_metadata	WBcel235_by_chromosome_header_validation	unknown_from_provided_metadata	unknown_from_provided_metadata	unknown	C	False	21425349	1049842101	True	08c3d9a73d9f1b0efa2b22eaa8848139	726398804	726398804	ftp.sra.ebi.ac.uk/vol1/fastq/SRR406/001/SRR4069211/SRR4069211.fastq.gz	False	0		success	provided_project_vs_ena_project	source_reported_pending_harmonization	False	awaiting_uniform_reprocessing_signal_unit_unknown
rna_seq:SRR5227333	sharepoint_2026-07-13_new439	SRR5227333	SRX2536448	SAMN06293522	SRS1956388	PRJNA369752	SRP098791	GSE94455	28787592	shared/sharepoint_2026-07-13/training_input_bigwig/SRR5227333.bw	20628100	55beb6c960d24b5695bfcbdd53e0f53946948ed1ed2ae36d48f5ddffc745d1a5	True	True	Caenorhabditis elegans	wild type (N2)	WT		whole worm	Young Adult		RNA-Seq	TRANSCRIPTOMIC	cDNA	SINGLE	51	derived_from_ENA_base_count_read_count_layout	unknown		unknown	The Conserved Intron Binding Protein EMB-4 Plays Differential Roles in Germline Small RNA Pathways of C. elegans	PRJNA369752		Young Adult		Young Adults		whole worm	unknown_from_provided_metadata	WBcel235_by_chromosome_header_validation	unknown_from_provided_metadata	unknown_from_provided_metadata	unknown	C	False	9073546	462750846	True	d798d3c236cc17e3b67958d31433bb96	389920466	389920466	ftp.sra.ebi.ac.uk/vol1/fastq/SRR522/003/SRR5227333/SRR5227333.fastq.gz	False	0		success		source_reported_pending_harmonization	False	awaiting_uniform_reprocessing_signal_unit_unknown
rna_seq:SRR5227334	sharepoint_2026-07-13_new439	SRR5227334	SRX2536449	SAMN06293521	SRS1956389	PRJNA369752	SRP098791	GSE94455	28787592	shared/sharepoint_2026-07-13/training_input_bigwig/SRR5227334.bw	27582098	725d569ab28bda3435c73eb7c73f0744a13e0b897d2e261c507ca4f1a72ec72b	True	True	Caenorhabditis elegans	wild type (N2)	WT		whole worm	Young Adult		RNA-Seq	TRANSCRIPTOMIC	cDNA	SINGLE	51	derived_from_ENA_base_count_read_count_layout	unknown		unknown	The Conserved Intron Binding Protein EMB-4 Plays Differential Roles in Germline Small RNA Pathways of C. elegans	PRJNA369752		Young Adult		Young Adults		whole worm	unknown_from_provided_metadata	WBcel235_by_chromosome_header_validation	unknown_from_provided_metadata	unknown_from_provided_metadata	unknown	C	False	16740894	853785594	True	d07ce98cc613c663dbe35907c096a62d	712940734	712940734	ftp.sra.ebi.ac.uk/vol1/fastq/SRR522/004/SRR5227334/SRR5227334.fastq.gz	False	0		success		source_reported_pending_harmonization	False	awaiting_uniform_reprocessing_signal_unit_unknown
rna_seq:SRR5227335	sharepoint_2026-07-13_new439	SRR5227335	SRX2536450	SAMN06293520	SRS1956390	PRJNA369752	SRP098791	GSE94455	28787592	shared/sharepoint_2026-07-13/training_input_bigwig/SRR5227335.bw	17654015	a6ce03481640e5f29bd2487c2abaf439b8b19bc6e4a9bd037b90cddc7bb43a64	True	True	Caenorhabditis elegans	emb-4(hc60)	mutated		whole worm	Young Adult		RNA-Seq	TRANSCRIPTOMIC	cDNA	SINGLE	51	derived_from_ENA_base_count_read_count_layout	unknown		unknown	The Conserved Intron Binding Protein EMB-4 Plays Differential Roles in Germline Small RNA Pathways of C. elegans	PRJNA369752		Young Adult		Young Adults		whole worm	unknown_from_provided_metadata	WBcel235_by_chromosome_header_validation	unknown_from_provided_metadata	unknown_from_provided_metadata	unknown	C	False	10660174	543668874	True	ecdfe55511af163ed10eeb55ebdb85c2	453563449	453563449	ftp.sra.ebi.ac.uk/vol1/fastq/SRR522/005/SRR5227335/SRR5227335.fastq.gz	False	0		success		source_reported_pending_harmonization	False	awaiting_uniform_reprocessing_signal_unit_unknown
rna_seq:SRR5227336	sharepoint_2026-07-13_new439	SRR5227336	SRX2536451	SAMN06293517	SRS1956391	PRJNA369752	SRP098791	GSE94455	28787592	shared/sharepoint_2026-07-13/training_input_bigwig/SRR5227336.bw	15284613	63455c96edfbe7ab91a6c72c4e0138d4779d4afd1115ca2f4c0129f368184792	True	True	Caenorhabditis elegans	emb-4(hc60)	mutated		whole worm	Young Adult		RNA-Seq	TRANSCRIPTOMIC	cDNA	SINGLE	51	derived_from_ENA_base_count_read_count_layout	unknown		unknown	The Conserved Intron Binding Protein EMB-4 Plays Differential Roles in Germline Small RNA Pathways of C. elegans	PRJNA369752		Young Adult		Young Adults		whole worm	unknown_from_provided_metadata	WBcel235_by_chromosome_header_validation	unknown_from_provided_metadata	unknown_from_provided_metadata	unknown	C	False	8984886	458229186	True	c5273a13591bd49d4055325f4194278f	384943848	384943848	ftp.sra.ebi.ac.uk/vol1/fastq/SRR522/006/SRR5227336/SRR5227336.fastq.gz	False	0		success		source_reported_pending_harmonization	False	awaiting_uniform_reprocessing_signal_unit_unknown
rna_seq:SRR5227337	sharepoint_2026-07-13_new439	SRR5227337	SRX2536452	SAMN06293516	SRS1956392	PRJNA369752	SRP098791	GSE94455	28787592	shared/sharepoint_2026-07-13/training_input_bigwig/SRR5227337.bw	9146077	fed4061c106b974de7471092317c45fdf900ef5e60087f6932dbfbb1f292bc53	True	True	Caenorhabditis elegans	wild type (N2)	WT		whole worm	Young Adult		RNA-Seq	TRANSCRIPTOMIC	cDNA	SINGLE	51	derived_from_ENA_base_count_read_count_layout	unknown		unknown	The Conserved Intron Binding Protein EMB-4 Plays Differential Roles in Germline Small RNA Pathways of C. elegans	PRJNA369752		Young Adult		Young Adults		whole worm	unknown_from_provided_metadata	WBcel235_by_chromosome_header_validation	unknown_from_provided_metadata	unknown_from_provided_metadata	unknown	C	False	8440829	430482279	True	608b34b963271b6bf743b453d5e63632	304621881	304621881	ftp.sra.ebi.ac.uk/vol1/fastq/SRR522/007/SRR5227337/SRR5227337.fastq.gz	False	0		success		source_reported_pending_harmonization	False	awaiting_uniform_reprocessing_signal_unit_unknown
rna_seq:SRR5227338	sharepoint_2026-07-13_new439	SRR5227338	SRX2536453	SAMN06293515	SRS1956394	PRJNA369752	SRP098791	GSE94455	28787592	shared/sharepoint_2026-07-13/training_input_bigwig/SRR5227338.bw	10166712	f2f94a75054f239318b2f3b5a2619d4fb37dff214880559dccf335ec1a173816	True	True	Caenorhabditis elegans	wild type (N2)	WT		whole worm	Young Adult		RNA-Seq	TRANSCRIPTOMIC	cDNA	SINGLE	51	derived_from_ENA_base_count_read_count_layout	unknown		unknown	The Conserved Intron Binding Protein EMB-4 Plays Differential Roles in Germline Small RNA Pathways of C. elegans	PRJNA369752		Young Adult		Young Adults		whole worm	unknown_from_provided_metadata	WBcel235_by_chromosome_header_validation	unknown_from_provided_metadata	unknown_from_provided_metadata	unknown	C	False	9569642	488051742	True	efceddc03a382d448fd2ead55032539e	345660881	345660881	ftp.sra.ebi.ac.uk/vol1/fastq/SRR522/008/SRR5227338/SRR5227338.fastq.gz	False	0		success		source_reported_pending_harmonization	False	awaiting_uniform_reprocessing_signal_unit_unknown
rna_seq:SRR5227339	sharepoint_2026-07-13_new439	SRR5227339	SRX2536454	SAMN06293518	SRS1956393	PRJNA369752	SRP098791	GSE94455	28787592	shared/sharepoint_2026-07-13/training_input_bigwig/SRR5227339.bw	9138567	2b97a53796487a6dea30a628be89d96598c299a29fbad07f8aeec44de826ad45	True	True	Caenorhabditis elegans	emb-4(hc60)	mutated		whole worm	Young Adult		RNA-Seq	TRANSCRIPTOMIC	cDNA	SINGLE	51	derived_from_ENA_base_count_read_count_layout	unknown		unknown	The Conserved Intron Binding Protein EMB-4 Plays Differential Roles in Germline Small RNA Pathways of C. elegans	PRJNA369752		Young Adult		Young Adults		whole worm	unknown_from_provided_metadata	WBcel235_by_chromosome_header_validation	unknown_from_provided_metadata	unknown_from_provided_metadata	unknown	C	False	9898346	504815646	True	dc5971d72368c84547a3ddd9d8e4ae6f	363018368	363018368	ftp.sra.ebi.ac.uk/vol1/fastq/SRR522/009/SRR5227339/SRR5227339.fastq.gz	False	0		success		source_reported_pending_harmonization	False	awaiting_uniform_reprocessing_signal_unit_unknown
rna_seq:SRR5227340	sharepoint_2026-07-13_new439	SRR5227340	SRX2536455	SAMN06293519	SRS1956395	PRJNA369752	SRP098791	GSE94455	28787592	shared/sharepoint_2026-07-13/training_input_bigwig/SRR5227340.bw	7112797	ad0ae09798def2aba385a9c84469a87765ec7da6376a5782a896847f44d40c1d	True	True	Caenorhabditis elegans	emb-4(hc60)	mutated		whole worm	Young Adult		RNA-Seq	TRANSCRIPTOMIC	cDNA	SINGLE	51	derived_from_ENA_base_count_read_count_layout	unknown		unknown	The Conserved Intron Binding Protein EMB-4 Plays Differential Roles in Germline Small RNA Pathways of C. elegans	PRJNA369752		Young Adult		Young Adults		whole worm	unknown_from_provided_metadata	WBcel235_by_chromosome_header_validation	unknown_from_provided_metadata	unknown_from_provided_metadata	unknown	C	False	11211027	571762377	True	b886ddba2ba8a4bedcbb5779642e8f50	388239834	388239834	ftp.sra.ebi.ac.uk/vol1/fastq/SRR522/000/SRR5227340/SRR5227340.fastq.gz	False	0		success		source_reported_pending_harmonization	False	awaiting_uniform_reprocessing_signal_unit_unknown
rna_seq:SRR7443583	2026.4.20	SRR7443583	SRX4314206	SAMN09466713	SRS3473376	PRJNA477006	SRP151477			alphagenome_custom/tracks/bw_2026.4.20.training_input_bigwig/SRR7443583.bw	46903378	a20c611bf0a0c581ee4d6b898ecf34d02bf0da29f1a7867e7f65de527e6d6674	True	True	Caenorhabditis elegans			Hermaphrodite	Muscle (hlh-1)	Embryo T2		RNA-Seq	TRANSCRIPTOMIC	Inverse rRNA	PAIRED	75	derived_from_ENA_base_count_read_count_layout	unknown	3	unknown	Deciphering the C. elegans embryonic transcriptome with tissue, time, and alternative splicing resolution	Warner/Murray 2019	Warner/Murray 2019	Embryo T2	Embryo T2	2	Muscle (hlh-1)	FACS sorted embryonic cells	unknown_from_provided_metadata	WBcel235_by_chromosome_header_validation	unknown_from_provided_metadata	unknown_from_provided_metadata	unknown	C	False	17789818	2668472700	True	b2528cbf1d30306c1e08e919186b1f1e;48f37036b6ce48df0ae3264dff82ae4d	408915051;434312347	843227398	ftp.sra.ebi.ac.uk/vol1/fastq/SRR744/003/SRR7443583/SRR7443583_1.fastq.gz;ftp.sra.ebi.ac.uk/vol1/fastq/SRR744/003/SRR7443583/SRR7443583_2.fastq.gz	False	0		success		source_reported_pending_harmonization	False	awaiting_uniform_reprocessing_signal_unit_unknown
rna_seq:SRR7443584	2026.4.20	SRR7443584	SRX4314205	SAMN09466714	SRS3473375	PRJNA477006	SRP151477			alphagenome_custom/tracks/bw_2026.4.20.training_input_bigwig/SRR7443584.bw	53744272	65d8fcea8e094f41122733c917b90d70069688d8b034a8b17b4efd3027df5b8d	True	True	Caenorhabditis elegans			Hermaphrodite	Muscle (hlh-1)	Embryo T3		RNA-Seq	TRANSCRIPTOMIC	Inverse rRNA	PAIRED	75	derived_from_ENA_base_count_read_count_layout	unknown	3	unknown	Deciphering the C. elegans embryonic transcriptome with tissue, time, and alternative splicing resolution	Warner/Murray 2019	Warner/Murray 2019	Embryo T3	Embryo T3	3	Muscle (hlh-1)	FACS sorted embryonic cells	unknown_from_provided_metadata	WBcel235_by_chromosome_header_validation	unknown_from_provided_metadata	unknown_from_provided_metadata	unknown	C	False	22809773	3421465950	True	58a03305af6db306927f852037a52a7a;e54f9c67d527756e460a5bc213ea1d55	517465222;547787359	1065252581	ftp.sra.ebi.ac.uk/vol1/fastq/SRR744/004/SRR7443584/SRR7443584_1.fastq.gz;ftp.sra.ebi.ac.uk/vol1/fastq/SRR744/004/SRR7443584/SRR7443584_2.fastq.gz	False	0		success		source_reported_pending_harmonization	False	awaiting_uniform_reprocessing_signal_unit_unknown
rna_seq:SRR7443585	2026.4.20	SRR7443585	SRX4314204	SAMN09466711	SRS3473374	PRJNA477006	SRP151477			alphagenome_custom/tracks/bw_2026.4.20.training_input_bigwig/SRR7443585.bw	57491862	7aea7bfa558d0040d649e9f9649e755ad26b2166edd3496e231825f92616ca0e	True	True	Caenorhabditis elegans			Hermaphrodite	Muscle (hlh-1)	Embryo T0		RNA-Seq	TRANSCRIPTOMIC	Inverse rRNA	PAIRED	75	derived_from_ENA_base_count_read_count_layout	unknown	3	unknown	Deciphering the C. elegans embryonic transcriptome with tissue, time, and alternative splicing resolution	Warner/Murray 2019	Warner/Murray 2019	Embryo T0	Embryo T0	0	Muscle (hlh-1)	FACS sorted embryonic cells	unknown_from_provided_metadata	WBcel235_by_chromosome_header_validation	unknown_from_provided_metadata	unknown_from_provided_metadata	unknown	C	False	31322755	4698413250	True	24029de61e7f545a8cf928e93dcedebb;128a6bb9127bb1d660ce1766158c9efe	707165968;753326417	1460492385	ftp.sra.ebi.ac.uk/vol1/fastq/SRR744/005/SRR7443585/SRR7443585_1.fastq.gz;ftp.sra.ebi.ac.uk/vol1/fastq/SRR744/005/SRR7443585/SRR7443585_2.fastq.gz	False	0		success		source_reported_pending_harmonization	False	awaiting_uniform_reprocessing_signal_unit_unknown
rna_seq:SRR7443586	2026.4.20	SRR7443586	SRX4314203	SAMN09466712	SRS3473373	PRJNA477006	SRP151477			alphagenome_custom/tracks/bw_2026.4.20.training_input_bigwig/SRR7443586.bw	48492461	2abeefb449c98bd11d5eb6dbc86b8a2ebe939414e565649bde718fbd8f82ca06	True	True	Caenorhabditis elegans			Hermaphrodite	Muscle (hlh-1)	Embryo T1		RNA-Seq	TRANSCRIPTOMIC	Inverse rRNA	PAIRED	75	derived_from_ENA_base_count_read_count_layout	unknown	3	unknown	Deciphering the C. elegans embryonic transcriptome with tissue, time, and alternative splicing resolution	Warner/Murray 2019	Warner/Murray 2019	Embryo T1	Embryo T1	1	Muscle (hlh-1)	FACS sorted embryonic cells	unknown_from_provided_metadata	WBcel235_by_chromosome_header_validation	unknown_from_provided_metadata	unknown_from_provided_metadata	unknown	C	False	19285171	2892775650	True	4ff0fcb733308d6210cedd15e3b065cf;047989b43e708eceee5f86a08b23b1c1	446155589;474764294	920919883	ftp.sra.ebi.ac.uk/vol1/fastq/SRR744/006/SRR7443586/SRR7443586_1.fastq.gz;ftp.sra.ebi.ac.uk/vol1/fastq/SRR744/006/SRR7443586/SRR7443586_2.fastq.gz	False	0		success		source_reported_pending_harmonization	False	awaiting_uniform_reprocessing_signal_unit_unknown
rna_seq:SRR7443587	2026.4.20	SRR7443587	SRX4314202	SAMN09466717	SRS3473372	PRJNA477006	SRP151477			alphagenome_custom/tracks/bw_2026.4.20.training_input_bigwig/SRR7443587.bw	34013220	68627bc83587897c67e58e0ea4b40e558de8d6094f15edf6e93fbafaca305179	True	True	Caenorhabditis elegans			Hermaphrodite	Muscle (hlh-1)	Embryo T1		RNA-Seq	TRANSCRIPTOMIC	Inverse rRNA	PAIRED	75	derived_from_ENA_base_count_read_count_layout	unknown	4	unknown	Deciphering the C. elegans embryonic transcriptome with tissue, time, and alternative splicing resolution	Warner/Murray 2019	Warner/Murray 2019	Embryo T1	Embryo T1	1	Muscle (hlh-1)	FACS sorted embryonic cells	unknown_from_provided_metadata	WBcel235_by_chromosome_header_validation	unknown_from_provided_metadata	unknown_from_provided_metadata	unknown	C	False	12007817	1801172550	True	0554dc6f27b7ed2407cfc0db63a0c5ec;82797192ece7154b60ebea51be5ca126	315384598;332061216	647445814	ftp.sra.ebi.ac.uk/vol1/fastq/SRR744/007/SRR7443587/SRR7443587_1.fastq.gz;ftp.sra.ebi.ac.uk/vol1/fastq/SRR744/007/SRR7443587/SRR7443587_2.fastq.gz	False	0		success		source_reported_pending_harmonization	False	awaiting_uniform_reprocessing_signal_unit_unknown
rna_seq:SRR7443588	2026.4.20	SRR7443588	SRX4314201	SAMN09466718	SRS3473371	PRJNA477006	SRP151477			alphagenome_custom/tracks/bw_2026.4.20.training_input_bigwig/SRR7443588.bw	38430123	97b57d0a0336c7091072a0216ba0b4fa674ec93d6d3c5fb90e41d8057a1683b7	True	True	Caenorhabditis elegans			Hermaphrodite	Muscle (hlh-1)	Embryo T2		RNA-Seq	TRANSCRIPTOMIC	Inverse rRNA	PAIRED	75	derived_from_ENA_base_count_read_count_layout	unknown	4	unknown	Deciphering the C. elegans embryonic transcriptome with tissue, time, and alternative splicing resolution	Warner/Murray 2019	Warner/Murray 2019	Embryo T2	Embryo T2	2	Muscle (hlh-1)	FACS sorted embryonic cells	unknown_from_provided_metadata	WBcel235_by_chromosome_header_validation	unknown_from_provided_metadata	unknown_from_provided_metadata	unknown	C	False	11974091	1796113650	True	47b89bf495fd9b6bfa27cc7ba93dee92;0743337c16bc539dfb852d4d316c1269	318843379;332620769	651464148	ftp.sra.ebi.ac.uk/vol1/fastq/SRR744/008/SRR7443588/SRR7443588_1.fastq.gz;ftp.sra.ebi.ac.uk/vol1/fastq/SRR744/008/SRR7443588/SRR7443588_2.fastq.gz	False	0		success		source_reported_pending_harmonization	False	awaiting_uniform_reprocessing_signal_unit_unknown
rna_seq:SRR7443589	2026.4.20	SRR7443589	SRX4314200	SAMN09466715	SRS3473370	PRJNA477006	SRP151477			alphagenome_custom/tracks/bw_2026.4.20.training_input_bigwig/SRR7443589.bw	54270249	a4ad705f07d9bf289e450c00a56e81a8b792d41d163c62f4b7d807824554a755	True	True	Caenorhabditis elegans			Hermaphrodite	Muscle (hlh-1)	Embryo T4		RNA-Seq	TRANSCRIPTOMIC	Inverse rRNA	PAIRED	75	derived_from_ENA_base_count_read_count_layout	unknown	3	unknown	Deciphering the C. elegans embryonic transcriptome with tissue, time, and alternative splicing resolution	Warner/Murray 2019	Warner/Murray 2019	Embryo T4	Embryo T4	4	Muscle (hlh-1)	FACS sorted embryonic cells	unknown_from_provided_metadata	WBcel235_by_chromosome_header_validation	unknown_from_provided_metadata	unknown_from_provided_metadata	unknown	C	False	20929769	3139465350	True	6a02cb7da7b29a2819f55b0f0d259efc;012bd8dbe25f7979109f85e0c765f5cc	477292455;507841691	985134146	ftp.sra.ebi.ac.uk/vol1/fastq/SRR744/009/SRR7443589/SRR7443589_1.fastq.gz;ftp.sra.ebi.ac.uk/vol1/fastq/SRR744/009/SRR7443589/SRR7443589_2.fastq.gz	False	0		success		source_reported_pending_harmonization	False	awaiting_uniform_reprocessing_signal_unit_unknown
rna_seq:SRR7443590	2026.4.20	SRR7443590	SRX4314199	SAMN09466716	SRS3473369	PRJNA477006	SRP151477			alphagenome_custom/tracks/bw_2026.4.20.training_input_bigwig/SRR7443590.bw	35649428	8ce7b82b15cabc6e49dd1b695655306699c5d3d580572defacce62aeab770234	True	True	Caenorhabditis elegans			Hermaphrodite	Muscle (hlh-1)	Embryo T0		RNA-Seq	TRANSCRIPTOMIC	Inverse rRNA	PAIRED	75	derived_from_ENA_base_count_read_count_layout	unknown	4	unknown	Deciphering the C. elegans embryonic transcriptome with tissue, time, and alternative splicing resolution	Warner/Murray 2019	Warner/Murray 2019	Embryo T0	Embryo T0	0	Muscle (hlh-1)	FACS sorted embryonic cells	unknown_from_provided_metadata	WBcel235_by_chromosome_header_validation	unknown_from_provided_metadata	unknown_from_provided_metadata	unknown	C	False	13050937	1957640550	True	38f6b56d0847c90d3df97e191e4c99a8;0ec0c4d2145ff201d1b161deb8b318ec	342471999;356368754	698840753	ftp.sra.ebi.ac.uk/vol1/fastq/SRR744/000/SRR7443590/SRR7443590_1.fastq.gz;ftp.sra.ebi.ac.uk/vol1/fastq/SRR744/000/SRR7443590/SRR7443590_2.fastq.gz	False	0		success		source_reported_pending_harmonization	False	awaiting_uniform_reprocessing_signal_unit_unknown
rna_seq:SRR7443591	2026.4.20	SRR7443591	SRX4314198	SAMN09466719	SRS3473368	PRJNA477006	SRP151477			alphagenome_custom/tracks/bw_2026.4.20.training_input_bigwig/SRR7443591.bw	35637013	2fb514653259a5ebd19d11f1288faa9249fd29fa555cf400eb926357f21d8c55	True	True	Caenorhabditis elegans			Hermaphrodite	Muscle (hlh-1)	Embryo T3		RNA-Seq	TRANSCRIPTOMIC	Inverse rRNA	PAIRED	75	derived_from_ENA_base_count_read_count_layout	unknown	4	unknown	Deciphering the C. elegans embryonic transcriptome with tissue, time, and alternative splicing resolution	Warner/Murray 2019	Warner/Murray 2019	Embryo T3	Embryo T3	3	Muscle (hlh-1)	FACS sorted embryonic cells	unknown_from_provided_metadata	WBcel235_by_chromosome_header_validation	unknown_from_provided_metadata	unknown_from_provided_metadata	unknown	C	False	11035531	1655329650	True	357b7d2f0c2bf8d229e7032c1d0046ce;ef59cd2f81810b1e5ae5edf02c0ed7f4	292992681;306848868	599841549	ftp.sra.ebi.ac.uk/vol1/fastq/SRR744/001/SRR7443591/SRR7443591_1.fastq.gz;ftp.sra.ebi.ac.uk/vol1/fastq/SRR744/001/SRR7443591/SRR7443591_2.fastq.gz	False	0		success		source_reported_pending_harmonization	False	awaiting_uniform_reprocessing_signal_unit_unknown
rna_seq:SRR7443592	2026.4.20	SRR7443592	SRX4314197	SAMN09466720	SRS3473367	PRJNA477006	SRP151477			alphagenome_custom/tracks/bw_2026.4.20.training_input_bigwig/SRR7443592.bw	47857513	e444842cb6c2cc0fd8eed553fc40b438d4a83af768062ee9a7d3bfd13885f0e3	True	True	Caenorhabditis elegans			Hermaphrodite	Muscle (hlh-1)	Embryo T4		RNA-Seq	TRANSCRIPTOMIC	Inverse rRNA	PAIRED	75	derived_from_ENA_base_count_read_count_layout	unknown	4	unknown	Deciphering the C. elegans embryonic transcriptome with tissue, time, and alternative splicing resolution	Warner/Murray 2019	Warner/Murray 2019	Embryo T4	Embryo T4	4	Muscle (hlh-1)	FACS sorted embryonic cells	unknown_from_provided_metadata	WBcel235_by_chromosome_header_validation	unknown_from_provided_metadata	unknown_from_provided_metadata	unknown	C	False	12592981	1888947150	True	b624d1a58a31ceab35509ab6c32454d7;0265d9af78eac1f920a4080e9a5880bb	333872523;346232181	680104704	ftp.sra.ebi.ac.uk/vol1/fastq/SRR744/002/SRR7443592/SRR7443592_1.fastq.gz;ftp.sra.ebi.ac.uk/vol1/fastq/SRR744/002/SRR7443592/SRR7443592_2.fastq.gz	False	0		success		source_reported_pending_harmonization	False	awaiting_uniform_reprocessing_signal_unit_unknown
rna_seq:SRR7443593	2026.4.20	SRR7443593	SRX4314196	SAMN09466735	SRS3473366	PRJNA477006	SRP151477			alphagenome_custom/tracks/bw_2026.4.20.training_input_bigwig/SRR7443593.bw	48779066	f4ce98cb2b0d6c381d70b963132359b703e0410ad0c13566df7711014b2aae5e	True	True	Caenorhabditis elegans			Hermaphrodite	Pharynx (pha-4)	Embryo T4		RNA-Seq	TRANSCRIPTOMIC	Inverse rRNA	PAIRED	75	derived_from_ENA_base_count_read_count_layout	unknown	1	unknown	Deciphering the C. elegans embryonic transcriptome with tissue, time, and alternative splicing resolution	Warner/Murray 2019	Warner/Murray 2019	Embryo T4	Embryo T4	4	Pharynx (pha-4)	FACS sorted embryonic cells	unknown_from_provided_metadata	WBcel235_by_chromosome_header_validation	unknown_from_provided_metadata	unknown_from_provided_metadata	unknown	C	False	13538410	2030761500	True	d59c8f59cecd72f649435c2b2eebe19d;1ce3eaea52aa8b0d958dfd0c97331985	277482805;344670663	622153468	ftp.sra.ebi.ac.uk/vol1/fastq/SRR744/003/SRR7443593/SRR7443593_1.fastq.gz;ftp.sra.ebi.ac.uk/vol1/fastq/SRR744/003/SRR7443593/SRR7443593_2.fastq.gz	False	0		success		source_reported_pending_harmonization	False	awaiting_uniform_reprocessing_signal_unit_unknown
rna_seq:SRR7443594	2026.4.20	SRR7443594	SRX4314195	SAMN09466740	SRS3473365	PRJNA477006	SRP151477			alphagenome_custom/tracks/bw_2026.4.20.training_input_bigwig/SRR7443594.bw	38208363	da0de9bfd7bb70f1f5fc96c44887d82243eb019f6d3f52477f14a5f701c03a3b	True	True	Caenorhabditis elegans			Hermaphrodite	Pharynx (pha-4)	Embryo T4		RNA-Seq	TRANSCRIPTOMIC	Inverse rRNA	PAIRED	75	derived_from_ENA_base_count_read_count_layout	unknown	2	unknown	Deciphering the C. elegans embryonic transcriptome with tissue, time, and alternative splicing resolution	Warner/Murray 2019	Warner/Murray 2019	Embryo T4	Embryo T4	4	Pharynx (pha-4)	FACS sorted embryonic cells	unknown_from_provided_metadata	WBcel235_by_chromosome_header_validation	unknown_from_provided_metadata	unknown_from_provided_metadata	unknown	C	False	12348962	1852344300	True	6c44342dbffca83440ea34f11099c9ce;b1ff78c294444720dda39390de95e6b3	270525107;284243006	554768113	ftp.sra.ebi.ac.uk/vol1/fastq/SRR744/004/SRR7443594/SRR7443594_1.fastq.gz;ftp.sra.ebi.ac.uk/vol1/fastq/SRR744/004/SRR7443594/SRR7443594_2.fastq.gz	False	0		success		source_reported_pending_harmonization	False	awaiting_uniform_reprocessing_signal_unit_unknown
rna_seq:SRR7443595	2026.4.20	SRR7443595	SRX4314194	SAMN09466691	SRS3473364	PRJNA477006	SRP151477			alphagenome_custom/tracks/bw_2026.4.20.training_input_bigwig/SRR7443595.bw	51333266	7ba26e86bf8f6e440958917e2d7911d7c46ca41b915beddcd39df90eb8a97b59	True	True	Caenorhabditis elegans			Hermaphrodite	Intestine (end1)	Embryo T0		RNA-Seq	TRANSCRIPTOMIC	Inverse rRNA	PAIRED	75	derived_from_ENA_base_count_read_count_layout	unknown	1	unknown	Deciphering the C. elegans embryonic transcriptome with tissue, time, and alternative splicing resolution	Warner/Murray 2019	Warner/Murray 2019	Embryo T0	Embryo T0	0	Intestine (end1)	FACS sorted embryonic cells	unknown_from_provided_metadata	WBcel235_by_chromosome_header_validation	unknown_from_provided_metadata	unknown_from_provided_metadata	unknown	C	False	16585947	2487892050	True	27f3351848742c7e2433cd5cc398fb8e;de69168bc708405767eb2ab27e71a8b4	331169832;430248267	761418099	ftp.sra.ebi.ac.uk/vol1/fastq/SRR744/005/SRR7443595/SRR7443595_1.fastq.gz;ftp.sra.ebi.ac.uk/vol1/fastq/SRR744/005/SRR7443595/SRR7443595_2.fastq.gz	False	0		success		source_reported_pending_harmonization	False	awaiting_uniform_reprocessing_signal_unit_unknown
rna_seq:SRR7443596	2026.4.20	SRR7443596	SRX4314193	SAMN09466692	SRS3473363	PRJNA477006	SRP151477			alphagenome_custom/tracks/bw_2026.4.20.training_input_bigwig/SRR7443596.bw	56083038	cdb3ccb802f34edb84e4ffd38d634c85e225c67929fac8e6a6ebe3c9ebb47425	True	True	Caenorhabditis elegans			Hermaphrodite	Intestine (end1)	Embryo T1		RNA-Seq	TRANSCRIPTOMIC	Inverse rRNA	PAIRED	75	derived_from_ENA_base_count_read_count_layout	unknown	1	unknown	Deciphering the C. elegans embryonic transcriptome with tissue, time, and alternative splicing resolution	Warner/Murray 2019	Warner/Murray 2019	Embryo T1	Embryo T1	1	Intestine (end1)	FACS sorted embryonic cells	unknown_from_provided_metadata	WBcel235_by_chromosome_header_validation	unknown_from_provided_metadata	unknown_from_provided_metadata	unknown	C	False	18747167	2812075050	True	104928abd0480a453087874b8f532f41;4d58c1d1ba880be4d57ed236d2dc0165	378739076;494923507	873662583	ftp.sra.ebi.ac.uk/vol1/fastq/SRR744/006/SRR7443596/SRR7443596_1.fastq.gz;ftp.sra.ebi.ac.uk/vol1/fastq/SRR744/006/SRR7443596/SRR7443596_2.fastq.gz	False	0		success		source_reported_pending_harmonization	False	awaiting_uniform_reprocessing_signal_unit_unknown
rna_seq:SRR7443597	2026.4.20	SRR7443597	SRX4314192	SAMN09466693	SRS3473362	PRJNA477006	SRP151477			alphagenome_custom/tracks/bw_2026.4.20.training_input_bigwig/SRR7443597.bw	43081105	5690b641c5aa58d41316f076a3aec96a2c05424f6ed77724996c34db427c9eb3	True	True	Caenorhabditis elegans			Hermaphrodite	Intestine (end1)	Embryo T2		RNA-Seq	TRANSCRIPTOMIC	Inverse rRNA	PAIRED	75	derived_from_ENA_base_count_read_count_layout	unknown	1	unknown	Deciphering the C. elegans embryonic transcriptome with tissue, time, and alternative splicing resolution	Warner/Murray 2019	Warner/Murray 2019	Embryo T2	Embryo T2	2	Intestine (end1)	FACS sorted embryonic cells	unknown_from_provided_metadata	WBcel235_by_chromosome_header_validation	unknown_from_provided_metadata	unknown_from_provided_metadata	unknown	C	False	11576254	1736438100	True	f454065fb03a4ec6e923da9a8bd09da5;bc9acea1a796673ba990b63237e0e7f5	240256495;288799479	529055974	ftp.sra.ebi.ac.uk/vol1/fastq/SRR744/007/SRR7443597/SRR7443597_1.fastq.gz;ftp.sra.ebi.ac.uk/vol1/fastq/SRR744/007/SRR7443597/SRR7443597_2.fastq.gz	False	0		success		source_reported_pending_harmonization	False	awaiting_uniform_reprocessing_signal_unit_unknown
rna_seq:SRR7443598	2026.4.20	SRR7443598	SRX4314191	SAMN09466694	SRS3473361	PRJNA477006	SRP151477			alphagenome_custom/tracks/bw_2026.4.20.training_input_bigwig/SRR7443598.bw	49392693	c4421031a85b68159e4f449d46e3cdc27e7b012a9ac4778fcbfc6c59586ec88b	True	True	Caenorhabditis elegans			Hermaphrodite	Intestine (end1)	Embryo T3		RNA-Seq	TRANSCRIPTOMIC	Inverse rRNA	PAIRED	75	derived_from_ENA_base_count_read_count_layout	unknown	1	unknown	Deciphering the C. elegans embryonic transcriptome with tissue, time, and alternative splicing resolution	Warner/Murray 2019	Warner/Murray 2019	Embryo T3	Embryo T3	3	Intestine (end1)	FACS sorted embryonic cells	unknown_from_provided_metadata	WBcel235_by_chromosome_header_validation	unknown_from_provided_metadata	unknown_from_provided_metadata	unknown	C	False	13436870	2015530500	True	4f742b7150460349919e3716a12930b3;8af4a19297951605d73c8373dada6b4a	288063581;332798563	620862144	ftp.sra.ebi.ac.uk/vol1/fastq/SRR744/008/SRR7443598/SRR7443598_1.fastq.gz;ftp.sra.ebi.ac.uk/vol1/fastq/SRR744/008/SRR7443598/SRR7443598_2.fastq.gz	False	0		success		source_reported_pending_harmonization	False	awaiting_uniform_reprocessing_signal_unit_unknown
rna_seq:SRR7443599	2026.4.20	SRR7443599	SRX4314190	SAMN09466695	SRS3473360	PRJNA477006	SRP151477			alphagenome_custom/tracks/bw_2026.4.20.training_input_bigwig/SRR7443599.bw	54399981	b9f64f5d9179ef090dfdacdc0acf70dc89f475aad4952e265d11a74eb8b9cc3d	True	True	Caenorhabditis elegans			Hermaphrodite	Intestine (end1)	Embryo T4		RNA-Seq	TRANSCRIPTOMIC	Inverse rRNA	PAIRED	75	derived_from_ENA_base_count_read_count_layout	unknown	1	unknown	Deciphering the C. elegans embryonic transcriptome with tissue, time, and alternative splicing resolution	Warner/Murray 2019	Warner/Murray 2019	Embryo T4	Embryo T4	4	Intestine (end1)	FACS sorted embryonic cells	unknown_from_provided_metadata	WBcel235_by_chromosome_header_validation	unknown_from_provided_metadata	unknown_from_provided_metadata	unknown	C	False	13710289	2056543350	True	bf0ce841470829ddae1adfb61679cb01;ebc85e0c27519fb55418cbd3ad60b4c8	298719789;345044236	643764025	ftp.sra.ebi.ac.uk/vol1/fastq/SRR744/009/SRR7443599/SRR7443599_1.fastq.gz;ftp.sra.ebi.ac.uk/vol1/fastq/SRR744/009/SRR7443599/SRR7443599_2.fastq.gz	False	0		success		source_reported_pending_harmonization	False	awaiting_uniform_reprocessing_signal_unit_unknown
rna_seq:SRR7443600	2026.4.20	SRR7443600	SRX4314189	SAMN09466696	SRS3473359	PRJNA477006	SRP151477			alphagenome_custom/tracks/bw_2026.4.20.training_input_bigwig/SRR7443600.bw	31625832	6c4aaa23c3c53a0a5459334d6fcba610caf89d7208df7a7f75dbf9c10835d211	True	True	Caenorhabditis elegans			Hermaphrodite	Intestine (end1)	Embryo T0		RNA-Seq	TRANSCRIPTOMIC	Inverse rRNA	PAIRED	75	derived_from_ENA_base_count_read_count_layout	unknown	2	unknown	Deciphering the C. elegans embryonic transcriptome with tissue, time, and alternative splicing resolution	Warner/Murray 2019	Warner/Murray 2019	Embryo T0	Embryo T0	0	Intestine (end1)	FACS sorted embryonic cells	unknown_from_provided_metadata	WBcel235_by_chromosome_header_validation	unknown_from_provided_metadata	unknown_from_provided_metadata	unknown	C	False	10372209	1555831350	True	50f7a20cebcf3d9561921ef8ec71415a;6194a60830ed79e6be059d6631d3a28d	187519646;211557303	399076949	ftp.sra.ebi.ac.uk/vol1/fastq/SRR744/000/SRR7443600/SRR7443600_1.fastq.gz;ftp.sra.ebi.ac.uk/vol1/fastq/SRR744/000/SRR7443600/SRR7443600_2.fastq.gz	False	0		success		source_reported_pending_harmonization	False	awaiting_uniform_reprocessing_signal_unit_unknown
rna_seq:SRR7443601	2026.4.20	SRR7443601	SRX4314188	SAMN09466697	SRS3473358	PRJNA477006	SRP151477			alphagenome_custom/tracks/bw_2026.4.20.training_input_bigwig/SRR7443601.bw	42192344	7480aac5c4c27e57ef5e0821c2db5f188e1c1dc9fd185358c231b3424b8b7213	True	True	Caenorhabditis elegans			Hermaphrodite	Intestine (end1)	Embryo T1		RNA-Seq	TRANSCRIPTOMIC	Inverse rRNA	PAIRED	75	derived_from_ENA_base_count_read_count_layout	unknown	2	unknown	Deciphering the C. elegans embryonic transcriptome with tissue, time, and alternative splicing resolution	Warner/Murray 2019	Warner/Murray 2019	Embryo T1	Embryo T1	1	Intestine (end1)	FACS sorted embryonic cells	unknown_from_provided_metadata	WBcel235_by_chromosome_header_validation	unknown_from_provided_metadata	unknown_from_provided_metadata	unknown	C	False	14806355	2220953250	True	15cdb8fa39622894bad8f3af9da86a1c;5ec024a558f405140139cf5d7015ee57	294169069;341971535	636140604	ftp.sra.ebi.ac.uk/vol1/fastq/SRR744/001/SRR7443601/SRR7443601_1.fastq.gz;ftp.sra.ebi.ac.uk/vol1/fastq/SRR744/001/SRR7443601/SRR7443601_2.fastq.gz	False	0		success		source_reported_pending_harmonization	False	awaiting_uniform_reprocessing_signal_unit_unknown
rna_seq:SRR7443602	2026.4.20	SRR7443602	SRX4314187	SAMN09466698	SRS3473357	PRJNA477006	SRP151477			alphagenome_custom/tracks/bw_2026.4.20.training_input_bigwig/SRR7443602.bw	36456823	84e647dd891d22e42a4f047a80f83d170f92f3e30d35cf6f5ba259fcadfaa14b	True	True	Caenorhabditis elegans			Hermaphrodite	Intestine (end1)	Embryo T2		RNA-Seq	TRANSCRIPTOMIC	Inverse rRNA	PAIRED	75	derived_from_ENA_base_count_read_count_layout	unknown	2	unknown	Deciphering the C. elegans embryonic transcriptome with tissue, time, and alternative splicing resolution	Warner/Murray 2019	Warner/Murray 2019	Embryo T2	Embryo T2	2	Intestine (end1)	FACS sorted embryonic cells	unknown_from_provided_metadata	WBcel235_by_chromosome_header_validation	unknown_from_provided_metadata	unknown_from_provided_metadata	unknown	C	False	10141278	1521191700	True	d502b12957ef7038e2f3d869d71b684b;a44c442e387266d7bb7987eb765b2037	216327309;233209227	449536536	ftp.sra.ebi.ac.uk/vol1/fastq/SRR744/002/SRR7443602/SRR7443602_1.fastq.gz;ftp.sra.ebi.ac.uk/vol1/fastq/SRR744/002/SRR7443602/SRR7443602_2.fastq.gz	False	0		success		source_reported_pending_harmonization	False	awaiting_uniform_reprocessing_signal_unit_unknown
rna_seq:SRR8440437	sharepoint_2026-07-13_new439	SRR8440437	SRX5247790	SAMN10741247	SRS4250036	PRJNA515039	SRP179060	GSE125051	32601060	shared/sharepoint_2026-07-13/training_input_bigwig/SRR8440437.bw	54819737	c8e43e6dfdb54667277e7f68077b571c8b4f85207ebce49dec4bd64dc4f27ff3	True	True	Caenorhabditis elegans	cnd-1(ju29)	mutated		embryonic total RNA	Embryo		RNA-Seq	TRANSCRIPTOMIC	cDNA	SINGLE	101	derived_from_ENA_base_count_read_count_layout	unknown		unknown	C. elegans cnd-1/NeuroD1 functions with the Hox gene ceh-13/labial to control multiple genes required for nervous system development and function	PRJNA515039		Embryo				embryonic total RNA	unknown_from_provided_metadata	WBcel235_by_chromosome_header_validation	unknown_from_provided_metadata	unknown_from_provided_metadata	unknown	C	False	36545406	3691086006	True	3e8f9d0bc116b4eb93c8b889354a3f08	2145524646	2145524646	ftp.sra.ebi.ac.uk/vol1/fastq/SRR844/007/SRR8440437/SRR8440437.fastq.gz	False	0		success		source_reported_pending_harmonization	False	awaiting_uniform_reprocessing_signal_unit_unknown
rna_seq:SRR8440438	sharepoint_2026-07-13_new439	SRR8440438	SRX5247791	SAMN10741246	SRS4250037	PRJNA515039	SRP179060	GSE125051	32601060	shared/sharepoint_2026-07-13/training_input_bigwig/SRR8440438.bw	57192842	ff440faadf30b046663b38d5f86a9def2baf5c6bcd0dfaaf855e41e1f311e1d4	True	True	Caenorhabditis elegans	N2	WT		embryonic total RNA	Embryo		RNA-Seq	TRANSCRIPTOMIC	cDNA	SINGLE	101	derived_from_ENA_base_count_read_count_layout	unknown		unknown	C. elegans cnd-1/NeuroD1 functions with the Hox gene ceh-13/labial to control multiple genes required for nervous system development and function	PRJNA515039		Embryo				embryonic total RNA	unknown_from_provided_metadata	WBcel235_by_chromosome_header_validation	unknown_from_provided_metadata	unknown_from_provided_metadata	unknown	C	False	38619404	3900559804	True	463ad61169e131dcc43247a40645dd0b	2272741150	2272741150	ftp.sra.ebi.ac.uk/vol1/fastq/SRR844/008/SRR8440438/SRR8440438.fastq.gz	False	0		success		source_reported_pending_harmonization	False	awaiting_uniform_reprocessing_signal_unit_unknown
rna_seq:SRR8440439	sharepoint_2026-07-13_new439	SRR8440439	SRX5247792	SAMN10741245	SRS4250038	PRJNA515039	SRP179060	GSE125051	32601060	shared/sharepoint_2026-07-13/training_input_bigwig/SRR8440439.bw	57741132	1b51f565c914fd789942e3cecde5db218ca3790b77c3ff9c220d0b9839b4ecdf	True	True	Caenorhabditis elegans	N2	WT		embryonic total RNA	Embryo		RNA-Seq	TRANSCRIPTOMIC	cDNA	SINGLE	101	derived_from_ENA_base_count_read_count_layout	unknown		unknown	C. elegans cnd-1/NeuroD1 functions with the Hox gene ceh-13/labial to control multiple genes required for nervous system development and function	PRJNA515039		Embryo				embryonic total RNA	unknown_from_provided_metadata	WBcel235_by_chromosome_header_validation	unknown_from_provided_metadata	unknown_from_provided_metadata	unknown	C	False	36889918	3725881718	True	5c68c7b3dc53138890940c7ccc080b4a	2167958114	2167958114	ftp.sra.ebi.ac.uk/vol1/fastq/SRR844/009/SRR8440439/SRR8440439.fastq.gz	False	0		success		source_reported_pending_harmonization	False	awaiting_uniform_reprocessing_signal_unit_unknown
rna_seq:SRR8440440	sharepoint_2026-07-13_new439	SRR8440440	SRX5247793	SAMN10741244	SRS4250039	PRJNA515039	SRP179060	GSE125051	32601060	shared/sharepoint_2026-07-13/training_input_bigwig/SRR8440440.bw	58874615	b68aba09ff328b38f917487e7487d649127e4eaa1c5a3a9afb170ed1fd592428	True	True	Caenorhabditis elegans	cnd-1(ju29)	mutated		embryonic total RNA	Embryo		RNA-Seq	TRANSCRIPTOMIC	cDNA	SINGLE	101	derived_from_ENA_base_count_read_count_layout	unknown		unknown	C. elegans cnd-1/NeuroD1 functions with the Hox gene ceh-13/labial to control multiple genes required for nervous system development and function	PRJNA515039		Embryo				embryonic total RNA	unknown_from_provided_metadata	WBcel235_by_chromosome_header_validation	unknown_from_provided_metadata	unknown_from_provided_metadata	unknown	C	False	37803006	3818103606	True	b2353ebabe41262ab458e9170da8a536	2222481796	2222481796	ftp.sra.ebi.ac.uk/vol1/fastq/SRR844/000/SRR8440440/SRR8440440.fastq.gz	False	0		success		source_reported_pending_harmonization	False	awaiting_uniform_reprocessing_signal_unit_unknown
rna_seq:SRR8440441	sharepoint_2026-07-13_new439	SRR8440441	SRX5247794	SAMN10741243	SRS4250040	PRJNA515039	SRP179060	GSE125051	32601060	shared/sharepoint_2026-07-13/training_input_bigwig/SRR8440441.bw	58033636	883ce68bbb680222602b6f4c9b8701fe3fdefd145580b0b9a32f733364b3dc2c	True	True	Caenorhabditis elegans	N2	WT		embryonic total RNA	Embryo		RNA-Seq	TRANSCRIPTOMIC	cDNA	SINGLE	101	derived_from_ENA_base_count_read_count_layout	unknown		unknown	C. elegans cnd-1/NeuroD1 functions with the Hox gene ceh-13/labial to control multiple genes required for nervous system development and function	PRJNA515039		Embryo				embryonic total RNA	unknown_from_provided_metadata	WBcel235_by_chromosome_header_validation	unknown_from_provided_metadata	unknown_from_provided_metadata	unknown	C	False	38975155	3936490655	True	0be21349a6cc14c9dcae9d58e659db17	2285937733	2285937733	ftp.sra.ebi.ac.uk/vol1/fastq/SRR844/001/SRR8440441/SRR8440441.fastq.gz	False	0		success		source_reported_pending_harmonization	False	awaiting_uniform_reprocessing_signal_unit_unknown
rna_seq:SRR8440442	sharepoint_2026-07-13_new439	SRR8440442	SRX5247795	SAMN10741242	SRS4250041	PRJNA515039	SRP179060	GSE125051	32601060	shared/sharepoint_2026-07-13/training_input_bigwig/SRR8440442.bw	56392850	c1180f0296c22117fef5d4f4b9b739ee276b2b6c4800ece65f5238df44fcc4cf	True	True	Caenorhabditis elegans	cnd-1(ju29)	mutated		embryonic total RNA	Embryo		RNA-Seq	TRANSCRIPTOMIC	cDNA	SINGLE	101	derived_from_ENA_base_count_read_count_layout	unknown		unknown	C. elegans cnd-1/NeuroD1 functions with the Hox gene ceh-13/labial to control multiple genes required for nervous system development and function	PRJNA515039		Embryo				embryonic total RNA	unknown_from_provided_metadata	WBcel235_by_chromosome_header_validation	unknown_from_provided_metadata	unknown_from_provided_metadata	unknown	C	False	36216268	3657843068	True	a0666e2e9348848b5cbfe5f292accbe0	2139794344	2139794344	ftp.sra.ebi.ac.uk/vol1/fastq/SRR844/002/SRR8440442/SRR8440442.fastq.gz	False	0		success		source_reported_pending_harmonization	False	awaiting_uniform_reprocessing_signal_unit_unknown
rna_seq:SRR941632	2026.5.18	SRR941632	SRX326668	SAMN02261050	SRS463101	PRJNA212741	SRP027592	GSE49043	24036951	alphagenome_custom/tracks/bw_2026.5.18/SRR941632.bw	40896471	4854803c95efd0d3a2180c7bab19902252e5897a36ae4e4975b9f775b12b1d8f	True	True	Caenorhabditis elegans	N2	N2	Hermaphrodite	Whole worm	L1-L3(0H)		RNA-Seq	TRANSCRIPTOMIC	cDNA	SINGLE	40	derived_from_ENA_base_count_read_count_layout	unknown		unknown	Dampening of expression oscillations by synchronous regulation of a microRNA and its target	Grün et al. 2013 (GSE49043)	Kim et al. 2013, Nat Genet	0hr	L1-L3(0H)		Whole worm (N2)		unknown_from_provided_metadata	WBcel235_by_chromosome_header_validation	unknown_from_provided_metadata	unknown_from_provided_metadata	unknown	C	False	20763724	830548960	True	dfff68ff9ec0539ee629399702a41d92	795696497	795696497	ftp.sra.ebi.ac.uk/vol1/fastq/SRR941/SRR941632/SRR941632.fastq.gz	False	0		success	data_source_local_vs_sharepoint	source_reported_pending_harmonization	False	awaiting_uniform_reprocessing_signal_unit_unknown
rna_seq:SRR941633	2026.5.18	SRR941633	SRX326669	SAMN02261051	SRS463103	PRJNA212741	SRP027592	GSE49043	24036951	alphagenome_custom/tracks/bw_2026.5.18/SRR941633.bw	38642698	1356adaf445c70a34f2fb637c4e316be57a1e4c5f32257fb49396cd2a004d66e	True	True	Caenorhabditis elegans	N2	N2	Hermaphrodite	Whole worm	L1-L3(2H)		RNA-Seq	TRANSCRIPTOMIC	cDNA	SINGLE	40	derived_from_ENA_base_count_read_count_layout	unknown		unknown	Dampening of expression oscillations by synchronous regulation of a microRNA and its target	Grün et al. 2013 (GSE49043)	Kim et al. 2013, Nat Genet	2hr	L1-L3(2H)		Whole worm (N2)		unknown_from_provided_metadata	WBcel235_by_chromosome_header_validation	unknown_from_provided_metadata	unknown_from_provided_metadata	unknown	C	False	18416559	736662360	True	9451d940c509c085f3744e02cd75668e	708168029	708168029	ftp.sra.ebi.ac.uk/vol1/fastq/SRR941/SRR941633/SRR941633.fastq.gz	False	0		success	data_source_local_vs_sharepoint	source_reported_pending_harmonization	False	awaiting_uniform_reprocessing_signal_unit_unknown
rna_seq:SRR941634	2026.5.18	SRR941634	SRX326670	SAMN02261049	SRS463102	PRJNA212741	SRP027592	GSE49043	24036951	alphagenome_custom/tracks/bw_2026.5.18/SRR941634.bw	45206030	e341e1255108ef5faf243c22036885e421ec73a2ca6bd4423680e34ce51b0d16	True	True	Caenorhabditis elegans	N2	N2	Hermaphrodite	Whole worm	L1-L3(4H)		RNA-Seq	TRANSCRIPTOMIC	cDNA	SINGLE	40	derived_from_ENA_base_count_read_count_layout	unknown		unknown	Dampening of expression oscillations by synchronous regulation of a microRNA and its target	Grün et al. 2013 (GSE49043)	Kim et al. 2013, Nat Genet	4hr	L1-L3(4H)		Whole worm (N2)		unknown_from_provided_metadata	WBcel235_by_chromosome_header_validation	unknown_from_provided_metadata	unknown_from_provided_metadata	unknown	C	False	28302302	1132092080	True	7f5fbdb975910817401a13198faa770f	1088657111	1088657111	ftp.sra.ebi.ac.uk/vol1/fastq/SRR941/SRR941634/SRR941634.fastq.gz	False	0		success	data_source_local_vs_sharepoint	source_reported_pending_harmonization	False	awaiting_uniform_reprocessing_signal_unit_unknown
rna_seq:SRR941635	2026.5.18	SRR941635	SRX326671	SAMN02261075	SRS463104	PRJNA212741	SRP027592	GSE49043	24036951	alphagenome_custom/tracks/bw_2026.5.18/SRR941635.bw	41678906	6c3ba81034f95f570d160cc3a6cedf71b865b23949318328bd688687f4417422	True	True	Caenorhabditis elegans	N2	N2	Hermaphrodite	Whole worm	L1-L3(6H)		RNA-Seq	TRANSCRIPTOMIC	cDNA	SINGLE	40	derived_from_ENA_base_count_read_count_layout	unknown		unknown	Dampening of expression oscillations by synchronous regulation of a microRNA and its target	Grün et al. 2013 (GSE49043)	Kim et al. 2013, Nat Genet	6hr	L1-L3(6H)		Whole worm (N2)		unknown_from_provided_metadata	WBcel235_by_chromosome_header_validation	unknown_from_provided_metadata	unknown_from_provided_metadata	unknown	C	False	20398035	815921400	True	928f9ef8683f04b90a6684f4e6d6f4c3	781115765	781115765	ftp.sra.ebi.ac.uk/vol1/fastq/SRR941/SRR941635/SRR941635.fastq.gz	False	0		success	data_source_local_vs_sharepoint	source_reported_pending_harmonization	False	awaiting_uniform_reprocessing_signal_unit_unknown
rna_seq:SRR941636	2026.5.18	SRR941636	SRX326672	SAMN02261076	SRS463105	PRJNA212741	SRP027592	GSE49043	24036951	alphagenome_custom/tracks/bw_2026.5.18/SRR941636.bw	34951614	9b95e81111e106f077dfec06c83efbca786fab9ca3dfd02f7812cd61407956e8	True	True	Caenorhabditis elegans	N2	N2	Hermaphrodite	Whole worm	L1-L3(8H)		RNA-Seq	TRANSCRIPTOMIC	cDNA	SINGLE	40	derived_from_ENA_base_count_read_count_layout	unknown		unknown	Dampening of expression oscillations by synchronous regulation of a microRNA and its target	Grün et al. 2013 (GSE49043)	Kim et al. 2013, Nat Genet	8hr	L1-L3(8H)		Whole worm (N2)		unknown_from_provided_metadata	WBcel235_by_chromosome_header_validation	unknown_from_provided_metadata	unknown_from_provided_metadata	unknown	C	False	14730141	589205640	True	3e2ebcdf75bd28a4492e48d556e21452	567760816	567760816	ftp.sra.ebi.ac.uk/vol1/fastq/SRR941/SRR941636/SRR941636.fastq.gz	False	0		success	data_source_local_vs_sharepoint	source_reported_pending_harmonization	False	awaiting_uniform_reprocessing_signal_unit_unknown
rna_seq:SRR941637	2026.5.18	SRR941637	SRX326673	SAMN02261048	SRS463106	PRJNA212741	SRP027592	GSE49043	24036951	alphagenome_custom/tracks/bw_2026.5.18/SRR941637.bw	46781046	0e1fcbefe2de56c2c3b70db5d0e60ddc09c4afc093fb5b562fa7e894f16298e0	True	True	Caenorhabditis elegans	N2	N2	Hermaphrodite	Whole worm	L1-L3(10H)		RNA-Seq	TRANSCRIPTOMIC	cDNA	SINGLE	40	derived_from_ENA_base_count_read_count_layout	unknown		unknown	Dampening of expression oscillations by synchronous regulation of a microRNA and its target	Grün et al. 2013 (GSE49043)	Kim et al. 2013, Nat Genet	10hr	L1-L3(10H)		Whole worm (N2)		unknown_from_provided_metadata	WBcel235_by_chromosome_header_validation	unknown_from_provided_metadata	unknown_from_provided_metadata	unknown	C	False	25936137	1037445480	True	a3f38606a054c24c52208ea5e67ed993	994408955	994408955	ftp.sra.ebi.ac.uk/vol1/fastq/SRR941/SRR941637/SRR941637.fastq.gz	False	0		success	data_source_local_vs_sharepoint	source_reported_pending_harmonization	False	awaiting_uniform_reprocessing_signal_unit_unknown
rna_seq:SRR941638	2026.5.18	SRR941638	SRX326674	SAMN02261070	SRS463107	PRJNA212741	SRP027592	GSE49043	24036951	alphagenome_custom/tracks/bw_2026.5.18/SRR941638.bw	47523703	eab9eb8b2f5bd82fb4e118c0fe93a650602a285447712e3d233b16ee8998a583	True	True	Caenorhabditis elegans	N2	N2	Hermaphrodite	Whole worm	L1-L3(12H)		RNA-Seq	TRANSCRIPTOMIC	cDNA	SINGLE	40	derived_from_ENA_base_count_read_count_layout	unknown		unknown	Dampening of expression oscillations by synchronous regulation of a microRNA and its target	Grün et al. 2013 (GSE49043)	Kim et al. 2013, Nat Genet	12hr	L1-L3(12H)		Whole worm (N2)		unknown_from_provided_metadata	WBcel235_by_chromosome_header_validation	unknown_from_provided_metadata	unknown_from_provided_metadata	unknown	C	False	25803542	1032141680	True	3bad588f0221d3bdf5a4472651ea7ede	990569076	990569076	ftp.sra.ebi.ac.uk/vol1/fastq/SRR941/SRR941638/SRR941638.fastq.gz	False	0		success	data_source_local_vs_sharepoint	source_reported_pending_harmonization	False	awaiting_uniform_reprocessing_signal_unit_unknown
rna_seq:SRR941639	2026.5.18	SRR941639	SRX326675	SAMN02261077	SRS463108	PRJNA212741	SRP027592	GSE49043	24036951	alphagenome_custom/tracks/bw_2026.5.18/SRR941639.bw	42320280	33df861df610de7e62e6624092e014158070cb3777c6737a93cf66988b67487c	True	True	Caenorhabditis elegans	N2	N2	Hermaphrodite	Whole worm	L1-L3(14H)		RNA-Seq	TRANSCRIPTOMIC	cDNA	SINGLE	40	derived_from_ENA_base_count_read_count_layout	unknown		unknown	Dampening of expression oscillations by synchronous regulation of a microRNA and its target	Grün et al. 2013 (GSE49043)	Kim et al. 2013, Nat Genet	14hr	L1-L3(14H)		Whole worm (N2)		unknown_from_provided_metadata	WBcel235_by_chromosome_header_validation	unknown_from_provided_metadata	unknown_from_provided_metadata	unknown	C	False	22827331	913093240	True	d23e231b9706f18f34e6cadb4bb08467	786449828	786449828	ftp.sra.ebi.ac.uk/vol1/fastq/SRR941/SRR941639/SRR941639.fastq.gz	False	0		success	data_source_local_vs_sharepoint	source_reported_pending_harmonization	False	awaiting_uniform_reprocessing_signal_unit_unknown
rna_seq:SRR941640	2026.5.18	SRR941640	SRX326676	SAMN02261072	SRS463109	PRJNA212741	SRP027592	GSE49043	24036951	alphagenome_custom/tracks/bw_2026.5.18/SRR941640.bw	33272610	5a7e1691f9ed35feb26fbb037cfe34d5d83bc154cd2c435ff86eae33403c1dd7	True	True	Caenorhabditis elegans	N2	N2	Hermaphrodite	Whole worm	L1-L3(16H)		RNA-Seq	TRANSCRIPTOMIC	cDNA	SINGLE	40	derived_from_ENA_base_count_read_count_layout	unknown		unknown	Dampening of expression oscillations by synchronous regulation of a microRNA and its target	Grün et al. 2013 (GSE49043)	Kim et al. 2013, Nat Genet	16hr	L1-L3(16H)		Whole worm (N2)		unknown_from_provided_metadata	WBcel235_by_chromosome_header_validation	unknown_from_provided_metadata	unknown_from_provided_metadata	unknown	C	False	13986705	559468200	True	6f3d04d1677c00ebd7650f575b6ef96e	486121680	486121680	ftp.sra.ebi.ac.uk/vol1/fastq/SRR941/SRR941640/SRR941640.fastq.gz	False	0		success	data_source_local_vs_sharepoint	source_reported_pending_harmonization	False	awaiting_uniform_reprocessing_signal_unit_unknown
rna_seq:SRR941641	2026.5.18	SRR941641	SRX326677	SAMN02261071	SRS463110	PRJNA212741	SRP027592	GSE49043	24036951	alphagenome_custom/tracks/bw_2026.5.18/SRR941641.bw	31002934	c06212ea66a5347a36845617b8328fa06485f45392bcdc7f4f434f292cc55394	True	True	Caenorhabditis elegans	N2	N2	Hermaphrodite	Whole worm	L1-L3(18H)		RNA-Seq	TRANSCRIPTOMIC	cDNA	SINGLE	40	derived_from_ENA_base_count_read_count_layout	unknown		unknown	Dampening of expression oscillations by synchronous regulation of a microRNA and its target	Grün et al. 2013 (GSE49043)	Kim et al. 2013, Nat Genet	18hr	L1-L3(18H)		Whole worm (N2)		unknown_from_provided_metadata	WBcel235_by_chromosome_header_validation	unknown_from_provided_metadata	unknown_from_provided_metadata	unknown	C	False	12914180	516567200	True	49461d835fff0bcc4018c839e11fc8a6	448046488	448046488	ftp.sra.ebi.ac.uk/vol1/fastq/SRR941/SRR941641/SRR941641.fastq.gz	False	0		success	data_source_local_vs_sharepoint	source_reported_pending_harmonization	False	awaiting_uniform_reprocessing_signal_unit_unknown
rna_seq:SRR941642	2026.5.18	SRR941642	SRX326678	SAMN02261069	SRS463111	PRJNA212741	SRP027592	GSE49043	24036951	alphagenome_custom/tracks/bw_2026.5.18/SRR941642.bw	36497696	3127706929f56414ce471cb8ee288066bf277a44b781b597dca9f2de3a025441	True	True	Caenorhabditis elegans	N2	N2	Hermaphrodite	Whole worm	L1-L3(20H)		RNA-Seq	TRANSCRIPTOMIC	cDNA	SINGLE	40	derived_from_ENA_base_count_read_count_layout	unknown		unknown	Dampening of expression oscillations by synchronous regulation of a microRNA and its target	Grün et al. 2013 (GSE49043)	Kim et al. 2013, Nat Genet	20hr	L1-L3(20H)		Whole worm (N2)		unknown_from_provided_metadata	WBcel235_by_chromosome_header_validation	unknown_from_provided_metadata	unknown_from_provided_metadata	unknown	C	False	17312262	692490480	True	d651c47a44897fd47769b8b1b16a4a0b	598774607	598774607	ftp.sra.ebi.ac.uk/vol1/fastq/SRR941/SRR941642/SRR941642.fastq.gz	False	0		success	data_source_local_vs_sharepoint	source_reported_pending_harmonization	False	awaiting_uniform_reprocessing_signal_unit_unknown
rna_seq:SRR941643	2026.5.18	SRR941643	SRX326679	SAMN02261074	SRS463112	PRJNA212741	SRP027592	GSE49043	24036951	alphagenome_custom/tracks/bw_2026.5.18/SRR941643.bw	32697935	c669efb21920f2f0b65fc501fb4e88de8a8edc62ce10e7e0cf73edfbcee4af66	True	True	Caenorhabditis elegans	N2	N2	Hermaphrodite	Whole worm	L1-L3(22H)		RNA-Seq	TRANSCRIPTOMIC	cDNA	SINGLE	40	derived_from_ENA_base_count_read_count_layout	unknown		unknown	Dampening of expression oscillations by synchronous regulation of a microRNA and its target	Grün et al. 2013 (GSE49043)	Kim et al. 2013, Nat Genet	22hr	L1-L3(22H)		Whole worm (N2)		unknown_from_provided_metadata	WBcel235_by_chromosome_header_validation	unknown_from_provided_metadata	unknown_from_provided_metadata	unknown	C	False	16025254	641010160	True	f79362d60c4bb57f6c95d79f598861b8	552195526	552195526	ftp.sra.ebi.ac.uk/vol1/fastq/SRR941/SRR941643/SRR941643.fastq.gz	False	0		success	data_source_local_vs_sharepoint	source_reported_pending_harmonization	False	awaiting_uniform_reprocessing_signal_unit_unknown
rna_seq:SRR941644	2026.5.18	SRR941644	SRX326680	SAMN02261065	SRS463113	PRJNA212741	SRP027592	GSE49043	24036951	alphagenome_custom/tracks/bw_2026.5.18/SRR941644.bw	32545385	f6a8581adffbe76503f66f3291eb69756313d9dc003fb4d663e02594a12f576b	True	True	Caenorhabditis elegans	N2	N2	Hermaphrodite	Whole worm	L1-L3(24H)		RNA-Seq	TRANSCRIPTOMIC	cDNA	SINGLE	40	derived_from_ENA_base_count_read_count_layout	unknown		unknown	Dampening of expression oscillations by synchronous regulation of a microRNA and its target	Grün et al. 2013 (GSE49043)	Kim et al. 2013, Nat Genet	24hr	L1-L3(24H)		Whole worm (N2)		unknown_from_provided_metadata	WBcel235_by_chromosome_header_validation	unknown_from_provided_metadata	unknown_from_provided_metadata	unknown	C	False	15693365	627734600	True	1f896af3d7b3cd999b30a8dcc6968171	543739728	543739728	ftp.sra.ebi.ac.uk/vol1/fastq/SRR941/SRR941644/SRR941644.fastq.gz	False	0		success	data_source_local_vs_sharepoint	source_reported_pending_harmonization	False	awaiting_uniform_reprocessing_signal_unit_unknown
rna_seq:SRR941645	2026.5.18	SRR941645	SRX326681	SAMN02261068	SRS463114	PRJNA212741	SRP027592	GSE49043	24036951	alphagenome_custom/tracks/bw_2026.5.18/SRR941645.bw	34677822	83a55783859b286ebce1f86300dd05e43844704250b8ba2a2cb4a4fb8c56d0e0	True	True	Caenorhabditis elegans	N2	N2	Hermaphrodite	Whole worm	L1-L3(26H)		RNA-Seq	TRANSCRIPTOMIC	cDNA	SINGLE	40	derived_from_ENA_base_count_read_count_layout	unknown		unknown	Dampening of expression oscillations by synchronous regulation of a microRNA and its target	Grün et al. 2013 (GSE49043)	Kim et al. 2013, Nat Genet	26hr	L1-L3(26H)		Whole worm (N2)		unknown_from_provided_metadata	WBcel235_by_chromosome_header_validation	unknown_from_provided_metadata	unknown_from_provided_metadata	unknown	C	False	16536203	661448120	True	afaf0f1827d080e49695e02a2e999ff2	572959477	572959477	ftp.sra.ebi.ac.uk/vol1/fastq/SRR941/SRR941645/SRR941645.fastq.gz	False	0		success	data_source_local_vs_sharepoint	source_reported_pending_harmonization	False	awaiting_uniform_reprocessing_signal_unit_unknown
rna_seq:SRR941646	2026.5.18	SRR941646	SRX326682	SAMN02261073	SRS463115	PRJNA212741	SRP027592	GSE49043	24036951	alphagenome_custom/tracks/bw_2026.5.18/SRR941646.bw	42376693	247638ef074eb89ce485a37e7cff49bf00557dc4fb2aa321c7b372094fbc903d	True	True	Caenorhabditis elegans	N2	N2	Hermaphrodite	Whole worm	L1-L3(28H)		RNA-Seq	TRANSCRIPTOMIC	cDNA	SINGLE	40	derived_from_ENA_base_count_read_count_layout	unknown		unknown	Dampening of expression oscillations by synchronous regulation of a microRNA and its target	Grün et al. 2013 (GSE49043)	Kim et al. 2013, Nat Genet	28hr	L1-L3(28H)		Whole worm (N2)		unknown_from_provided_metadata	WBcel235_by_chromosome_header_validation	unknown_from_provided_metadata	unknown_from_provided_metadata	unknown	C	False	24329013	973160520	True	6d32e1da1b04b98a72745919b33f8f51	955103265	955103265	ftp.sra.ebi.ac.uk/vol1/fastq/SRR941/SRR941646/SRR941646.fastq.gz	False	0		success	data_source_local_vs_sharepoint	source_reported_pending_harmonization	False	awaiting_uniform_reprocessing_signal_unit_unknown
rna_seq:SRR941647	2026.5.18	SRR941647	SRX326683	SAMN02261066	SRS463116	PRJNA212741	SRP027592	GSE49043	24036951	alphagenome_custom/tracks/bw_2026.5.18/SRR941647.bw	50304021	f68ad363d265e11c683e3d1a9cebfa2ab5c83dfe4a6a1ae5e8b5123b641a2286	True	True	Caenorhabditis elegans	N2	N2	Hermaphrodite	Whole worm	L1-L3(30H)		RNA-Seq	TRANSCRIPTOMIC	cDNA	SINGLE	40	derived_from_ENA_base_count_read_count_layout	unknown		unknown	Dampening of expression oscillations by synchronous regulation of a microRNA and its target	Grün et al. 2013 (GSE49043)	Kim et al. 2013, Nat Genet	30hr	L1-L3(30H)		Whole worm (N2)		unknown_from_provided_metadata	WBcel235_by_chromosome_header_validation	unknown_from_provided_metadata	unknown_from_provided_metadata	unknown	C	False	30281218	1211248720	True	d0b1d5bdb27afff16609221648fb1a02	1178122751	1178122751	ftp.sra.ebi.ac.uk/vol1/fastq/SRR941/SRR941647/SRR941647.fastq.gz	False	0		success	data_source_local_vs_sharepoint	source_reported_pending_harmonization	False	awaiting_uniform_reprocessing_signal_unit_unknown
rna_seq:SRR941648	2026.5.18	SRR941648	SRX326684	SAMN02261067	SRS463117	PRJNA212741	SRP027592	GSE49043	24036951	alphagenome_custom/tracks/bw_2026.5.18/SRR941648.bw	47786087	d8fb58fe0cc3ec34d07a161a3a34baf958b1884ed59286abda78de7d0e1f9be6	True	True	Caenorhabditis elegans	N2	N2	Hermaphrodite	Whole worm	L1-L3(32H)		RNA-Seq	TRANSCRIPTOMIC	cDNA	SINGLE	40	derived_from_ENA_base_count_read_count_layout	unknown		unknown	Dampening of expression oscillations by synchronous regulation of a microRNA and its target	Grün et al. 2013 (GSE49043)	Kim et al. 2013, Nat Genet	32hr	L1-L3(32H)		Whole worm (N2)		unknown_from_provided_metadata	WBcel235_by_chromosome_header_validation	unknown_from_provided_metadata	unknown_from_provided_metadata	unknown	C	False	32857087	1314283480	True	ab1e1835cfc9f2d59ff084bad1a453f0	1283333237	1283333237	ftp.sra.ebi.ac.uk/vol1/fastq/SRR941/SRR941648/SRR941648.fastq.gz	False	0		success	data_source_local_vs_sharepoint	source_reported_pending_harmonization	False	awaiting_uniform_reprocessing_signal_unit_unknown
rna_seq:SRR941649	2026.5.18	SRR941649	SRX326685	SAMN02261062	SRS463118	PRJNA212741	SRP027592	GSE49043	24036951	alphagenome_custom/tracks/bw_2026.5.18/SRR941649.bw	47300489	04e67696296a743133cd824499b4808e7cee6904ac178e900f2c94c0131fa31d	True	True	Caenorhabditis elegans	N2	N2	Hermaphrodite	Whole worm	L1-L3(34H)		RNA-Seq	TRANSCRIPTOMIC	cDNA	SINGLE	40	derived_from_ENA_base_count_read_count_layout	unknown		unknown	Dampening of expression oscillations by synchronous regulation of a microRNA and its target	Grün et al. 2013 (GSE49043)	Kim et al. 2013, Nat Genet	34hr	L1-L3(34H)		Whole worm (N2)		unknown_from_provided_metadata	WBcel235_by_chromosome_header_validation	unknown_from_provided_metadata	unknown_from_provided_metadata	unknown	C	False	30069117	1202764680	True	b9fd1bfac683e5cfc976f288a437836a	1178462996	1178462996	ftp.sra.ebi.ac.uk/vol1/fastq/SRR941/SRR941649/SRR941649.fastq.gz	False	0		success	data_source_local_vs_sharepoint	source_reported_pending_harmonization	False	awaiting_uniform_reprocessing_signal_unit_unknown
rna_seq:SRR941650	2026.5.18	SRR941650	SRX326686	SAMN02261064	SRS463119	PRJNA212741	SRP027592	GSE49043	24036951	alphagenome_custom/tracks/bw_2026.5.18/SRR941650.bw	52990125	89fd70c25349b603b64ba7c9f4dea6b799c7040ecf2f7149273d23e081745104	True	True	Caenorhabditis elegans	N2	N2	Hermaphrodite	Whole worm	L1-L3(36H)		RNA-Seq	TRANSCRIPTOMIC	cDNA	SINGLE	40	derived_from_ENA_base_count_read_count_layout	unknown		unknown	Dampening of expression oscillations by synchronous regulation of a microRNA and its target	Grün et al. 2013 (GSE49043)	Kim et al. 2013, Nat Genet	36hr	L1-L3(36H)		Whole worm (N2)		unknown_from_provided_metadata	WBcel235_by_chromosome_header_validation	unknown_from_provided_metadata	unknown_from_provided_metadata	unknown	C	False	38793547	1551741880	True	71c5cca865ffe5987b098df3bcd1abd7	1518526948	1518526948	ftp.sra.ebi.ac.uk/vol1/fastq/SRR941/SRR941650/SRR941650.fastq.gz	False	0		success	data_source_local_vs_sharepoint	source_reported_pending_harmonization	False	awaiting_uniform_reprocessing_signal_unit_unknown
rna_seq:SRR941651	2026.5.18	SRR941651	SRX326687	SAMN02261061	SRS463120	PRJNA212741	SRP027592	GSE49043	24036951	alphagenome_custom/tracks/bw_2026.5.18/SRR941651.bw	39565204	7cec1b705cc7754802222672df46eb250980c97f7266ffe7fe0b76d4a821eb47	True	True	Caenorhabditis elegans	N2	N2	Hermaphrodite	Whole worm	L1-L3(38H)		RNA-Seq	TRANSCRIPTOMIC	cDNA	SINGLE	40	derived_from_ENA_base_count_read_count_layout	unknown		unknown	Dampening of expression oscillations by synchronous regulation of a microRNA and its target	Grün et al. 2013 (GSE49043)	Kim et al. 2013, Nat Genet	38hr	L1-L3(38H)		Whole worm (N2)		unknown_from_provided_metadata	WBcel235_by_chromosome_header_validation	unknown_from_provided_metadata	unknown_from_provided_metadata	unknown	C	False	21670093	866803720	True	f3ede7027bcc37254e6c21c11d6fd538	849541458	849541458	ftp.sra.ebi.ac.uk/vol1/fastq/SRR941/SRR941651/SRR941651.fastq.gz	False	0		success	data_source_local_vs_sharepoint;legacy_T38_collapses_distinct_sharepoint_stages	source_reported_pending_harmonization	False	awaiting_uniform_reprocessing_signal_unit_unknown
rna_seq:SRR941697	2026.5.18	SRR941697	SRX326733	SAMN02261039	SRS463166	PRJNA212741	SRP027592	GSE49043	24036951	alphagenome_custom/tracks/bw_2026.5.18/SRR941697.bw	49210085	cbc02eddc24909cf33001db9b626d93d19e525e1e53f6b92a65e8ded78c0108c	True	True	Caenorhabditis elegans	N2	N2	Hermaphrodite	Whole worm	L4(38H)		RNA-Seq	TRANSCRIPTOMIC	cDNA	SINGLE	40	derived_from_ENA_base_count_read_count_layout	unknown		unknown	Dampening of expression oscillations by synchronous regulation of a microRNA and its target	Grün et al. 2013 (GSE49043)	Kim et al. 2013, Nat Genet	38hr	L4(38H)		Whole worm (N2)		unknown_from_provided_metadata	WBcel235_by_chromosome_header_validation	unknown_from_provided_metadata	unknown_from_provided_metadata	unknown	C	False	32790527	1311621080	True	f05bc9e1663ebb89d7299a83e797fd68	1281073166	1281073166	ftp.sra.ebi.ac.uk/vol1/fastq/SRR941/SRR941697/SRR941697.fastq.gz	False	0		success	data_source_local_vs_sharepoint;legacy_T38_collapses_distinct_sharepoint_stages	source_reported_pending_harmonization	False	awaiting_uniform_reprocessing_signal_unit_unknown
rna_seq:SRR941698	2026.5.18	SRR941698	SRX326734	SAMN02261040	SRS463167	PRJNA212741	SRP027592	GSE49043	24036951	alphagenome_custom/tracks/bw_2026.5.18/SRR941698.bw	52279938	d7a7dbc5eeba8ba46573e33df53c64a56d14bf53f462706ab8791133e0919f32	True	True	Caenorhabditis elegans	N2	N2	Hermaphrodite	Whole worm	L4(40H)		RNA-Seq	TRANSCRIPTOMIC	cDNA	SINGLE	40	derived_from_ENA_base_count_read_count_layout	unknown		unknown	Dampening of expression oscillations by synchronous regulation of a microRNA and its target	Grün et al. 2013 (GSE49043)	Kim et al. 2013, Nat Genet	40hr	L4(40H)		Whole worm (N2)		unknown_from_provided_metadata	WBcel235_by_chromosome_header_validation	unknown_from_provided_metadata	unknown_from_provided_metadata	unknown	C	False	37097630	1483905200	True	034793edbcdd407de4f14d05796d46b9	1445009193	1445009193	ftp.sra.ebi.ac.uk/vol1/fastq/SRR941/SRR941698/SRR941698.fastq.gz	False	0		success	data_source_local_vs_sharepoint	source_reported_pending_harmonization	False	awaiting_uniform_reprocessing_signal_unit_unknown
rna_seq:SRR941699	2026.5.18	SRR941699	SRX326735	SAMN02261046	SRS463168	PRJNA212741	SRP027592	GSE49043	24036951	alphagenome_custom/tracks/bw_2026.5.18/SRR941699.bw	48768916	7963056c2538e795e354f1db1bb0d987b5f72a06e3625804e6ddc6ed57900036	True	True	Caenorhabditis elegans	N2	N2	Hermaphrodite	Whole worm	L4(42H)		RNA-Seq	TRANSCRIPTOMIC	cDNA	SINGLE	40	derived_from_ENA_base_count_read_count_layout	unknown		unknown	Dampening of expression oscillations by synchronous regulation of a microRNA and its target	Grün et al. 2013 (GSE49043)	Kim et al. 2013, Nat Genet	42hr	L4(42H)		Whole worm (N2)		unknown_from_provided_metadata	WBcel235_by_chromosome_header_validation	unknown_from_provided_metadata	unknown_from_provided_metadata	unknown	C	False	30958939	1238357560	True	5b4dd46331ace91ebbe3362524ae1783	1208508019	1208508019	ftp.sra.ebi.ac.uk/vol1/fastq/SRR941/SRR941699/SRR941699.fastq.gz	False	0		success	data_source_local_vs_sharepoint	source_reported_pending_harmonization	False	awaiting_uniform_reprocessing_signal_unit_unknown
rna_seq:SRR941700	2026.5.18	SRR941700	SRX326736	SAMN02261047	SRS463169	PRJNA212741	SRP027592	GSE49043	24036951	alphagenome_custom/tracks/bw_2026.5.18/SRR941700.bw	48783173	410bbf394c98992d73a385b0ec1e2950c2d52ca633e5e7ad1303814a5cfa3db6	True	True	Caenorhabditis elegans	N2	N2	Hermaphrodite	Whole worm	L4(44H)		RNA-Seq	TRANSCRIPTOMIC	cDNA	SINGLE	40	derived_from_ENA_base_count_read_count_layout	unknown		unknown	Dampening of expression oscillations by synchronous regulation of a microRNA and its target	Grün et al. 2013 (GSE49043)	Kim et al. 2013, Nat Genet	44hr	L4(44H)		Whole worm (N2)		unknown_from_provided_metadata	WBcel235_by_chromosome_header_validation	unknown_from_provided_metadata	unknown_from_provided_metadata	unknown	C	False	31145872	1245834880	True	7913322c225809952891324266ce0c9c	1215523664	1215523664	ftp.sra.ebi.ac.uk/vol1/fastq/SRR941/SRR941700/SRR941700.fastq.gz	False	0		success	data_source_local_vs_sharepoint	source_reported_pending_harmonization	False	awaiting_uniform_reprocessing_signal_unit_unknown
rna_seq:SRR941701	2026.5.18	SRR941701	SRX326737	SAMN02261043	SRS463170	PRJNA212741	SRP027592	GSE49043	24036951	alphagenome_custom/tracks/bw_2026.5.18/SRR941701.bw	49595057	bb75b6662e3bdcf9acce5cd80a2c45f5460e5f64426cf7160dd3e52ac1b293c7	True	True	Caenorhabditis elegans	N2	N2	Hermaphrodite	Whole worm	L4(46H)		RNA-Seq	TRANSCRIPTOMIC	cDNA	SINGLE	40	derived_from_ENA_base_count_read_count_layout	unknown		unknown	Dampening of expression oscillations by synchronous regulation of a microRNA and its target	Grün et al. 2013 (GSE49043)	Kim et al. 2013, Nat Genet	46hr	L4(46H)		Whole worm (N2)		unknown_from_provided_metadata	WBcel235_by_chromosome_header_validation	unknown_from_provided_metadata	unknown_from_provided_metadata	unknown	C	False	31094914	1243796560	True	b29e7d62b5d694c82a27d3fabc239f0a	1215879095	1215879095	ftp.sra.ebi.ac.uk/vol1/fastq/SRR941/SRR941701/SRR941701.fastq.gz	False	0		success	data_source_local_vs_sharepoint	source_reported_pending_harmonization	False	awaiting_uniform_reprocessing_signal_unit_unknown
rna_seq:SRR941702	2026.5.18	SRR941702	SRX326738	SAMN02261042	SRS463171	PRJNA212741	SRP027592	GSE49043	24036951	alphagenome_custom/tracks/bw_2026.5.18/SRR941702.bw	54149153	aab751da6942cc7571ba80caa9c76c70fb118c1c8046e546f951ecbfa7916b74	True	True	Caenorhabditis elegans	N2	N2	Hermaphrodite	Whole worm	L4(48H)		RNA-Seq	TRANSCRIPTOMIC	cDNA	SINGLE	40	derived_from_ENA_base_count_read_count_layout	unknown		unknown	Dampening of expression oscillations by synchronous regulation of a microRNA and its target	Grün et al. 2013 (GSE49043)	Kim et al. 2013, Nat Genet	48hr	L4(48H)		Whole worm (N2)		unknown_from_provided_metadata	WBcel235_by_chromosome_header_validation	unknown_from_provided_metadata	unknown_from_provided_metadata	unknown	C	False	37542343	1501693720	True	adb16f7d81bc4fb8ef3cf936966c3f63	1464042525	1464042525	ftp.sra.ebi.ac.uk/vol1/fastq/SRR941/SRR941702/SRR941702.fastq.gz	False	0		success	data_source_local_vs_sharepoint	source_reported_pending_harmonization	False	awaiting_uniform_reprocessing_signal_unit_unknown
